sku,product_name,category,date,units_sold,current_stock,unit_price,unit_cost,lead_time_days,safety_stock,reorder_point
SKU-ELC-001,Wireless Noise-Canceling Headphones,Electronics,2026-03-01,14.0,12.0,129.99,65.0,14,48,167
SKU-ELC-001,Wireless Noise-Canceling Headphones,Electronics,2026-03-02,6.0,12.0,129.99,65.0,14,48,167
SKU-ELC-001,Wireless Noise-Canceling Headphones,Electronics,2026-03-03,8.0,12.0,129.99,65.0,14,48,167
SKU-ELC-001,Wireless Noise-Canceling Headphones,Electronics,2026-03-04,9.0,12.0,129.99,65.0,14,48,167
SKU-ELC-001,Wireless Noise-Canceling Headphones,Electronics,2026-03-05,7.0,12.0,129.99,65.0,14,48,167
SKU-ELC-001,Wireless Noise-Canceling Headphones,Electronics,2026-03-06,6.0,12.0,129.99,65.0,14,48,167
SKU-ELC-001,Wireless Noise-Canceling Headphones,Electronics,2026-03-07,13.0,12.0,129.99,65.0,14,48,167
SKU-ELC-001,Wireless Noise-Canceling Headphones,Electronics,2026-03-08,12.0,12.0,129.99,65.0,14,48,167
SKU-ELC-001,Wireless Noise-Canceling Headphones,Electronics,2026-03-09,9.0,12.0,129.99,65.0,14,48,167
SKU-ELC-001,Wireless Noise-Canceling Headphones,Electronics,2026-03-10,9.0,12.0,129.99,65.0,14,48,167
SKU-ELC-001,Wireless Noise-Canceling Headphones,Electronics,2026-03-11,8.0,12.0,129.99,65.0,14,48,167
SKU-ELC-001,Wireless Noise-Canceling Headphones,Electronics,2026-03-12,6.0,12.0,129.99,65.0,14,48,167
SKU-ELC-001,Wireless Noise-Canceling Headphones,Electronics,2026-03-13,13.0,12.0,129.99,65.0,14,48,167
SKU-ELC-001,Wireless Noise-Canceling Headphones,Electronics,2026-03-14,7.0,12.0,129.99,65.0,14,48,167
SKU-ELC-001,Wireless Noise-Canceling Headphones,Electronics,2026-03-15,13.0,12.0,129.99,65.0,14,48,167
SKU-ELC-001,Wireless Noise-Canceling Headphones,Electronics,2026-03-16,8.0,12.0,129.99,65.0,14,48,167
SKU-ELC-001,Wireless Noise-Canceling Headphones,Electronics,2026-03-17,13.0,12.0,129.99,65.0,14,48,167
SKU-ELC-001,Wireless Noise-Canceling Headphones,Electronics,2026-03-18,6.0,12.0,129.99,65.0,14,48,167
SKU-ELC-001,Wireless Noise-Canceling Headphones,Electronics,2026-03-19,11.0,12.0,129.99,65.0,14,48,167
SKU-ELC-001,Wireless Noise-Canceling Headphones,Electronics,2026-03-20,6.0,12.0,129.99,65.0,14,48,167
SKU-ELC-001,Wireless Noise-Canceling Headphones,Electronics,2026-03-21,8.0,12.0,129.99,65.0,14,48,167
SKU-ELC-001,Wireless Noise-Canceling Headphones,Electronics,2026-03-22,14.0,12.0,129.99,65.0,14,48,167
SKU-ELC-001,Wireless Noise-Canceling Headphones,Electronics,2026-03-23,9.0,12.0,129.99,65.0,14,48,167
SKU-ELC-001,Wireless Noise-Canceling Headphones,Electronics,2026-03-24,5.0,12.0,129.99,65.0,14,48,167
SKU-ELC-001,Wireless Noise-Canceling Headphones,Electronics,2026-03-25,9.0,12.0,129.99,65.0,14,48,167
SKU-ELC-001,Wireless Noise-Canceling Headphones,Electronics,2026-03-26,11.0,12.0,129.99,65.0,14,48,167
SKU-ELC-001,Wireless Noise-Canceling Headphones,Electronics,2026-03-27,9.0,12.0,129.99,65.0,14,48,167
SKU-ELC-001,Wireless Noise-Canceling Headphones,Electronics,2026-03-28,7.0,12.0,129.99,65.0,14,48,167
SKU-ELC-001,Wireless Noise-Canceling Headphones,Electronics,2026-03-29,13.0,12.0,129.99,65.0,14,48,167
SKU-ELC-001,Wireless Noise-Canceling Headphones,Electronics,2026-03-30,10.0,12.0,129.99,65.0,14,48,167
SKU-ELC-001,Wireless Noise-Canceling Headphones,Electronics,2026-03-31,11.0,12.0,129.99,65.0,14,48,167
SKU-ELC-001,Wireless Noise-Canceling Headphones,Electronics,2026-04-01,9.0,12.0,129.99,65.0,14,48,167
SKU-ELC-001,Wireless Noise-Canceling Headphones,Electronics,2026-04-02,14.0,12.0,129.99,65.0,14,48,167
SKU-ELC-001,Wireless Noise-Canceling Headphones,Electronics,2026-04-03,17.0,12.0,129.99,65.0,14,48,167
SKU-ELC-001,Wireless Noise-Canceling Headphones,Electronics,2026-04-04,17.0,12.0,129.99,65.0,14,48,167
SKU-ELC-001,Wireless Noise-Canceling Headphones,Electronics,2026-04-05,11.0,12.0,129.99,65.0,14,48,167
SKU-ELC-001,Wireless Noise-Canceling Headphones,Electronics,2026-04-06,6.0,12.0,129.99,65.0,14,48,167
SKU-ELC-001,Wireless Noise-Canceling Headphones,Electronics,2026-04-07,7.0,12.0,129.99,65.0,14,48,167
SKU-ELC-001,Wireless Noise-Canceling Headphones,Electronics,2026-04-08,8.0,12.0,129.99,65.0,14,48,167
SKU-ELC-001,Wireless Noise-Canceling Headphones,Electronics,2026-04-09,8.0,12.0,129.99,65.0,14,48,167
SKU-ELC-001,Wireless Noise-Canceling Headphones,Electronics,2026-04-10,11.0,12.0,129.99,65.0,14,48,167
SKU-ELC-001,Wireless Noise-Canceling Headphones,Electronics,2026-04-11,10.0,12.0,129.99,65.0,14,48,167
SKU-ELC-001,Wireless Noise-Canceling Headphones,Electronics,2026-04-12,15.0,12.0,129.99,65.0,14,48,167
SKU-ELC-001,Wireless Noise-Canceling Headphones,Electronics,2026-04-13,5.0,12.0,129.99,65.0,14,48,167
SKU-ELC-001,Wireless Noise-Canceling Headphones,Electronics,2026-04-14,8.0,12.0,129.99,65.0,14,48,167
SKU-ELC-001,Wireless Noise-Canceling Headphones,Electronics,2026-04-15,8.0,12.0,129.99,65.0,14,48,167
SKU-ELC-001,Wireless Noise-Canceling Headphones,Electronics,2026-04-16,12.0,12.0,129.99,65.0,14,48,167
SKU-ELC-001,Wireless Noise-Canceling Headphones,Electronics,2026-04-17,4.0,12.0,129.99,65.0,14,48,167
SKU-ELC-001,Wireless Noise-Canceling Headphones,Electronics,2026-04-18,11.0,12.0,129.99,65.0,14,48,167
SKU-ELC-001,Wireless Noise-Canceling Headphones,Electronics,2026-04-19,10.0,12.0,129.99,65.0,14,48,167
SKU-ELC-001,Wireless Noise-Canceling Headphones,Electronics,2026-04-20,17.0,12.0,129.99,65.0,14,48,167
SKU-ELC-001,Wireless Noise-Canceling Headphones,Electronics,2026-04-21,8.0,12.0,129.99,65.0,14,48,167
SKU-ELC-001,Wireless Noise-Canceling Headphones,Electronics,2026-04-22,14.0,12.0,129.99,65.0,14,48,167
SKU-ELC-001,Wireless Noise-Canceling Headphones,Electronics,2026-04-23,7.0,12.0,129.99,65.0,14,48,167
SKU-ELC-001,Wireless Noise-Canceling Headphones,Electronics,2026-04-24,8.0,12.0,129.99,65.0,14,48,167
SKU-ELC-001,Wireless Noise-Canceling Headphones,Electronics,2026-04-25,11.0,12.0,129.99,65.0,14,48,167
SKU-ELC-001,Wireless Noise-Canceling Headphones,Electronics,2026-04-26,11.0,12.0,129.99,65.0,14,48,167
SKU-ELC-001,Wireless Noise-Canceling Headphones,Electronics,2026-04-27,7.0,12.0,129.99,65.0,14,48,167
SKU-ELC-001,Wireless Noise-Canceling Headphones,Electronics,2026-04-28,8.0,12.0,129.99,65.0,14,48,167
SKU-ELC-001,Wireless Noise-Canceling Headphones,Electronics,2026-04-29,7.0,12.0,129.99,65.0,14,48,167
SKU-ELC-001,Wireless Noise-Canceling Headphones,Electronics,2026-04-30,11.0,12.0,129.99,65.0,14,48,167
SKU-ELC-001,Wireless Noise-Canceling Headphones,Electronics,2026-05-01,10.0,12.0,129.99,65.0,14,48,167
SKU-ELC-001,Wireless Noise-Canceling Headphones,Electronics,2026-05-02,15.0,12.0,129.99,65.0,14,48,167
SKU-ELC-001,Wireless Noise-Canceling Headphones,Electronics,2026-05-03,11.0,12.0,129.99,65.0,14,48,167
SKU-ELC-001,Wireless Noise-Canceling Headphones,Electronics,2026-05-04,11.0,12.0,129.99,65.0,14,48,167
SKU-ELC-001,Wireless Noise-Canceling Headphones,Electronics,2026-05-05,12.0,12.0,129.99,65.0,14,48,167
SKU-ELC-001,Wireless Noise-Canceling Headphones,Electronics,2026-05-06,17.0,12.0,129.99,65.0,14,48,167
SKU-ELC-001,Wireless Noise-Canceling Headphones,Electronics,2026-05-07,10.0,12.0,129.99,65.0,14,48,167
SKU-ELC-001,Wireless Noise-Canceling Headphones,Electronics,2026-05-08,6.0,12.0,129.99,65.0,14,48,167
SKU-ELC-001,Wireless Noise-Canceling Headphones,Electronics,2026-05-09,14.0,12.0,129.99,65.0,14,48,167
SKU-ELC-001,Wireless Noise-Canceling Headphones,Electronics,2026-05-10,13.0,12.0,129.99,65.0,14,48,167
SKU-ELC-001,Wireless Noise-Canceling Headphones,Electronics,2026-05-11,14.0,12.0,129.99,65.0,14,48,167
SKU-ELC-001,Wireless Noise-Canceling Headphones,Electronics,2026-05-12,5.0,12.0,129.99,65.0,14,48,167
SKU-ELC-001,Wireless Noise-Canceling Headphones,Electronics,2026-05-13,9.0,12.0,129.99,65.0,14,48,167
SKU-ELC-001,Wireless Noise-Canceling Headphones,Electronics,2026-05-14,5.0,12.0,129.99,65.0,14,48,167
SKU-ELC-001,Wireless Noise-Canceling Headphones,Electronics,2026-05-15,7.0,12.0,129.99,65.0,14,48,167
SKU-ELC-001,Wireless Noise-Canceling Headphones,Electronics,2026-05-16,6.0,12.0,129.99,65.0,14,48,167
SKU-ELC-001,Wireless Noise-Canceling Headphones,Electronics,2026-05-17,9.0,12.0,129.99,65.0,14,48,167
SKU-ELC-001,Wireless Noise-Canceling Headphones,Electronics,2026-05-18,10.0,12.0,129.99,65.0,14,48,167
SKU-ELC-001,Wireless Noise-Canceling Headphones,Electronics,2026-05-19,7.0,12.0,129.99,65.0,14,48,167
SKU-ELC-001,Wireless Noise-Canceling Headphones,Electronics,2026-05-20,8.0,12.0,129.99,65.0,14,48,167
SKU-ELC-001,Wireless Noise-Canceling Headphones,Electronics,2026-05-21,8.0,12.0,129.99,65.0,14,48,167
SKU-ELC-001,Wireless Noise-Canceling Headphones,Electronics,2026-05-22,15.0,12.0,129.99,65.0,14,48,167
SKU-ELC-001,Wireless Noise-Canceling Headphones,Electronics,2026-05-23,14.0,12.0,129.99,65.0,14,48,167
SKU-ELC-001,Wireless Noise-Canceling Headphones,Electronics,2026-05-24,14.0,12.0,129.99,65.0,14,48,167
SKU-ELC-001,Wireless Noise-Canceling Headphones,Electronics,2026-05-25,13.0,12.0,129.99,65.0,14,48,167
SKU-ELC-001,Wireless Noise-Canceling Headphones,Electronics,2026-05-26,6.0,12.0,129.99,65.0,14,48,167
SKU-ELC-001,Wireless Noise-Canceling Headphones,Electronics,2026-05-27,9.0,12.0,129.99,65.0,14,48,167
SKU-ELC-001,Wireless Noise-Canceling Headphones,Electronics,2026-05-28,11.0,12.0,129.99,65.0,14,48,167
SKU-ELC-001,Wireless Noise-Canceling Headphones,Electronics,2026-05-29,7.0,12.0,129.99,65.0,14,48,167
SKU-ELC-001,Wireless Noise-Canceling Headphones,Electronics,2026-05-30,9.0,12.0,129.99,65.0,14,48,167
SKU-ELC-001,Wireless Noise-Canceling Headphones,Electronics,2026-05-31,9.0,12.0,129.99,65.0,14,48,167
SKU-ELC-001,Wireless Noise-Canceling Headphones,Electronics,2026-06-01,8.0,12.0,129.99,65.0,14,48,167
SKU-ELC-001,Wireless Noise-Canceling Headphones,Electronics,2026-06-02,15.0,12.0,129.99,65.0,14,48,167
SKU-ELC-001,Wireless Noise-Canceling Headphones,Electronics,2026-06-03,10.0,12.0,129.99,65.0,14,48,167
SKU-ELC-001,Wireless Noise-Canceling Headphones,Electronics,2026-06-04,8.0,12.0,129.99,65.0,14,48,167
SKU-ELC-001,Wireless Noise-Canceling Headphones,Electronics,2026-06-05,11.0,12.0,129.99,65.0,14,48,167
SKU-ELC-001,Wireless Noise-Canceling Headphones,Electronics,2026-06-06,11.0,12.0,129.99,65.0,14,48,167
SKU-ELC-001,Wireless Noise-Canceling Headphones,Electronics,2026-06-07,10.0,12.0,129.99,65.0,14,48,167
SKU-ELC-001,Wireless Noise-Canceling Headphones,Electronics,2026-06-08,10.0,12.0,129.99,65.0,14,48,167
SKU-ELC-001,Wireless Noise-Canceling Headphones,Electronics,2026-06-09,8.0,12.0,129.99,65.0,14,48,167
SKU-ELC-001,Wireless Noise-Canceling Headphones,Electronics,2026-06-10,11.0,12.0,129.99,65.0,14,48,167
SKU-ELC-001,Wireless Noise-Canceling Headphones,Electronics,2026-06-11,11.0,12.0,129.99,65.0,14,48,167
SKU-ELC-001,Wireless Noise-Canceling Headphones,Electronics,2026-06-12,10.0,12.0,129.99,65.0,14,48,167
SKU-ELC-001,Wireless Noise-Canceling Headphones,Electronics,2026-06-13,6.0,12.0,129.99,65.0,14,48,167
SKU-ELC-001,Wireless Noise-Canceling Headphones,Electronics,2026-06-14,9.0,12.0,129.99,65.0,14,48,167
SKU-ELC-001,Wireless Noise-Canceling Headphones,Electronics,2026-06-15,14.0,12.0,129.99,65.0,14,48,167
SKU-ELC-001,Wireless Noise-Canceling Headphones,Electronics,2026-06-16,12.0,12.0,129.99,65.0,14,48,167
SKU-ELC-001,Wireless Noise-Canceling Headphones,Electronics,2026-06-17,11.0,12.0,129.99,65.0,14,48,167
SKU-ELC-001,Wireless Noise-Canceling Headphones,Electronics,2026-06-18,10.0,12.0,129.99,65.0,14,48,167
SKU-ELC-001,Wireless Noise-Canceling Headphones,Electronics,2026-06-19,16.0,12.0,129.99,65.0,14,48,167
SKU-ELC-001,Wireless Noise-Canceling Headphones,Electronics,2026-06-20,24.0,12.0,129.99,65.0,14,48,167
SKU-ELC-001,Wireless Noise-Canceling Headphones,Electronics,2026-06-21,10.0,12.0,129.99,65.0,14,48,167
SKU-ELC-001,Wireless Noise-Canceling Headphones,Electronics,2026-06-22,13.0,12.0,129.99,65.0,14,48,167
SKU-ELC-001,Wireless Noise-Canceling Headphones,Electronics,2026-06-23,14.0,12.0,129.99,65.0,14,48,167
SKU-ELC-001,Wireless Noise-Canceling Headphones,Electronics,2026-06-24,14.0,12.0,129.99,65.0,14,48,167
SKU-ELC-001,Wireless Noise-Canceling Headphones,Electronics,2026-06-25,7.0,12.0,129.99,65.0,14,48,167
SKU-ELC-001,Wireless Noise-Canceling Headphones,Electronics,2026-06-26,14.0,12.0,129.99,65.0,14,48,167
SKU-ELC-001,Wireless Noise-Canceling Headphones,Electronics,2026-06-27,15.0,12.0,129.99,65.0,14,48,167
SKU-ELC-001,Wireless Noise-Canceling Headphones,Electronics,2026-06-28,20.0,12.0,129.99,65.0,14,48,167
SKU-ELC-001,Wireless Noise-Canceling Headphones,Electronics,2026-06-29,14.0,12.0,129.99,65.0,14,48,167
SKU-ELC-001,Wireless Noise-Canceling Headphones,Electronics,2026-06-30,9.0,12.0,129.99,65.0,14,48,167
SKU-ELC-001,Wireless Noise-Canceling Headphones,Electronics,2026-07-01,9.0,12.0,129.99,65.0,14,48,167
SKU-ELC-001,Wireless Noise-Canceling Headphones,Electronics,2026-07-02,11.0,12.0,129.99,65.0,14,48,167
SKU-ELC-001,Wireless Noise-Canceling Headphones,Electronics,2026-07-03,16.0,12.0,129.99,65.0,14,48,167
SKU-ELC-001,Wireless Noise-Canceling Headphones,Electronics,2026-07-04,15.0,12.0,129.99,65.0,14,48,167
SKU-ELC-001,Wireless Noise-Canceling Headphones,Electronics,2026-07-05,16.0,12.0,129.99,65.0,14,48,167
SKU-ELC-001,Wireless Noise-Canceling Headphones,Electronics,2026-07-06,17.0,12.0,129.99,65.0,14,48,167
SKU-ELC-001,Wireless Noise-Canceling Headphones,Electronics,2026-07-07,9.0,12.0,129.99,65.0,14,48,167
SKU-ELC-001,Wireless Noise-Canceling Headphones,Electronics,2026-07-08,14.0,12.0,129.99,65.0,14,48,167
SKU-ELC-001,Wireless Noise-Canceling Headphones,Electronics,2026-07-09,11.0,12.0,129.99,65.0,14,48,167
SKU-ELC-001,Wireless Noise-Canceling Headphones,Electronics,2026-07-10,14.0,12.0,129.99,65.0,14,48,167
SKU-ELC-001,Wireless Noise-Canceling Headphones,Electronics,2026-07-11,13.0,12.0,129.99,65.0,14,48,167
SKU-ELC-001,Wireless Noise-Canceling Headphones,Electronics,2026-07-12,18.0,12.0,129.99,65.0,14,48,167
SKU-ELC-001,Wireless Noise-Canceling Headphones,Electronics,2026-07-13,12.0,12.0,129.99,65.0,14,48,167
SKU-ELC-001,Wireless Noise-Canceling Headphones,Electronics,2026-07-14,16.0,12.0,129.99,65.0,14,48,167
SKU-ELC-001,Wireless Noise-Canceling Headphones,Electronics,2026-07-15,15.0,12.0,129.99,65.0,14,48,167
SKU-ELC-001,Wireless Noise-Canceling Headphones,Electronics,2026-07-16,15.0,12.0,129.99,65.0,14,48,167
SKU-ELC-001,Wireless Noise-Canceling Headphones,Electronics,2026-07-17,10.0,12.0,129.99,65.0,14,48,167
SKU-ELC-001,Wireless Noise-Canceling Headphones,Electronics,2026-07-18,10.0,12.0,129.99,65.0,14,48,167
SKU-ELC-001,Wireless Noise-Canceling Headphones,Electronics,2026-07-19,18.0,12.0,129.99,65.0,14,48,167
SKU-ELC-001,Wireless Noise-Canceling Headphones,Electronics,2026-07-20,13.0,12.0,129.99,65.0,14,48,167
SKU-ELC-001,Wireless Noise-Canceling Headphones,Electronics,2026-07-21,12.0,12.0,129.99,65.0,14,48,167
SKU-ELC-001,Wireless Noise-Canceling Headphones,Electronics,2026-07-22,10.0,12.0,129.99,65.0,14,48,167
SKU-ELC-001,Wireless Noise-Canceling Headphones,Electronics,2026-07-23,17.0,12.0,129.99,65.0,14,48,167
SKU-ELC-001,Wireless Noise-Canceling Headphones,Electronics,2026-07-24,10.0,12.0,129.99,65.0,14,48,167
SKU-ELC-001,Wireless Noise-Canceling Headphones,Electronics,2026-07-25,24.0,12.0,129.99,65.0,14,48,167
SKU-ELC-001,Wireless Noise-Canceling Headphones,Electronics,2026-07-26,16.0,12.0,129.99,65.0,14,48,167
SKU-ELC-001,Wireless Noise-Canceling Headphones,Electronics,2026-07-27,12.0,12.0,129.99,65.0,14,48,167
SKU-ELC-001,Wireless Noise-Canceling Headphones,Electronics,2026-07-28,12.0,12.0,129.99,65.0,14,48,167
SKU-ELC-001,Wireless Noise-Canceling Headphones,Electronics,2026-07-29,17.0,12.0,129.99,65.0,14,48,167
SKU-ELC-001,Wireless Noise-Canceling Headphones,Electronics,2026-07-30,7.0,12.0,129.99,65.0,14,48,167
SKU-ELC-001,Wireless Noise-Canceling Headphones,Electronics,2026-07-31,12.0,12.0,129.99,65.0,14,48,167
SKU-ELC-001,Wireless Noise-Canceling Headphones,Electronics,2026-08-01,22.0,12.0,129.99,65.0,14,48,167
SKU-ELC-001,Wireless Noise-Canceling Headphones,Electronics,2026-08-02,20.0,12.0,129.99,65.0,14,48,167
SKU-ELC-001,Wireless Noise-Canceling Headphones,Electronics,2026-08-03,12.0,12.0,129.99,65.0,14,48,167
SKU-ELC-001,Wireless Noise-Canceling Headphones,Electronics,2026-08-04,10.0,12.0,129.99,65.0,14,48,167
SKU-ELC-001,Wireless Noise-Canceling Headphones,Electronics,2026-08-05,10.0,12.0,129.99,65.0,14,48,167
SKU-ELC-001,Wireless Noise-Canceling Headphones,Electronics,2026-08-06,10.0,12.0,129.99,65.0,14,48,167
SKU-ELC-001,Wireless Noise-Canceling Headphones,Electronics,2026-08-07,17.0,12.0,129.99,65.0,14,48,167
SKU-ELC-001,Wireless Noise-Canceling Headphones,Electronics,2026-08-08,14.0,12.0,129.99,65.0,14,48,167
SKU-ELC-001,Wireless Noise-Canceling Headphones,Electronics,2026-08-09,15.0,12.0,129.99,65.0,14,48,167
SKU-ELC-001,Wireless Noise-Canceling Headphones,Electronics,2026-08-10,11.0,12.0,129.99,65.0,14,48,167
SKU-ELC-001,Wireless Noise-Canceling Headphones,Electronics,2026-08-11,8.0,12.0,129.99,65.0,14,48,167
SKU-ELC-001,Wireless Noise-Canceling Headphones,Electronics,2026-08-12,11.0,12.0,129.99,65.0,14,48,167
SKU-ELC-001,Wireless Noise-Canceling Headphones,Electronics,2026-08-13,10.0,12.0,129.99,65.0,14,48,167
SKU-ELC-001,Wireless Noise-Canceling Headphones,Electronics,2026-08-14,13.0,12.0,129.99,65.0,14,48,167
SKU-ELC-001,Wireless Noise-Canceling Headphones,Electronics,2026-08-15,18.0,12.0,129.99,65.0,14,48,167
SKU-ELC-001,Wireless Noise-Canceling Headphones,Electronics,2026-08-16,26.0,12.0,129.99,65.0,14,48,167
SKU-ELC-001,Wireless Noise-Canceling Headphones,Electronics,2026-08-17,11.0,12.0,129.99,65.0,14,48,167
SKU-ELC-001,Wireless Noise-Canceling Headphones,Electronics,2026-08-18,13.0,12.0,129.99,65.0,14,48,167
SKU-ELC-001,Wireless Noise-Canceling Headphones,Electronics,2026-08-19,14.0,12.0,129.99,65.0,14,48,167
SKU-ELC-001,Wireless Noise-Canceling Headphones,Electronics,2026-08-20,17.0,12.0,129.99,65.0,14,48,167
SKU-ELC-001,Wireless Noise-Canceling Headphones,Electronics,2026-08-21,8.0,12.0,129.99,65.0,14,48,167
SKU-ELC-001,Wireless Noise-Canceling Headphones,Electronics,2026-08-22,16.0,12.0,129.99,65.0,14,48,167
SKU-ELC-001,Wireless Noise-Canceling Headphones,Electronics,2026-08-23,15.0,12.0,129.99,65.0,14,48,167
SKU-ELC-001,Wireless Noise-Canceling Headphones,Electronics,2026-08-24,11.0,12.0,129.99,65.0,14,48,167
SKU-ELC-001,Wireless Noise-Canceling Headphones,Electronics,2026-08-25,12.0,12.0,129.99,65.0,14,48,167
SKU-ELC-001,Wireless Noise-Canceling Headphones,Electronics,2026-08-26,19.0,12.0,129.99,65.0,14,48,167
SKU-ELC-001,Wireless Noise-Canceling Headphones,Electronics,2026-08-27,9.0,12.0,129.99,65.0,14,48,167
SKU-ELC-002,Smart Fitness Watch V2,Electronics,2026-03-01,2.0,48.0,189.5,95.0,10,16,56
SKU-ELC-002,Smart Fitness Watch V2,Electronics,2026-03-02,2.0,48.0,189.5,95.0,10,16,56
SKU-ELC-002,Smart Fitness Watch V2,Electronics,2026-03-03,3.0,48.0,189.5,95.0,10,16,56
SKU-ELC-002,Smart Fitness Watch V2,Electronics,2026-03-04,2.0,48.0,189.5,95.0,10,16,56
SKU-ELC-002,Smart Fitness Watch V2,Electronics,2026-03-05,2.0,48.0,189.5,95.0,10,16,56
SKU-ELC-002,Smart Fitness Watch V2,Electronics,2026-03-06,6.0,48.0,189.5,95.0,10,16,56
SKU-ELC-002,Smart Fitness Watch V2,Electronics,2026-03-07,3.0,48.0,189.5,95.0,10,16,56
SKU-ELC-002,Smart Fitness Watch V2,Electronics,2026-03-08,2.0,48.0,189.5,95.0,10,16,56
SKU-ELC-002,Smart Fitness Watch V2,Electronics,2026-03-09,6.0,48.0,189.5,95.0,10,16,56
SKU-ELC-002,Smart Fitness Watch V2,Electronics,2026-03-10,5.0,48.0,189.5,95.0,10,16,56
SKU-ELC-002,Smart Fitness Watch V2,Electronics,2026-03-11,6.0,48.0,189.5,95.0,10,16,56
SKU-ELC-002,Smart Fitness Watch V2,Electronics,2026-03-12,2.0,48.0,189.5,95.0,10,16,56
SKU-ELC-002,Smart Fitness Watch V2,Electronics,2026-03-13,4.0,48.0,189.5,95.0,10,16,56
SKU-ELC-002,Smart Fitness Watch V2,Electronics,2026-03-14,5.0,48.0,189.5,95.0,10,16,56
SKU-ELC-002,Smart Fitness Watch V2,Electronics,2026-03-15,7.0,48.0,189.5,95.0,10,16,56
SKU-ELC-002,Smart Fitness Watch V2,Electronics,2026-03-16,0.0,48.0,189.5,95.0,10,16,56
SKU-ELC-002,Smart Fitness Watch V2,Electronics,2026-03-17,6.0,48.0,189.5,95.0,10,16,56
SKU-ELC-002,Smart Fitness Watch V2,Electronics,2026-03-18,4.0,48.0,189.5,95.0,10,16,56
SKU-ELC-002,Smart Fitness Watch V2,Electronics,2026-03-19,2.0,48.0,189.5,95.0,10,16,56
SKU-ELC-002,Smart Fitness Watch V2,Electronics,2026-03-20,4.0,48.0,189.5,95.0,10,16,56
SKU-ELC-002,Smart Fitness Watch V2,Electronics,2026-03-21,8.0,48.0,189.5,95.0,10,16,56
SKU-ELC-002,Smart Fitness Watch V2,Electronics,2026-03-22,5.0,48.0,189.5,95.0,10,16,56
SKU-ELC-002,Smart Fitness Watch V2,Electronics,2026-03-23,2.0,48.0,189.5,95.0,10,16,56
SKU-ELC-002,Smart Fitness Watch V2,Electronics,2026-03-24,8.0,48.0,189.5,95.0,10,16,56
SKU-ELC-002,Smart Fitness Watch V2,Electronics,2026-03-25,4.0,48.0,189.5,95.0,10,16,56
SKU-ELC-002,Smart Fitness Watch V2,Electronics,2026-03-26,8.0,48.0,189.5,95.0,10,16,56
SKU-ELC-002,Smart Fitness Watch V2,Electronics,2026-03-27,6.0,48.0,189.5,95.0,10,16,56
SKU-ELC-002,Smart Fitness Watch V2,Electronics,2026-03-28,6.0,48.0,189.5,95.0,10,16,56
SKU-ELC-002,Smart Fitness Watch V2,Electronics,2026-03-29,9.0,48.0,189.5,95.0,10,16,56
SKU-ELC-002,Smart Fitness Watch V2,Electronics,2026-03-30,3.0,48.0,189.5,95.0,10,16,56
SKU-ELC-002,Smart Fitness Watch V2,Electronics,2026-03-31,4.0,48.0,189.5,95.0,10,16,56
SKU-ELC-002,Smart Fitness Watch V2,Electronics,2026-04-01,7.0,48.0,189.5,95.0,10,16,56
SKU-ELC-002,Smart Fitness Watch V2,Electronics,2026-04-02,3.0,48.0,189.5,95.0,10,16,56
SKU-ELC-002,Smart Fitness Watch V2,Electronics,2026-04-03,11.0,48.0,189.5,95.0,10,16,56
SKU-ELC-002,Smart Fitness Watch V2,Electronics,2026-04-04,5.0,48.0,189.5,95.0,10,16,56
SKU-ELC-002,Smart Fitness Watch V2,Electronics,2026-04-05,3.0,48.0,189.5,95.0,10,16,56
SKU-ELC-002,Smart Fitness Watch V2,Electronics,2026-04-06,7.0,48.0,189.5,95.0,10,16,56
SKU-ELC-002,Smart Fitness Watch V2,Electronics,2026-04-07,7.0,48.0,189.5,95.0,10,16,56
SKU-ELC-002,Smart Fitness Watch V2,Electronics,2026-04-08,5.0,48.0,189.5,95.0,10,16,56
SKU-ELC-002,Smart Fitness Watch V2,Electronics,2026-04-09,3.0,48.0,189.5,95.0,10,16,56
SKU-ELC-002,Smart Fitness Watch V2,Electronics,2026-04-10,5.0,48.0,189.5,95.0,10,16,56
SKU-ELC-002,Smart Fitness Watch V2,Electronics,2026-04-11,6.0,48.0,189.5,95.0,10,16,56
SKU-ELC-002,Smart Fitness Watch V2,Electronics,2026-04-12,6.0,48.0,189.5,95.0,10,16,56
SKU-ELC-002,Smart Fitness Watch V2,Electronics,2026-04-13,7.0,48.0,189.5,95.0,10,16,56
SKU-ELC-002,Smart Fitness Watch V2,Electronics,2026-04-14,4.0,48.0,189.5,95.0,10,16,56
SKU-ELC-002,Smart Fitness Watch V2,Electronics,2026-04-15,2.0,48.0,189.5,95.0,10,16,56
SKU-ELC-002,Smart Fitness Watch V2,Electronics,2026-04-16,7.0,48.0,189.5,95.0,10,16,56
SKU-ELC-002,Smart Fitness Watch V2,Electronics,2026-04-17,10.0,48.0,189.5,95.0,10,16,56
SKU-ELC-002,Smart Fitness Watch V2,Electronics,2026-04-18,4.0,48.0,189.5,95.0,10,16,56
SKU-ELC-002,Smart Fitness Watch V2,Electronics,2026-04-19,4.0,48.0,189.5,95.0,10,16,56
SKU-ELC-002,Smart Fitness Watch V2,Electronics,2026-04-20,3.0,48.0,189.5,95.0,10,16,56
SKU-ELC-002,Smart Fitness Watch V2,Electronics,2026-04-21,5.0,48.0,189.5,95.0,10,16,56
SKU-ELC-002,Smart Fitness Watch V2,Electronics,2026-04-22,4.0,48.0,189.5,95.0,10,16,56
SKU-ELC-002,Smart Fitness Watch V2,Electronics,2026-04-23,4.0,48.0,189.5,95.0,10,16,56
SKU-ELC-002,Smart Fitness Watch V2,Electronics,2026-04-24,3.0,48.0,189.5,95.0,10,16,56
SKU-ELC-002,Smart Fitness Watch V2,Electronics,2026-04-25,4.0,48.0,189.5,95.0,10,16,56
SKU-ELC-002,Smart Fitness Watch V2,Electronics,2026-04-26,5.0,48.0,189.5,95.0,10,16,56
SKU-ELC-002,Smart Fitness Watch V2,Electronics,2026-04-27,1.0,48.0,189.5,95.0,10,16,56
SKU-ELC-002,Smart Fitness Watch V2,Electronics,2026-04-28,0.0,48.0,189.5,95.0,10,16,56
SKU-ELC-002,Smart Fitness Watch V2,Electronics,2026-04-29,5.0,48.0,189.5,95.0,10,16,56
SKU-ELC-002,Smart Fitness Watch V2,Electronics,2026-04-30,4.0,48.0,189.5,95.0,10,16,56
SKU-ELC-002,Smart Fitness Watch V2,Electronics,2026-05-01,2.0,48.0,189.5,95.0,10,16,56
SKU-ELC-002,Smart Fitness Watch V2,Electronics,2026-05-02,5.0,48.0,189.5,95.0,10,16,56
SKU-ELC-002,Smart Fitness Watch V2,Electronics,2026-05-03,8.0,48.0,189.5,95.0,10,16,56
SKU-ELC-002,Smart Fitness Watch V2,Electronics,2026-05-04,1.0,48.0,189.5,95.0,10,16,56
SKU-ELC-002,Smart Fitness Watch V2,Electronics,2026-05-05,5.0,48.0,189.5,95.0,10,16,56
SKU-ELC-002,Smart Fitness Watch V2,Electronics,2026-05-06,6.0,48.0,189.5,95.0,10,16,56
SKU-ELC-002,Smart Fitness Watch V2,Electronics,2026-05-07,0.0,48.0,189.5,95.0,10,16,56
SKU-ELC-002,Smart Fitness Watch V2,Electronics,2026-05-08,4.0,48.0,189.5,95.0,10,16,56
SKU-ELC-002,Smart Fitness Watch V2,Electronics,2026-05-09,3.0,48.0,189.5,95.0,10,16,56
SKU-ELC-002,Smart Fitness Watch V2,Electronics,2026-05-10,3.0,48.0,189.5,95.0,10,16,56
SKU-ELC-002,Smart Fitness Watch V2,Electronics,2026-05-11,3.0,48.0,189.5,95.0,10,16,56
SKU-ELC-002,Smart Fitness Watch V2,Electronics,2026-05-12,1.0,48.0,189.5,95.0,10,16,56
SKU-ELC-002,Smart Fitness Watch V2,Electronics,2026-05-13,6.0,48.0,189.5,95.0,10,16,56
SKU-ELC-002,Smart Fitness Watch V2,Electronics,2026-05-14,2.0,48.0,189.5,95.0,10,16,56
SKU-ELC-002,Smart Fitness Watch V2,Electronics,2026-05-15,4.0,48.0,189.5,95.0,10,16,56
SKU-ELC-002,Smart Fitness Watch V2,Electronics,2026-05-16,1.0,48.0,189.5,95.0,10,16,56
SKU-ELC-002,Smart Fitness Watch V2,Electronics,2026-05-17,3.0,48.0,189.5,95.0,10,16,56
SKU-ELC-002,Smart Fitness Watch V2,Electronics,2026-05-18,1.0,48.0,189.5,95.0,10,16,56
SKU-ELC-002,Smart Fitness Watch V2,Electronics,2026-05-19,2.0,48.0,189.5,95.0,10,16,56
SKU-ELC-002,Smart Fitness Watch V2,Electronics,2026-05-20,3.0,48.0,189.5,95.0,10,16,56
SKU-ELC-002,Smart Fitness Watch V2,Electronics,2026-05-21,3.0,48.0,189.5,95.0,10,16,56
SKU-ELC-002,Smart Fitness Watch V2,Electronics,2026-05-22,2.0,48.0,189.5,95.0,10,16,56
SKU-ELC-002,Smart Fitness Watch V2,Electronics,2026-05-23,6.0,48.0,189.5,95.0,10,16,56
SKU-ELC-002,Smart Fitness Watch V2,Electronics,2026-05-24,7.0,48.0,189.5,95.0,10,16,56
SKU-ELC-002,Smart Fitness Watch V2,Electronics,2026-05-25,1.0,48.0,189.5,95.0,10,16,56
SKU-ELC-002,Smart Fitness Watch V2,Electronics,2026-05-26,4.0,48.0,189.5,95.0,10,16,56
SKU-ELC-002,Smart Fitness Watch V2,Electronics,2026-05-27,5.0,48.0,189.5,95.0,10,16,56
SKU-ELC-002,Smart Fitness Watch V2,Electronics,2026-05-28,5.0,48.0,189.5,95.0,10,16,56
SKU-ELC-002,Smart Fitness Watch V2,Electronics,2026-05-29,1.0,48.0,189.5,95.0,10,16,56
SKU-ELC-002,Smart Fitness Watch V2,Electronics,2026-05-30,7.0,48.0,189.5,95.0,10,16,56
SKU-ELC-002,Smart Fitness Watch V2,Electronics,2026-05-31,6.0,48.0,189.5,95.0,10,16,56
SKU-ELC-002,Smart Fitness Watch V2,Electronics,2026-06-01,6.0,48.0,189.5,95.0,10,16,56
SKU-ELC-002,Smart Fitness Watch V2,Electronics,2026-06-02,6.0,48.0,189.5,95.0,10,16,56
SKU-ELC-002,Smart Fitness Watch V2,Electronics,2026-06-03,4.0,48.0,189.5,95.0,10,16,56
SKU-ELC-002,Smart Fitness Watch V2,Electronics,2026-06-04,4.0,48.0,189.5,95.0,10,16,56
SKU-ELC-002,Smart Fitness Watch V2,Electronics,2026-06-05,4.0,48.0,189.5,95.0,10,16,56
SKU-ELC-002,Smart Fitness Watch V2,Electronics,2026-06-06,6.0,48.0,189.5,95.0,10,16,56
SKU-ELC-002,Smart Fitness Watch V2,Electronics,2026-06-07,3.0,48.0,189.5,95.0,10,16,56
SKU-ELC-002,Smart Fitness Watch V2,Electronics,2026-06-08,5.0,48.0,189.5,95.0,10,16,56
SKU-ELC-002,Smart Fitness Watch V2,Electronics,2026-06-09,1.0,48.0,189.5,95.0,10,16,56
SKU-ELC-002,Smart Fitness Watch V2,Electronics,2026-06-10,8.0,48.0,189.5,95.0,10,16,56
SKU-ELC-002,Smart Fitness Watch V2,Electronics,2026-06-11,2.0,48.0,189.5,95.0,10,16,56
SKU-ELC-002,Smart Fitness Watch V2,Electronics,2026-06-12,2.0,48.0,189.5,95.0,10,16,56
SKU-ELC-002,Smart Fitness Watch V2,Electronics,2026-06-13,5.0,48.0,189.5,95.0,10,16,56
SKU-ELC-002,Smart Fitness Watch V2,Electronics,2026-06-14,5.0,48.0,189.5,95.0,10,16,56
SKU-ELC-002,Smart Fitness Watch V2,Electronics,2026-06-15,4.0,48.0,189.5,95.0,10,16,56
SKU-ELC-002,Smart Fitness Watch V2,Electronics,2026-06-16,1.0,48.0,189.5,95.0,10,16,56
SKU-ELC-002,Smart Fitness Watch V2,Electronics,2026-06-17,4.0,48.0,189.5,95.0,10,16,56
SKU-ELC-002,Smart Fitness Watch V2,Electronics,2026-06-18,8.0,48.0,189.5,95.0,10,16,56
SKU-ELC-002,Smart Fitness Watch V2,Electronics,2026-06-19,3.0,48.0,189.5,95.0,10,16,56
SKU-ELC-002,Smart Fitness Watch V2,Electronics,2026-06-20,7.0,48.0,189.5,95.0,10,16,56
SKU-ELC-002,Smart Fitness Watch V2,Electronics,2026-06-21,10.0,48.0,189.5,95.0,10,16,56
SKU-ELC-002,Smart Fitness Watch V2,Electronics,2026-06-22,7.0,48.0,189.5,95.0,10,16,56
SKU-ELC-002,Smart Fitness Watch V2,Electronics,2026-06-23,1.0,48.0,189.5,95.0,10,16,56
SKU-ELC-002,Smart Fitness Watch V2,Electronics,2026-06-24,5.0,48.0,189.5,95.0,10,16,56
SKU-ELC-002,Smart Fitness Watch V2,Electronics,2026-06-25,3.0,48.0,189.5,95.0,10,16,56
SKU-ELC-002,Smart Fitness Watch V2,Electronics,2026-06-26,7.0,48.0,189.5,95.0,10,16,56
SKU-ELC-002,Smart Fitness Watch V2,Electronics,2026-06-27,3.0,48.0,189.5,95.0,10,16,56
SKU-ELC-002,Smart Fitness Watch V2,Electronics,2026-06-28,7.0,48.0,189.5,95.0,10,16,56
SKU-ELC-002,Smart Fitness Watch V2,Electronics,2026-06-29,1.0,48.0,189.5,95.0,10,16,56
SKU-ELC-002,Smart Fitness Watch V2,Electronics,2026-06-30,4.0,48.0,189.5,95.0,10,16,56
SKU-ELC-002,Smart Fitness Watch V2,Electronics,2026-07-01,4.0,48.0,189.5,95.0,10,16,56
SKU-ELC-002,Smart Fitness Watch V2,Electronics,2026-07-02,5.0,48.0,189.5,95.0,10,16,56
SKU-ELC-002,Smart Fitness Watch V2,Electronics,2026-07-03,3.0,48.0,189.5,95.0,10,16,56
SKU-ELC-002,Smart Fitness Watch V2,Electronics,2026-07-04,5.0,48.0,189.5,95.0,10,16,56
SKU-ELC-002,Smart Fitness Watch V2,Electronics,2026-07-05,6.0,48.0,189.5,95.0,10,16,56
SKU-ELC-002,Smart Fitness Watch V2,Electronics,2026-07-06,7.0,48.0,189.5,95.0,10,16,56
SKU-ELC-002,Smart Fitness Watch V2,Electronics,2026-07-07,6.0,48.0,189.5,95.0,10,16,56
SKU-ELC-002,Smart Fitness Watch V2,Electronics,2026-07-08,5.0,48.0,189.5,95.0,10,16,56
SKU-ELC-002,Smart Fitness Watch V2,Electronics,2026-07-09,5.0,48.0,189.5,95.0,10,16,56
SKU-ELC-002,Smart Fitness Watch V2,Electronics,2026-07-10,2.0,48.0,189.5,95.0,10,16,56
SKU-ELC-002,Smart Fitness Watch V2,Electronics,2026-07-11,6.0,48.0,189.5,95.0,10,16,56
SKU-ELC-002,Smart Fitness Watch V2,Electronics,2026-07-12,7.0,48.0,189.5,95.0,10,16,56
SKU-ELC-002,Smart Fitness Watch V2,Electronics,2026-07-13,3.0,48.0,189.5,95.0,10,16,56
SKU-ELC-002,Smart Fitness Watch V2,Electronics,2026-07-14,3.0,48.0,189.5,95.0,10,16,56
SKU-ELC-002,Smart Fitness Watch V2,Electronics,2026-07-15,2.0,48.0,189.5,95.0,10,16,56
SKU-ELC-002,Smart Fitness Watch V2,Electronics,2026-07-16,3.0,48.0,189.5,95.0,10,16,56
SKU-ELC-002,Smart Fitness Watch V2,Electronics,2026-07-17,6.0,48.0,189.5,95.0,10,16,56
SKU-ELC-002,Smart Fitness Watch V2,Electronics,2026-07-18,8.0,48.0,189.5,95.0,10,16,56
SKU-ELC-002,Smart Fitness Watch V2,Electronics,2026-07-19,4.0,48.0,189.5,95.0,10,16,56
SKU-ELC-002,Smart Fitness Watch V2,Electronics,2026-07-20,6.0,48.0,189.5,95.0,10,16,56
SKU-ELC-002,Smart Fitness Watch V2,Electronics,2026-07-21,7.0,48.0,189.5,95.0,10,16,56
SKU-ELC-002,Smart Fitness Watch V2,Electronics,2026-07-22,5.0,48.0,189.5,95.0,10,16,56
SKU-ELC-002,Smart Fitness Watch V2,Electronics,2026-07-23,3.0,48.0,189.5,95.0,10,16,56
SKU-ELC-002,Smart Fitness Watch V2,Electronics,2026-07-24,5.0,48.0,189.5,95.0,10,16,56
SKU-ELC-002,Smart Fitness Watch V2,Electronics,2026-07-25,7.0,48.0,189.5,95.0,10,16,56
SKU-ELC-002,Smart Fitness Watch V2,Electronics,2026-07-26,7.0,48.0,189.5,95.0,10,16,56
SKU-ELC-002,Smart Fitness Watch V2,Electronics,2026-07-27,3.0,48.0,189.5,95.0,10,16,56
SKU-ELC-002,Smart Fitness Watch V2,Electronics,2026-07-28,7.0,48.0,189.5,95.0,10,16,56
SKU-ELC-002,Smart Fitness Watch V2,Electronics,2026-07-29,4.0,48.0,189.5,95.0,10,16,56
SKU-ELC-002,Smart Fitness Watch V2,Electronics,2026-07-30,1.0,48.0,189.5,95.0,10,16,56
SKU-ELC-002,Smart Fitness Watch V2,Electronics,2026-07-31,0.0,48.0,189.5,95.0,10,16,56
SKU-ELC-002,Smart Fitness Watch V2,Electronics,2026-08-01,6.0,48.0,189.5,95.0,10,16,56
SKU-ELC-002,Smart Fitness Watch V2,Electronics,2026-08-02,3.0,48.0,189.5,95.0,10,16,56
SKU-ELC-002,Smart Fitness Watch V2,Electronics,2026-08-03,3.0,48.0,189.5,95.0,10,16,56
SKU-ELC-002,Smart Fitness Watch V2,Electronics,2026-08-04,2.0,48.0,189.5,95.0,10,16,56
SKU-ELC-002,Smart Fitness Watch V2,Electronics,2026-08-05,4.0,48.0,189.5,95.0,10,16,56
SKU-ELC-002,Smart Fitness Watch V2,Electronics,2026-08-06,1.0,48.0,189.5,95.0,10,16,56
SKU-ELC-002,Smart Fitness Watch V2,Electronics,2026-08-07,1.0,48.0,189.5,95.0,10,16,56
SKU-ELC-002,Smart Fitness Watch V2,Electronics,2026-08-08,6.0,48.0,189.5,95.0,10,16,56
SKU-ELC-002,Smart Fitness Watch V2,Electronics,2026-08-09,5.0,48.0,189.5,95.0,10,16,56
SKU-ELC-002,Smart Fitness Watch V2,Electronics,2026-08-10,2.0,48.0,189.5,95.0,10,16,56
SKU-ELC-002,Smart Fitness Watch V2,Electronics,2026-08-11,3.0,48.0,189.5,95.0,10,16,56
SKU-ELC-002,Smart Fitness Watch V2,Electronics,2026-08-12,2.0,48.0,189.5,95.0,10,16,56
SKU-ELC-002,Smart Fitness Watch V2,Electronics,2026-08-13,2.0,48.0,189.5,95.0,10,16,56
SKU-ELC-002,Smart Fitness Watch V2,Electronics,2026-08-14,2.0,48.0,189.5,95.0,10,16,56
SKU-ELC-002,Smart Fitness Watch V2,Electronics,2026-08-15,5.0,48.0,189.5,95.0,10,16,56
SKU-ELC-002,Smart Fitness Watch V2,Electronics,2026-08-16,5.0,48.0,189.5,95.0,10,16,56
SKU-ELC-002,Smart Fitness Watch V2,Electronics,2026-08-17,4.0,48.0,189.5,95.0,10,16,56
SKU-ELC-002,Smart Fitness Watch V2,Electronics,2026-08-18,7.0,48.0,189.5,95.0,10,16,56
SKU-ELC-002,Smart Fitness Watch V2,Electronics,2026-08-19,2.0,48.0,189.5,95.0,10,16,56
SKU-ELC-002,Smart Fitness Watch V2,Electronics,2026-08-20,7.0,48.0,189.5,95.0,10,16,56
SKU-ELC-002,Smart Fitness Watch V2,Electronics,2026-08-21,3.0,48.0,189.5,95.0,10,16,56
SKU-ELC-002,Smart Fitness Watch V2,Electronics,2026-08-22,2.0,48.0,189.5,95.0,10,16,56
SKU-ELC-002,Smart Fitness Watch V2,Electronics,2026-08-23,2.0,48.0,189.5,95.0,10,16,56
SKU-ELC-002,Smart Fitness Watch V2,Electronics,2026-08-24,0.0,48.0,189.5,95.0,10,16,56
SKU-ELC-002,Smart Fitness Watch V2,Electronics,2026-08-25,4.0,48.0,189.5,95.0,10,16,56
SKU-ELC-002,Smart Fitness Watch V2,Electronics,2026-08-26,3.0,48.0,189.5,95.0,10,16,56
SKU-ELC-002,Smart Fitness Watch V2,Electronics,2026-08-27,3.0,48.0,189.5,95.0,10,16,56
SKU-ELC-003,4K Ultra-HD Action Camera,Electronics,2026-03-01,0.0,420.0,249.0,130.0,21,15,53
SKU-ELC-003,4K Ultra-HD Action Camera,Electronics,2026-03-02,0.0,420.0,249.0,130.0,21,15,53
SKU-ELC-003,4K Ultra-HD Action Camera,Electronics,2026-03-03,3.0,420.0,249.0,130.0,21,15,53
SKU-ELC-003,4K Ultra-HD Action Camera,Electronics,2026-03-04,1.0,420.0,249.0,130.0,21,15,53
SKU-ELC-003,4K Ultra-HD Action Camera,Electronics,2026-03-05,0.0,420.0,249.0,130.0,21,15,53
SKU-ELC-003,4K Ultra-HD Action Camera,Electronics,2026-03-06,3.0,420.0,249.0,130.0,21,15,53
SKU-ELC-003,4K Ultra-HD Action Camera,Electronics,2026-03-07,0.0,420.0,249.0,130.0,21,15,53
SKU-ELC-003,4K Ultra-HD Action Camera,Electronics,2026-03-08,5.0,420.0,249.0,130.0,21,15,53
SKU-ELC-003,4K Ultra-HD Action Camera,Electronics,2026-03-09,3.0,420.0,249.0,130.0,21,15,53
SKU-ELC-003,4K Ultra-HD Action Camera,Electronics,2026-03-10,2.0,420.0,249.0,130.0,21,15,53
SKU-ELC-003,4K Ultra-HD Action Camera,Electronics,2026-03-11,1.0,420.0,249.0,130.0,21,15,53
SKU-ELC-003,4K Ultra-HD Action Camera,Electronics,2026-03-12,3.0,420.0,249.0,130.0,21,15,53
SKU-ELC-003,4K Ultra-HD Action Camera,Electronics,2026-03-13,0.0,420.0,249.0,130.0,21,15,53
SKU-ELC-003,4K Ultra-HD Action Camera,Electronics,2026-03-14,3.0,420.0,249.0,130.0,21,15,53
SKU-ELC-003,4K Ultra-HD Action Camera,Electronics,2026-03-15,6.0,420.0,249.0,130.0,21,15,53
SKU-ELC-003,4K Ultra-HD Action Camera,Electronics,2026-03-16,4.0,420.0,249.0,130.0,21,15,53
SKU-ELC-003,4K Ultra-HD Action Camera,Electronics,2026-03-17,3.0,420.0,249.0,130.0,21,15,53
SKU-ELC-003,4K Ultra-HD Action Camera,Electronics,2026-03-18,0.0,420.0,249.0,130.0,21,15,53
SKU-ELC-003,4K Ultra-HD Action Camera,Electronics,2026-03-19,0.0,420.0,249.0,130.0,21,15,53
SKU-ELC-003,4K Ultra-HD Action Camera,Electronics,2026-03-20,2.0,420.0,249.0,130.0,21,15,53
SKU-ELC-003,4K Ultra-HD Action Camera,Electronics,2026-03-21,5.0,420.0,249.0,130.0,21,15,53
SKU-ELC-003,4K Ultra-HD Action Camera,Electronics,2026-03-22,4.0,420.0,249.0,130.0,21,15,53
SKU-ELC-003,4K Ultra-HD Action Camera,Electronics,2026-03-23,1.0,420.0,249.0,130.0,21,15,53
SKU-ELC-003,4K Ultra-HD Action Camera,Electronics,2026-03-24,1.0,420.0,249.0,130.0,21,15,53
SKU-ELC-003,4K Ultra-HD Action Camera,Electronics,2026-03-25,3.0,420.0,249.0,130.0,21,15,53
SKU-ELC-003,4K Ultra-HD Action Camera,Electronics,2026-03-26,2.0,420.0,249.0,130.0,21,15,53
SKU-ELC-003,4K Ultra-HD Action Camera,Electronics,2026-03-27,3.0,420.0,249.0,130.0,21,15,53
SKU-ELC-003,4K Ultra-HD Action Camera,Electronics,2026-03-28,3.0,420.0,249.0,130.0,21,15,53
SKU-ELC-003,4K Ultra-HD Action Camera,Electronics,2026-03-29,1.0,420.0,249.0,130.0,21,15,53
SKU-ELC-003,4K Ultra-HD Action Camera,Electronics,2026-03-30,1.0,420.0,249.0,130.0,21,15,53
SKU-ELC-003,4K Ultra-HD Action Camera,Electronics,2026-03-31,2.0,420.0,249.0,130.0,21,15,53
SKU-ELC-003,4K Ultra-HD Action Camera,Electronics,2026-04-01,0.0,420.0,249.0,130.0,21,15,53
SKU-ELC-003,4K Ultra-HD Action Camera,Electronics,2026-04-02,3.0,420.0,249.0,130.0,21,15,53
SKU-ELC-003,4K Ultra-HD Action Camera,Electronics,2026-04-03,3.0,420.0,249.0,130.0,21,15,53
SKU-ELC-003,4K Ultra-HD Action Camera,Electronics,2026-04-04,3.0,420.0,249.0,130.0,21,15,53
SKU-ELC-003,4K Ultra-HD Action Camera,Electronics,2026-04-05,3.0,420.0,249.0,130.0,21,15,53
SKU-ELC-003,4K Ultra-HD Action Camera,Electronics,2026-04-06,3.0,420.0,249.0,130.0,21,15,53
SKU-ELC-003,4K Ultra-HD Action Camera,Electronics,2026-04-07,3.0,420.0,249.0,130.0,21,15,53
SKU-ELC-003,4K Ultra-HD Action Camera,Electronics,2026-04-08,2.0,420.0,249.0,130.0,21,15,53
SKU-ELC-003,4K Ultra-HD Action Camera,Electronics,2026-04-09,2.0,420.0,249.0,130.0,21,15,53
SKU-ELC-003,4K Ultra-HD Action Camera,Electronics,2026-04-10,0.0,420.0,249.0,130.0,21,15,53
SKU-ELC-003,4K Ultra-HD Action Camera,Electronics,2026-04-11,4.0,420.0,249.0,130.0,21,15,53
SKU-ELC-003,4K Ultra-HD Action Camera,Electronics,2026-04-12,1.0,420.0,249.0,130.0,21,15,53
SKU-ELC-003,4K Ultra-HD Action Camera,Electronics,2026-04-13,1.0,420.0,249.0,130.0,21,15,53
SKU-ELC-003,4K Ultra-HD Action Camera,Electronics,2026-04-14,0.0,420.0,249.0,130.0,21,15,53
SKU-ELC-003,4K Ultra-HD Action Camera,Electronics,2026-04-15,1.0,420.0,249.0,130.0,21,15,53
SKU-ELC-003,4K Ultra-HD Action Camera,Electronics,2026-04-16,5.0,420.0,249.0,130.0,21,15,53
SKU-ELC-003,4K Ultra-HD Action Camera,Electronics,2026-04-17,1.0,420.0,249.0,130.0,21,15,53
SKU-ELC-003,4K Ultra-HD Action Camera,Electronics,2026-04-18,3.0,420.0,249.0,130.0,21,15,53
SKU-ELC-003,4K Ultra-HD Action Camera,Electronics,2026-04-19,2.0,420.0,249.0,130.0,21,15,53
SKU-ELC-003,4K Ultra-HD Action Camera,Electronics,2026-04-20,1.0,420.0,249.0,130.0,21,15,53
SKU-ELC-003,4K Ultra-HD Action Camera,Electronics,2026-04-21,0.0,420.0,249.0,130.0,21,15,53
SKU-ELC-003,4K Ultra-HD Action Camera,Electronics,2026-04-22,2.0,420.0,249.0,130.0,21,15,53
SKU-ELC-003,4K Ultra-HD Action Camera,Electronics,2026-04-23,2.0,420.0,249.0,130.0,21,15,53
SKU-ELC-003,4K Ultra-HD Action Camera,Electronics,2026-04-24,3.0,420.0,249.0,130.0,21,15,53
SKU-ELC-003,4K Ultra-HD Action Camera,Electronics,2026-04-25,3.0,420.0,249.0,130.0,21,15,53
SKU-ELC-003,4K Ultra-HD Action Camera,Electronics,2026-04-26,0.0,420.0,249.0,130.0,21,15,53
SKU-ELC-003,4K Ultra-HD Action Camera,Electronics,2026-04-27,2.0,420.0,249.0,130.0,21,15,53
SKU-ELC-003,4K Ultra-HD Action Camera,Electronics,2026-04-28,2.0,420.0,249.0,130.0,21,15,53
SKU-ELC-003,4K Ultra-HD Action Camera,Electronics,2026-04-29,1.0,420.0,249.0,130.0,21,15,53
SKU-ELC-003,4K Ultra-HD Action Camera,Electronics,2026-04-30,3.0,420.0,249.0,130.0,21,15,53
SKU-ELC-003,4K Ultra-HD Action Camera,Electronics,2026-05-01,0.0,420.0,249.0,130.0,21,15,53
SKU-ELC-003,4K Ultra-HD Action Camera,Electronics,2026-05-02,1.0,420.0,249.0,130.0,21,15,53
SKU-ELC-003,4K Ultra-HD Action Camera,Electronics,2026-05-03,2.0,420.0,249.0,130.0,21,15,53
SKU-ELC-003,4K Ultra-HD Action Camera,Electronics,2026-05-04,2.0,420.0,249.0,130.0,21,15,53
SKU-ELC-003,4K Ultra-HD Action Camera,Electronics,2026-05-05,1.0,420.0,249.0,130.0,21,15,53
SKU-ELC-003,4K Ultra-HD Action Camera,Electronics,2026-05-06,1.0,420.0,249.0,130.0,21,15,53
SKU-ELC-003,4K Ultra-HD Action Camera,Electronics,2026-05-07,0.0,420.0,249.0,130.0,21,15,53
SKU-ELC-003,4K Ultra-HD Action Camera,Electronics,2026-05-08,1.0,420.0,249.0,130.0,21,15,53
SKU-ELC-003,4K Ultra-HD Action Camera,Electronics,2026-05-09,2.0,420.0,249.0,130.0,21,15,53
SKU-ELC-003,4K Ultra-HD Action Camera,Electronics,2026-05-10,1.0,420.0,249.0,130.0,21,15,53
SKU-ELC-003,4K Ultra-HD Action Camera,Electronics,2026-05-11,4.0,420.0,249.0,130.0,21,15,53
SKU-ELC-003,4K Ultra-HD Action Camera,Electronics,2026-05-12,1.0,420.0,249.0,130.0,21,15,53
SKU-ELC-003,4K Ultra-HD Action Camera,Electronics,2026-05-13,2.0,420.0,249.0,130.0,21,15,53
SKU-ELC-003,4K Ultra-HD Action Camera,Electronics,2026-05-14,1.0,420.0,249.0,130.0,21,15,53
SKU-ELC-003,4K Ultra-HD Action Camera,Electronics,2026-05-15,3.0,420.0,249.0,130.0,21,15,53
SKU-ELC-003,4K Ultra-HD Action Camera,Electronics,2026-05-16,1.0,420.0,249.0,130.0,21,15,53
SKU-ELC-003,4K Ultra-HD Action Camera,Electronics,2026-05-17,1.0,420.0,249.0,130.0,21,15,53
SKU-ELC-003,4K Ultra-HD Action Camera,Electronics,2026-05-18,2.0,420.0,249.0,130.0,21,15,53
SKU-ELC-003,4K Ultra-HD Action Camera,Electronics,2026-05-19,1.0,420.0,249.0,130.0,21,15,53
SKU-ELC-003,4K Ultra-HD Action Camera,Electronics,2026-05-20,2.0,420.0,249.0,130.0,21,15,53
SKU-ELC-003,4K Ultra-HD Action Camera,Electronics,2026-05-21,2.0,420.0,249.0,130.0,21,15,53
SKU-ELC-003,4K Ultra-HD Action Camera,Electronics,2026-05-22,2.0,420.0,249.0,130.0,21,15,53
SKU-ELC-003,4K Ultra-HD Action Camera,Electronics,2026-05-23,4.0,420.0,249.0,130.0,21,15,53
SKU-ELC-003,4K Ultra-HD Action Camera,Electronics,2026-05-24,2.0,420.0,249.0,130.0,21,15,53
SKU-ELC-003,4K Ultra-HD Action Camera,Electronics,2026-05-25,2.0,420.0,249.0,130.0,21,15,53
SKU-ELC-003,4K Ultra-HD Action Camera,Electronics,2026-05-26,0.0,420.0,249.0,130.0,21,15,53
SKU-ELC-003,4K Ultra-HD Action Camera,Electronics,2026-05-27,1.0,420.0,249.0,130.0,21,15,53
SKU-ELC-003,4K Ultra-HD Action Camera,Electronics,2026-05-28,1.0,420.0,249.0,130.0,21,15,53
SKU-ELC-003,4K Ultra-HD Action Camera,Electronics,2026-05-29,2.0,420.0,249.0,130.0,21,15,53
SKU-ELC-003,4K Ultra-HD Action Camera,Electronics,2026-05-30,4.0,420.0,249.0,130.0,21,15,53
SKU-ELC-003,4K Ultra-HD Action Camera,Electronics,2026-05-31,3.0,420.0,249.0,130.0,21,15,53
SKU-ELC-003,4K Ultra-HD Action Camera,Electronics,2026-06-01,0.0,420.0,249.0,130.0,21,15,53
SKU-ELC-003,4K Ultra-HD Action Camera,Electronics,2026-06-02,3.0,420.0,249.0,130.0,21,15,53
SKU-ELC-003,4K Ultra-HD Action Camera,Electronics,2026-06-03,0.0,420.0,249.0,130.0,21,15,53
SKU-ELC-003,4K Ultra-HD Action Camera,Electronics,2026-06-04,2.0,420.0,249.0,130.0,21,15,53
SKU-ELC-003,4K Ultra-HD Action Camera,Electronics,2026-06-05,2.0,420.0,249.0,130.0,21,15,53
SKU-ELC-003,4K Ultra-HD Action Camera,Electronics,2026-06-06,2.0,420.0,249.0,130.0,21,15,53
SKU-ELC-003,4K Ultra-HD Action Camera,Electronics,2026-06-07,3.0,420.0,249.0,130.0,21,15,53
SKU-ELC-003,4K Ultra-HD Action Camera,Electronics,2026-06-08,2.0,420.0,249.0,130.0,21,15,53
SKU-ELC-003,4K Ultra-HD Action Camera,Electronics,2026-06-09,2.0,420.0,249.0,130.0,21,15,53
SKU-ELC-003,4K Ultra-HD Action Camera,Electronics,2026-06-10,3.0,420.0,249.0,130.0,21,15,53
SKU-ELC-003,4K Ultra-HD Action Camera,Electronics,2026-06-11,0.0,420.0,249.0,130.0,21,15,53
SKU-ELC-003,4K Ultra-HD Action Camera,Electronics,2026-06-12,0.0,420.0,249.0,130.0,21,15,53
SKU-ELC-003,4K Ultra-HD Action Camera,Electronics,2026-06-13,2.0,420.0,249.0,130.0,21,15,53
SKU-ELC-003,4K Ultra-HD Action Camera,Electronics,2026-06-14,1.0,420.0,249.0,130.0,21,15,53
SKU-ELC-003,4K Ultra-HD Action Camera,Electronics,2026-06-15,1.0,420.0,249.0,130.0,21,15,53
SKU-ELC-003,4K Ultra-HD Action Camera,Electronics,2026-06-16,4.0,420.0,249.0,130.0,21,15,53
SKU-ELC-003,4K Ultra-HD Action Camera,Electronics,2026-06-17,3.0,420.0,249.0,130.0,21,15,53
SKU-ELC-003,4K Ultra-HD Action Camera,Electronics,2026-06-18,2.0,420.0,249.0,130.0,21,15,53
SKU-ELC-003,4K Ultra-HD Action Camera,Electronics,2026-06-19,0.0,420.0,249.0,130.0,21,15,53
SKU-ELC-003,4K Ultra-HD Action Camera,Electronics,2026-06-20,4.0,420.0,249.0,130.0,21,15,53
SKU-ELC-003,4K Ultra-HD Action Camera,Electronics,2026-06-21,2.0,420.0,249.0,130.0,21,15,53
SKU-ELC-003,4K Ultra-HD Action Camera,Electronics,2026-06-22,3.0,420.0,249.0,130.0,21,15,53
SKU-ELC-003,4K Ultra-HD Action Camera,Electronics,2026-06-23,2.0,420.0,249.0,130.0,21,15,53
SKU-ELC-003,4K Ultra-HD Action Camera,Electronics,2026-06-24,1.0,420.0,249.0,130.0,21,15,53
SKU-ELC-003,4K Ultra-HD Action Camera,Electronics,2026-06-25,2.0,420.0,249.0,130.0,21,15,53
SKU-ELC-003,4K Ultra-HD Action Camera,Electronics,2026-06-26,2.0,420.0,249.0,130.0,21,15,53
SKU-ELC-003,4K Ultra-HD Action Camera,Electronics,2026-06-27,1.0,420.0,249.0,130.0,21,15,53
SKU-ELC-003,4K Ultra-HD Action Camera,Electronics,2026-06-28,2.0,420.0,249.0,130.0,21,15,53
SKU-ELC-003,4K Ultra-HD Action Camera,Electronics,2026-06-29,2.0,420.0,249.0,130.0,21,15,53
SKU-ELC-003,4K Ultra-HD Action Camera,Electronics,2026-06-30,4.0,420.0,249.0,130.0,21,15,53
SKU-ELC-003,4K Ultra-HD Action Camera,Electronics,2026-07-01,1.0,420.0,249.0,130.0,21,15,53
SKU-ELC-003,4K Ultra-HD Action Camera,Electronics,2026-07-02,1.0,420.0,249.0,130.0,21,15,53
SKU-ELC-003,4K Ultra-HD Action Camera,Electronics,2026-07-03,0.0,420.0,249.0,130.0,21,15,53
SKU-ELC-003,4K Ultra-HD Action Camera,Electronics,2026-07-04,3.0,420.0,249.0,130.0,21,15,53
SKU-ELC-003,4K Ultra-HD Action Camera,Electronics,2026-07-05,3.0,420.0,249.0,130.0,21,15,53
SKU-ELC-003,4K Ultra-HD Action Camera,Electronics,2026-07-06,0.0,420.0,249.0,130.0,21,15,53
SKU-ELC-003,4K Ultra-HD Action Camera,Electronics,2026-07-07,0.0,420.0,249.0,130.0,21,15,53
SKU-ELC-003,4K Ultra-HD Action Camera,Electronics,2026-07-08,1.0,420.0,249.0,130.0,21,15,53
SKU-ELC-003,4K Ultra-HD Action Camera,Electronics,2026-07-09,5.0,420.0,249.0,130.0,21,15,53
SKU-ELC-003,4K Ultra-HD Action Camera,Electronics,2026-07-10,3.0,420.0,249.0,130.0,21,15,53
SKU-ELC-003,4K Ultra-HD Action Camera,Electronics,2026-07-11,3.0,420.0,249.0,130.0,21,15,53
SKU-ELC-003,4K Ultra-HD Action Camera,Electronics,2026-07-12,2.0,420.0,249.0,130.0,21,15,53
SKU-ELC-003,4K Ultra-HD Action Camera,Electronics,2026-07-13,1.0,420.0,249.0,130.0,21,15,53
SKU-ELC-003,4K Ultra-HD Action Camera,Electronics,2026-07-14,2.0,420.0,249.0,130.0,21,15,53
SKU-ELC-003,4K Ultra-HD Action Camera,Electronics,2026-07-15,2.0,420.0,249.0,130.0,21,15,53
SKU-ELC-003,4K Ultra-HD Action Camera,Electronics,2026-07-16,2.0,420.0,249.0,130.0,21,15,53
SKU-ELC-003,4K Ultra-HD Action Camera,Electronics,2026-07-17,2.0,420.0,249.0,130.0,21,15,53
SKU-ELC-003,4K Ultra-HD Action Camera,Electronics,2026-07-18,3.0,420.0,249.0,130.0,21,15,53
SKU-ELC-003,4K Ultra-HD Action Camera,Electronics,2026-07-19,2.0,420.0,249.0,130.0,21,15,53
SKU-ELC-003,4K Ultra-HD Action Camera,Electronics,2026-07-20,1.0,420.0,249.0,130.0,21,15,53
SKU-ELC-003,4K Ultra-HD Action Camera,Electronics,2026-07-21,1.0,420.0,249.0,130.0,21,15,53
SKU-ELC-003,4K Ultra-HD Action Camera,Electronics,2026-07-22,1.0,420.0,249.0,130.0,21,15,53
SKU-ELC-003,4K Ultra-HD Action Camera,Electronics,2026-07-23,1.0,420.0,249.0,130.0,21,15,53
SKU-ELC-003,4K Ultra-HD Action Camera,Electronics,2026-07-24,0.0,420.0,249.0,130.0,21,15,53
SKU-ELC-003,4K Ultra-HD Action Camera,Electronics,2026-07-25,5.0,420.0,249.0,130.0,21,15,53
SKU-ELC-003,4K Ultra-HD Action Camera,Electronics,2026-07-26,0.0,420.0,249.0,130.0,21,15,53
SKU-ELC-003,4K Ultra-HD Action Camera,Electronics,2026-07-27,1.0,420.0,249.0,130.0,21,15,53
SKU-ELC-003,4K Ultra-HD Action Camera,Electronics,2026-07-28,0.0,420.0,249.0,130.0,21,15,53
SKU-ELC-003,4K Ultra-HD Action Camera,Electronics,2026-07-29,4.0,420.0,249.0,130.0,21,15,53
SKU-ELC-003,4K Ultra-HD Action Camera,Electronics,2026-07-30,2.0,420.0,249.0,130.0,21,15,53
SKU-ELC-003,4K Ultra-HD Action Camera,Electronics,2026-07-31,0.0,420.0,249.0,130.0,21,15,53
SKU-ELC-003,4K Ultra-HD Action Camera,Electronics,2026-08-01,5.0,420.0,249.0,130.0,21,15,53
SKU-ELC-003,4K Ultra-HD Action Camera,Electronics,2026-08-02,1.0,420.0,249.0,130.0,21,15,53
SKU-ELC-003,4K Ultra-HD Action Camera,Electronics,2026-08-03,2.0,420.0,249.0,130.0,21,15,53
SKU-ELC-003,4K Ultra-HD Action Camera,Electronics,2026-08-04,2.0,420.0,249.0,130.0,21,15,53
SKU-ELC-003,4K Ultra-HD Action Camera,Electronics,2026-08-05,3.0,420.0,249.0,130.0,21,15,53
SKU-ELC-003,4K Ultra-HD Action Camera,Electronics,2026-08-06,1.0,420.0,249.0,130.0,21,15,53
SKU-ELC-003,4K Ultra-HD Action Camera,Electronics,2026-08-07,1.0,420.0,249.0,130.0,21,15,53
SKU-ELC-003,4K Ultra-HD Action Camera,Electronics,2026-08-08,4.0,420.0,249.0,130.0,21,15,53
SKU-ELC-003,4K Ultra-HD Action Camera,Electronics,2026-08-09,1.0,420.0,249.0,130.0,21,15,53
SKU-ELC-003,4K Ultra-HD Action Camera,Electronics,2026-08-10,1.0,420.0,249.0,130.0,21,15,53
SKU-ELC-003,4K Ultra-HD Action Camera,Electronics,2026-08-11,1.0,420.0,249.0,130.0,21,15,53
SKU-ELC-003,4K Ultra-HD Action Camera,Electronics,2026-08-12,0.0,420.0,249.0,130.0,21,15,53
SKU-ELC-003,4K Ultra-HD Action Camera,Electronics,2026-08-13,2.0,420.0,249.0,130.0,21,15,53
SKU-ELC-003,4K Ultra-HD Action Camera,Electronics,2026-08-14,1.0,420.0,249.0,130.0,21,15,53
SKU-ELC-003,4K Ultra-HD Action Camera,Electronics,2026-08-15,2.0,420.0,249.0,130.0,21,15,53
SKU-ELC-003,4K Ultra-HD Action Camera,Electronics,2026-08-16,1.0,420.0,249.0,130.0,21,15,53
SKU-ELC-003,4K Ultra-HD Action Camera,Electronics,2026-08-17,0.0,420.0,249.0,130.0,21,15,53
SKU-ELC-003,4K Ultra-HD Action Camera,Electronics,2026-08-18,0.0,420.0,249.0,130.0,21,15,53
SKU-ELC-003,4K Ultra-HD Action Camera,Electronics,2026-08-19,0.0,420.0,249.0,130.0,21,15,53
SKU-ELC-003,4K Ultra-HD Action Camera,Electronics,2026-08-20,0.0,420.0,249.0,130.0,21,15,53
SKU-ELC-003,4K Ultra-HD Action Camera,Electronics,2026-08-21,2.0,420.0,249.0,130.0,21,15,53
SKU-ELC-003,4K Ultra-HD Action Camera,Electronics,2026-08-22,1.0,420.0,249.0,130.0,21,15,53
SKU-ELC-003,4K Ultra-HD Action Camera,Electronics,2026-08-23,2.0,420.0,249.0,130.0,21,15,53
SKU-ELC-003,4K Ultra-HD Action Camera,Electronics,2026-08-24,1.0,420.0,249.0,130.0,21,15,53
SKU-ELC-003,4K Ultra-HD Action Camera,Electronics,2026-08-25,1.0,420.0,249.0,130.0,21,15,53
SKU-ELC-003,4K Ultra-HD Action Camera,Electronics,2026-08-26,4.0,420.0,249.0,130.0,21,15,53
SKU-ELC-003,4K Ultra-HD Action Camera,Electronics,2026-08-27,1.0,420.0,249.0,130.0,21,15,53
SKU-ELC-004,USB-C Fast Charging Cable 2M,Electronics,2026-03-01,9.0,5.0,14.99,3.2,7,20,69
SKU-ELC-004,USB-C Fast Charging Cable 2M,Electronics,2026-03-02,3.0,5.0,14.99,3.2,7,20,69
SKU-ELC-004,USB-C Fast Charging Cable 2M,Electronics,2026-03-03,6.0,5.0,14.99,3.2,7,20,69
SKU-ELC-004,USB-C Fast Charging Cable 2M,Electronics,2026-03-04,4.0,5.0,14.99,3.2,7,20,69
SKU-ELC-004,USB-C Fast Charging Cable 2M,Electronics,2026-03-05,6.0,5.0,14.99,3.2,7,20,69
SKU-ELC-004,USB-C Fast Charging Cable 2M,Electronics,2026-03-06,8.0,5.0,14.99,3.2,7,20,69
SKU-ELC-004,USB-C Fast Charging Cable 2M,Electronics,2026-03-07,5.0,5.0,14.99,3.2,7,20,69
SKU-ELC-004,USB-C Fast Charging Cable 2M,Electronics,2026-03-08,12.0,5.0,14.99,3.2,7,20,69
SKU-ELC-004,USB-C Fast Charging Cable 2M,Electronics,2026-03-09,12.0,5.0,14.99,3.2,7,20,69
SKU-ELC-004,USB-C Fast Charging Cable 2M,Electronics,2026-03-10,5.0,5.0,14.99,3.2,7,20,69
SKU-ELC-004,USB-C Fast Charging Cable 2M,Electronics,2026-03-11,7.0,5.0,14.99,3.2,7,20,69
SKU-ELC-004,USB-C Fast Charging Cable 2M,Electronics,2026-03-12,7.0,5.0,14.99,3.2,7,20,69
SKU-ELC-004,USB-C Fast Charging Cable 2M,Electronics,2026-03-13,4.0,5.0,14.99,3.2,7,20,69
SKU-ELC-004,USB-C Fast Charging Cable 2M,Electronics,2026-03-14,7.0,5.0,14.99,3.2,7,20,69
SKU-ELC-004,USB-C Fast Charging Cable 2M,Electronics,2026-03-15,14.0,5.0,14.99,3.2,7,20,69
SKU-ELC-004,USB-C Fast Charging Cable 2M,Electronics,2026-03-16,6.0,5.0,14.99,3.2,7,20,69
SKU-ELC-004,USB-C Fast Charging Cable 2M,Electronics,2026-03-17,7.0,5.0,14.99,3.2,7,20,69
SKU-ELC-004,USB-C Fast Charging Cable 2M,Electronics,2026-03-18,10.0,5.0,14.99,3.2,7,20,69
SKU-ELC-004,USB-C Fast Charging Cable 2M,Electronics,2026-03-19,10.0,5.0,14.99,3.2,7,20,69
SKU-ELC-004,USB-C Fast Charging Cable 2M,Electronics,2026-03-20,11.0,5.0,14.99,3.2,7,20,69
SKU-ELC-004,USB-C Fast Charging Cable 2M,Electronics,2026-03-21,14.0,5.0,14.99,3.2,7,20,69
SKU-ELC-004,USB-C Fast Charging Cable 2M,Electronics,2026-03-22,10.0,5.0,14.99,3.2,7,20,69
SKU-ELC-004,USB-C Fast Charging Cable 2M,Electronics,2026-03-23,8.0,5.0,14.99,3.2,7,20,69
SKU-ELC-004,USB-C Fast Charging Cable 2M,Electronics,2026-03-24,6.0,5.0,14.99,3.2,7,20,69
SKU-ELC-004,USB-C Fast Charging Cable 2M,Electronics,2026-03-25,6.0,5.0,14.99,3.2,7,20,69
SKU-ELC-004,USB-C Fast Charging Cable 2M,Electronics,2026-03-26,7.0,5.0,14.99,3.2,7,20,69
SKU-ELC-004,USB-C Fast Charging Cable 2M,Electronics,2026-03-27,6.0,5.0,14.99,3.2,7,20,69
SKU-ELC-004,USB-C Fast Charging Cable 2M,Electronics,2026-03-28,17.0,5.0,14.99,3.2,7,20,69
SKU-ELC-004,USB-C Fast Charging Cable 2M,Electronics,2026-03-29,8.0,5.0,14.99,3.2,7,20,69
SKU-ELC-004,USB-C Fast Charging Cable 2M,Electronics,2026-03-30,5.0,5.0,14.99,3.2,7,20,69
SKU-ELC-004,USB-C Fast Charging Cable 2M,Electronics,2026-03-31,9.0,5.0,14.99,3.2,7,20,69
SKU-ELC-004,USB-C Fast Charging Cable 2M,Electronics,2026-04-01,11.0,5.0,14.99,3.2,7,20,69
SKU-ELC-004,USB-C Fast Charging Cable 2M,Electronics,2026-04-02,10.0,5.0,14.99,3.2,7,20,69
SKU-ELC-004,USB-C Fast Charging Cable 2M,Electronics,2026-04-03,5.0,5.0,14.99,3.2,7,20,69
SKU-ELC-004,USB-C Fast Charging Cable 2M,Electronics,2026-04-04,3.0,5.0,14.99,3.2,7,20,69
SKU-ELC-004,USB-C Fast Charging Cable 2M,Electronics,2026-04-05,12.0,5.0,14.99,3.2,7,20,69
SKU-ELC-004,USB-C Fast Charging Cable 2M,Electronics,2026-04-06,4.0,5.0,14.99,3.2,7,20,69
SKU-ELC-004,USB-C Fast Charging Cable 2M,Electronics,2026-04-07,9.0,5.0,14.99,3.2,7,20,69
SKU-ELC-004,USB-C Fast Charging Cable 2M,Electronics,2026-04-08,7.0,5.0,14.99,3.2,7,20,69
SKU-ELC-004,USB-C Fast Charging Cable 2M,Electronics,2026-04-09,11.0,5.0,14.99,3.2,7,20,69
SKU-ELC-004,USB-C Fast Charging Cable 2M,Electronics,2026-04-10,8.0,5.0,14.99,3.2,7,20,69
SKU-ELC-004,USB-C Fast Charging Cable 2M,Electronics,2026-04-11,13.0,5.0,14.99,3.2,7,20,69
SKU-ELC-004,USB-C Fast Charging Cable 2M,Electronics,2026-04-12,7.0,5.0,14.99,3.2,7,20,69
SKU-ELC-004,USB-C Fast Charging Cable 2M,Electronics,2026-04-13,9.0,5.0,14.99,3.2,7,20,69
SKU-ELC-004,USB-C Fast Charging Cable 2M,Electronics,2026-04-14,7.0,5.0,14.99,3.2,7,20,69
SKU-ELC-004,USB-C Fast Charging Cable 2M,Electronics,2026-04-15,4.0,5.0,14.99,3.2,7,20,69
SKU-ELC-004,USB-C Fast Charging Cable 2M,Electronics,2026-04-16,3.0,5.0,14.99,3.2,7,20,69
SKU-ELC-004,USB-C Fast Charging Cable 2M,Electronics,2026-04-17,5.0,5.0,14.99,3.2,7,20,69
SKU-ELC-004,USB-C Fast Charging Cable 2M,Electronics,2026-04-18,11.0,5.0,14.99,3.2,7,20,69
SKU-ELC-004,USB-C Fast Charging Cable 2M,Electronics,2026-04-19,8.0,5.0,14.99,3.2,7,20,69
SKU-ELC-004,USB-C Fast Charging Cable 2M,Electronics,2026-04-20,7.0,5.0,14.99,3.2,7,20,69
SKU-ELC-004,USB-C Fast Charging Cable 2M,Electronics,2026-04-21,5.0,5.0,14.99,3.2,7,20,69
SKU-ELC-004,USB-C Fast Charging Cable 2M,Electronics,2026-04-22,2.0,5.0,14.99,3.2,7,20,69
SKU-ELC-004,USB-C Fast Charging Cable 2M,Electronics,2026-04-23,9.0,5.0,14.99,3.2,7,20,69
SKU-ELC-004,USB-C Fast Charging Cable 2M,Electronics,2026-04-24,6.0,5.0,14.99,3.2,7,20,69
SKU-ELC-004,USB-C Fast Charging Cable 2M,Electronics,2026-04-25,5.0,5.0,14.99,3.2,7,20,69
SKU-ELC-004,USB-C Fast Charging Cable 2M,Electronics,2026-04-26,8.0,5.0,14.99,3.2,7,20,69
SKU-ELC-004,USB-C Fast Charging Cable 2M,Electronics,2026-04-27,9.0,5.0,14.99,3.2,7,20,69
SKU-ELC-004,USB-C Fast Charging Cable 2M,Electronics,2026-04-28,7.0,5.0,14.99,3.2,7,20,69
SKU-ELC-004,USB-C Fast Charging Cable 2M,Electronics,2026-04-29,3.0,5.0,14.99,3.2,7,20,69
SKU-ELC-004,USB-C Fast Charging Cable 2M,Electronics,2026-04-30,8.0,5.0,14.99,3.2,7,20,69
SKU-ELC-004,USB-C Fast Charging Cable 2M,Electronics,2026-05-01,5.0,5.0,14.99,3.2,7,20,69
SKU-ELC-004,USB-C Fast Charging Cable 2M,Electronics,2026-05-02,15.0,5.0,14.99,3.2,7,20,69
SKU-ELC-004,USB-C Fast Charging Cable 2M,Electronics,2026-05-03,19.0,5.0,14.99,3.2,7,20,69
SKU-ELC-004,USB-C Fast Charging Cable 2M,Electronics,2026-05-04,11.0,5.0,14.99,3.2,7,20,69
SKU-ELC-004,USB-C Fast Charging Cable 2M,Electronics,2026-05-05,13.0,5.0,14.99,3.2,7,20,69
SKU-ELC-004,USB-C Fast Charging Cable 2M,Electronics,2026-05-06,4.0,5.0,14.99,3.2,7,20,69
SKU-ELC-004,USB-C Fast Charging Cable 2M,Electronics,2026-05-07,8.0,5.0,14.99,3.2,7,20,69
SKU-ELC-004,USB-C Fast Charging Cable 2M,Electronics,2026-05-08,5.0,5.0,14.99,3.2,7,20,69
SKU-ELC-004,USB-C Fast Charging Cable 2M,Electronics,2026-05-09,10.0,5.0,14.99,3.2,7,20,69
SKU-ELC-004,USB-C Fast Charging Cable 2M,Electronics,2026-05-10,14.0,5.0,14.99,3.2,7,20,69
SKU-ELC-004,USB-C Fast Charging Cable 2M,Electronics,2026-05-11,12.0,5.0,14.99,3.2,7,20,69
SKU-ELC-004,USB-C Fast Charging Cable 2M,Electronics,2026-05-12,5.0,5.0,14.99,3.2,7,20,69
SKU-ELC-004,USB-C Fast Charging Cable 2M,Electronics,2026-05-13,10.0,5.0,14.99,3.2,7,20,69
SKU-ELC-004,USB-C Fast Charging Cable 2M,Electronics,2026-05-14,12.0,5.0,14.99,3.2,7,20,69
SKU-ELC-004,USB-C Fast Charging Cable 2M,Electronics,2026-05-15,7.0,5.0,14.99,3.2,7,20,69
SKU-ELC-004,USB-C Fast Charging Cable 2M,Electronics,2026-05-16,13.0,5.0,14.99,3.2,7,20,69
SKU-ELC-004,USB-C Fast Charging Cable 2M,Electronics,2026-05-17,13.0,5.0,14.99,3.2,7,20,69
SKU-ELC-004,USB-C Fast Charging Cable 2M,Electronics,2026-05-18,6.0,5.0,14.99,3.2,7,20,69
SKU-ELC-004,USB-C Fast Charging Cable 2M,Electronics,2026-05-19,0.0,5.0,14.99,3.2,7,20,69
SKU-ELC-004,USB-C Fast Charging Cable 2M,Electronics,2026-05-20,6.0,5.0,14.99,3.2,7,20,69
SKU-ELC-004,USB-C Fast Charging Cable 2M,Electronics,2026-05-21,2.0,5.0,14.99,3.2,7,20,69
SKU-ELC-004,USB-C Fast Charging Cable 2M,Electronics,2026-05-22,11.0,5.0,14.99,3.2,7,20,69
SKU-ELC-004,USB-C Fast Charging Cable 2M,Electronics,2026-05-23,16.0,5.0,14.99,3.2,7,20,69
SKU-ELC-004,USB-C Fast Charging Cable 2M,Electronics,2026-05-24,10.0,5.0,14.99,3.2,7,20,69
SKU-ELC-004,USB-C Fast Charging Cable 2M,Electronics,2026-05-25,8.0,5.0,14.99,3.2,7,20,69
SKU-ELC-004,USB-C Fast Charging Cable 2M,Electronics,2026-05-26,9.0,5.0,14.99,3.2,7,20,69
SKU-ELC-004,USB-C Fast Charging Cable 2M,Electronics,2026-05-27,15.0,5.0,14.99,3.2,7,20,69
SKU-ELC-004,USB-C Fast Charging Cable 2M,Electronics,2026-05-28,9.0,5.0,14.99,3.2,7,20,69
SKU-ELC-004,USB-C Fast Charging Cable 2M,Electronics,2026-05-29,8.0,5.0,14.99,3.2,7,20,69
SKU-ELC-004,USB-C Fast Charging Cable 2M,Electronics,2026-05-30,21.0,5.0,14.99,3.2,7,20,69
SKU-ELC-004,USB-C Fast Charging Cable 2M,Electronics,2026-05-31,11.0,5.0,14.99,3.2,7,20,69
SKU-ELC-004,USB-C Fast Charging Cable 2M,Electronics,2026-06-01,8.0,5.0,14.99,3.2,7,20,69
SKU-ELC-004,USB-C Fast Charging Cable 2M,Electronics,2026-06-02,9.0,5.0,14.99,3.2,7,20,69
SKU-ELC-004,USB-C Fast Charging Cable 2M,Electronics,2026-06-03,7.0,5.0,14.99,3.2,7,20,69
SKU-ELC-004,USB-C Fast Charging Cable 2M,Electronics,2026-06-04,8.0,5.0,14.99,3.2,7,20,69
SKU-ELC-004,USB-C Fast Charging Cable 2M,Electronics,2026-06-05,9.0,5.0,14.99,3.2,7,20,69
SKU-ELC-004,USB-C Fast Charging Cable 2M,Electronics,2026-06-06,9.0,5.0,14.99,3.2,7,20,69
SKU-ELC-004,USB-C Fast Charging Cable 2M,Electronics,2026-06-07,25.0,5.0,14.99,3.2,7,20,69
SKU-ELC-004,USB-C Fast Charging Cable 2M,Electronics,2026-06-08,9.0,5.0,14.99,3.2,7,20,69
SKU-ELC-004,USB-C Fast Charging Cable 2M,Electronics,2026-06-09,8.0,5.0,14.99,3.2,7,20,69
SKU-ELC-004,USB-C Fast Charging Cable 2M,Electronics,2026-06-10,7.0,5.0,14.99,3.2,7,20,69
SKU-ELC-004,USB-C Fast Charging Cable 2M,Electronics,2026-06-11,7.0,5.0,14.99,3.2,7,20,69
SKU-ELC-004,USB-C Fast Charging Cable 2M,Electronics,2026-06-12,12.0,5.0,14.99,3.2,7,20,69
SKU-ELC-004,USB-C Fast Charging Cable 2M,Electronics,2026-06-13,9.0,5.0,14.99,3.2,7,20,69
SKU-ELC-004,USB-C Fast Charging Cable 2M,Electronics,2026-06-14,20.0,5.0,14.99,3.2,7,20,69
SKU-ELC-004,USB-C Fast Charging Cable 2M,Electronics,2026-06-15,5.0,5.0,14.99,3.2,7,20,69
SKU-ELC-004,USB-C Fast Charging Cable 2M,Electronics,2026-06-16,8.0,5.0,14.99,3.2,7,20,69
SKU-ELC-004,USB-C Fast Charging Cable 2M,Electronics,2026-06-17,9.0,5.0,14.99,3.2,7,20,69
SKU-ELC-004,USB-C Fast Charging Cable 2M,Electronics,2026-06-18,5.0,5.0,14.99,3.2,7,20,69
SKU-ELC-004,USB-C Fast Charging Cable 2M,Electronics,2026-06-19,15.0,5.0,14.99,3.2,7,20,69
SKU-ELC-004,USB-C Fast Charging Cable 2M,Electronics,2026-06-20,13.0,5.0,14.99,3.2,7,20,69
SKU-ELC-004,USB-C Fast Charging Cable 2M,Electronics,2026-06-21,9.0,5.0,14.99,3.2,7,20,69
SKU-ELC-004,USB-C Fast Charging Cable 2M,Electronics,2026-06-22,12.0,5.0,14.99,3.2,7,20,69
SKU-ELC-004,USB-C Fast Charging Cable 2M,Electronics,2026-06-23,5.0,5.0,14.99,3.2,7,20,69
SKU-ELC-004,USB-C Fast Charging Cable 2M,Electronics,2026-06-24,8.0,5.0,14.99,3.2,7,20,69
SKU-ELC-004,USB-C Fast Charging Cable 2M,Electronics,2026-06-25,7.0,5.0,14.99,3.2,7,20,69
SKU-ELC-004,USB-C Fast Charging Cable 2M,Electronics,2026-06-26,12.0,5.0,14.99,3.2,7,20,69
SKU-ELC-004,USB-C Fast Charging Cable 2M,Electronics,2026-06-27,17.0,5.0,14.99,3.2,7,20,69
SKU-ELC-004,USB-C Fast Charging Cable 2M,Electronics,2026-06-28,11.0,5.0,14.99,3.2,7,20,69
SKU-ELC-004,USB-C Fast Charging Cable 2M,Electronics,2026-06-29,12.0,5.0,14.99,3.2,7,20,69
SKU-ELC-004,USB-C Fast Charging Cable 2M,Electronics,2026-06-30,3.0,5.0,14.99,3.2,7,20,69
SKU-ELC-004,USB-C Fast Charging Cable 2M,Electronics,2026-07-01,5.0,5.0,14.99,3.2,7,20,69
SKU-ELC-004,USB-C Fast Charging Cable 2M,Electronics,2026-07-02,7.0,5.0,14.99,3.2,7,20,69
SKU-ELC-004,USB-C Fast Charging Cable 2M,Electronics,2026-07-03,7.0,5.0,14.99,3.2,7,20,69
SKU-ELC-004,USB-C Fast Charging Cable 2M,Electronics,2026-07-04,11.0,5.0,14.99,3.2,7,20,69
SKU-ELC-004,USB-C Fast Charging Cable 2M,Electronics,2026-07-05,12.0,5.0,14.99,3.2,7,20,69
SKU-ELC-004,USB-C Fast Charging Cable 2M,Electronics,2026-07-06,9.0,5.0,14.99,3.2,7,20,69
SKU-ELC-004,USB-C Fast Charging Cable 2M,Electronics,2026-07-07,8.0,5.0,14.99,3.2,7,20,69
SKU-ELC-004,USB-C Fast Charging Cable 2M,Electronics,2026-07-08,6.0,5.0,14.99,3.2,7,20,69
SKU-ELC-004,USB-C Fast Charging Cable 2M,Electronics,2026-07-09,8.0,5.0,14.99,3.2,7,20,69
SKU-ELC-004,USB-C Fast Charging Cable 2M,Electronics,2026-07-10,10.0,5.0,14.99,3.2,7,20,69
SKU-ELC-004,USB-C Fast Charging Cable 2M,Electronics,2026-07-11,6.0,5.0,14.99,3.2,7,20,69
SKU-ELC-004,USB-C Fast Charging Cable 2M,Electronics,2026-07-12,11.0,5.0,14.99,3.2,7,20,69
SKU-ELC-004,USB-C Fast Charging Cable 2M,Electronics,2026-07-13,9.0,5.0,14.99,3.2,7,20,69
SKU-ELC-004,USB-C Fast Charging Cable 2M,Electronics,2026-07-14,9.0,5.0,14.99,3.2,7,20,69
SKU-ELC-004,USB-C Fast Charging Cable 2M,Electronics,2026-07-15,7.0,5.0,14.99,3.2,7,20,69
SKU-ELC-004,USB-C Fast Charging Cable 2M,Electronics,2026-07-16,13.0,5.0,14.99,3.2,7,20,69
SKU-ELC-004,USB-C Fast Charging Cable 2M,Electronics,2026-07-17,12.0,5.0,14.99,3.2,7,20,69
SKU-ELC-004,USB-C Fast Charging Cable 2M,Electronics,2026-07-18,9.0,5.0,14.99,3.2,7,20,69
SKU-ELC-004,USB-C Fast Charging Cable 2M,Electronics,2026-07-19,12.0,5.0,14.99,3.2,7,20,69
SKU-ELC-004,USB-C Fast Charging Cable 2M,Electronics,2026-07-20,10.0,5.0,14.99,3.2,7,20,69
SKU-ELC-004,USB-C Fast Charging Cable 2M,Electronics,2026-07-21,12.0,5.0,14.99,3.2,7,20,69
SKU-ELC-004,USB-C Fast Charging Cable 2M,Electronics,2026-07-22,5.0,5.0,14.99,3.2,7,20,69
SKU-ELC-004,USB-C Fast Charging Cable 2M,Electronics,2026-07-23,5.0,5.0,14.99,3.2,7,20,69
SKU-ELC-004,USB-C Fast Charging Cable 2M,Electronics,2026-07-24,12.0,5.0,14.99,3.2,7,20,69
SKU-ELC-004,USB-C Fast Charging Cable 2M,Electronics,2026-07-25,9.0,5.0,14.99,3.2,7,20,69
SKU-ELC-004,USB-C Fast Charging Cable 2M,Electronics,2026-07-26,12.0,5.0,14.99,3.2,7,20,69
SKU-ELC-004,USB-C Fast Charging Cable 2M,Electronics,2026-07-27,7.0,5.0,14.99,3.2,7,20,69
SKU-ELC-004,USB-C Fast Charging Cable 2M,Electronics,2026-07-28,15.0,5.0,14.99,3.2,7,20,69
SKU-ELC-004,USB-C Fast Charging Cable 2M,Electronics,2026-07-29,13.0,5.0,14.99,3.2,7,20,69
SKU-ELC-004,USB-C Fast Charging Cable 2M,Electronics,2026-07-30,11.0,5.0,14.99,3.2,7,20,69
SKU-ELC-004,USB-C Fast Charging Cable 2M,Electronics,2026-07-31,8.0,5.0,14.99,3.2,7,20,69
SKU-ELC-004,USB-C Fast Charging Cable 2M,Electronics,2026-08-01,16.0,5.0,14.99,3.2,7,20,69
SKU-ELC-004,USB-C Fast Charging Cable 2M,Electronics,2026-08-02,13.0,5.0,14.99,3.2,7,20,69
SKU-ELC-004,USB-C Fast Charging Cable 2M,Electronics,2026-08-03,8.0,5.0,14.99,3.2,7,20,69
SKU-ELC-004,USB-C Fast Charging Cable 2M,Electronics,2026-08-04,7.0,5.0,14.99,3.2,7,20,69
SKU-ELC-004,USB-C Fast Charging Cable 2M,Electronics,2026-08-05,13.0,5.0,14.99,3.2,7,20,69
SKU-ELC-004,USB-C Fast Charging Cable 2M,Electronics,2026-08-06,8.0,5.0,14.99,3.2,7,20,69
SKU-ELC-004,USB-C Fast Charging Cable 2M,Electronics,2026-08-07,6.0,5.0,14.99,3.2,7,20,69
SKU-ELC-004,USB-C Fast Charging Cable 2M,Electronics,2026-08-08,23.0,5.0,14.99,3.2,7,20,69
SKU-ELC-004,USB-C Fast Charging Cable 2M,Electronics,2026-08-09,10.0,5.0,14.99,3.2,7,20,69
SKU-ELC-004,USB-C Fast Charging Cable 2M,Electronics,2026-08-10,7.0,5.0,14.99,3.2,7,20,69
SKU-ELC-004,USB-C Fast Charging Cable 2M,Electronics,2026-08-11,7.0,5.0,14.99,3.2,7,20,69
SKU-ELC-004,USB-C Fast Charging Cable 2M,Electronics,2026-08-12,9.0,5.0,14.99,3.2,7,20,69
SKU-ELC-004,USB-C Fast Charging Cable 2M,Electronics,2026-08-13,8.0,5.0,14.99,3.2,7,20,69
SKU-ELC-004,USB-C Fast Charging Cable 2M,Electronics,2026-08-14,17.0,5.0,14.99,3.2,7,20,69
SKU-ELC-004,USB-C Fast Charging Cable 2M,Electronics,2026-08-15,11.0,5.0,14.99,3.2,7,20,69
SKU-ELC-004,USB-C Fast Charging Cable 2M,Electronics,2026-08-16,16.0,5.0,14.99,3.2,7,20,69
SKU-ELC-004,USB-C Fast Charging Cable 2M,Electronics,2026-08-17,11.0,5.0,14.99,3.2,7,20,69
SKU-ELC-004,USB-C Fast Charging Cable 2M,Electronics,2026-08-18,10.0,5.0,14.99,3.2,7,20,69
SKU-ELC-004,USB-C Fast Charging Cable 2M,Electronics,2026-08-19,10.0,5.0,14.99,3.2,7,20,69
SKU-ELC-004,USB-C Fast Charging Cable 2M,Electronics,2026-08-20,3.0,5.0,14.99,3.2,7,20,69
SKU-ELC-004,USB-C Fast Charging Cable 2M,Electronics,2026-08-21,10.0,5.0,14.99,3.2,7,20,69
SKU-ELC-004,USB-C Fast Charging Cable 2M,Electronics,2026-08-22,11.0,5.0,14.99,3.2,7,20,69
SKU-ELC-004,USB-C Fast Charging Cable 2M,Electronics,2026-08-23,13.0,5.0,14.99,3.2,7,20,69
SKU-ELC-004,USB-C Fast Charging Cable 2M,Electronics,2026-08-24,10.0,5.0,14.99,3.2,7,20,69
SKU-ELC-004,USB-C Fast Charging Cable 2M,Electronics,2026-08-25,8.0,5.0,14.99,3.2,7,20,69
SKU-ELC-004,USB-C Fast Charging Cable 2M,Electronics,2026-08-26,7.0,5.0,14.99,3.2,7,20,69
SKU-ELC-004,USB-C Fast Charging Cable 2M,Electronics,2026-08-27,9.0,5.0,14.99,3.2,7,20,69
SKU-ELC-005,Vintage Stereo Turntable,Electronics,2026-03-01,0.0,85.0,319.0,180.0,28,4,15
SKU-ELC-005,Vintage Stereo Turntable,Electronics,2026-03-02,0.0,85.0,319.0,180.0,28,4,15
SKU-ELC-005,Vintage Stereo Turntable,Electronics,2026-03-03,0.0,85.0,319.0,180.0,28,4,15
SKU-ELC-005,Vintage Stereo Turntable,Electronics,2026-03-04,0.0,85.0,319.0,180.0,28,4,15
SKU-ELC-005,Vintage Stereo Turntable,Electronics,2026-03-05,1.0,85.0,319.0,180.0,28,4,15
SKU-ELC-005,Vintage Stereo Turntable,Electronics,2026-03-06,1.0,85.0,319.0,180.0,28,4,15
SKU-ELC-005,Vintage Stereo Turntable,Electronics,2026-03-07,1.0,85.0,319.0,180.0,28,4,15
SKU-ELC-005,Vintage Stereo Turntable,Electronics,2026-03-08,0.0,85.0,319.0,180.0,28,4,15
SKU-ELC-005,Vintage Stereo Turntable,Electronics,2026-03-09,0.0,85.0,319.0,180.0,28,4,15
SKU-ELC-005,Vintage Stereo Turntable,Electronics,2026-03-10,0.0,85.0,319.0,180.0,28,4,15
SKU-ELC-005,Vintage Stereo Turntable,Electronics,2026-03-11,0.0,85.0,319.0,180.0,28,4,15
SKU-ELC-005,Vintage Stereo Turntable,Electronics,2026-03-12,0.0,85.0,319.0,180.0,28,4,15
SKU-ELC-005,Vintage Stereo Turntable,Electronics,2026-03-13,0.0,85.0,319.0,180.0,28,4,15
SKU-ELC-005,Vintage Stereo Turntable,Electronics,2026-03-14,0.0,85.0,319.0,180.0,28,4,15
SKU-ELC-005,Vintage Stereo Turntable,Electronics,2026-03-15,0.0,85.0,319.0,180.0,28,4,15
SKU-ELC-005,Vintage Stereo Turntable,Electronics,2026-03-16,0.0,85.0,319.0,180.0,28,4,15
SKU-ELC-005,Vintage Stereo Turntable,Electronics,2026-03-17,0.0,85.0,319.0,180.0,28,4,15
SKU-ELC-005,Vintage Stereo Turntable,Electronics,2026-03-18,0.0,85.0,319.0,180.0,28,4,15
SKU-ELC-005,Vintage Stereo Turntable,Electronics,2026-03-19,0.0,85.0,319.0,180.0,28,4,15
SKU-ELC-005,Vintage Stereo Turntable,Electronics,2026-03-20,0.0,85.0,319.0,180.0,28,4,15
SKU-ELC-005,Vintage Stereo Turntable,Electronics,2026-03-21,0.0,85.0,319.0,180.0,28,4,15
SKU-ELC-005,Vintage Stereo Turntable,Electronics,2026-03-22,1.0,85.0,319.0,180.0,28,4,15
SKU-ELC-005,Vintage Stereo Turntable,Electronics,2026-03-23,0.0,85.0,319.0,180.0,28,4,15
SKU-ELC-005,Vintage Stereo Turntable,Electronics,2026-03-24,0.0,85.0,319.0,180.0,28,4,15
SKU-ELC-005,Vintage Stereo Turntable,Electronics,2026-03-25,1.0,85.0,319.0,180.0,28,4,15
SKU-ELC-005,Vintage Stereo Turntable,Electronics,2026-03-26,0.0,85.0,319.0,180.0,28,4,15
SKU-ELC-005,Vintage Stereo Turntable,Electronics,2026-03-27,0.0,85.0,319.0,180.0,28,4,15
SKU-ELC-005,Vintage Stereo Turntable,Electronics,2026-03-28,0.0,85.0,319.0,180.0,28,4,15
SKU-ELC-005,Vintage Stereo Turntable,Electronics,2026-03-29,0.0,85.0,319.0,180.0,28,4,15
SKU-ELC-005,Vintage Stereo Turntable,Electronics,2026-03-30,0.0,85.0,319.0,180.0,28,4,15
SKU-ELC-005,Vintage Stereo Turntable,Electronics,2026-03-31,0.0,85.0,319.0,180.0,28,4,15
SKU-ELC-005,Vintage Stereo Turntable,Electronics,2026-04-01,1.0,85.0,319.0,180.0,28,4,15
SKU-ELC-005,Vintage Stereo Turntable,Electronics,2026-04-02,0.0,85.0,319.0,180.0,28,4,15
SKU-ELC-005,Vintage Stereo Turntable,Electronics,2026-04-03,1.0,85.0,319.0,180.0,28,4,15
SKU-ELC-005,Vintage Stereo Turntable,Electronics,2026-04-04,0.0,85.0,319.0,180.0,28,4,15
SKU-ELC-005,Vintage Stereo Turntable,Electronics,2026-04-05,0.0,85.0,319.0,180.0,28,4,15
SKU-ELC-005,Vintage Stereo Turntable,Electronics,2026-04-06,0.0,85.0,319.0,180.0,28,4,15
SKU-ELC-005,Vintage Stereo Turntable,Electronics,2026-04-07,0.0,85.0,319.0,180.0,28,4,15
SKU-ELC-005,Vintage Stereo Turntable,Electronics,2026-04-08,0.0,85.0,319.0,180.0,28,4,15
SKU-ELC-005,Vintage Stereo Turntable,Electronics,2026-04-09,0.0,85.0,319.0,180.0,28,4,15
SKU-ELC-005,Vintage Stereo Turntable,Electronics,2026-04-10,0.0,85.0,319.0,180.0,28,4,15
SKU-ELC-005,Vintage Stereo Turntable,Electronics,2026-04-11,0.0,85.0,319.0,180.0,28,4,15
SKU-ELC-005,Vintage Stereo Turntable,Electronics,2026-04-12,0.0,85.0,319.0,180.0,28,4,15
SKU-ELC-005,Vintage Stereo Turntable,Electronics,2026-04-13,0.0,85.0,319.0,180.0,28,4,15
SKU-ELC-005,Vintage Stereo Turntable,Electronics,2026-04-14,0.0,85.0,319.0,180.0,28,4,15
SKU-ELC-005,Vintage Stereo Turntable,Electronics,2026-04-15,0.0,85.0,319.0,180.0,28,4,15
SKU-ELC-005,Vintage Stereo Turntable,Electronics,2026-04-16,0.0,85.0,319.0,180.0,28,4,15
SKU-ELC-005,Vintage Stereo Turntable,Electronics,2026-04-17,0.0,85.0,319.0,180.0,28,4,15
SKU-ELC-005,Vintage Stereo Turntable,Electronics,2026-04-18,0.0,85.0,319.0,180.0,28,4,15
SKU-ELC-005,Vintage Stereo Turntable,Electronics,2026-04-19,0.0,85.0,319.0,180.0,28,4,15
SKU-ELC-005,Vintage Stereo Turntable,Electronics,2026-04-20,0.0,85.0,319.0,180.0,28,4,15
SKU-ELC-005,Vintage Stereo Turntable,Electronics,2026-04-21,0.0,85.0,319.0,180.0,28,4,15
SKU-ELC-005,Vintage Stereo Turntable,Electronics,2026-04-22,0.0,85.0,319.0,180.0,28,4,15
SKU-ELC-005,Vintage Stereo Turntable,Electronics,2026-04-23,3.0,85.0,319.0,180.0,28,4,15
SKU-ELC-005,Vintage Stereo Turntable,Electronics,2026-04-24,0.0,85.0,319.0,180.0,28,4,15
SKU-ELC-005,Vintage Stereo Turntable,Electronics,2026-04-25,0.0,85.0,319.0,180.0,28,4,15
SKU-ELC-005,Vintage Stereo Turntable,Electronics,2026-04-26,0.0,85.0,319.0,180.0,28,4,15
SKU-ELC-005,Vintage Stereo Turntable,Electronics,2026-04-27,0.0,85.0,319.0,180.0,28,4,15
SKU-ELC-005,Vintage Stereo Turntable,Electronics,2026-04-28,0.0,85.0,319.0,180.0,28,4,15
SKU-ELC-005,Vintage Stereo Turntable,Electronics,2026-04-29,0.0,85.0,319.0,180.0,28,4,15
SKU-ELC-005,Vintage Stereo Turntable,Electronics,2026-04-30,0.0,85.0,319.0,180.0,28,4,15
SKU-ELC-005,Vintage Stereo Turntable,Electronics,2026-05-01,0.0,85.0,319.0,180.0,28,4,15
SKU-ELC-005,Vintage Stereo Turntable,Electronics,2026-05-02,0.0,85.0,319.0,180.0,28,4,15
SKU-ELC-005,Vintage Stereo Turntable,Electronics,2026-05-03,1.0,85.0,319.0,180.0,28,4,15
SKU-ELC-005,Vintage Stereo Turntable,Electronics,2026-05-04,1.0,85.0,319.0,180.0,28,4,15
SKU-ELC-005,Vintage Stereo Turntable,Electronics,2026-05-05,0.0,85.0,319.0,180.0,28,4,15
SKU-ELC-005,Vintage Stereo Turntable,Electronics,2026-05-06,0.0,85.0,319.0,180.0,28,4,15
SKU-ELC-005,Vintage Stereo Turntable,Electronics,2026-05-07,0.0,85.0,319.0,180.0,28,4,15
SKU-ELC-005,Vintage Stereo Turntable,Electronics,2026-05-08,0.0,85.0,319.0,180.0,28,4,15
SKU-ELC-005,Vintage Stereo Turntable,Electronics,2026-05-09,0.0,85.0,319.0,180.0,28,4,15
SKU-ELC-005,Vintage Stereo Turntable,Electronics,2026-05-10,0.0,85.0,319.0,180.0,28,4,15
SKU-ELC-005,Vintage Stereo Turntable,Electronics,2026-05-11,1.0,85.0,319.0,180.0,28,4,15
SKU-ELC-005,Vintage Stereo Turntable,Electronics,2026-05-12,0.0,85.0,319.0,180.0,28,4,15
SKU-ELC-005,Vintage Stereo Turntable,Electronics,2026-05-13,0.0,85.0,319.0,180.0,28,4,15
SKU-ELC-005,Vintage Stereo Turntable,Electronics,2026-05-14,0.0,85.0,319.0,180.0,28,4,15
SKU-ELC-005,Vintage Stereo Turntable,Electronics,2026-05-15,0.0,85.0,319.0,180.0,28,4,15
SKU-ELC-005,Vintage Stereo Turntable,Electronics,2026-05-16,0.0,85.0,319.0,180.0,28,4,15
SKU-ELC-005,Vintage Stereo Turntable,Electronics,2026-05-17,0.0,85.0,319.0,180.0,28,4,15
SKU-ELC-005,Vintage Stereo Turntable,Electronics,2026-05-18,0.0,85.0,319.0,180.0,28,4,15
SKU-ELC-005,Vintage Stereo Turntable,Electronics,2026-05-19,0.0,85.0,319.0,180.0,28,4,15
SKU-ELC-005,Vintage Stereo Turntable,Electronics,2026-05-20,0.0,85.0,319.0,180.0,28,4,15
SKU-ELC-005,Vintage Stereo Turntable,Electronics,2026-05-21,0.0,85.0,319.0,180.0,28,4,15
SKU-ELC-005,Vintage Stereo Turntable,Electronics,2026-05-22,0.0,85.0,319.0,180.0,28,4,15
SKU-ELC-005,Vintage Stereo Turntable,Electronics,2026-05-23,0.0,85.0,319.0,180.0,28,4,15
SKU-ELC-005,Vintage Stereo Turntable,Electronics,2026-05-24,0.0,85.0,319.0,180.0,28,4,15
SKU-ELC-005,Vintage Stereo Turntable,Electronics,2026-05-25,0.0,85.0,319.0,180.0,28,4,15
SKU-ELC-005,Vintage Stereo Turntable,Electronics,2026-05-26,0.0,85.0,319.0,180.0,28,4,15
SKU-ELC-005,Vintage Stereo Turntable,Electronics,2026-05-27,0.0,85.0,319.0,180.0,28,4,15
SKU-ELC-005,Vintage Stereo Turntable,Electronics,2026-05-28,0.0,85.0,319.0,180.0,28,4,15
SKU-ELC-005,Vintage Stereo Turntable,Electronics,2026-05-29,0.0,85.0,319.0,180.0,28,4,15
SKU-ELC-005,Vintage Stereo Turntable,Electronics,2026-05-30,0.0,85.0,319.0,180.0,28,4,15
SKU-ELC-005,Vintage Stereo Turntable,Electronics,2026-05-31,0.0,85.0,319.0,180.0,28,4,15
SKU-ELC-005,Vintage Stereo Turntable,Electronics,2026-06-01,2.0,85.0,319.0,180.0,28,4,15
SKU-ELC-005,Vintage Stereo Turntable,Electronics,2026-06-02,0.0,85.0,319.0,180.0,28,4,15
SKU-ELC-005,Vintage Stereo Turntable,Electronics,2026-06-03,0.0,85.0,319.0,180.0,28,4,15
SKU-ELC-005,Vintage Stereo Turntable,Electronics,2026-06-04,0.0,85.0,319.0,180.0,28,4,15
SKU-ELC-005,Vintage Stereo Turntable,Electronics,2026-06-05,0.0,85.0,319.0,180.0,28,4,15
SKU-ELC-005,Vintage Stereo Turntable,Electronics,2026-06-06,0.0,85.0,319.0,180.0,28,4,15
SKU-ELC-005,Vintage Stereo Turntable,Electronics,2026-06-07,1.0,85.0,319.0,180.0,28,4,15
SKU-ELC-005,Vintage Stereo Turntable,Electronics,2026-06-08,0.0,85.0,319.0,180.0,28,4,15
SKU-ELC-005,Vintage Stereo Turntable,Electronics,2026-06-09,0.0,85.0,319.0,180.0,28,4,15
SKU-ELC-005,Vintage Stereo Turntable,Electronics,2026-06-10,0.0,85.0,319.0,180.0,28,4,15
SKU-ELC-005,Vintage Stereo Turntable,Electronics,2026-06-11,0.0,85.0,319.0,180.0,28,4,15
SKU-ELC-005,Vintage Stereo Turntable,Electronics,2026-06-12,0.0,85.0,319.0,180.0,28,4,15
SKU-ELC-005,Vintage Stereo Turntable,Electronics,2026-06-13,0.0,85.0,319.0,180.0,28,4,15
SKU-ELC-005,Vintage Stereo Turntable,Electronics,2026-06-14,0.0,85.0,319.0,180.0,28,4,15
SKU-ELC-005,Vintage Stereo Turntable,Electronics,2026-06-15,0.0,85.0,319.0,180.0,28,4,15
SKU-ELC-005,Vintage Stereo Turntable,Electronics,2026-06-16,0.0,85.0,319.0,180.0,28,4,15
SKU-ELC-005,Vintage Stereo Turntable,Electronics,2026-06-17,0.0,85.0,319.0,180.0,28,4,15
SKU-ELC-005,Vintage Stereo Turntable,Electronics,2026-06-18,0.0,85.0,319.0,180.0,28,4,15
SKU-ELC-005,Vintage Stereo Turntable,Electronics,2026-06-19,1.0,85.0,319.0,180.0,28,4,15
SKU-ELC-005,Vintage Stereo Turntable,Electronics,2026-06-20,0.0,85.0,319.0,180.0,28,4,15
SKU-ELC-005,Vintage Stereo Turntable,Electronics,2026-06-21,0.0,85.0,319.0,180.0,28,4,15
SKU-ELC-005,Vintage Stereo Turntable,Electronics,2026-06-22,0.0,85.0,319.0,180.0,28,4,15
SKU-ELC-005,Vintage Stereo Turntable,Electronics,2026-06-23,0.0,85.0,319.0,180.0,28,4,15
SKU-ELC-005,Vintage Stereo Turntable,Electronics,2026-06-24,0.0,85.0,319.0,180.0,28,4,15
SKU-ELC-005,Vintage Stereo Turntable,Electronics,2026-06-25,0.0,85.0,319.0,180.0,28,4,15
SKU-ELC-005,Vintage Stereo Turntable,Electronics,2026-06-26,0.0,85.0,319.0,180.0,28,4,15
SKU-ELC-005,Vintage Stereo Turntable,Electronics,2026-06-27,0.0,85.0,319.0,180.0,28,4,15
SKU-ELC-005,Vintage Stereo Turntable,Electronics,2026-06-28,0.0,85.0,319.0,180.0,28,4,15
SKU-ELC-005,Vintage Stereo Turntable,Electronics,2026-06-29,0.0,85.0,319.0,180.0,28,4,15
SKU-ELC-005,Vintage Stereo Turntable,Electronics,2026-06-30,0.0,85.0,319.0,180.0,28,4,15
SKU-ELC-005,Vintage Stereo Turntable,Electronics,2026-07-01,0.0,85.0,319.0,180.0,28,4,15
SKU-ELC-005,Vintage Stereo Turntable,Electronics,2026-07-02,0.0,85.0,319.0,180.0,28,4,15
SKU-ELC-005,Vintage Stereo Turntable,Electronics,2026-07-03,0.0,85.0,319.0,180.0,28,4,15
SKU-ELC-005,Vintage Stereo Turntable,Electronics,2026-07-04,0.0,85.0,319.0,180.0,28,4,15
SKU-ELC-005,Vintage Stereo Turntable,Electronics,2026-07-05,0.0,85.0,319.0,180.0,28,4,15
SKU-ELC-005,Vintage Stereo Turntable,Electronics,2026-07-06,1.0,85.0,319.0,180.0,28,4,15
SKU-ELC-005,Vintage Stereo Turntable,Electronics,2026-07-07,0.0,85.0,319.0,180.0,28,4,15
SKU-ELC-005,Vintage Stereo Turntable,Electronics,2026-07-08,2.0,85.0,319.0,180.0,28,4,15
SKU-ELC-005,Vintage Stereo Turntable,Electronics,2026-07-09,0.0,85.0,319.0,180.0,28,4,15
SKU-ELC-005,Vintage Stereo Turntable,Electronics,2026-07-10,0.0,85.0,319.0,180.0,28,4,15
SKU-ELC-005,Vintage Stereo Turntable,Electronics,2026-07-11,0.0,85.0,319.0,180.0,28,4,15
SKU-ELC-005,Vintage Stereo Turntable,Electronics,2026-07-12,0.0,85.0,319.0,180.0,28,4,15
SKU-ELC-005,Vintage Stereo Turntable,Electronics,2026-07-13,0.0,85.0,319.0,180.0,28,4,15
SKU-ELC-005,Vintage Stereo Turntable,Electronics,2026-07-14,0.0,85.0,319.0,180.0,28,4,15
SKU-ELC-005,Vintage Stereo Turntable,Electronics,2026-07-15,0.0,85.0,319.0,180.0,28,4,15
SKU-ELC-005,Vintage Stereo Turntable,Electronics,2026-07-16,0.0,85.0,319.0,180.0,28,4,15
SKU-ELC-005,Vintage Stereo Turntable,Electronics,2026-07-17,0.0,85.0,319.0,180.0,28,4,15
SKU-ELC-005,Vintage Stereo Turntable,Electronics,2026-07-18,0.0,85.0,319.0,180.0,28,4,15
SKU-ELC-005,Vintage Stereo Turntable,Electronics,2026-07-19,0.0,85.0,319.0,180.0,28,4,15
SKU-ELC-005,Vintage Stereo Turntable,Electronics,2026-07-20,0.0,85.0,319.0,180.0,28,4,15
SKU-ELC-005,Vintage Stereo Turntable,Electronics,2026-07-21,0.0,85.0,319.0,180.0,28,4,15
SKU-ELC-005,Vintage Stereo Turntable,Electronics,2026-07-22,0.0,85.0,319.0,180.0,28,4,15
SKU-ELC-005,Vintage Stereo Turntable,Electronics,2026-07-23,0.0,85.0,319.0,180.0,28,4,15
SKU-ELC-005,Vintage Stereo Turntable,Electronics,2026-07-24,0.0,85.0,319.0,180.0,28,4,15
SKU-ELC-005,Vintage Stereo Turntable,Electronics,2026-07-25,0.0,85.0,319.0,180.0,28,4,15
SKU-ELC-005,Vintage Stereo Turntable,Electronics,2026-07-26,0.0,85.0,319.0,180.0,28,4,15
SKU-ELC-005,Vintage Stereo Turntable,Electronics,2026-07-27,0.0,85.0,319.0,180.0,28,4,15
SKU-ELC-005,Vintage Stereo Turntable,Electronics,2026-07-28,0.0,85.0,319.0,180.0,28,4,15
SKU-ELC-005,Vintage Stereo Turntable,Electronics,2026-07-29,2.0,85.0,319.0,180.0,28,4,15
SKU-ELC-005,Vintage Stereo Turntable,Electronics,2026-07-30,0.0,85.0,319.0,180.0,28,4,15
SKU-ELC-005,Vintage Stereo Turntable,Electronics,2026-07-31,0.0,85.0,319.0,180.0,28,4,15
SKU-ELC-005,Vintage Stereo Turntable,Electronics,2026-08-01,0.0,85.0,319.0,180.0,28,4,15
SKU-ELC-005,Vintage Stereo Turntable,Electronics,2026-08-02,0.0,85.0,319.0,180.0,28,4,15
SKU-ELC-005,Vintage Stereo Turntable,Electronics,2026-08-03,0.0,85.0,319.0,180.0,28,4,15
SKU-ELC-005,Vintage Stereo Turntable,Electronics,2026-08-04,0.0,85.0,319.0,180.0,28,4,15
SKU-ELC-005,Vintage Stereo Turntable,Electronics,2026-08-05,0.0,85.0,319.0,180.0,28,4,15
SKU-ELC-005,Vintage Stereo Turntable,Electronics,2026-08-06,0.0,85.0,319.0,180.0,28,4,15
SKU-ELC-005,Vintage Stereo Turntable,Electronics,2026-08-07,0.0,85.0,319.0,180.0,28,4,15
SKU-ELC-005,Vintage Stereo Turntable,Electronics,2026-08-08,0.0,85.0,319.0,180.0,28,4,15
SKU-ELC-005,Vintage Stereo Turntable,Electronics,2026-08-09,0.0,85.0,319.0,180.0,28,4,15
SKU-ELC-005,Vintage Stereo Turntable,Electronics,2026-08-10,0.0,85.0,319.0,180.0,28,4,15
SKU-ELC-005,Vintage Stereo Turntable,Electronics,2026-08-11,0.0,85.0,319.0,180.0,28,4,15
SKU-ELC-005,Vintage Stereo Turntable,Electronics,2026-08-12,0.0,85.0,319.0,180.0,28,4,15
SKU-ELC-005,Vintage Stereo Turntable,Electronics,2026-08-13,0.0,85.0,319.0,180.0,28,4,15
SKU-ELC-005,Vintage Stereo Turntable,Electronics,2026-08-14,0.0,85.0,319.0,180.0,28,4,15
SKU-ELC-005,Vintage Stereo Turntable,Electronics,2026-08-15,0.0,85.0,319.0,180.0,28,4,15
SKU-ELC-005,Vintage Stereo Turntable,Electronics,2026-08-16,0.0,85.0,319.0,180.0,28,4,15
SKU-ELC-005,Vintage Stereo Turntable,Electronics,2026-08-17,0.0,85.0,319.0,180.0,28,4,15
SKU-ELC-005,Vintage Stereo Turntable,Electronics,2026-08-18,0.0,85.0,319.0,180.0,28,4,15
SKU-ELC-005,Vintage Stereo Turntable,Electronics,2026-08-19,0.0,85.0,319.0,180.0,28,4,15
SKU-ELC-005,Vintage Stereo Turntable,Electronics,2026-08-20,0.0,85.0,319.0,180.0,28,4,15
SKU-ELC-005,Vintage Stereo Turntable,Electronics,2026-08-21,0.0,85.0,319.0,180.0,28,4,15
SKU-ELC-005,Vintage Stereo Turntable,Electronics,2026-08-22,0.0,85.0,319.0,180.0,28,4,15
SKU-ELC-005,Vintage Stereo Turntable,Electronics,2026-08-23,0.0,85.0,319.0,180.0,28,4,15
SKU-ELC-005,Vintage Stereo Turntable,Electronics,2026-08-24,0.0,85.0,319.0,180.0,28,4,15
SKU-ELC-005,Vintage Stereo Turntable,Electronics,2026-08-25,0.0,85.0,319.0,180.0,28,4,15
SKU-ELC-005,Vintage Stereo Turntable,Electronics,2026-08-26,0.0,85.0,319.0,180.0,28,4,15
SKU-ELC-005,Vintage Stereo Turntable,Electronics,2026-08-27,0.0,85.0,319.0,180.0,28,4,15
SKU-ELC-006,Bluetooth Conference Speaker,Electronics,2026-03-01,6.0,65.0,89.99,42.0,14,22,78
SKU-ELC-006,Bluetooth Conference Speaker,Electronics,2026-03-02,3.0,65.0,89.99,42.0,14,22,78
SKU-ELC-006,Bluetooth Conference Speaker,Electronics,2026-03-03,4.0,65.0,89.99,42.0,14,22,78
SKU-ELC-006,Bluetooth Conference Speaker,Electronics,2026-03-04,8.0,65.0,89.99,42.0,14,22,78
SKU-ELC-006,Bluetooth Conference Speaker,Electronics,2026-03-05,5.0,65.0,89.99,42.0,14,22,78
SKU-ELC-006,Bluetooth Conference Speaker,Electronics,2026-03-06,2.0,65.0,89.99,42.0,14,22,78
SKU-ELC-006,Bluetooth Conference Speaker,Electronics,2026-03-07,5.0,65.0,89.99,42.0,14,22,78
SKU-ELC-006,Bluetooth Conference Speaker,Electronics,2026-03-08,8.0,65.0,89.99,42.0,14,22,78
SKU-ELC-006,Bluetooth Conference Speaker,Electronics,2026-03-09,2.0,65.0,89.99,42.0,14,22,78
SKU-ELC-006,Bluetooth Conference Speaker,Electronics,2026-03-10,4.0,65.0,89.99,42.0,14,22,78
SKU-ELC-006,Bluetooth Conference Speaker,Electronics,2026-03-11,6.0,65.0,89.99,42.0,14,22,78
SKU-ELC-006,Bluetooth Conference Speaker,Electronics,2026-03-12,3.0,65.0,89.99,42.0,14,22,78
SKU-ELC-006,Bluetooth Conference Speaker,Electronics,2026-03-13,6.0,65.0,89.99,42.0,14,22,78
SKU-ELC-006,Bluetooth Conference Speaker,Electronics,2026-03-14,7.0,65.0,89.99,42.0,14,22,78
SKU-ELC-006,Bluetooth Conference Speaker,Electronics,2026-03-15,3.0,65.0,89.99,42.0,14,22,78
SKU-ELC-006,Bluetooth Conference Speaker,Electronics,2026-03-16,5.0,65.0,89.99,42.0,14,22,78
SKU-ELC-006,Bluetooth Conference Speaker,Electronics,2026-03-17,4.0,65.0,89.99,42.0,14,22,78
SKU-ELC-006,Bluetooth Conference Speaker,Electronics,2026-03-18,7.0,65.0,89.99,42.0,14,22,78
SKU-ELC-006,Bluetooth Conference Speaker,Electronics,2026-03-19,4.0,65.0,89.99,42.0,14,22,78
SKU-ELC-006,Bluetooth Conference Speaker,Electronics,2026-03-20,2.0,65.0,89.99,42.0,14,22,78
SKU-ELC-006,Bluetooth Conference Speaker,Electronics,2026-03-21,4.0,65.0,89.99,42.0,14,22,78
SKU-ELC-006,Bluetooth Conference Speaker,Electronics,2026-03-22,12.0,65.0,89.99,42.0,14,22,78
SKU-ELC-006,Bluetooth Conference Speaker,Electronics,2026-03-23,7.0,65.0,89.99,42.0,14,22,78
SKU-ELC-006,Bluetooth Conference Speaker,Electronics,2026-03-24,7.0,65.0,89.99,42.0,14,22,78
SKU-ELC-006,Bluetooth Conference Speaker,Electronics,2026-03-25,4.0,65.0,89.99,42.0,14,22,78
SKU-ELC-006,Bluetooth Conference Speaker,Electronics,2026-03-26,1.0,65.0,89.99,42.0,14,22,78
SKU-ELC-006,Bluetooth Conference Speaker,Electronics,2026-03-27,10.0,65.0,89.99,42.0,14,22,78
SKU-ELC-006,Bluetooth Conference Speaker,Electronics,2026-03-28,5.0,65.0,89.99,42.0,14,22,78
SKU-ELC-006,Bluetooth Conference Speaker,Electronics,2026-03-29,6.0,65.0,89.99,42.0,14,22,78
SKU-ELC-006,Bluetooth Conference Speaker,Electronics,2026-03-30,3.0,65.0,89.99,42.0,14,22,78
SKU-ELC-006,Bluetooth Conference Speaker,Electronics,2026-03-31,3.0,65.0,89.99,42.0,14,22,78
SKU-ELC-006,Bluetooth Conference Speaker,Electronics,2026-04-01,2.0,65.0,89.99,42.0,14,22,78
SKU-ELC-006,Bluetooth Conference Speaker,Electronics,2026-04-02,2.0,65.0,89.99,42.0,14,22,78
SKU-ELC-006,Bluetooth Conference Speaker,Electronics,2026-04-03,6.0,65.0,89.99,42.0,14,22,78
SKU-ELC-006,Bluetooth Conference Speaker,Electronics,2026-04-04,1.0,65.0,89.99,42.0,14,22,78
SKU-ELC-006,Bluetooth Conference Speaker,Electronics,2026-04-05,4.0,65.0,89.99,42.0,14,22,78
SKU-ELC-006,Bluetooth Conference Speaker,Electronics,2026-04-06,2.0,65.0,89.99,42.0,14,22,78
SKU-ELC-006,Bluetooth Conference Speaker,Electronics,2026-04-07,6.0,65.0,89.99,42.0,14,22,78
SKU-ELC-006,Bluetooth Conference Speaker,Electronics,2026-04-08,3.0,65.0,89.99,42.0,14,22,78
SKU-ELC-006,Bluetooth Conference Speaker,Electronics,2026-04-09,5.0,65.0,89.99,42.0,14,22,78
SKU-ELC-006,Bluetooth Conference Speaker,Electronics,2026-04-10,3.0,65.0,89.99,42.0,14,22,78
SKU-ELC-006,Bluetooth Conference Speaker,Electronics,2026-04-11,4.0,65.0,89.99,42.0,14,22,78
SKU-ELC-006,Bluetooth Conference Speaker,Electronics,2026-04-12,5.0,65.0,89.99,42.0,14,22,78
SKU-ELC-006,Bluetooth Conference Speaker,Electronics,2026-04-13,4.0,65.0,89.99,42.0,14,22,78
SKU-ELC-006,Bluetooth Conference Speaker,Electronics,2026-04-14,4.0,65.0,89.99,42.0,14,22,78
SKU-ELC-006,Bluetooth Conference Speaker,Electronics,2026-04-15,1.0,65.0,89.99,42.0,14,22,78
SKU-ELC-006,Bluetooth Conference Speaker,Electronics,2026-04-16,6.0,65.0,89.99,42.0,14,22,78
SKU-ELC-006,Bluetooth Conference Speaker,Electronics,2026-04-17,3.0,65.0,89.99,42.0,14,22,78
SKU-ELC-006,Bluetooth Conference Speaker,Electronics,2026-04-18,8.0,65.0,89.99,42.0,14,22,78
SKU-ELC-006,Bluetooth Conference Speaker,Electronics,2026-04-19,7.0,65.0,89.99,42.0,14,22,78
SKU-ELC-006,Bluetooth Conference Speaker,Electronics,2026-04-20,5.0,65.0,89.99,42.0,14,22,78
SKU-ELC-006,Bluetooth Conference Speaker,Electronics,2026-04-21,5.0,65.0,89.99,42.0,14,22,78
SKU-ELC-006,Bluetooth Conference Speaker,Electronics,2026-04-22,3.0,65.0,89.99,42.0,14,22,78
SKU-ELC-006,Bluetooth Conference Speaker,Electronics,2026-04-23,4.0,65.0,89.99,42.0,14,22,78
SKU-ELC-006,Bluetooth Conference Speaker,Electronics,2026-04-24,4.0,65.0,89.99,42.0,14,22,78
SKU-ELC-006,Bluetooth Conference Speaker,Electronics,2026-04-25,7.0,65.0,89.99,42.0,14,22,78
SKU-ELC-006,Bluetooth Conference Speaker,Electronics,2026-04-26,6.0,65.0,89.99,42.0,14,22,78
SKU-ELC-006,Bluetooth Conference Speaker,Electronics,2026-04-27,3.0,65.0,89.99,42.0,14,22,78
SKU-ELC-006,Bluetooth Conference Speaker,Electronics,2026-04-28,1.0,65.0,89.99,42.0,14,22,78
SKU-ELC-006,Bluetooth Conference Speaker,Electronics,2026-04-29,2.0,65.0,89.99,42.0,14,22,78
SKU-ELC-006,Bluetooth Conference Speaker,Electronics,2026-04-30,5.0,65.0,89.99,42.0,14,22,78
SKU-ELC-006,Bluetooth Conference Speaker,Electronics,2026-05-01,0.0,65.0,89.99,42.0,14,22,78
SKU-ELC-006,Bluetooth Conference Speaker,Electronics,2026-05-02,2.0,65.0,89.99,42.0,14,22,78
SKU-ELC-006,Bluetooth Conference Speaker,Electronics,2026-05-03,4.0,65.0,89.99,42.0,14,22,78
SKU-ELC-006,Bluetooth Conference Speaker,Electronics,2026-05-04,3.0,65.0,89.99,42.0,14,22,78
SKU-ELC-006,Bluetooth Conference Speaker,Electronics,2026-05-05,3.0,65.0,89.99,42.0,14,22,78
SKU-ELC-006,Bluetooth Conference Speaker,Electronics,2026-05-06,2.0,65.0,89.99,42.0,14,22,78
SKU-ELC-006,Bluetooth Conference Speaker,Electronics,2026-05-07,4.0,65.0,89.99,42.0,14,22,78
SKU-ELC-006,Bluetooth Conference Speaker,Electronics,2026-05-08,8.0,65.0,89.99,42.0,14,22,78
SKU-ELC-006,Bluetooth Conference Speaker,Electronics,2026-05-09,5.0,65.0,89.99,42.0,14,22,78
SKU-ELC-006,Bluetooth Conference Speaker,Electronics,2026-05-10,5.0,65.0,89.99,42.0,14,22,78
SKU-ELC-006,Bluetooth Conference Speaker,Electronics,2026-05-11,4.0,65.0,89.99,42.0,14,22,78
SKU-ELC-006,Bluetooth Conference Speaker,Electronics,2026-05-12,3.0,65.0,89.99,42.0,14,22,78
SKU-ELC-006,Bluetooth Conference Speaker,Electronics,2026-05-13,0.0,65.0,89.99,42.0,14,22,78
SKU-ELC-006,Bluetooth Conference Speaker,Electronics,2026-05-14,3.0,65.0,89.99,42.0,14,22,78
SKU-ELC-006,Bluetooth Conference Speaker,Electronics,2026-05-15,5.0,65.0,89.99,42.0,14,22,78
SKU-ELC-006,Bluetooth Conference Speaker,Electronics,2026-05-16,5.0,65.0,89.99,42.0,14,22,78
SKU-ELC-006,Bluetooth Conference Speaker,Electronics,2026-05-17,2.0,65.0,89.99,42.0,14,22,78
SKU-ELC-006,Bluetooth Conference Speaker,Electronics,2026-05-18,8.0,65.0,89.99,42.0,14,22,78
SKU-ELC-006,Bluetooth Conference Speaker,Electronics,2026-05-19,4.0,65.0,89.99,42.0,14,22,78
SKU-ELC-006,Bluetooth Conference Speaker,Electronics,2026-05-20,4.0,65.0,89.99,42.0,14,22,78
SKU-ELC-006,Bluetooth Conference Speaker,Electronics,2026-05-21,5.0,65.0,89.99,42.0,14,22,78
SKU-ELC-006,Bluetooth Conference Speaker,Electronics,2026-05-22,0.0,65.0,89.99,42.0,14,22,78
SKU-ELC-006,Bluetooth Conference Speaker,Electronics,2026-05-23,5.0,65.0,89.99,42.0,14,22,78
SKU-ELC-006,Bluetooth Conference Speaker,Electronics,2026-05-24,5.0,65.0,89.99,42.0,14,22,78
SKU-ELC-006,Bluetooth Conference Speaker,Electronics,2026-05-25,1.0,65.0,89.99,42.0,14,22,78
SKU-ELC-006,Bluetooth Conference Speaker,Electronics,2026-05-26,5.0,65.0,89.99,42.0,14,22,78
SKU-ELC-006,Bluetooth Conference Speaker,Electronics,2026-05-27,4.0,65.0,89.99,42.0,14,22,78
SKU-ELC-006,Bluetooth Conference Speaker,Electronics,2026-05-28,7.0,65.0,89.99,42.0,14,22,78
SKU-ELC-006,Bluetooth Conference Speaker,Electronics,2026-05-29,4.0,65.0,89.99,42.0,14,22,78
SKU-ELC-006,Bluetooth Conference Speaker,Electronics,2026-05-30,4.0,65.0,89.99,42.0,14,22,78
SKU-ELC-006,Bluetooth Conference Speaker,Electronics,2026-05-31,7.0,65.0,89.99,42.0,14,22,78
SKU-ELC-006,Bluetooth Conference Speaker,Electronics,2026-06-01,3.0,65.0,89.99,42.0,14,22,78
SKU-ELC-006,Bluetooth Conference Speaker,Electronics,2026-06-02,3.0,65.0,89.99,42.0,14,22,78
SKU-ELC-006,Bluetooth Conference Speaker,Electronics,2026-06-03,4.0,65.0,89.99,42.0,14,22,78
SKU-ELC-006,Bluetooth Conference Speaker,Electronics,2026-06-04,6.0,65.0,89.99,42.0,14,22,78
SKU-ELC-006,Bluetooth Conference Speaker,Electronics,2026-06-05,7.0,65.0,89.99,42.0,14,22,78
SKU-ELC-006,Bluetooth Conference Speaker,Electronics,2026-06-06,4.0,65.0,89.99,42.0,14,22,78
SKU-ELC-006,Bluetooth Conference Speaker,Electronics,2026-06-07,4.0,65.0,89.99,42.0,14,22,78
SKU-ELC-006,Bluetooth Conference Speaker,Electronics,2026-06-08,5.0,65.0,89.99,42.0,14,22,78
SKU-ELC-006,Bluetooth Conference Speaker,Electronics,2026-06-09,4.0,65.0,89.99,42.0,14,22,78
SKU-ELC-006,Bluetooth Conference Speaker,Electronics,2026-06-10,3.0,65.0,89.99,42.0,14,22,78
SKU-ELC-006,Bluetooth Conference Speaker,Electronics,2026-06-11,5.0,65.0,89.99,42.0,14,22,78
SKU-ELC-006,Bluetooth Conference Speaker,Electronics,2026-06-12,6.0,65.0,89.99,42.0,14,22,78
SKU-ELC-006,Bluetooth Conference Speaker,Electronics,2026-06-13,4.0,65.0,89.99,42.0,14,22,78
SKU-ELC-006,Bluetooth Conference Speaker,Electronics,2026-06-14,7.0,65.0,89.99,42.0,14,22,78
SKU-ELC-006,Bluetooth Conference Speaker,Electronics,2026-06-15,4.0,65.0,89.99,42.0,14,22,78
SKU-ELC-006,Bluetooth Conference Speaker,Electronics,2026-06-16,3.0,65.0,89.99,42.0,14,22,78
SKU-ELC-006,Bluetooth Conference Speaker,Electronics,2026-06-17,5.0,65.0,89.99,42.0,14,22,78
SKU-ELC-006,Bluetooth Conference Speaker,Electronics,2026-06-18,10.0,65.0,89.99,42.0,14,22,78
SKU-ELC-006,Bluetooth Conference Speaker,Electronics,2026-06-19,6.0,65.0,89.99,42.0,14,22,78
SKU-ELC-006,Bluetooth Conference Speaker,Electronics,2026-06-20,5.0,65.0,89.99,42.0,14,22,78
SKU-ELC-006,Bluetooth Conference Speaker,Electronics,2026-06-21,3.0,65.0,89.99,42.0,14,22,78
SKU-ELC-006,Bluetooth Conference Speaker,Electronics,2026-06-22,2.0,65.0,89.99,42.0,14,22,78
SKU-ELC-006,Bluetooth Conference Speaker,Electronics,2026-06-23,5.0,65.0,89.99,42.0,14,22,78
SKU-ELC-006,Bluetooth Conference Speaker,Electronics,2026-06-24,2.0,65.0,89.99,42.0,14,22,78
SKU-ELC-006,Bluetooth Conference Speaker,Electronics,2026-06-25,5.0,65.0,89.99,42.0,14,22,78
SKU-ELC-006,Bluetooth Conference Speaker,Electronics,2026-06-26,1.0,65.0,89.99,42.0,14,22,78
SKU-ELC-006,Bluetooth Conference Speaker,Electronics,2026-06-27,6.0,65.0,89.99,42.0,14,22,78
SKU-ELC-006,Bluetooth Conference Speaker,Electronics,2026-06-28,2.0,65.0,89.99,42.0,14,22,78
SKU-ELC-006,Bluetooth Conference Speaker,Electronics,2026-06-29,3.0,65.0,89.99,42.0,14,22,78
SKU-ELC-006,Bluetooth Conference Speaker,Electronics,2026-06-30,6.0,65.0,89.99,42.0,14,22,78
SKU-ELC-006,Bluetooth Conference Speaker,Electronics,2026-07-01,0.0,65.0,89.99,42.0,14,22,78
SKU-ELC-006,Bluetooth Conference Speaker,Electronics,2026-07-02,5.0,65.0,89.99,42.0,14,22,78
SKU-ELC-006,Bluetooth Conference Speaker,Electronics,2026-07-03,2.0,65.0,89.99,42.0,14,22,78
SKU-ELC-006,Bluetooth Conference Speaker,Electronics,2026-07-04,6.0,65.0,89.99,42.0,14,22,78
SKU-ELC-006,Bluetooth Conference Speaker,Electronics,2026-07-05,6.0,65.0,89.99,42.0,14,22,78
SKU-ELC-006,Bluetooth Conference Speaker,Electronics,2026-07-06,7.0,65.0,89.99,42.0,14,22,78
SKU-ELC-006,Bluetooth Conference Speaker,Electronics,2026-07-07,5.0,65.0,89.99,42.0,14,22,78
SKU-ELC-006,Bluetooth Conference Speaker,Electronics,2026-07-08,6.0,65.0,89.99,42.0,14,22,78
SKU-ELC-006,Bluetooth Conference Speaker,Electronics,2026-07-09,4.0,65.0,89.99,42.0,14,22,78
SKU-ELC-006,Bluetooth Conference Speaker,Electronics,2026-07-10,5.0,65.0,89.99,42.0,14,22,78
SKU-ELC-006,Bluetooth Conference Speaker,Electronics,2026-07-11,9.0,65.0,89.99,42.0,14,22,78
SKU-ELC-006,Bluetooth Conference Speaker,Electronics,2026-07-12,6.0,65.0,89.99,42.0,14,22,78
SKU-ELC-006,Bluetooth Conference Speaker,Electronics,2026-07-13,2.0,65.0,89.99,42.0,14,22,78
SKU-ELC-006,Bluetooth Conference Speaker,Electronics,2026-07-14,6.0,65.0,89.99,42.0,14,22,78
SKU-ELC-006,Bluetooth Conference Speaker,Electronics,2026-07-15,4.0,65.0,89.99,42.0,14,22,78
SKU-ELC-006,Bluetooth Conference Speaker,Electronics,2026-07-16,4.0,65.0,89.99,42.0,14,22,78
SKU-ELC-006,Bluetooth Conference Speaker,Electronics,2026-07-17,3.0,65.0,89.99,42.0,14,22,78
SKU-ELC-006,Bluetooth Conference Speaker,Electronics,2026-07-18,5.0,65.0,89.99,42.0,14,22,78
SKU-ELC-006,Bluetooth Conference Speaker,Electronics,2026-07-19,5.0,65.0,89.99,42.0,14,22,78
SKU-ELC-006,Bluetooth Conference Speaker,Electronics,2026-07-20,9.0,65.0,89.99,42.0,14,22,78
SKU-ELC-006,Bluetooth Conference Speaker,Electronics,2026-07-21,2.0,65.0,89.99,42.0,14,22,78
SKU-ELC-006,Bluetooth Conference Speaker,Electronics,2026-07-22,5.0,65.0,89.99,42.0,14,22,78
SKU-ELC-006,Bluetooth Conference Speaker,Electronics,2026-07-23,1.0,65.0,89.99,42.0,14,22,78
SKU-ELC-006,Bluetooth Conference Speaker,Electronics,2026-07-24,3.0,65.0,89.99,42.0,14,22,78
SKU-ELC-006,Bluetooth Conference Speaker,Electronics,2026-07-25,3.0,65.0,89.99,42.0,14,22,78
SKU-ELC-006,Bluetooth Conference Speaker,Electronics,2026-07-26,3.0,65.0,89.99,42.0,14,22,78
SKU-ELC-006,Bluetooth Conference Speaker,Electronics,2026-07-27,8.0,65.0,89.99,42.0,14,22,78
SKU-ELC-006,Bluetooth Conference Speaker,Electronics,2026-07-28,2.0,65.0,89.99,42.0,14,22,78
SKU-ELC-006,Bluetooth Conference Speaker,Electronics,2026-07-29,3.0,65.0,89.99,42.0,14,22,78
SKU-ELC-006,Bluetooth Conference Speaker,Electronics,2026-07-30,6.0,65.0,89.99,42.0,14,22,78
SKU-ELC-006,Bluetooth Conference Speaker,Electronics,2026-07-31,5.0,65.0,89.99,42.0,14,22,78
SKU-ELC-006,Bluetooth Conference Speaker,Electronics,2026-08-01,8.0,65.0,89.99,42.0,14,22,78
SKU-ELC-006,Bluetooth Conference Speaker,Electronics,2026-08-02,5.0,65.0,89.99,42.0,14,22,78
SKU-ELC-006,Bluetooth Conference Speaker,Electronics,2026-08-03,2.0,65.0,89.99,42.0,14,22,78
SKU-ELC-006,Bluetooth Conference Speaker,Electronics,2026-08-04,6.0,65.0,89.99,42.0,14,22,78
SKU-ELC-006,Bluetooth Conference Speaker,Electronics,2026-08-05,3.0,65.0,89.99,42.0,14,22,78
SKU-ELC-006,Bluetooth Conference Speaker,Electronics,2026-08-06,1.0,65.0,89.99,42.0,14,22,78
SKU-ELC-006,Bluetooth Conference Speaker,Electronics,2026-08-07,1.0,65.0,89.99,42.0,14,22,78
SKU-ELC-006,Bluetooth Conference Speaker,Electronics,2026-08-08,7.0,65.0,89.99,42.0,14,22,78
SKU-ELC-006,Bluetooth Conference Speaker,Electronics,2026-08-09,7.0,65.0,89.99,42.0,14,22,78
SKU-ELC-006,Bluetooth Conference Speaker,Electronics,2026-08-10,3.0,65.0,89.99,42.0,14,22,78
SKU-ELC-006,Bluetooth Conference Speaker,Electronics,2026-08-11,7.0,65.0,89.99,42.0,14,22,78
SKU-ELC-006,Bluetooth Conference Speaker,Electronics,2026-08-12,4.0,65.0,89.99,42.0,14,22,78
SKU-ELC-006,Bluetooth Conference Speaker,Electronics,2026-08-13,2.0,65.0,89.99,42.0,14,22,78
SKU-ELC-006,Bluetooth Conference Speaker,Electronics,2026-08-14,4.0,65.0,89.99,42.0,14,22,78
SKU-ELC-006,Bluetooth Conference Speaker,Electronics,2026-08-15,6.0,65.0,89.99,42.0,14,22,78
SKU-ELC-006,Bluetooth Conference Speaker,Electronics,2026-08-16,7.0,65.0,89.99,42.0,14,22,78
SKU-ELC-006,Bluetooth Conference Speaker,Electronics,2026-08-17,3.0,65.0,89.99,42.0,14,22,78
SKU-ELC-006,Bluetooth Conference Speaker,Electronics,2026-08-18,3.0,65.0,89.99,42.0,14,22,78
SKU-ELC-006,Bluetooth Conference Speaker,Electronics,2026-08-19,4.0,65.0,89.99,42.0,14,22,78
SKU-ELC-006,Bluetooth Conference Speaker,Electronics,2026-08-20,3.0,65.0,89.99,42.0,14,22,78
SKU-ELC-006,Bluetooth Conference Speaker,Electronics,2026-08-21,4.0,65.0,89.99,42.0,14,22,78
SKU-ELC-006,Bluetooth Conference Speaker,Electronics,2026-08-22,5.0,65.0,89.99,42.0,14,22,78
SKU-ELC-006,Bluetooth Conference Speaker,Electronics,2026-08-23,4.0,65.0,89.99,42.0,14,22,78
SKU-ELC-006,Bluetooth Conference Speaker,Electronics,2026-08-24,3.0,65.0,89.99,42.0,14,22,78
SKU-ELC-006,Bluetooth Conference Speaker,Electronics,2026-08-25,4.0,65.0,89.99,42.0,14,22,78
SKU-ELC-006,Bluetooth Conference Speaker,Electronics,2026-08-26,7.0,65.0,89.99,42.0,14,22,78
SKU-ELC-006,Bluetooth Conference Speaker,Electronics,2026-08-27,1.0,65.0,89.99,42.0,14,22,78
SKU-ELC-007,Ergonomic Mechanical Keyboard,Electronics,2026-03-01,2.0,18.0,119.0,58.0,12,25,87
SKU-ELC-007,Ergonomic Mechanical Keyboard,Electronics,2026-03-02,5.0,18.0,119.0,58.0,12,25,87
SKU-ELC-007,Ergonomic Mechanical Keyboard,Electronics,2026-03-03,6.0,18.0,119.0,58.0,12,25,87
SKU-ELC-007,Ergonomic Mechanical Keyboard,Electronics,2026-03-04,3.0,18.0,119.0,58.0,12,25,87
SKU-ELC-007,Ergonomic Mechanical Keyboard,Electronics,2026-03-05,3.0,18.0,119.0,58.0,12,25,87
SKU-ELC-007,Ergonomic Mechanical Keyboard,Electronics,2026-03-06,3.0,18.0,119.0,58.0,12,25,87
SKU-ELC-007,Ergonomic Mechanical Keyboard,Electronics,2026-03-07,7.0,18.0,119.0,58.0,12,25,87
SKU-ELC-007,Ergonomic Mechanical Keyboard,Electronics,2026-03-08,11.0,18.0,119.0,58.0,12,25,87
SKU-ELC-007,Ergonomic Mechanical Keyboard,Electronics,2026-03-09,5.0,18.0,119.0,58.0,12,25,87
SKU-ELC-007,Ergonomic Mechanical Keyboard,Electronics,2026-03-10,3.0,18.0,119.0,58.0,12,25,87
SKU-ELC-007,Ergonomic Mechanical Keyboard,Electronics,2026-03-11,7.0,18.0,119.0,58.0,12,25,87
SKU-ELC-007,Ergonomic Mechanical Keyboard,Electronics,2026-03-12,3.0,18.0,119.0,58.0,12,25,87
SKU-ELC-007,Ergonomic Mechanical Keyboard,Electronics,2026-03-13,5.0,18.0,119.0,58.0,12,25,87
SKU-ELC-007,Ergonomic Mechanical Keyboard,Electronics,2026-03-14,7.0,18.0,119.0,58.0,12,25,87
SKU-ELC-007,Ergonomic Mechanical Keyboard,Electronics,2026-03-15,6.0,18.0,119.0,58.0,12,25,87
SKU-ELC-007,Ergonomic Mechanical Keyboard,Electronics,2026-03-16,9.0,18.0,119.0,58.0,12,25,87
SKU-ELC-007,Ergonomic Mechanical Keyboard,Electronics,2026-03-17,5.0,18.0,119.0,58.0,12,25,87
SKU-ELC-007,Ergonomic Mechanical Keyboard,Electronics,2026-03-18,6.0,18.0,119.0,58.0,12,25,87
SKU-ELC-007,Ergonomic Mechanical Keyboard,Electronics,2026-03-19,5.0,18.0,119.0,58.0,12,25,87
SKU-ELC-007,Ergonomic Mechanical Keyboard,Electronics,2026-03-20,4.0,18.0,119.0,58.0,12,25,87
SKU-ELC-007,Ergonomic Mechanical Keyboard,Electronics,2026-03-21,8.0,18.0,119.0,58.0,12,25,87
SKU-ELC-007,Ergonomic Mechanical Keyboard,Electronics,2026-03-22,10.0,18.0,119.0,58.0,12,25,87
SKU-ELC-007,Ergonomic Mechanical Keyboard,Electronics,2026-03-23,5.0,18.0,119.0,58.0,12,25,87
SKU-ELC-007,Ergonomic Mechanical Keyboard,Electronics,2026-03-24,7.0,18.0,119.0,58.0,12,25,87
SKU-ELC-007,Ergonomic Mechanical Keyboard,Electronics,2026-03-25,6.0,18.0,119.0,58.0,12,25,87
SKU-ELC-007,Ergonomic Mechanical Keyboard,Electronics,2026-03-26,4.0,18.0,119.0,58.0,12,25,87
SKU-ELC-007,Ergonomic Mechanical Keyboard,Electronics,2026-03-27,3.0,18.0,119.0,58.0,12,25,87
SKU-ELC-007,Ergonomic Mechanical Keyboard,Electronics,2026-03-28,3.0,18.0,119.0,58.0,12,25,87
SKU-ELC-007,Ergonomic Mechanical Keyboard,Electronics,2026-03-29,9.0,18.0,119.0,58.0,12,25,87
SKU-ELC-007,Ergonomic Mechanical Keyboard,Electronics,2026-03-30,5.0,18.0,119.0,58.0,12,25,87
SKU-ELC-007,Ergonomic Mechanical Keyboard,Electronics,2026-03-31,7.0,18.0,119.0,58.0,12,25,87
SKU-ELC-007,Ergonomic Mechanical Keyboard,Electronics,2026-04-01,8.0,18.0,119.0,58.0,12,25,87
SKU-ELC-007,Ergonomic Mechanical Keyboard,Electronics,2026-04-02,11.0,18.0,119.0,58.0,12,25,87
SKU-ELC-007,Ergonomic Mechanical Keyboard,Electronics,2026-04-03,6.0,18.0,119.0,58.0,12,25,87
SKU-ELC-007,Ergonomic Mechanical Keyboard,Electronics,2026-04-04,8.0,18.0,119.0,58.0,12,25,87
SKU-ELC-007,Ergonomic Mechanical Keyboard,Electronics,2026-04-05,12.0,18.0,119.0,58.0,12,25,87
SKU-ELC-007,Ergonomic Mechanical Keyboard,Electronics,2026-04-06,2.0,18.0,119.0,58.0,12,25,87
SKU-ELC-007,Ergonomic Mechanical Keyboard,Electronics,2026-04-07,5.0,18.0,119.0,58.0,12,25,87
SKU-ELC-007,Ergonomic Mechanical Keyboard,Electronics,2026-04-08,9.0,18.0,119.0,58.0,12,25,87
SKU-ELC-007,Ergonomic Mechanical Keyboard,Electronics,2026-04-09,6.0,18.0,119.0,58.0,12,25,87
SKU-ELC-007,Ergonomic Mechanical Keyboard,Electronics,2026-04-10,6.0,18.0,119.0,58.0,12,25,87
SKU-ELC-007,Ergonomic Mechanical Keyboard,Electronics,2026-04-11,7.0,18.0,119.0,58.0,12,25,87
SKU-ELC-007,Ergonomic Mechanical Keyboard,Electronics,2026-04-12,10.0,18.0,119.0,58.0,12,25,87
SKU-ELC-007,Ergonomic Mechanical Keyboard,Electronics,2026-04-13,6.0,18.0,119.0,58.0,12,25,87
SKU-ELC-007,Ergonomic Mechanical Keyboard,Electronics,2026-04-14,10.0,18.0,119.0,58.0,12,25,87
SKU-ELC-007,Ergonomic Mechanical Keyboard,Electronics,2026-04-15,6.0,18.0,119.0,58.0,12,25,87
SKU-ELC-007,Ergonomic Mechanical Keyboard,Electronics,2026-04-16,4.0,18.0,119.0,58.0,12,25,87
SKU-ELC-007,Ergonomic Mechanical Keyboard,Electronics,2026-04-17,7.0,18.0,119.0,58.0,12,25,87
SKU-ELC-007,Ergonomic Mechanical Keyboard,Electronics,2026-04-18,5.0,18.0,119.0,58.0,12,25,87
SKU-ELC-007,Ergonomic Mechanical Keyboard,Electronics,2026-04-19,7.0,18.0,119.0,58.0,12,25,87
SKU-ELC-007,Ergonomic Mechanical Keyboard,Electronics,2026-04-20,3.0,18.0,119.0,58.0,12,25,87
SKU-ELC-007,Ergonomic Mechanical Keyboard,Electronics,2026-04-21,3.0,18.0,119.0,58.0,12,25,87
SKU-ELC-007,Ergonomic Mechanical Keyboard,Electronics,2026-04-22,2.0,18.0,119.0,58.0,12,25,87
SKU-ELC-007,Ergonomic Mechanical Keyboard,Electronics,2026-04-23,2.0,18.0,119.0,58.0,12,25,87
SKU-ELC-007,Ergonomic Mechanical Keyboard,Electronics,2026-04-24,3.0,18.0,119.0,58.0,12,25,87
SKU-ELC-007,Ergonomic Mechanical Keyboard,Electronics,2026-04-25,5.0,18.0,119.0,58.0,12,25,87
SKU-ELC-007,Ergonomic Mechanical Keyboard,Electronics,2026-04-26,3.0,18.0,119.0,58.0,12,25,87
SKU-ELC-007,Ergonomic Mechanical Keyboard,Electronics,2026-04-27,10.0,18.0,119.0,58.0,12,25,87
SKU-ELC-007,Ergonomic Mechanical Keyboard,Electronics,2026-04-28,3.0,18.0,119.0,58.0,12,25,87
SKU-ELC-007,Ergonomic Mechanical Keyboard,Electronics,2026-04-29,7.0,18.0,119.0,58.0,12,25,87
SKU-ELC-007,Ergonomic Mechanical Keyboard,Electronics,2026-04-30,2.0,18.0,119.0,58.0,12,25,87
SKU-ELC-007,Ergonomic Mechanical Keyboard,Electronics,2026-05-01,6.0,18.0,119.0,58.0,12,25,87
SKU-ELC-007,Ergonomic Mechanical Keyboard,Electronics,2026-05-02,8.0,18.0,119.0,58.0,12,25,87
SKU-ELC-007,Ergonomic Mechanical Keyboard,Electronics,2026-05-03,6.0,18.0,119.0,58.0,12,25,87
SKU-ELC-007,Ergonomic Mechanical Keyboard,Electronics,2026-05-04,4.0,18.0,119.0,58.0,12,25,87
SKU-ELC-007,Ergonomic Mechanical Keyboard,Electronics,2026-05-05,4.0,18.0,119.0,58.0,12,25,87
SKU-ELC-007,Ergonomic Mechanical Keyboard,Electronics,2026-05-06,3.0,18.0,119.0,58.0,12,25,87
SKU-ELC-007,Ergonomic Mechanical Keyboard,Electronics,2026-05-07,2.0,18.0,119.0,58.0,12,25,87
SKU-ELC-007,Ergonomic Mechanical Keyboard,Electronics,2026-05-08,6.0,18.0,119.0,58.0,12,25,87
SKU-ELC-007,Ergonomic Mechanical Keyboard,Electronics,2026-05-09,9.0,18.0,119.0,58.0,12,25,87
SKU-ELC-007,Ergonomic Mechanical Keyboard,Electronics,2026-05-10,7.0,18.0,119.0,58.0,12,25,87
SKU-ELC-007,Ergonomic Mechanical Keyboard,Electronics,2026-05-11,7.0,18.0,119.0,58.0,12,25,87
SKU-ELC-007,Ergonomic Mechanical Keyboard,Electronics,2026-05-12,5.0,18.0,119.0,58.0,12,25,87
SKU-ELC-007,Ergonomic Mechanical Keyboard,Electronics,2026-05-13,6.0,18.0,119.0,58.0,12,25,87
SKU-ELC-007,Ergonomic Mechanical Keyboard,Electronics,2026-05-14,3.0,18.0,119.0,58.0,12,25,87
SKU-ELC-007,Ergonomic Mechanical Keyboard,Electronics,2026-05-15,4.0,18.0,119.0,58.0,12,25,87
SKU-ELC-007,Ergonomic Mechanical Keyboard,Electronics,2026-05-16,6.0,18.0,119.0,58.0,12,25,87
SKU-ELC-007,Ergonomic Mechanical Keyboard,Electronics,2026-05-17,6.0,18.0,119.0,58.0,12,25,87
SKU-ELC-007,Ergonomic Mechanical Keyboard,Electronics,2026-05-18,10.0,18.0,119.0,58.0,12,25,87
SKU-ELC-007,Ergonomic Mechanical Keyboard,Electronics,2026-05-19,4.0,18.0,119.0,58.0,12,25,87
SKU-ELC-007,Ergonomic Mechanical Keyboard,Electronics,2026-05-20,4.0,18.0,119.0,58.0,12,25,87
SKU-ELC-007,Ergonomic Mechanical Keyboard,Electronics,2026-05-21,6.0,18.0,119.0,58.0,12,25,87
SKU-ELC-007,Ergonomic Mechanical Keyboard,Electronics,2026-05-22,4.0,18.0,119.0,58.0,12,25,87
SKU-ELC-007,Ergonomic Mechanical Keyboard,Electronics,2026-05-23,6.0,18.0,119.0,58.0,12,25,87
SKU-ELC-007,Ergonomic Mechanical Keyboard,Electronics,2026-05-24,5.0,18.0,119.0,58.0,12,25,87
SKU-ELC-007,Ergonomic Mechanical Keyboard,Electronics,2026-05-25,3.0,18.0,119.0,58.0,12,25,87
SKU-ELC-007,Ergonomic Mechanical Keyboard,Electronics,2026-05-26,2.0,18.0,119.0,58.0,12,25,87
SKU-ELC-007,Ergonomic Mechanical Keyboard,Electronics,2026-05-27,3.0,18.0,119.0,58.0,12,25,87
SKU-ELC-007,Ergonomic Mechanical Keyboard,Electronics,2026-05-28,2.0,18.0,119.0,58.0,12,25,87
SKU-ELC-007,Ergonomic Mechanical Keyboard,Electronics,2026-05-29,8.0,18.0,119.0,58.0,12,25,87
SKU-ELC-007,Ergonomic Mechanical Keyboard,Electronics,2026-05-30,9.0,18.0,119.0,58.0,12,25,87
SKU-ELC-007,Ergonomic Mechanical Keyboard,Electronics,2026-05-31,4.0,18.0,119.0,58.0,12,25,87
SKU-ELC-007,Ergonomic Mechanical Keyboard,Electronics,2026-06-01,4.0,18.0,119.0,58.0,12,25,87
SKU-ELC-007,Ergonomic Mechanical Keyboard,Electronics,2026-06-02,5.0,18.0,119.0,58.0,12,25,87
SKU-ELC-007,Ergonomic Mechanical Keyboard,Electronics,2026-06-03,2.0,18.0,119.0,58.0,12,25,87
SKU-ELC-007,Ergonomic Mechanical Keyboard,Electronics,2026-06-04,5.0,18.0,119.0,58.0,12,25,87
SKU-ELC-007,Ergonomic Mechanical Keyboard,Electronics,2026-06-05,7.0,18.0,119.0,58.0,12,25,87
SKU-ELC-007,Ergonomic Mechanical Keyboard,Electronics,2026-06-06,11.0,18.0,119.0,58.0,12,25,87
SKU-ELC-007,Ergonomic Mechanical Keyboard,Electronics,2026-06-07,9.0,18.0,119.0,58.0,12,25,87
SKU-ELC-007,Ergonomic Mechanical Keyboard,Electronics,2026-06-08,5.0,18.0,119.0,58.0,12,25,87
SKU-ELC-007,Ergonomic Mechanical Keyboard,Electronics,2026-06-09,2.0,18.0,119.0,58.0,12,25,87
SKU-ELC-007,Ergonomic Mechanical Keyboard,Electronics,2026-06-10,9.0,18.0,119.0,58.0,12,25,87
SKU-ELC-007,Ergonomic Mechanical Keyboard,Electronics,2026-06-11,4.0,18.0,119.0,58.0,12,25,87
SKU-ELC-007,Ergonomic Mechanical Keyboard,Electronics,2026-06-12,9.0,18.0,119.0,58.0,12,25,87
SKU-ELC-007,Ergonomic Mechanical Keyboard,Electronics,2026-06-13,4.0,18.0,119.0,58.0,12,25,87
SKU-ELC-007,Ergonomic Mechanical Keyboard,Electronics,2026-06-14,7.0,18.0,119.0,58.0,12,25,87
SKU-ELC-007,Ergonomic Mechanical Keyboard,Electronics,2026-06-15,7.0,18.0,119.0,58.0,12,25,87
SKU-ELC-007,Ergonomic Mechanical Keyboard,Electronics,2026-06-16,6.0,18.0,119.0,58.0,12,25,87
SKU-ELC-007,Ergonomic Mechanical Keyboard,Electronics,2026-06-17,5.0,18.0,119.0,58.0,12,25,87
SKU-ELC-007,Ergonomic Mechanical Keyboard,Electronics,2026-06-18,5.0,18.0,119.0,58.0,12,25,87
SKU-ELC-007,Ergonomic Mechanical Keyboard,Electronics,2026-06-19,5.0,18.0,119.0,58.0,12,25,87
SKU-ELC-007,Ergonomic Mechanical Keyboard,Electronics,2026-06-20,8.0,18.0,119.0,58.0,12,25,87
SKU-ELC-007,Ergonomic Mechanical Keyboard,Electronics,2026-06-21,8.0,18.0,119.0,58.0,12,25,87
SKU-ELC-007,Ergonomic Mechanical Keyboard,Electronics,2026-06-22,7.0,18.0,119.0,58.0,12,25,87
SKU-ELC-007,Ergonomic Mechanical Keyboard,Electronics,2026-06-23,10.0,18.0,119.0,58.0,12,25,87
SKU-ELC-007,Ergonomic Mechanical Keyboard,Electronics,2026-06-24,7.0,18.0,119.0,58.0,12,25,87
SKU-ELC-007,Ergonomic Mechanical Keyboard,Electronics,2026-06-25,5.0,18.0,119.0,58.0,12,25,87
SKU-ELC-007,Ergonomic Mechanical Keyboard,Electronics,2026-06-26,6.0,18.0,119.0,58.0,12,25,87
SKU-ELC-007,Ergonomic Mechanical Keyboard,Electronics,2026-06-27,10.0,18.0,119.0,58.0,12,25,87
SKU-ELC-007,Ergonomic Mechanical Keyboard,Electronics,2026-06-28,7.0,18.0,119.0,58.0,12,25,87
SKU-ELC-007,Ergonomic Mechanical Keyboard,Electronics,2026-06-29,2.0,18.0,119.0,58.0,12,25,87
SKU-ELC-007,Ergonomic Mechanical Keyboard,Electronics,2026-06-30,8.0,18.0,119.0,58.0,12,25,87
SKU-ELC-007,Ergonomic Mechanical Keyboard,Electronics,2026-07-01,2.0,18.0,119.0,58.0,12,25,87
SKU-ELC-007,Ergonomic Mechanical Keyboard,Electronics,2026-07-02,7.0,18.0,119.0,58.0,12,25,87
SKU-ELC-007,Ergonomic Mechanical Keyboard,Electronics,2026-07-03,8.0,18.0,119.0,58.0,12,25,87
SKU-ELC-007,Ergonomic Mechanical Keyboard,Electronics,2026-07-04,13.0,18.0,119.0,58.0,12,25,87
SKU-ELC-007,Ergonomic Mechanical Keyboard,Electronics,2026-07-05,5.0,18.0,119.0,58.0,12,25,87
SKU-ELC-007,Ergonomic Mechanical Keyboard,Electronics,2026-07-06,6.0,18.0,119.0,58.0,12,25,87
SKU-ELC-007,Ergonomic Mechanical Keyboard,Electronics,2026-07-07,8.0,18.0,119.0,58.0,12,25,87
SKU-ELC-007,Ergonomic Mechanical Keyboard,Electronics,2026-07-08,3.0,18.0,119.0,58.0,12,25,87
SKU-ELC-007,Ergonomic Mechanical Keyboard,Electronics,2026-07-09,7.0,18.0,119.0,58.0,12,25,87
SKU-ELC-007,Ergonomic Mechanical Keyboard,Electronics,2026-07-10,6.0,18.0,119.0,58.0,12,25,87
SKU-ELC-007,Ergonomic Mechanical Keyboard,Electronics,2026-07-11,8.0,18.0,119.0,58.0,12,25,87
SKU-ELC-007,Ergonomic Mechanical Keyboard,Electronics,2026-07-12,5.0,18.0,119.0,58.0,12,25,87
SKU-ELC-007,Ergonomic Mechanical Keyboard,Electronics,2026-07-13,3.0,18.0,119.0,58.0,12,25,87
SKU-ELC-007,Ergonomic Mechanical Keyboard,Electronics,2026-07-14,6.0,18.0,119.0,58.0,12,25,87
SKU-ELC-007,Ergonomic Mechanical Keyboard,Electronics,2026-07-15,7.0,18.0,119.0,58.0,12,25,87
SKU-ELC-007,Ergonomic Mechanical Keyboard,Electronics,2026-07-16,6.0,18.0,119.0,58.0,12,25,87
SKU-ELC-007,Ergonomic Mechanical Keyboard,Electronics,2026-07-17,9.0,18.0,119.0,58.0,12,25,87
SKU-ELC-007,Ergonomic Mechanical Keyboard,Electronics,2026-07-18,5.0,18.0,119.0,58.0,12,25,87
SKU-ELC-007,Ergonomic Mechanical Keyboard,Electronics,2026-07-19,6.0,18.0,119.0,58.0,12,25,87
SKU-ELC-007,Ergonomic Mechanical Keyboard,Electronics,2026-07-20,6.0,18.0,119.0,58.0,12,25,87
SKU-ELC-007,Ergonomic Mechanical Keyboard,Electronics,2026-07-21,7.0,18.0,119.0,58.0,12,25,87
SKU-ELC-007,Ergonomic Mechanical Keyboard,Electronics,2026-07-22,5.0,18.0,119.0,58.0,12,25,87
SKU-ELC-007,Ergonomic Mechanical Keyboard,Electronics,2026-07-23,6.0,18.0,119.0,58.0,12,25,87
SKU-ELC-007,Ergonomic Mechanical Keyboard,Electronics,2026-07-24,5.0,18.0,119.0,58.0,12,25,87
SKU-ELC-007,Ergonomic Mechanical Keyboard,Electronics,2026-07-25,4.0,18.0,119.0,58.0,12,25,87
SKU-ELC-007,Ergonomic Mechanical Keyboard,Electronics,2026-07-26,4.0,18.0,119.0,58.0,12,25,87
SKU-ELC-007,Ergonomic Mechanical Keyboard,Electronics,2026-07-27,8.0,18.0,119.0,58.0,12,25,87
SKU-ELC-007,Ergonomic Mechanical Keyboard,Electronics,2026-07-28,4.0,18.0,119.0,58.0,12,25,87
SKU-ELC-007,Ergonomic Mechanical Keyboard,Electronics,2026-07-29,9.0,18.0,119.0,58.0,12,25,87
SKU-ELC-007,Ergonomic Mechanical Keyboard,Electronics,2026-07-30,7.0,18.0,119.0,58.0,12,25,87
SKU-ELC-007,Ergonomic Mechanical Keyboard,Electronics,2026-07-31,6.0,18.0,119.0,58.0,12,25,87
SKU-ELC-007,Ergonomic Mechanical Keyboard,Electronics,2026-08-01,6.0,18.0,119.0,58.0,12,25,87
SKU-ELC-007,Ergonomic Mechanical Keyboard,Electronics,2026-08-02,6.0,18.0,119.0,58.0,12,25,87
SKU-ELC-007,Ergonomic Mechanical Keyboard,Electronics,2026-08-03,2.0,18.0,119.0,58.0,12,25,87
SKU-ELC-007,Ergonomic Mechanical Keyboard,Electronics,2026-08-04,6.0,18.0,119.0,58.0,12,25,87
SKU-ELC-007,Ergonomic Mechanical Keyboard,Electronics,2026-08-05,7.0,18.0,119.0,58.0,12,25,87
SKU-ELC-007,Ergonomic Mechanical Keyboard,Electronics,2026-08-06,2.0,18.0,119.0,58.0,12,25,87
SKU-ELC-007,Ergonomic Mechanical Keyboard,Electronics,2026-08-07,3.0,18.0,119.0,58.0,12,25,87
SKU-ELC-007,Ergonomic Mechanical Keyboard,Electronics,2026-08-08,7.0,18.0,119.0,58.0,12,25,87
SKU-ELC-007,Ergonomic Mechanical Keyboard,Electronics,2026-08-09,4.0,18.0,119.0,58.0,12,25,87
SKU-ELC-007,Ergonomic Mechanical Keyboard,Electronics,2026-08-10,6.0,18.0,119.0,58.0,12,25,87
SKU-ELC-007,Ergonomic Mechanical Keyboard,Electronics,2026-08-11,4.0,18.0,119.0,58.0,12,25,87
SKU-ELC-007,Ergonomic Mechanical Keyboard,Electronics,2026-08-12,8.0,18.0,119.0,58.0,12,25,87
SKU-ELC-007,Ergonomic Mechanical Keyboard,Electronics,2026-08-13,2.0,18.0,119.0,58.0,12,25,87
SKU-ELC-007,Ergonomic Mechanical Keyboard,Electronics,2026-08-14,4.0,18.0,119.0,58.0,12,25,87
SKU-ELC-007,Ergonomic Mechanical Keyboard,Electronics,2026-08-15,8.0,18.0,119.0,58.0,12,25,87
SKU-ELC-007,Ergonomic Mechanical Keyboard,Electronics,2026-08-16,4.0,18.0,119.0,58.0,12,25,87
SKU-ELC-007,Ergonomic Mechanical Keyboard,Electronics,2026-08-17,6.0,18.0,119.0,58.0,12,25,87
SKU-ELC-007,Ergonomic Mechanical Keyboard,Electronics,2026-08-18,4.0,18.0,119.0,58.0,12,25,87
SKU-ELC-007,Ergonomic Mechanical Keyboard,Electronics,2026-08-19,5.0,18.0,119.0,58.0,12,25,87
SKU-ELC-007,Ergonomic Mechanical Keyboard,Electronics,2026-08-20,8.0,18.0,119.0,58.0,12,25,87
SKU-ELC-007,Ergonomic Mechanical Keyboard,Electronics,2026-08-21,5.0,18.0,119.0,58.0,12,25,87
SKU-ELC-007,Ergonomic Mechanical Keyboard,Electronics,2026-08-22,8.0,18.0,119.0,58.0,12,25,87
SKU-ELC-007,Ergonomic Mechanical Keyboard,Electronics,2026-08-23,8.0,18.0,119.0,58.0,12,25,87
SKU-ELC-007,Ergonomic Mechanical Keyboard,Electronics,2026-08-24,4.0,18.0,119.0,58.0,12,25,87
SKU-ELC-007,Ergonomic Mechanical Keyboard,Electronics,2026-08-25,4.0,18.0,119.0,58.0,12,25,87
SKU-ELC-007,Ergonomic Mechanical Keyboard,Electronics,2026-08-26,6.0,18.0,119.0,58.0,12,25,87
SKU-ELC-007,Ergonomic Mechanical Keyboard,Electronics,2026-08-27,6.0,18.0,119.0,58.0,12,25,87
SKU-HMK-101,Digital Air Fryer Oven 6Qt,Home & Kitchen,2026-03-01,9.0,14.0,99.99,48.0,14,48,167
SKU-HMK-101,Digital Air Fryer Oven 6Qt,Home & Kitchen,2026-03-02,6.0,14.0,99.99,48.0,14,48,167
SKU-HMK-101,Digital Air Fryer Oven 6Qt,Home & Kitchen,2026-03-03,4.0,14.0,99.99,48.0,14,48,167
SKU-HMK-101,Digital Air Fryer Oven 6Qt,Home & Kitchen,2026-03-04,10.0,14.0,99.99,48.0,14,48,167
SKU-HMK-101,Digital Air Fryer Oven 6Qt,Home & Kitchen,2026-03-05,13.0,14.0,99.99,48.0,14,48,167
SKU-HMK-101,Digital Air Fryer Oven 6Qt,Home & Kitchen,2026-03-06,6.0,14.0,99.99,48.0,14,48,167
SKU-HMK-101,Digital Air Fryer Oven 6Qt,Home & Kitchen,2026-03-07,7.0,14.0,99.99,48.0,14,48,167
SKU-HMK-101,Digital Air Fryer Oven 6Qt,Home & Kitchen,2026-03-08,13.0,14.0,99.99,48.0,14,48,167
SKU-HMK-101,Digital Air Fryer Oven 6Qt,Home & Kitchen,2026-03-09,4.0,14.0,99.99,48.0,14,48,167
SKU-HMK-101,Digital Air Fryer Oven 6Qt,Home & Kitchen,2026-03-10,11.0,14.0,99.99,48.0,14,48,167
SKU-HMK-101,Digital Air Fryer Oven 6Qt,Home & Kitchen,2026-03-11,10.0,14.0,99.99,48.0,14,48,167
SKU-HMK-101,Digital Air Fryer Oven 6Qt,Home & Kitchen,2026-03-12,6.0,14.0,99.99,48.0,14,48,167
SKU-HMK-101,Digital Air Fryer Oven 6Qt,Home & Kitchen,2026-03-13,8.0,14.0,99.99,48.0,14,48,167
SKU-HMK-101,Digital Air Fryer Oven 6Qt,Home & Kitchen,2026-03-14,13.0,14.0,99.99,48.0,14,48,167
SKU-HMK-101,Digital Air Fryer Oven 6Qt,Home & Kitchen,2026-03-15,13.0,14.0,99.99,48.0,14,48,167
SKU-HMK-101,Digital Air Fryer Oven 6Qt,Home & Kitchen,2026-03-16,12.0,14.0,99.99,48.0,14,48,167
SKU-HMK-101,Digital Air Fryer Oven 6Qt,Home & Kitchen,2026-03-17,12.0,14.0,99.99,48.0,14,48,167
SKU-HMK-101,Digital Air Fryer Oven 6Qt,Home & Kitchen,2026-03-18,7.0,14.0,99.99,48.0,14,48,167
SKU-HMK-101,Digital Air Fryer Oven 6Qt,Home & Kitchen,2026-03-19,10.0,14.0,99.99,48.0,14,48,167
SKU-HMK-101,Digital Air Fryer Oven 6Qt,Home & Kitchen,2026-03-20,7.0,14.0,99.99,48.0,14,48,167
SKU-HMK-101,Digital Air Fryer Oven 6Qt,Home & Kitchen,2026-03-21,15.0,14.0,99.99,48.0,14,48,167
SKU-HMK-101,Digital Air Fryer Oven 6Qt,Home & Kitchen,2026-03-22,16.0,14.0,99.99,48.0,14,48,167
SKU-HMK-101,Digital Air Fryer Oven 6Qt,Home & Kitchen,2026-03-23,8.0,14.0,99.99,48.0,14,48,167
SKU-HMK-101,Digital Air Fryer Oven 6Qt,Home & Kitchen,2026-03-24,12.0,14.0,99.99,48.0,14,48,167
SKU-HMK-101,Digital Air Fryer Oven 6Qt,Home & Kitchen,2026-03-25,6.0,14.0,99.99,48.0,14,48,167
SKU-HMK-101,Digital Air Fryer Oven 6Qt,Home & Kitchen,2026-03-26,6.0,14.0,99.99,48.0,14,48,167
SKU-HMK-101,Digital Air Fryer Oven 6Qt,Home & Kitchen,2026-03-27,10.0,14.0,99.99,48.0,14,48,167
SKU-HMK-101,Digital Air Fryer Oven 6Qt,Home & Kitchen,2026-03-28,12.0,14.0,99.99,48.0,14,48,167
SKU-HMK-101,Digital Air Fryer Oven 6Qt,Home & Kitchen,2026-03-29,13.0,14.0,99.99,48.0,14,48,167
SKU-HMK-101,Digital Air Fryer Oven 6Qt,Home & Kitchen,2026-03-30,3.0,14.0,99.99,48.0,14,48,167
SKU-HMK-101,Digital Air Fryer Oven 6Qt,Home & Kitchen,2026-03-31,8.0,14.0,99.99,48.0,14,48,167
SKU-HMK-101,Digital Air Fryer Oven 6Qt,Home & Kitchen,2026-04-01,5.0,14.0,99.99,48.0,14,48,167
SKU-HMK-101,Digital Air Fryer Oven 6Qt,Home & Kitchen,2026-04-02,8.0,14.0,99.99,48.0,14,48,167
SKU-HMK-101,Digital Air Fryer Oven 6Qt,Home & Kitchen,2026-04-03,7.0,14.0,99.99,48.0,14,48,167
SKU-HMK-101,Digital Air Fryer Oven 6Qt,Home & Kitchen,2026-04-04,8.0,14.0,99.99,48.0,14,48,167
SKU-HMK-101,Digital Air Fryer Oven 6Qt,Home & Kitchen,2026-04-05,14.0,14.0,99.99,48.0,14,48,167
SKU-HMK-101,Digital Air Fryer Oven 6Qt,Home & Kitchen,2026-04-06,9.0,14.0,99.99,48.0,14,48,167
SKU-HMK-101,Digital Air Fryer Oven 6Qt,Home & Kitchen,2026-04-07,7.0,14.0,99.99,48.0,14,48,167
SKU-HMK-101,Digital Air Fryer Oven 6Qt,Home & Kitchen,2026-04-08,9.0,14.0,99.99,48.0,14,48,167
SKU-HMK-101,Digital Air Fryer Oven 6Qt,Home & Kitchen,2026-04-09,9.0,14.0,99.99,48.0,14,48,167
SKU-HMK-101,Digital Air Fryer Oven 6Qt,Home & Kitchen,2026-04-10,15.0,14.0,99.99,48.0,14,48,167
SKU-HMK-101,Digital Air Fryer Oven 6Qt,Home & Kitchen,2026-04-11,15.0,14.0,99.99,48.0,14,48,167
SKU-HMK-101,Digital Air Fryer Oven 6Qt,Home & Kitchen,2026-04-12,0.0,14.0,99.99,48.0,14,48,167
SKU-HMK-101,Digital Air Fryer Oven 6Qt,Home & Kitchen,2026-04-13,8.0,14.0,99.99,48.0,14,48,167
SKU-HMK-101,Digital Air Fryer Oven 6Qt,Home & Kitchen,2026-04-14,11.0,14.0,99.99,48.0,14,48,167
SKU-HMK-101,Digital Air Fryer Oven 6Qt,Home & Kitchen,2026-04-15,13.0,14.0,99.99,48.0,14,48,167
SKU-HMK-101,Digital Air Fryer Oven 6Qt,Home & Kitchen,2026-04-16,10.0,14.0,99.99,48.0,14,48,167
SKU-HMK-101,Digital Air Fryer Oven 6Qt,Home & Kitchen,2026-04-17,13.0,14.0,99.99,48.0,14,48,167
SKU-HMK-101,Digital Air Fryer Oven 6Qt,Home & Kitchen,2026-04-18,15.0,14.0,99.99,48.0,14,48,167
SKU-HMK-101,Digital Air Fryer Oven 6Qt,Home & Kitchen,2026-04-19,15.0,14.0,99.99,48.0,14,48,167
SKU-HMK-101,Digital Air Fryer Oven 6Qt,Home & Kitchen,2026-04-20,7.0,14.0,99.99,48.0,14,48,167
SKU-HMK-101,Digital Air Fryer Oven 6Qt,Home & Kitchen,2026-04-21,7.0,14.0,99.99,48.0,14,48,167
SKU-HMK-101,Digital Air Fryer Oven 6Qt,Home & Kitchen,2026-04-22,9.0,14.0,99.99,48.0,14,48,167
SKU-HMK-101,Digital Air Fryer Oven 6Qt,Home & Kitchen,2026-04-23,6.0,14.0,99.99,48.0,14,48,167
SKU-HMK-101,Digital Air Fryer Oven 6Qt,Home & Kitchen,2026-04-24,10.0,14.0,99.99,48.0,14,48,167
SKU-HMK-101,Digital Air Fryer Oven 6Qt,Home & Kitchen,2026-04-25,10.0,14.0,99.99,48.0,14,48,167
SKU-HMK-101,Digital Air Fryer Oven 6Qt,Home & Kitchen,2026-04-26,12.0,14.0,99.99,48.0,14,48,167
SKU-HMK-101,Digital Air Fryer Oven 6Qt,Home & Kitchen,2026-04-27,9.0,14.0,99.99,48.0,14,48,167
SKU-HMK-101,Digital Air Fryer Oven 6Qt,Home & Kitchen,2026-04-28,12.0,14.0,99.99,48.0,14,48,167
SKU-HMK-101,Digital Air Fryer Oven 6Qt,Home & Kitchen,2026-04-29,13.0,14.0,99.99,48.0,14,48,167
SKU-HMK-101,Digital Air Fryer Oven 6Qt,Home & Kitchen,2026-04-30,8.0,14.0,99.99,48.0,14,48,167
SKU-HMK-101,Digital Air Fryer Oven 6Qt,Home & Kitchen,2026-05-01,11.0,14.0,99.99,48.0,14,48,167
SKU-HMK-101,Digital Air Fryer Oven 6Qt,Home & Kitchen,2026-05-02,12.0,14.0,99.99,48.0,14,48,167
SKU-HMK-101,Digital Air Fryer Oven 6Qt,Home & Kitchen,2026-05-03,10.0,14.0,99.99,48.0,14,48,167
SKU-HMK-101,Digital Air Fryer Oven 6Qt,Home & Kitchen,2026-05-04,11.0,14.0,99.99,48.0,14,48,167
SKU-HMK-101,Digital Air Fryer Oven 6Qt,Home & Kitchen,2026-05-05,10.0,14.0,99.99,48.0,14,48,167
SKU-HMK-101,Digital Air Fryer Oven 6Qt,Home & Kitchen,2026-05-06,7.0,14.0,99.99,48.0,14,48,167
SKU-HMK-101,Digital Air Fryer Oven 6Qt,Home & Kitchen,2026-05-07,13.0,14.0,99.99,48.0,14,48,167
SKU-HMK-101,Digital Air Fryer Oven 6Qt,Home & Kitchen,2026-05-08,8.0,14.0,99.99,48.0,14,48,167
SKU-HMK-101,Digital Air Fryer Oven 6Qt,Home & Kitchen,2026-05-09,9.0,14.0,99.99,48.0,14,48,167
SKU-HMK-101,Digital Air Fryer Oven 6Qt,Home & Kitchen,2026-05-10,21.0,14.0,99.99,48.0,14,48,167
SKU-HMK-101,Digital Air Fryer Oven 6Qt,Home & Kitchen,2026-05-11,9.0,14.0,99.99,48.0,14,48,167
SKU-HMK-101,Digital Air Fryer Oven 6Qt,Home & Kitchen,2026-05-12,5.0,14.0,99.99,48.0,14,48,167
SKU-HMK-101,Digital Air Fryer Oven 6Qt,Home & Kitchen,2026-05-13,15.0,14.0,99.99,48.0,14,48,167
SKU-HMK-101,Digital Air Fryer Oven 6Qt,Home & Kitchen,2026-05-14,6.0,14.0,99.99,48.0,14,48,167
SKU-HMK-101,Digital Air Fryer Oven 6Qt,Home & Kitchen,2026-05-15,8.0,14.0,99.99,48.0,14,48,167
SKU-HMK-101,Digital Air Fryer Oven 6Qt,Home & Kitchen,2026-05-16,13.0,14.0,99.99,48.0,14,48,167
SKU-HMK-101,Digital Air Fryer Oven 6Qt,Home & Kitchen,2026-05-17,10.0,14.0,99.99,48.0,14,48,167
SKU-HMK-101,Digital Air Fryer Oven 6Qt,Home & Kitchen,2026-05-18,9.0,14.0,99.99,48.0,14,48,167
SKU-HMK-101,Digital Air Fryer Oven 6Qt,Home & Kitchen,2026-05-19,6.0,14.0,99.99,48.0,14,48,167
SKU-HMK-101,Digital Air Fryer Oven 6Qt,Home & Kitchen,2026-05-20,17.0,14.0,99.99,48.0,14,48,167
SKU-HMK-101,Digital Air Fryer Oven 6Qt,Home & Kitchen,2026-05-21,8.0,14.0,99.99,48.0,14,48,167
SKU-HMK-101,Digital Air Fryer Oven 6Qt,Home & Kitchen,2026-05-22,11.0,14.0,99.99,48.0,14,48,167
SKU-HMK-101,Digital Air Fryer Oven 6Qt,Home & Kitchen,2026-05-23,12.0,14.0,99.99,48.0,14,48,167
SKU-HMK-101,Digital Air Fryer Oven 6Qt,Home & Kitchen,2026-05-24,14.0,14.0,99.99,48.0,14,48,167
SKU-HMK-101,Digital Air Fryer Oven 6Qt,Home & Kitchen,2026-05-25,9.0,14.0,99.99,48.0,14,48,167
SKU-HMK-101,Digital Air Fryer Oven 6Qt,Home & Kitchen,2026-05-26,15.0,14.0,99.99,48.0,14,48,167
SKU-HMK-101,Digital Air Fryer Oven 6Qt,Home & Kitchen,2026-05-27,8.0,14.0,99.99,48.0,14,48,167
SKU-HMK-101,Digital Air Fryer Oven 6Qt,Home & Kitchen,2026-05-28,5.0,14.0,99.99,48.0,14,48,167
SKU-HMK-101,Digital Air Fryer Oven 6Qt,Home & Kitchen,2026-05-29,9.0,14.0,99.99,48.0,14,48,167
SKU-HMK-101,Digital Air Fryer Oven 6Qt,Home & Kitchen,2026-05-30,5.0,14.0,99.99,48.0,14,48,167
SKU-HMK-101,Digital Air Fryer Oven 6Qt,Home & Kitchen,2026-05-31,17.0,14.0,99.99,48.0,14,48,167
SKU-HMK-101,Digital Air Fryer Oven 6Qt,Home & Kitchen,2026-06-01,8.0,14.0,99.99,48.0,14,48,167
SKU-HMK-101,Digital Air Fryer Oven 6Qt,Home & Kitchen,2026-06-02,8.0,14.0,99.99,48.0,14,48,167
SKU-HMK-101,Digital Air Fryer Oven 6Qt,Home & Kitchen,2026-06-03,8.0,14.0,99.99,48.0,14,48,167
SKU-HMK-101,Digital Air Fryer Oven 6Qt,Home & Kitchen,2026-06-04,11.0,14.0,99.99,48.0,14,48,167
SKU-HMK-101,Digital Air Fryer Oven 6Qt,Home & Kitchen,2026-06-05,11.0,14.0,99.99,48.0,14,48,167
SKU-HMK-101,Digital Air Fryer Oven 6Qt,Home & Kitchen,2026-06-06,18.0,14.0,99.99,48.0,14,48,167
SKU-HMK-101,Digital Air Fryer Oven 6Qt,Home & Kitchen,2026-06-07,9.0,14.0,99.99,48.0,14,48,167
SKU-HMK-101,Digital Air Fryer Oven 6Qt,Home & Kitchen,2026-06-08,13.0,14.0,99.99,48.0,14,48,167
SKU-HMK-101,Digital Air Fryer Oven 6Qt,Home & Kitchen,2026-06-09,2.0,14.0,99.99,48.0,14,48,167
SKU-HMK-101,Digital Air Fryer Oven 6Qt,Home & Kitchen,2026-06-10,13.0,14.0,99.99,48.0,14,48,167
SKU-HMK-101,Digital Air Fryer Oven 6Qt,Home & Kitchen,2026-06-11,9.0,14.0,99.99,48.0,14,48,167
SKU-HMK-101,Digital Air Fryer Oven 6Qt,Home & Kitchen,2026-06-12,13.0,14.0,99.99,48.0,14,48,167
SKU-HMK-101,Digital Air Fryer Oven 6Qt,Home & Kitchen,2026-06-13,13.0,14.0,99.99,48.0,14,48,167
SKU-HMK-101,Digital Air Fryer Oven 6Qt,Home & Kitchen,2026-06-14,15.0,14.0,99.99,48.0,14,48,167
SKU-HMK-101,Digital Air Fryer Oven 6Qt,Home & Kitchen,2026-06-15,7.0,14.0,99.99,48.0,14,48,167
SKU-HMK-101,Digital Air Fryer Oven 6Qt,Home & Kitchen,2026-06-16,12.0,14.0,99.99,48.0,14,48,167
SKU-HMK-101,Digital Air Fryer Oven 6Qt,Home & Kitchen,2026-06-17,13.0,14.0,99.99,48.0,14,48,167
SKU-HMK-101,Digital Air Fryer Oven 6Qt,Home & Kitchen,2026-06-18,6.0,14.0,99.99,48.0,14,48,167
SKU-HMK-101,Digital Air Fryer Oven 6Qt,Home & Kitchen,2026-06-19,11.0,14.0,99.99,48.0,14,48,167
SKU-HMK-101,Digital Air Fryer Oven 6Qt,Home & Kitchen,2026-06-20,15.0,14.0,99.99,48.0,14,48,167
SKU-HMK-101,Digital Air Fryer Oven 6Qt,Home & Kitchen,2026-06-21,14.0,14.0,99.99,48.0,14,48,167
SKU-HMK-101,Digital Air Fryer Oven 6Qt,Home & Kitchen,2026-06-22,14.0,14.0,99.99,48.0,14,48,167
SKU-HMK-101,Digital Air Fryer Oven 6Qt,Home & Kitchen,2026-06-23,15.0,14.0,99.99,48.0,14,48,167
SKU-HMK-101,Digital Air Fryer Oven 6Qt,Home & Kitchen,2026-06-24,10.0,14.0,99.99,48.0,14,48,167
SKU-HMK-101,Digital Air Fryer Oven 6Qt,Home & Kitchen,2026-06-25,15.0,14.0,99.99,48.0,14,48,167
SKU-HMK-101,Digital Air Fryer Oven 6Qt,Home & Kitchen,2026-06-26,15.0,14.0,99.99,48.0,14,48,167
SKU-HMK-101,Digital Air Fryer Oven 6Qt,Home & Kitchen,2026-06-27,10.0,14.0,99.99,48.0,14,48,167
SKU-HMK-101,Digital Air Fryer Oven 6Qt,Home & Kitchen,2026-06-28,13.0,14.0,99.99,48.0,14,48,167
SKU-HMK-101,Digital Air Fryer Oven 6Qt,Home & Kitchen,2026-06-29,9.0,14.0,99.99,48.0,14,48,167
SKU-HMK-101,Digital Air Fryer Oven 6Qt,Home & Kitchen,2026-06-30,9.0,14.0,99.99,48.0,14,48,167
SKU-HMK-101,Digital Air Fryer Oven 6Qt,Home & Kitchen,2026-07-01,10.0,14.0,99.99,48.0,14,48,167
SKU-HMK-101,Digital Air Fryer Oven 6Qt,Home & Kitchen,2026-07-02,13.0,14.0,99.99,48.0,14,48,167
SKU-HMK-101,Digital Air Fryer Oven 6Qt,Home & Kitchen,2026-07-03,13.0,14.0,99.99,48.0,14,48,167
SKU-HMK-101,Digital Air Fryer Oven 6Qt,Home & Kitchen,2026-07-04,10.0,14.0,99.99,48.0,14,48,167
SKU-HMK-101,Digital Air Fryer Oven 6Qt,Home & Kitchen,2026-07-05,19.0,14.0,99.99,48.0,14,48,167
SKU-HMK-101,Digital Air Fryer Oven 6Qt,Home & Kitchen,2026-07-06,4.0,14.0,99.99,48.0,14,48,167
SKU-HMK-101,Digital Air Fryer Oven 6Qt,Home & Kitchen,2026-07-07,15.0,14.0,99.99,48.0,14,48,167
SKU-HMK-101,Digital Air Fryer Oven 6Qt,Home & Kitchen,2026-07-08,8.0,14.0,99.99,48.0,14,48,167
SKU-HMK-101,Digital Air Fryer Oven 6Qt,Home & Kitchen,2026-07-09,11.0,14.0,99.99,48.0,14,48,167
SKU-HMK-101,Digital Air Fryer Oven 6Qt,Home & Kitchen,2026-07-10,9.0,14.0,99.99,48.0,14,48,167
SKU-HMK-101,Digital Air Fryer Oven 6Qt,Home & Kitchen,2026-07-11,13.0,14.0,99.99,48.0,14,48,167
SKU-HMK-101,Digital Air Fryer Oven 6Qt,Home & Kitchen,2026-07-12,8.0,14.0,99.99,48.0,14,48,167
SKU-HMK-101,Digital Air Fryer Oven 6Qt,Home & Kitchen,2026-07-13,8.0,14.0,99.99,48.0,14,48,167
SKU-HMK-101,Digital Air Fryer Oven 6Qt,Home & Kitchen,2026-07-14,14.0,14.0,99.99,48.0,14,48,167
SKU-HMK-101,Digital Air Fryer Oven 6Qt,Home & Kitchen,2026-07-15,14.0,14.0,99.99,48.0,14,48,167
SKU-HMK-101,Digital Air Fryer Oven 6Qt,Home & Kitchen,2026-07-16,10.0,14.0,99.99,48.0,14,48,167
SKU-HMK-101,Digital Air Fryer Oven 6Qt,Home & Kitchen,2026-07-17,9.0,14.0,99.99,48.0,14,48,167
SKU-HMK-101,Digital Air Fryer Oven 6Qt,Home & Kitchen,2026-07-18,18.0,14.0,99.99,48.0,14,48,167
SKU-HMK-101,Digital Air Fryer Oven 6Qt,Home & Kitchen,2026-07-19,13.0,14.0,99.99,48.0,14,48,167
SKU-HMK-101,Digital Air Fryer Oven 6Qt,Home & Kitchen,2026-07-20,12.0,14.0,99.99,48.0,14,48,167
SKU-HMK-101,Digital Air Fryer Oven 6Qt,Home & Kitchen,2026-07-21,16.0,14.0,99.99,48.0,14,48,167
SKU-HMK-101,Digital Air Fryer Oven 6Qt,Home & Kitchen,2026-07-22,8.0,14.0,99.99,48.0,14,48,167
SKU-HMK-101,Digital Air Fryer Oven 6Qt,Home & Kitchen,2026-07-23,10.0,14.0,99.99,48.0,14,48,167
SKU-HMK-101,Digital Air Fryer Oven 6Qt,Home & Kitchen,2026-07-24,11.0,14.0,99.99,48.0,14,48,167
SKU-HMK-101,Digital Air Fryer Oven 6Qt,Home & Kitchen,2026-07-25,13.0,14.0,99.99,48.0,14,48,167
SKU-HMK-101,Digital Air Fryer Oven 6Qt,Home & Kitchen,2026-07-26,14.0,14.0,99.99,48.0,14,48,167
SKU-HMK-101,Digital Air Fryer Oven 6Qt,Home & Kitchen,2026-07-27,6.0,14.0,99.99,48.0,14,48,167
SKU-HMK-101,Digital Air Fryer Oven 6Qt,Home & Kitchen,2026-07-28,15.0,14.0,99.99,48.0,14,48,167
SKU-HMK-101,Digital Air Fryer Oven 6Qt,Home & Kitchen,2026-07-29,10.0,14.0,99.99,48.0,14,48,167
SKU-HMK-101,Digital Air Fryer Oven 6Qt,Home & Kitchen,2026-07-30,18.0,14.0,99.99,48.0,14,48,167
SKU-HMK-101,Digital Air Fryer Oven 6Qt,Home & Kitchen,2026-07-31,6.0,14.0,99.99,48.0,14,48,167
SKU-HMK-101,Digital Air Fryer Oven 6Qt,Home & Kitchen,2026-08-01,20.0,14.0,99.99,48.0,14,48,167
SKU-HMK-101,Digital Air Fryer Oven 6Qt,Home & Kitchen,2026-08-02,14.0,14.0,99.99,48.0,14,48,167
SKU-HMK-101,Digital Air Fryer Oven 6Qt,Home & Kitchen,2026-08-03,12.0,14.0,99.99,48.0,14,48,167
SKU-HMK-101,Digital Air Fryer Oven 6Qt,Home & Kitchen,2026-08-04,6.0,14.0,99.99,48.0,14,48,167
SKU-HMK-101,Digital Air Fryer Oven 6Qt,Home & Kitchen,2026-08-05,11.0,14.0,99.99,48.0,14,48,167
SKU-HMK-101,Digital Air Fryer Oven 6Qt,Home & Kitchen,2026-08-06,9.0,14.0,99.99,48.0,14,48,167
SKU-HMK-101,Digital Air Fryer Oven 6Qt,Home & Kitchen,2026-08-07,7.0,14.0,99.99,48.0,14,48,167
SKU-HMK-101,Digital Air Fryer Oven 6Qt,Home & Kitchen,2026-08-08,13.0,14.0,99.99,48.0,14,48,167
SKU-HMK-101,Digital Air Fryer Oven 6Qt,Home & Kitchen,2026-08-09,13.0,14.0,99.99,48.0,14,48,167
SKU-HMK-101,Digital Air Fryer Oven 6Qt,Home & Kitchen,2026-08-10,16.0,14.0,99.99,48.0,14,48,167
SKU-HMK-101,Digital Air Fryer Oven 6Qt,Home & Kitchen,2026-08-11,8.0,14.0,99.99,48.0,14,48,167
SKU-HMK-101,Digital Air Fryer Oven 6Qt,Home & Kitchen,2026-08-12,9.0,14.0,99.99,48.0,14,48,167
SKU-HMK-101,Digital Air Fryer Oven 6Qt,Home & Kitchen,2026-08-13,4.0,14.0,99.99,48.0,14,48,167
SKU-HMK-101,Digital Air Fryer Oven 6Qt,Home & Kitchen,2026-08-14,11.0,14.0,99.99,48.0,14,48,167
SKU-HMK-101,Digital Air Fryer Oven 6Qt,Home & Kitchen,2026-08-15,13.0,14.0,99.99,48.0,14,48,167
SKU-HMK-101,Digital Air Fryer Oven 6Qt,Home & Kitchen,2026-08-16,16.0,14.0,99.99,48.0,14,48,167
SKU-HMK-101,Digital Air Fryer Oven 6Qt,Home & Kitchen,2026-08-17,10.0,14.0,99.99,48.0,14,48,167
SKU-HMK-101,Digital Air Fryer Oven 6Qt,Home & Kitchen,2026-08-18,10.0,14.0,99.99,48.0,14,48,167
SKU-HMK-101,Digital Air Fryer Oven 6Qt,Home & Kitchen,2026-08-19,10.0,14.0,99.99,48.0,14,48,167
SKU-HMK-101,Digital Air Fryer Oven 6Qt,Home & Kitchen,2026-08-20,12.0,14.0,99.99,48.0,14,48,167
SKU-HMK-101,Digital Air Fryer Oven 6Qt,Home & Kitchen,2026-08-21,7.0,14.0,99.99,48.0,14,48,167
SKU-HMK-101,Digital Air Fryer Oven 6Qt,Home & Kitchen,2026-08-22,15.0,14.0,99.99,48.0,14,48,167
SKU-HMK-101,Digital Air Fryer Oven 6Qt,Home & Kitchen,2026-08-23,15.0,14.0,99.99,48.0,14,48,167
SKU-HMK-101,Digital Air Fryer Oven 6Qt,Home & Kitchen,2026-08-24,10.0,14.0,99.99,48.0,14,48,167
SKU-HMK-101,Digital Air Fryer Oven 6Qt,Home & Kitchen,2026-08-25,4.0,14.0,99.99,48.0,14,48,167
SKU-HMK-101,Digital Air Fryer Oven 6Qt,Home & Kitchen,2026-08-26,15.0,14.0,99.99,48.0,14,48,167
SKU-HMK-101,Digital Air Fryer Oven 6Qt,Home & Kitchen,2026-08-27,7.0,14.0,99.99,48.0,14,48,167
SKU-HMK-102,Stainless Steel French Press,Home & Kitchen,2026-03-01,10.0,110.0,34.5,14.0,10,16,56
SKU-HMK-102,Stainless Steel French Press,Home & Kitchen,2026-03-02,4.0,110.0,34.5,14.0,10,16,56
SKU-HMK-102,Stainless Steel French Press,Home & Kitchen,2026-03-03,5.0,110.0,34.5,14.0,10,16,56
SKU-HMK-102,Stainless Steel French Press,Home & Kitchen,2026-03-04,4.0,110.0,34.5,14.0,10,16,56
SKU-HMK-102,Stainless Steel French Press,Home & Kitchen,2026-03-05,5.0,110.0,34.5,14.0,10,16,56
SKU-HMK-102,Stainless Steel French Press,Home & Kitchen,2026-03-06,4.0,110.0,34.5,14.0,10,16,56
SKU-HMK-102,Stainless Steel French Press,Home & Kitchen,2026-03-07,5.0,110.0,34.5,14.0,10,16,56
SKU-HMK-102,Stainless Steel French Press,Home & Kitchen,2026-03-08,6.0,110.0,34.5,14.0,10,16,56
SKU-HMK-102,Stainless Steel French Press,Home & Kitchen,2026-03-09,5.0,110.0,34.5,14.0,10,16,56
SKU-HMK-102,Stainless Steel French Press,Home & Kitchen,2026-03-10,4.0,110.0,34.5,14.0,10,16,56
SKU-HMK-102,Stainless Steel French Press,Home & Kitchen,2026-03-11,4.0,110.0,34.5,14.0,10,16,56
SKU-HMK-102,Stainless Steel French Press,Home & Kitchen,2026-03-12,4.0,110.0,34.5,14.0,10,16,56
SKU-HMK-102,Stainless Steel French Press,Home & Kitchen,2026-03-13,8.0,110.0,34.5,14.0,10,16,56
SKU-HMK-102,Stainless Steel French Press,Home & Kitchen,2026-03-14,4.0,110.0,34.5,14.0,10,16,56
SKU-HMK-102,Stainless Steel French Press,Home & Kitchen,2026-03-15,3.0,110.0,34.5,14.0,10,16,56
SKU-HMK-102,Stainless Steel French Press,Home & Kitchen,2026-03-16,6.0,110.0,34.5,14.0,10,16,56
SKU-HMK-102,Stainless Steel French Press,Home & Kitchen,2026-03-17,4.0,110.0,34.5,14.0,10,16,56
SKU-HMK-102,Stainless Steel French Press,Home & Kitchen,2026-03-18,3.0,110.0,34.5,14.0,10,16,56
SKU-HMK-102,Stainless Steel French Press,Home & Kitchen,2026-03-19,3.0,110.0,34.5,14.0,10,16,56
SKU-HMK-102,Stainless Steel French Press,Home & Kitchen,2026-03-20,4.0,110.0,34.5,14.0,10,16,56
SKU-HMK-102,Stainless Steel French Press,Home & Kitchen,2026-03-21,7.0,110.0,34.5,14.0,10,16,56
SKU-HMK-102,Stainless Steel French Press,Home & Kitchen,2026-03-22,6.0,110.0,34.5,14.0,10,16,56
SKU-HMK-102,Stainless Steel French Press,Home & Kitchen,2026-03-23,2.0,110.0,34.5,14.0,10,16,56
SKU-HMK-102,Stainless Steel French Press,Home & Kitchen,2026-03-24,3.0,110.0,34.5,14.0,10,16,56
SKU-HMK-102,Stainless Steel French Press,Home & Kitchen,2026-03-25,9.0,110.0,34.5,14.0,10,16,56
SKU-HMK-102,Stainless Steel French Press,Home & Kitchen,2026-03-26,4.0,110.0,34.5,14.0,10,16,56
SKU-HMK-102,Stainless Steel French Press,Home & Kitchen,2026-03-27,3.0,110.0,34.5,14.0,10,16,56
SKU-HMK-102,Stainless Steel French Press,Home & Kitchen,2026-03-28,6.0,110.0,34.5,14.0,10,16,56
SKU-HMK-102,Stainless Steel French Press,Home & Kitchen,2026-03-29,8.0,110.0,34.5,14.0,10,16,56
SKU-HMK-102,Stainless Steel French Press,Home & Kitchen,2026-03-30,2.0,110.0,34.5,14.0,10,16,56
SKU-HMK-102,Stainless Steel French Press,Home & Kitchen,2026-03-31,4.0,110.0,34.5,14.0,10,16,56
SKU-HMK-102,Stainless Steel French Press,Home & Kitchen,2026-04-01,3.0,110.0,34.5,14.0,10,16,56
SKU-HMK-102,Stainless Steel French Press,Home & Kitchen,2026-04-02,5.0,110.0,34.5,14.0,10,16,56
SKU-HMK-102,Stainless Steel French Press,Home & Kitchen,2026-04-03,0.0,110.0,34.5,14.0,10,16,56
SKU-HMK-102,Stainless Steel French Press,Home & Kitchen,2026-04-04,5.0,110.0,34.5,14.0,10,16,56
SKU-HMK-102,Stainless Steel French Press,Home & Kitchen,2026-04-05,5.0,110.0,34.5,14.0,10,16,56
SKU-HMK-102,Stainless Steel French Press,Home & Kitchen,2026-04-06,6.0,110.0,34.5,14.0,10,16,56
SKU-HMK-102,Stainless Steel French Press,Home & Kitchen,2026-04-07,4.0,110.0,34.5,14.0,10,16,56
SKU-HMK-102,Stainless Steel French Press,Home & Kitchen,2026-04-08,6.0,110.0,34.5,14.0,10,16,56
SKU-HMK-102,Stainless Steel French Press,Home & Kitchen,2026-04-09,6.0,110.0,34.5,14.0,10,16,56
SKU-HMK-102,Stainless Steel French Press,Home & Kitchen,2026-04-10,2.0,110.0,34.5,14.0,10,16,56
SKU-HMK-102,Stainless Steel French Press,Home & Kitchen,2026-04-11,8.0,110.0,34.5,14.0,10,16,56
SKU-HMK-102,Stainless Steel French Press,Home & Kitchen,2026-04-12,8.0,110.0,34.5,14.0,10,16,56
SKU-HMK-102,Stainless Steel French Press,Home & Kitchen,2026-04-13,2.0,110.0,34.5,14.0,10,16,56
SKU-HMK-102,Stainless Steel French Press,Home & Kitchen,2026-04-14,3.0,110.0,34.5,14.0,10,16,56
SKU-HMK-102,Stainless Steel French Press,Home & Kitchen,2026-04-15,5.0,110.0,34.5,14.0,10,16,56
SKU-HMK-102,Stainless Steel French Press,Home & Kitchen,2026-04-16,5.0,110.0,34.5,14.0,10,16,56
SKU-HMK-102,Stainless Steel French Press,Home & Kitchen,2026-04-17,3.0,110.0,34.5,14.0,10,16,56
SKU-HMK-102,Stainless Steel French Press,Home & Kitchen,2026-04-18,4.0,110.0,34.5,14.0,10,16,56
SKU-HMK-102,Stainless Steel French Press,Home & Kitchen,2026-04-19,4.0,110.0,34.5,14.0,10,16,56
SKU-HMK-102,Stainless Steel French Press,Home & Kitchen,2026-04-20,0.0,110.0,34.5,14.0,10,16,56
SKU-HMK-102,Stainless Steel French Press,Home & Kitchen,2026-04-21,4.0,110.0,34.5,14.0,10,16,56
SKU-HMK-102,Stainless Steel French Press,Home & Kitchen,2026-04-22,1.0,110.0,34.5,14.0,10,16,56
SKU-HMK-102,Stainless Steel French Press,Home & Kitchen,2026-04-23,5.0,110.0,34.5,14.0,10,16,56
SKU-HMK-102,Stainless Steel French Press,Home & Kitchen,2026-04-24,4.0,110.0,34.5,14.0,10,16,56
SKU-HMK-102,Stainless Steel French Press,Home & Kitchen,2026-04-25,6.0,110.0,34.5,14.0,10,16,56
SKU-HMK-102,Stainless Steel French Press,Home & Kitchen,2026-04-26,2.0,110.0,34.5,14.0,10,16,56
SKU-HMK-102,Stainless Steel French Press,Home & Kitchen,2026-04-27,4.0,110.0,34.5,14.0,10,16,56
SKU-HMK-102,Stainless Steel French Press,Home & Kitchen,2026-04-28,5.0,110.0,34.5,14.0,10,16,56
SKU-HMK-102,Stainless Steel French Press,Home & Kitchen,2026-04-29,3.0,110.0,34.5,14.0,10,16,56
SKU-HMK-102,Stainless Steel French Press,Home & Kitchen,2026-04-30,6.0,110.0,34.5,14.0,10,16,56
SKU-HMK-102,Stainless Steel French Press,Home & Kitchen,2026-05-01,3.0,110.0,34.5,14.0,10,16,56
SKU-HMK-102,Stainless Steel French Press,Home & Kitchen,2026-05-02,7.0,110.0,34.5,14.0,10,16,56
SKU-HMK-102,Stainless Steel French Press,Home & Kitchen,2026-05-03,5.0,110.0,34.5,14.0,10,16,56
SKU-HMK-102,Stainless Steel French Press,Home & Kitchen,2026-05-04,4.0,110.0,34.5,14.0,10,16,56
SKU-HMK-102,Stainless Steel French Press,Home & Kitchen,2026-05-05,4.0,110.0,34.5,14.0,10,16,56
SKU-HMK-102,Stainless Steel French Press,Home & Kitchen,2026-05-06,4.0,110.0,34.5,14.0,10,16,56
SKU-HMK-102,Stainless Steel French Press,Home & Kitchen,2026-05-07,4.0,110.0,34.5,14.0,10,16,56
SKU-HMK-102,Stainless Steel French Press,Home & Kitchen,2026-05-08,4.0,110.0,34.5,14.0,10,16,56
SKU-HMK-102,Stainless Steel French Press,Home & Kitchen,2026-05-09,7.0,110.0,34.5,14.0,10,16,56
SKU-HMK-102,Stainless Steel French Press,Home & Kitchen,2026-05-10,3.0,110.0,34.5,14.0,10,16,56
SKU-HMK-102,Stainless Steel French Press,Home & Kitchen,2026-05-11,3.0,110.0,34.5,14.0,10,16,56
SKU-HMK-102,Stainless Steel French Press,Home & Kitchen,2026-05-12,2.0,110.0,34.5,14.0,10,16,56
SKU-HMK-102,Stainless Steel French Press,Home & Kitchen,2026-05-13,3.0,110.0,34.5,14.0,10,16,56
SKU-HMK-102,Stainless Steel French Press,Home & Kitchen,2026-05-14,5.0,110.0,34.5,14.0,10,16,56
SKU-HMK-102,Stainless Steel French Press,Home & Kitchen,2026-05-15,4.0,110.0,34.5,14.0,10,16,56
SKU-HMK-102,Stainless Steel French Press,Home & Kitchen,2026-05-16,2.0,110.0,34.5,14.0,10,16,56
SKU-HMK-102,Stainless Steel French Press,Home & Kitchen,2026-05-17,3.0,110.0,34.5,14.0,10,16,56
SKU-HMK-102,Stainless Steel French Press,Home & Kitchen,2026-05-18,7.0,110.0,34.5,14.0,10,16,56
SKU-HMK-102,Stainless Steel French Press,Home & Kitchen,2026-05-19,2.0,110.0,34.5,14.0,10,16,56
SKU-HMK-102,Stainless Steel French Press,Home & Kitchen,2026-05-20,6.0,110.0,34.5,14.0,10,16,56
SKU-HMK-102,Stainless Steel French Press,Home & Kitchen,2026-05-21,3.0,110.0,34.5,14.0,10,16,56
SKU-HMK-102,Stainless Steel French Press,Home & Kitchen,2026-05-22,2.0,110.0,34.5,14.0,10,16,56
SKU-HMK-102,Stainless Steel French Press,Home & Kitchen,2026-05-23,3.0,110.0,34.5,14.0,10,16,56
SKU-HMK-102,Stainless Steel French Press,Home & Kitchen,2026-05-24,3.0,110.0,34.5,14.0,10,16,56
SKU-HMK-102,Stainless Steel French Press,Home & Kitchen,2026-05-25,5.0,110.0,34.5,14.0,10,16,56
SKU-HMK-102,Stainless Steel French Press,Home & Kitchen,2026-05-26,3.0,110.0,34.5,14.0,10,16,56
SKU-HMK-102,Stainless Steel French Press,Home & Kitchen,2026-05-27,3.0,110.0,34.5,14.0,10,16,56
SKU-HMK-102,Stainless Steel French Press,Home & Kitchen,2026-05-28,2.0,110.0,34.5,14.0,10,16,56
SKU-HMK-102,Stainless Steel French Press,Home & Kitchen,2026-05-29,6.0,110.0,34.5,14.0,10,16,56
SKU-HMK-102,Stainless Steel French Press,Home & Kitchen,2026-05-30,4.0,110.0,34.5,14.0,10,16,56
SKU-HMK-102,Stainless Steel French Press,Home & Kitchen,2026-05-31,5.0,110.0,34.5,14.0,10,16,56
SKU-HMK-102,Stainless Steel French Press,Home & Kitchen,2026-06-01,4.0,110.0,34.5,14.0,10,16,56
SKU-HMK-102,Stainless Steel French Press,Home & Kitchen,2026-06-02,3.0,110.0,34.5,14.0,10,16,56
SKU-HMK-102,Stainless Steel French Press,Home & Kitchen,2026-06-03,2.0,110.0,34.5,14.0,10,16,56
SKU-HMK-102,Stainless Steel French Press,Home & Kitchen,2026-06-04,3.0,110.0,34.5,14.0,10,16,56
SKU-HMK-102,Stainless Steel French Press,Home & Kitchen,2026-06-05,5.0,110.0,34.5,14.0,10,16,56
SKU-HMK-102,Stainless Steel French Press,Home & Kitchen,2026-06-06,4.0,110.0,34.5,14.0,10,16,56
SKU-HMK-102,Stainless Steel French Press,Home & Kitchen,2026-06-07,6.0,110.0,34.5,14.0,10,16,56
SKU-HMK-102,Stainless Steel French Press,Home & Kitchen,2026-06-08,6.0,110.0,34.5,14.0,10,16,56
SKU-HMK-102,Stainless Steel French Press,Home & Kitchen,2026-06-09,6.0,110.0,34.5,14.0,10,16,56
SKU-HMK-102,Stainless Steel French Press,Home & Kitchen,2026-06-10,2.0,110.0,34.5,14.0,10,16,56
SKU-HMK-102,Stainless Steel French Press,Home & Kitchen,2026-06-11,7.0,110.0,34.5,14.0,10,16,56
SKU-HMK-102,Stainless Steel French Press,Home & Kitchen,2026-06-12,6.0,110.0,34.5,14.0,10,16,56
SKU-HMK-102,Stainless Steel French Press,Home & Kitchen,2026-06-13,6.0,110.0,34.5,14.0,10,16,56
SKU-HMK-102,Stainless Steel French Press,Home & Kitchen,2026-06-14,5.0,110.0,34.5,14.0,10,16,56
SKU-HMK-102,Stainless Steel French Press,Home & Kitchen,2026-06-15,4.0,110.0,34.5,14.0,10,16,56
SKU-HMK-102,Stainless Steel French Press,Home & Kitchen,2026-06-16,4.0,110.0,34.5,14.0,10,16,56
SKU-HMK-102,Stainless Steel French Press,Home & Kitchen,2026-06-17,3.0,110.0,34.5,14.0,10,16,56
SKU-HMK-102,Stainless Steel French Press,Home & Kitchen,2026-06-18,4.0,110.0,34.5,14.0,10,16,56
SKU-HMK-102,Stainless Steel French Press,Home & Kitchen,2026-06-19,5.0,110.0,34.5,14.0,10,16,56
SKU-HMK-102,Stainless Steel French Press,Home & Kitchen,2026-06-20,7.0,110.0,34.5,14.0,10,16,56
SKU-HMK-102,Stainless Steel French Press,Home & Kitchen,2026-06-21,4.0,110.0,34.5,14.0,10,16,56
SKU-HMK-102,Stainless Steel French Press,Home & Kitchen,2026-06-22,4.0,110.0,34.5,14.0,10,16,56
SKU-HMK-102,Stainless Steel French Press,Home & Kitchen,2026-06-23,3.0,110.0,34.5,14.0,10,16,56
SKU-HMK-102,Stainless Steel French Press,Home & Kitchen,2026-06-24,4.0,110.0,34.5,14.0,10,16,56
SKU-HMK-102,Stainless Steel French Press,Home & Kitchen,2026-06-25,2.0,110.0,34.5,14.0,10,16,56
SKU-HMK-102,Stainless Steel French Press,Home & Kitchen,2026-06-26,2.0,110.0,34.5,14.0,10,16,56
SKU-HMK-102,Stainless Steel French Press,Home & Kitchen,2026-06-27,4.0,110.0,34.5,14.0,10,16,56
SKU-HMK-102,Stainless Steel French Press,Home & Kitchen,2026-06-28,6.0,110.0,34.5,14.0,10,16,56
SKU-HMK-102,Stainless Steel French Press,Home & Kitchen,2026-06-29,6.0,110.0,34.5,14.0,10,16,56
SKU-HMK-102,Stainless Steel French Press,Home & Kitchen,2026-06-30,5.0,110.0,34.5,14.0,10,16,56
SKU-HMK-102,Stainless Steel French Press,Home & Kitchen,2026-07-01,6.0,110.0,34.5,14.0,10,16,56
SKU-HMK-102,Stainless Steel French Press,Home & Kitchen,2026-07-02,5.0,110.0,34.5,14.0,10,16,56
SKU-HMK-102,Stainless Steel French Press,Home & Kitchen,2026-07-03,4.0,110.0,34.5,14.0,10,16,56
SKU-HMK-102,Stainless Steel French Press,Home & Kitchen,2026-07-04,8.0,110.0,34.5,14.0,10,16,56
SKU-HMK-102,Stainless Steel French Press,Home & Kitchen,2026-07-05,4.0,110.0,34.5,14.0,10,16,56
SKU-HMK-102,Stainless Steel French Press,Home & Kitchen,2026-07-06,5.0,110.0,34.5,14.0,10,16,56
SKU-HMK-102,Stainless Steel French Press,Home & Kitchen,2026-07-07,4.0,110.0,34.5,14.0,10,16,56
SKU-HMK-102,Stainless Steel French Press,Home & Kitchen,2026-07-08,4.0,110.0,34.5,14.0,10,16,56
SKU-HMK-102,Stainless Steel French Press,Home & Kitchen,2026-07-09,4.0,110.0,34.5,14.0,10,16,56
SKU-HMK-102,Stainless Steel French Press,Home & Kitchen,2026-07-10,3.0,110.0,34.5,14.0,10,16,56
SKU-HMK-102,Stainless Steel French Press,Home & Kitchen,2026-07-11,8.0,110.0,34.5,14.0,10,16,56
SKU-HMK-102,Stainless Steel French Press,Home & Kitchen,2026-07-12,6.0,110.0,34.5,14.0,10,16,56
SKU-HMK-102,Stainless Steel French Press,Home & Kitchen,2026-07-13,3.0,110.0,34.5,14.0,10,16,56
SKU-HMK-102,Stainless Steel French Press,Home & Kitchen,2026-07-14,3.0,110.0,34.5,14.0,10,16,56
SKU-HMK-102,Stainless Steel French Press,Home & Kitchen,2026-07-15,7.0,110.0,34.5,14.0,10,16,56
SKU-HMK-102,Stainless Steel French Press,Home & Kitchen,2026-07-16,4.0,110.0,34.5,14.0,10,16,56
SKU-HMK-102,Stainless Steel French Press,Home & Kitchen,2026-07-17,6.0,110.0,34.5,14.0,10,16,56
SKU-HMK-102,Stainless Steel French Press,Home & Kitchen,2026-07-18,3.0,110.0,34.5,14.0,10,16,56
SKU-HMK-102,Stainless Steel French Press,Home & Kitchen,2026-07-19,4.0,110.0,34.5,14.0,10,16,56
SKU-HMK-102,Stainless Steel French Press,Home & Kitchen,2026-07-20,6.0,110.0,34.5,14.0,10,16,56
SKU-HMK-102,Stainless Steel French Press,Home & Kitchen,2026-07-21,0.0,110.0,34.5,14.0,10,16,56
SKU-HMK-102,Stainless Steel French Press,Home & Kitchen,2026-07-22,3.0,110.0,34.5,14.0,10,16,56
SKU-HMK-102,Stainless Steel French Press,Home & Kitchen,2026-07-23,3.0,110.0,34.5,14.0,10,16,56
SKU-HMK-102,Stainless Steel French Press,Home & Kitchen,2026-07-24,5.0,110.0,34.5,14.0,10,16,56
SKU-HMK-102,Stainless Steel French Press,Home & Kitchen,2026-07-25,2.0,110.0,34.5,14.0,10,16,56
SKU-HMK-102,Stainless Steel French Press,Home & Kitchen,2026-07-26,6.0,110.0,34.5,14.0,10,16,56
SKU-HMK-102,Stainless Steel French Press,Home & Kitchen,2026-07-27,3.0,110.0,34.5,14.0,10,16,56
SKU-HMK-102,Stainless Steel French Press,Home & Kitchen,2026-07-28,3.0,110.0,34.5,14.0,10,16,56
SKU-HMK-102,Stainless Steel French Press,Home & Kitchen,2026-07-29,6.0,110.0,34.5,14.0,10,16,56
SKU-HMK-102,Stainless Steel French Press,Home & Kitchen,2026-07-30,5.0,110.0,34.5,14.0,10,16,56
SKU-HMK-102,Stainless Steel French Press,Home & Kitchen,2026-07-31,7.0,110.0,34.5,14.0,10,16,56
SKU-HMK-102,Stainless Steel French Press,Home & Kitchen,2026-08-01,3.0,110.0,34.5,14.0,10,16,56
SKU-HMK-102,Stainless Steel French Press,Home & Kitchen,2026-08-02,4.0,110.0,34.5,14.0,10,16,56
SKU-HMK-102,Stainless Steel French Press,Home & Kitchen,2026-08-03,3.0,110.0,34.5,14.0,10,16,56
SKU-HMK-102,Stainless Steel French Press,Home & Kitchen,2026-08-04,2.0,110.0,34.5,14.0,10,16,56
SKU-HMK-102,Stainless Steel French Press,Home & Kitchen,2026-08-05,4.0,110.0,34.5,14.0,10,16,56
SKU-HMK-102,Stainless Steel French Press,Home & Kitchen,2026-08-06,3.0,110.0,34.5,14.0,10,16,56
SKU-HMK-102,Stainless Steel French Press,Home & Kitchen,2026-08-07,4.0,110.0,34.5,14.0,10,16,56
SKU-HMK-102,Stainless Steel French Press,Home & Kitchen,2026-08-08,9.0,110.0,34.5,14.0,10,16,56
SKU-HMK-102,Stainless Steel French Press,Home & Kitchen,2026-08-09,3.0,110.0,34.5,14.0,10,16,56
SKU-HMK-102,Stainless Steel French Press,Home & Kitchen,2026-08-10,4.0,110.0,34.5,14.0,10,16,56
SKU-HMK-102,Stainless Steel French Press,Home & Kitchen,2026-08-11,5.0,110.0,34.5,14.0,10,16,56
SKU-HMK-102,Stainless Steel French Press,Home & Kitchen,2026-08-12,6.0,110.0,34.5,14.0,10,16,56
SKU-HMK-102,Stainless Steel French Press,Home & Kitchen,2026-08-13,5.0,110.0,34.5,14.0,10,16,56
SKU-HMK-102,Stainless Steel French Press,Home & Kitchen,2026-08-14,1.0,110.0,34.5,14.0,10,16,56
SKU-HMK-102,Stainless Steel French Press,Home & Kitchen,2026-08-15,4.0,110.0,34.5,14.0,10,16,56
SKU-HMK-102,Stainless Steel French Press,Home & Kitchen,2026-08-16,3.0,110.0,34.5,14.0,10,16,56
SKU-HMK-102,Stainless Steel French Press,Home & Kitchen,2026-08-17,7.0,110.0,34.5,14.0,10,16,56
SKU-HMK-102,Stainless Steel French Press,Home & Kitchen,2026-08-18,3.0,110.0,34.5,14.0,10,16,56
SKU-HMK-102,Stainless Steel French Press,Home & Kitchen,2026-08-19,4.0,110.0,34.5,14.0,10,16,56
SKU-HMK-102,Stainless Steel French Press,Home & Kitchen,2026-08-20,0.0,110.0,34.5,14.0,10,16,56
SKU-HMK-102,Stainless Steel French Press,Home & Kitchen,2026-08-21,4.0,110.0,34.5,14.0,10,16,56
SKU-HMK-102,Stainless Steel French Press,Home & Kitchen,2026-08-22,3.0,110.0,34.5,14.0,10,16,56
SKU-HMK-102,Stainless Steel French Press,Home & Kitchen,2026-08-23,5.0,110.0,34.5,14.0,10,16,56
SKU-HMK-102,Stainless Steel French Press,Home & Kitchen,2026-08-24,3.0,110.0,34.5,14.0,10,16,56
SKU-HMK-102,Stainless Steel French Press,Home & Kitchen,2026-08-25,2.0,110.0,34.5,14.0,10,16,56
SKU-HMK-102,Stainless Steel French Press,Home & Kitchen,2026-08-26,5.0,110.0,34.5,14.0,10,16,56
SKU-HMK-102,Stainless Steel French Press,Home & Kitchen,2026-08-27,2.0,110.0,34.5,14.0,10,16,56
SKU-HMK-103,Cold Brew Iced Coffee Pitcher,Home & Kitchen,2026-03-01,3.0,390.0,27.99,11.5,15,11,38
SKU-HMK-103,Cold Brew Iced Coffee Pitcher,Home & Kitchen,2026-03-02,0.0,390.0,27.99,11.5,15,11,38
SKU-HMK-103,Cold Brew Iced Coffee Pitcher,Home & Kitchen,2026-03-03,3.0,390.0,27.99,11.5,15,11,38
SKU-HMK-103,Cold Brew Iced Coffee Pitcher,Home & Kitchen,2026-03-04,1.0,390.0,27.99,11.5,15,11,38
SKU-HMK-103,Cold Brew Iced Coffee Pitcher,Home & Kitchen,2026-03-05,0.0,390.0,27.99,11.5,15,11,38
SKU-HMK-103,Cold Brew Iced Coffee Pitcher,Home & Kitchen,2026-03-06,3.0,390.0,27.99,11.5,15,11,38
SKU-HMK-103,Cold Brew Iced Coffee Pitcher,Home & Kitchen,2026-03-07,1.0,390.0,27.99,11.5,15,11,38
SKU-HMK-103,Cold Brew Iced Coffee Pitcher,Home & Kitchen,2026-03-08,1.0,390.0,27.99,11.5,15,11,38
SKU-HMK-103,Cold Brew Iced Coffee Pitcher,Home & Kitchen,2026-03-09,2.0,390.0,27.99,11.5,15,11,38
SKU-HMK-103,Cold Brew Iced Coffee Pitcher,Home & Kitchen,2026-03-10,1.0,390.0,27.99,11.5,15,11,38
SKU-HMK-103,Cold Brew Iced Coffee Pitcher,Home & Kitchen,2026-03-11,2.0,390.0,27.99,11.5,15,11,38
SKU-HMK-103,Cold Brew Iced Coffee Pitcher,Home & Kitchen,2026-03-12,3.0,390.0,27.99,11.5,15,11,38
SKU-HMK-103,Cold Brew Iced Coffee Pitcher,Home & Kitchen,2026-03-13,1.0,390.0,27.99,11.5,15,11,38
SKU-HMK-103,Cold Brew Iced Coffee Pitcher,Home & Kitchen,2026-03-14,1.0,390.0,27.99,11.5,15,11,38
SKU-HMK-103,Cold Brew Iced Coffee Pitcher,Home & Kitchen,2026-03-15,0.0,390.0,27.99,11.5,15,11,38
SKU-HMK-103,Cold Brew Iced Coffee Pitcher,Home & Kitchen,2026-03-16,0.0,390.0,27.99,11.5,15,11,38
SKU-HMK-103,Cold Brew Iced Coffee Pitcher,Home & Kitchen,2026-03-17,2.0,390.0,27.99,11.5,15,11,38
SKU-HMK-103,Cold Brew Iced Coffee Pitcher,Home & Kitchen,2026-03-18,0.0,390.0,27.99,11.5,15,11,38
SKU-HMK-103,Cold Brew Iced Coffee Pitcher,Home & Kitchen,2026-03-19,2.0,390.0,27.99,11.5,15,11,38
SKU-HMK-103,Cold Brew Iced Coffee Pitcher,Home & Kitchen,2026-03-20,0.0,390.0,27.99,11.5,15,11,38
SKU-HMK-103,Cold Brew Iced Coffee Pitcher,Home & Kitchen,2026-03-21,1.0,390.0,27.99,11.5,15,11,38
SKU-HMK-103,Cold Brew Iced Coffee Pitcher,Home & Kitchen,2026-03-22,1.0,390.0,27.99,11.5,15,11,38
SKU-HMK-103,Cold Brew Iced Coffee Pitcher,Home & Kitchen,2026-03-23,1.0,390.0,27.99,11.5,15,11,38
SKU-HMK-103,Cold Brew Iced Coffee Pitcher,Home & Kitchen,2026-03-24,3.0,390.0,27.99,11.5,15,11,38
SKU-HMK-103,Cold Brew Iced Coffee Pitcher,Home & Kitchen,2026-03-25,1.0,390.0,27.99,11.5,15,11,38
SKU-HMK-103,Cold Brew Iced Coffee Pitcher,Home & Kitchen,2026-03-26,2.0,390.0,27.99,11.5,15,11,38
SKU-HMK-103,Cold Brew Iced Coffee Pitcher,Home & Kitchen,2026-03-27,3.0,390.0,27.99,11.5,15,11,38
SKU-HMK-103,Cold Brew Iced Coffee Pitcher,Home & Kitchen,2026-03-28,0.0,390.0,27.99,11.5,15,11,38
SKU-HMK-103,Cold Brew Iced Coffee Pitcher,Home & Kitchen,2026-03-29,1.0,390.0,27.99,11.5,15,11,38
SKU-HMK-103,Cold Brew Iced Coffee Pitcher,Home & Kitchen,2026-03-30,2.0,390.0,27.99,11.5,15,11,38
SKU-HMK-103,Cold Brew Iced Coffee Pitcher,Home & Kitchen,2026-03-31,3.0,390.0,27.99,11.5,15,11,38
SKU-HMK-103,Cold Brew Iced Coffee Pitcher,Home & Kitchen,2026-04-01,3.0,390.0,27.99,11.5,15,11,38
SKU-HMK-103,Cold Brew Iced Coffee Pitcher,Home & Kitchen,2026-04-02,4.0,390.0,27.99,11.5,15,11,38
SKU-HMK-103,Cold Brew Iced Coffee Pitcher,Home & Kitchen,2026-04-03,0.0,390.0,27.99,11.5,15,11,38
SKU-HMK-103,Cold Brew Iced Coffee Pitcher,Home & Kitchen,2026-04-04,0.0,390.0,27.99,11.5,15,11,38
SKU-HMK-103,Cold Brew Iced Coffee Pitcher,Home & Kitchen,2026-04-05,3.0,390.0,27.99,11.5,15,11,38
SKU-HMK-103,Cold Brew Iced Coffee Pitcher,Home & Kitchen,2026-04-06,2.0,390.0,27.99,11.5,15,11,38
SKU-HMK-103,Cold Brew Iced Coffee Pitcher,Home & Kitchen,2026-04-07,1.0,390.0,27.99,11.5,15,11,38
SKU-HMK-103,Cold Brew Iced Coffee Pitcher,Home & Kitchen,2026-04-08,1.0,390.0,27.99,11.5,15,11,38
SKU-HMK-103,Cold Brew Iced Coffee Pitcher,Home & Kitchen,2026-04-09,1.0,390.0,27.99,11.5,15,11,38
SKU-HMK-103,Cold Brew Iced Coffee Pitcher,Home & Kitchen,2026-04-10,3.0,390.0,27.99,11.5,15,11,38
SKU-HMK-103,Cold Brew Iced Coffee Pitcher,Home & Kitchen,2026-04-11,2.0,390.0,27.99,11.5,15,11,38
SKU-HMK-103,Cold Brew Iced Coffee Pitcher,Home & Kitchen,2026-04-12,1.0,390.0,27.99,11.5,15,11,38
SKU-HMK-103,Cold Brew Iced Coffee Pitcher,Home & Kitchen,2026-04-13,4.0,390.0,27.99,11.5,15,11,38
SKU-HMK-103,Cold Brew Iced Coffee Pitcher,Home & Kitchen,2026-04-14,2.0,390.0,27.99,11.5,15,11,38
SKU-HMK-103,Cold Brew Iced Coffee Pitcher,Home & Kitchen,2026-04-15,0.0,390.0,27.99,11.5,15,11,38
SKU-HMK-103,Cold Brew Iced Coffee Pitcher,Home & Kitchen,2026-04-16,3.0,390.0,27.99,11.5,15,11,38
SKU-HMK-103,Cold Brew Iced Coffee Pitcher,Home & Kitchen,2026-04-17,1.0,390.0,27.99,11.5,15,11,38
SKU-HMK-103,Cold Brew Iced Coffee Pitcher,Home & Kitchen,2026-04-18,2.0,390.0,27.99,11.5,15,11,38
SKU-HMK-103,Cold Brew Iced Coffee Pitcher,Home & Kitchen,2026-04-19,1.0,390.0,27.99,11.5,15,11,38
SKU-HMK-103,Cold Brew Iced Coffee Pitcher,Home & Kitchen,2026-04-20,2.0,390.0,27.99,11.5,15,11,38
SKU-HMK-103,Cold Brew Iced Coffee Pitcher,Home & Kitchen,2026-04-21,3.0,390.0,27.99,11.5,15,11,38
SKU-HMK-103,Cold Brew Iced Coffee Pitcher,Home & Kitchen,2026-04-22,2.0,390.0,27.99,11.5,15,11,38
SKU-HMK-103,Cold Brew Iced Coffee Pitcher,Home & Kitchen,2026-04-23,2.0,390.0,27.99,11.5,15,11,38
SKU-HMK-103,Cold Brew Iced Coffee Pitcher,Home & Kitchen,2026-04-24,1.0,390.0,27.99,11.5,15,11,38
SKU-HMK-103,Cold Brew Iced Coffee Pitcher,Home & Kitchen,2026-04-25,4.0,390.0,27.99,11.5,15,11,38
SKU-HMK-103,Cold Brew Iced Coffee Pitcher,Home & Kitchen,2026-04-26,1.0,390.0,27.99,11.5,15,11,38
SKU-HMK-103,Cold Brew Iced Coffee Pitcher,Home & Kitchen,2026-04-27,0.0,390.0,27.99,11.5,15,11,38
SKU-HMK-103,Cold Brew Iced Coffee Pitcher,Home & Kitchen,2026-04-28,1.0,390.0,27.99,11.5,15,11,38
SKU-HMK-103,Cold Brew Iced Coffee Pitcher,Home & Kitchen,2026-04-29,0.0,390.0,27.99,11.5,15,11,38
SKU-HMK-103,Cold Brew Iced Coffee Pitcher,Home & Kitchen,2026-04-30,0.0,390.0,27.99,11.5,15,11,38
SKU-HMK-103,Cold Brew Iced Coffee Pitcher,Home & Kitchen,2026-05-01,2.0,390.0,27.99,11.5,15,11,38
SKU-HMK-103,Cold Brew Iced Coffee Pitcher,Home & Kitchen,2026-05-02,1.0,390.0,27.99,11.5,15,11,38
SKU-HMK-103,Cold Brew Iced Coffee Pitcher,Home & Kitchen,2026-05-03,5.0,390.0,27.99,11.5,15,11,38
SKU-HMK-103,Cold Brew Iced Coffee Pitcher,Home & Kitchen,2026-05-04,3.0,390.0,27.99,11.5,15,11,38
SKU-HMK-103,Cold Brew Iced Coffee Pitcher,Home & Kitchen,2026-05-05,1.0,390.0,27.99,11.5,15,11,38
SKU-HMK-103,Cold Brew Iced Coffee Pitcher,Home & Kitchen,2026-05-06,2.0,390.0,27.99,11.5,15,11,38
SKU-HMK-103,Cold Brew Iced Coffee Pitcher,Home & Kitchen,2026-05-07,1.0,390.0,27.99,11.5,15,11,38
SKU-HMK-103,Cold Brew Iced Coffee Pitcher,Home & Kitchen,2026-05-08,2.0,390.0,27.99,11.5,15,11,38
SKU-HMK-103,Cold Brew Iced Coffee Pitcher,Home & Kitchen,2026-05-09,1.0,390.0,27.99,11.5,15,11,38
SKU-HMK-103,Cold Brew Iced Coffee Pitcher,Home & Kitchen,2026-05-10,5.0,390.0,27.99,11.5,15,11,38
SKU-HMK-103,Cold Brew Iced Coffee Pitcher,Home & Kitchen,2026-05-11,1.0,390.0,27.99,11.5,15,11,38
SKU-HMK-103,Cold Brew Iced Coffee Pitcher,Home & Kitchen,2026-05-12,4.0,390.0,27.99,11.5,15,11,38
SKU-HMK-103,Cold Brew Iced Coffee Pitcher,Home & Kitchen,2026-05-13,0.0,390.0,27.99,11.5,15,11,38
SKU-HMK-103,Cold Brew Iced Coffee Pitcher,Home & Kitchen,2026-05-14,2.0,390.0,27.99,11.5,15,11,38
SKU-HMK-103,Cold Brew Iced Coffee Pitcher,Home & Kitchen,2026-05-15,2.0,390.0,27.99,11.5,15,11,38
SKU-HMK-103,Cold Brew Iced Coffee Pitcher,Home & Kitchen,2026-05-16,1.0,390.0,27.99,11.5,15,11,38
SKU-HMK-103,Cold Brew Iced Coffee Pitcher,Home & Kitchen,2026-05-17,4.0,390.0,27.99,11.5,15,11,38
SKU-HMK-103,Cold Brew Iced Coffee Pitcher,Home & Kitchen,2026-05-18,2.0,390.0,27.99,11.5,15,11,38
SKU-HMK-103,Cold Brew Iced Coffee Pitcher,Home & Kitchen,2026-05-19,4.0,390.0,27.99,11.5,15,11,38
SKU-HMK-103,Cold Brew Iced Coffee Pitcher,Home & Kitchen,2026-05-20,1.0,390.0,27.99,11.5,15,11,38
SKU-HMK-103,Cold Brew Iced Coffee Pitcher,Home & Kitchen,2026-05-21,1.0,390.0,27.99,11.5,15,11,38
SKU-HMK-103,Cold Brew Iced Coffee Pitcher,Home & Kitchen,2026-05-22,4.0,390.0,27.99,11.5,15,11,38
SKU-HMK-103,Cold Brew Iced Coffee Pitcher,Home & Kitchen,2026-05-23,2.0,390.0,27.99,11.5,15,11,38
SKU-HMK-103,Cold Brew Iced Coffee Pitcher,Home & Kitchen,2026-05-24,1.0,390.0,27.99,11.5,15,11,38
SKU-HMK-103,Cold Brew Iced Coffee Pitcher,Home & Kitchen,2026-05-25,1.0,390.0,27.99,11.5,15,11,38
SKU-HMK-103,Cold Brew Iced Coffee Pitcher,Home & Kitchen,2026-05-26,2.0,390.0,27.99,11.5,15,11,38
SKU-HMK-103,Cold Brew Iced Coffee Pitcher,Home & Kitchen,2026-05-27,2.0,390.0,27.99,11.5,15,11,38
SKU-HMK-103,Cold Brew Iced Coffee Pitcher,Home & Kitchen,2026-05-28,2.0,390.0,27.99,11.5,15,11,38
SKU-HMK-103,Cold Brew Iced Coffee Pitcher,Home & Kitchen,2026-05-29,1.0,390.0,27.99,11.5,15,11,38
SKU-HMK-103,Cold Brew Iced Coffee Pitcher,Home & Kitchen,2026-05-30,1.0,390.0,27.99,11.5,15,11,38
SKU-HMK-103,Cold Brew Iced Coffee Pitcher,Home & Kitchen,2026-05-31,3.0,390.0,27.99,11.5,15,11,38
SKU-HMK-103,Cold Brew Iced Coffee Pitcher,Home & Kitchen,2026-06-01,3.0,390.0,27.99,11.5,15,11,38
SKU-HMK-103,Cold Brew Iced Coffee Pitcher,Home & Kitchen,2026-06-02,2.0,390.0,27.99,11.5,15,11,38
SKU-HMK-103,Cold Brew Iced Coffee Pitcher,Home & Kitchen,2026-06-03,3.0,390.0,27.99,11.5,15,11,38
SKU-HMK-103,Cold Brew Iced Coffee Pitcher,Home & Kitchen,2026-06-04,2.0,390.0,27.99,11.5,15,11,38
SKU-HMK-103,Cold Brew Iced Coffee Pitcher,Home & Kitchen,2026-06-05,2.0,390.0,27.99,11.5,15,11,38
SKU-HMK-103,Cold Brew Iced Coffee Pitcher,Home & Kitchen,2026-06-06,2.0,390.0,27.99,11.5,15,11,38
SKU-HMK-103,Cold Brew Iced Coffee Pitcher,Home & Kitchen,2026-06-07,1.0,390.0,27.99,11.5,15,11,38
SKU-HMK-103,Cold Brew Iced Coffee Pitcher,Home & Kitchen,2026-06-08,2.0,390.0,27.99,11.5,15,11,38
SKU-HMK-103,Cold Brew Iced Coffee Pitcher,Home & Kitchen,2026-06-09,3.0,390.0,27.99,11.5,15,11,38
SKU-HMK-103,Cold Brew Iced Coffee Pitcher,Home & Kitchen,2026-06-10,2.0,390.0,27.99,11.5,15,11,38
SKU-HMK-103,Cold Brew Iced Coffee Pitcher,Home & Kitchen,2026-06-11,1.0,390.0,27.99,11.5,15,11,38
SKU-HMK-103,Cold Brew Iced Coffee Pitcher,Home & Kitchen,2026-06-12,1.0,390.0,27.99,11.5,15,11,38
SKU-HMK-103,Cold Brew Iced Coffee Pitcher,Home & Kitchen,2026-06-13,1.0,390.0,27.99,11.5,15,11,38
SKU-HMK-103,Cold Brew Iced Coffee Pitcher,Home & Kitchen,2026-06-14,4.0,390.0,27.99,11.5,15,11,38
SKU-HMK-103,Cold Brew Iced Coffee Pitcher,Home & Kitchen,2026-06-15,1.0,390.0,27.99,11.5,15,11,38
SKU-HMK-103,Cold Brew Iced Coffee Pitcher,Home & Kitchen,2026-06-16,2.0,390.0,27.99,11.5,15,11,38
SKU-HMK-103,Cold Brew Iced Coffee Pitcher,Home & Kitchen,2026-06-17,1.0,390.0,27.99,11.5,15,11,38
SKU-HMK-103,Cold Brew Iced Coffee Pitcher,Home & Kitchen,2026-06-18,1.0,390.0,27.99,11.5,15,11,38
SKU-HMK-103,Cold Brew Iced Coffee Pitcher,Home & Kitchen,2026-06-19,1.0,390.0,27.99,11.5,15,11,38
SKU-HMK-103,Cold Brew Iced Coffee Pitcher,Home & Kitchen,2026-06-20,2.0,390.0,27.99,11.5,15,11,38
SKU-HMK-103,Cold Brew Iced Coffee Pitcher,Home & Kitchen,2026-06-21,4.0,390.0,27.99,11.5,15,11,38
SKU-HMK-103,Cold Brew Iced Coffee Pitcher,Home & Kitchen,2026-06-22,2.0,390.0,27.99,11.5,15,11,38
SKU-HMK-103,Cold Brew Iced Coffee Pitcher,Home & Kitchen,2026-06-23,1.0,390.0,27.99,11.5,15,11,38
SKU-HMK-103,Cold Brew Iced Coffee Pitcher,Home & Kitchen,2026-06-24,0.0,390.0,27.99,11.5,15,11,38
SKU-HMK-103,Cold Brew Iced Coffee Pitcher,Home & Kitchen,2026-06-25,0.0,390.0,27.99,11.5,15,11,38
SKU-HMK-103,Cold Brew Iced Coffee Pitcher,Home & Kitchen,2026-06-26,0.0,390.0,27.99,11.5,15,11,38
SKU-HMK-103,Cold Brew Iced Coffee Pitcher,Home & Kitchen,2026-06-27,4.0,390.0,27.99,11.5,15,11,38
SKU-HMK-103,Cold Brew Iced Coffee Pitcher,Home & Kitchen,2026-06-28,5.0,390.0,27.99,11.5,15,11,38
SKU-HMK-103,Cold Brew Iced Coffee Pitcher,Home & Kitchen,2026-06-29,1.0,390.0,27.99,11.5,15,11,38
SKU-HMK-103,Cold Brew Iced Coffee Pitcher,Home & Kitchen,2026-06-30,0.0,390.0,27.99,11.5,15,11,38
SKU-HMK-103,Cold Brew Iced Coffee Pitcher,Home & Kitchen,2026-07-01,2.0,390.0,27.99,11.5,15,11,38
SKU-HMK-103,Cold Brew Iced Coffee Pitcher,Home & Kitchen,2026-07-02,2.0,390.0,27.99,11.5,15,11,38
SKU-HMK-103,Cold Brew Iced Coffee Pitcher,Home & Kitchen,2026-07-03,2.0,390.0,27.99,11.5,15,11,38
SKU-HMK-103,Cold Brew Iced Coffee Pitcher,Home & Kitchen,2026-07-04,4.0,390.0,27.99,11.5,15,11,38
SKU-HMK-103,Cold Brew Iced Coffee Pitcher,Home & Kitchen,2026-07-05,3.0,390.0,27.99,11.5,15,11,38
SKU-HMK-103,Cold Brew Iced Coffee Pitcher,Home & Kitchen,2026-07-06,1.0,390.0,27.99,11.5,15,11,38
SKU-HMK-103,Cold Brew Iced Coffee Pitcher,Home & Kitchen,2026-07-07,0.0,390.0,27.99,11.5,15,11,38
SKU-HMK-103,Cold Brew Iced Coffee Pitcher,Home & Kitchen,2026-07-08,1.0,390.0,27.99,11.5,15,11,38
SKU-HMK-103,Cold Brew Iced Coffee Pitcher,Home & Kitchen,2026-07-09,1.0,390.0,27.99,11.5,15,11,38
SKU-HMK-103,Cold Brew Iced Coffee Pitcher,Home & Kitchen,2026-07-10,1.0,390.0,27.99,11.5,15,11,38
SKU-HMK-103,Cold Brew Iced Coffee Pitcher,Home & Kitchen,2026-07-11,0.0,390.0,27.99,11.5,15,11,38
SKU-HMK-103,Cold Brew Iced Coffee Pitcher,Home & Kitchen,2026-07-12,0.0,390.0,27.99,11.5,15,11,38
SKU-HMK-103,Cold Brew Iced Coffee Pitcher,Home & Kitchen,2026-07-13,2.0,390.0,27.99,11.5,15,11,38
SKU-HMK-103,Cold Brew Iced Coffee Pitcher,Home & Kitchen,2026-07-14,3.0,390.0,27.99,11.5,15,11,38
SKU-HMK-103,Cold Brew Iced Coffee Pitcher,Home & Kitchen,2026-07-15,1.0,390.0,27.99,11.5,15,11,38
SKU-HMK-103,Cold Brew Iced Coffee Pitcher,Home & Kitchen,2026-07-16,2.0,390.0,27.99,11.5,15,11,38
SKU-HMK-103,Cold Brew Iced Coffee Pitcher,Home & Kitchen,2026-07-17,1.0,390.0,27.99,11.5,15,11,38
SKU-HMK-103,Cold Brew Iced Coffee Pitcher,Home & Kitchen,2026-07-18,4.0,390.0,27.99,11.5,15,11,38
SKU-HMK-103,Cold Brew Iced Coffee Pitcher,Home & Kitchen,2026-07-19,2.0,390.0,27.99,11.5,15,11,38
SKU-HMK-103,Cold Brew Iced Coffee Pitcher,Home & Kitchen,2026-07-20,1.0,390.0,27.99,11.5,15,11,38
SKU-HMK-103,Cold Brew Iced Coffee Pitcher,Home & Kitchen,2026-07-21,1.0,390.0,27.99,11.5,15,11,38
SKU-HMK-103,Cold Brew Iced Coffee Pitcher,Home & Kitchen,2026-07-22,2.0,390.0,27.99,11.5,15,11,38
SKU-HMK-103,Cold Brew Iced Coffee Pitcher,Home & Kitchen,2026-07-23,2.0,390.0,27.99,11.5,15,11,38
SKU-HMK-103,Cold Brew Iced Coffee Pitcher,Home & Kitchen,2026-07-24,2.0,390.0,27.99,11.5,15,11,38
SKU-HMK-103,Cold Brew Iced Coffee Pitcher,Home & Kitchen,2026-07-25,2.0,390.0,27.99,11.5,15,11,38
SKU-HMK-103,Cold Brew Iced Coffee Pitcher,Home & Kitchen,2026-07-26,1.0,390.0,27.99,11.5,15,11,38
SKU-HMK-103,Cold Brew Iced Coffee Pitcher,Home & Kitchen,2026-07-27,2.0,390.0,27.99,11.5,15,11,38
SKU-HMK-103,Cold Brew Iced Coffee Pitcher,Home & Kitchen,2026-07-28,3.0,390.0,27.99,11.5,15,11,38
SKU-HMK-103,Cold Brew Iced Coffee Pitcher,Home & Kitchen,2026-07-29,1.0,390.0,27.99,11.5,15,11,38
SKU-HMK-103,Cold Brew Iced Coffee Pitcher,Home & Kitchen,2026-07-30,0.0,390.0,27.99,11.5,15,11,38
SKU-HMK-103,Cold Brew Iced Coffee Pitcher,Home & Kitchen,2026-07-31,1.0,390.0,27.99,11.5,15,11,38
SKU-HMK-103,Cold Brew Iced Coffee Pitcher,Home & Kitchen,2026-08-01,0.0,390.0,27.99,11.5,15,11,38
SKU-HMK-103,Cold Brew Iced Coffee Pitcher,Home & Kitchen,2026-08-02,0.0,390.0,27.99,11.5,15,11,38
SKU-HMK-103,Cold Brew Iced Coffee Pitcher,Home & Kitchen,2026-08-03,0.0,390.0,27.99,11.5,15,11,38
SKU-HMK-103,Cold Brew Iced Coffee Pitcher,Home & Kitchen,2026-08-04,0.0,390.0,27.99,11.5,15,11,38
SKU-HMK-103,Cold Brew Iced Coffee Pitcher,Home & Kitchen,2026-08-05,2.0,390.0,27.99,11.5,15,11,38
SKU-HMK-103,Cold Brew Iced Coffee Pitcher,Home & Kitchen,2026-08-06,0.0,390.0,27.99,11.5,15,11,38
SKU-HMK-103,Cold Brew Iced Coffee Pitcher,Home & Kitchen,2026-08-07,2.0,390.0,27.99,11.5,15,11,38
SKU-HMK-103,Cold Brew Iced Coffee Pitcher,Home & Kitchen,2026-08-08,2.0,390.0,27.99,11.5,15,11,38
SKU-HMK-103,Cold Brew Iced Coffee Pitcher,Home & Kitchen,2026-08-09,1.0,390.0,27.99,11.5,15,11,38
SKU-HMK-103,Cold Brew Iced Coffee Pitcher,Home & Kitchen,2026-08-10,1.0,390.0,27.99,11.5,15,11,38
SKU-HMK-103,Cold Brew Iced Coffee Pitcher,Home & Kitchen,2026-08-11,1.0,390.0,27.99,11.5,15,11,38
SKU-HMK-103,Cold Brew Iced Coffee Pitcher,Home & Kitchen,2026-08-12,0.0,390.0,27.99,11.5,15,11,38
SKU-HMK-103,Cold Brew Iced Coffee Pitcher,Home & Kitchen,2026-08-13,0.0,390.0,27.99,11.5,15,11,38
SKU-HMK-103,Cold Brew Iced Coffee Pitcher,Home & Kitchen,2026-08-14,2.0,390.0,27.99,11.5,15,11,38
SKU-HMK-103,Cold Brew Iced Coffee Pitcher,Home & Kitchen,2026-08-15,2.0,390.0,27.99,11.5,15,11,38
SKU-HMK-103,Cold Brew Iced Coffee Pitcher,Home & Kitchen,2026-08-16,0.0,390.0,27.99,11.5,15,11,38
SKU-HMK-103,Cold Brew Iced Coffee Pitcher,Home & Kitchen,2026-08-17,1.0,390.0,27.99,11.5,15,11,38
SKU-HMK-103,Cold Brew Iced Coffee Pitcher,Home & Kitchen,2026-08-18,0.0,390.0,27.99,11.5,15,11,38
SKU-HMK-103,Cold Brew Iced Coffee Pitcher,Home & Kitchen,2026-08-19,1.0,390.0,27.99,11.5,15,11,38
SKU-HMK-103,Cold Brew Iced Coffee Pitcher,Home & Kitchen,2026-08-20,1.0,390.0,27.99,11.5,15,11,38
SKU-HMK-103,Cold Brew Iced Coffee Pitcher,Home & Kitchen,2026-08-21,2.0,390.0,27.99,11.5,15,11,38
SKU-HMK-103,Cold Brew Iced Coffee Pitcher,Home & Kitchen,2026-08-22,3.0,390.0,27.99,11.5,15,11,38
SKU-HMK-103,Cold Brew Iced Coffee Pitcher,Home & Kitchen,2026-08-23,0.0,390.0,27.99,11.5,15,11,38
SKU-HMK-103,Cold Brew Iced Coffee Pitcher,Home & Kitchen,2026-08-24,2.0,390.0,27.99,11.5,15,11,38
SKU-HMK-103,Cold Brew Iced Coffee Pitcher,Home & Kitchen,2026-08-25,1.0,390.0,27.99,11.5,15,11,38
SKU-HMK-103,Cold Brew Iced Coffee Pitcher,Home & Kitchen,2026-08-26,2.0,390.0,27.99,11.5,15,11,38
SKU-HMK-103,Cold Brew Iced Coffee Pitcher,Home & Kitchen,2026-08-27,2.0,390.0,27.99,11.5,15,11,38
SKU-HMK-104,Electric Precision Milk Frother,Home & Kitchen,2026-03-01,8.0,0.0,19.99,6.5,7,20,69
SKU-HMK-104,Electric Precision Milk Frother,Home & Kitchen,2026-03-02,9.0,0.0,19.99,6.5,7,20,69
SKU-HMK-104,Electric Precision Milk Frother,Home & Kitchen,2026-03-03,8.0,0.0,19.99,6.5,7,20,69
SKU-HMK-104,Electric Precision Milk Frother,Home & Kitchen,2026-03-04,3.0,0.0,19.99,6.5,7,20,69
SKU-HMK-104,Electric Precision Milk Frother,Home & Kitchen,2026-03-05,6.0,0.0,19.99,6.5,7,20,69
SKU-HMK-104,Electric Precision Milk Frother,Home & Kitchen,2026-03-06,6.0,0.0,19.99,6.5,7,20,69
SKU-HMK-104,Electric Precision Milk Frother,Home & Kitchen,2026-03-07,8.0,0.0,19.99,6.5,7,20,69
SKU-HMK-104,Electric Precision Milk Frother,Home & Kitchen,2026-03-08,9.0,0.0,19.99,6.5,7,20,69
SKU-HMK-104,Electric Precision Milk Frother,Home & Kitchen,2026-03-09,6.0,0.0,19.99,6.5,7,20,69
SKU-HMK-104,Electric Precision Milk Frother,Home & Kitchen,2026-03-10,6.0,0.0,19.99,6.5,7,20,69
SKU-HMK-104,Electric Precision Milk Frother,Home & Kitchen,2026-03-11,9.0,0.0,19.99,6.5,7,20,69
SKU-HMK-104,Electric Precision Milk Frother,Home & Kitchen,2026-03-12,8.0,0.0,19.99,6.5,7,20,69
SKU-HMK-104,Electric Precision Milk Frother,Home & Kitchen,2026-03-13,13.0,0.0,19.99,6.5,7,20,69
SKU-HMK-104,Electric Precision Milk Frother,Home & Kitchen,2026-03-14,8.0,0.0,19.99,6.5,7,20,69
SKU-HMK-104,Electric Precision Milk Frother,Home & Kitchen,2026-03-15,6.0,0.0,19.99,6.5,7,20,69
SKU-HMK-104,Electric Precision Milk Frother,Home & Kitchen,2026-03-16,8.0,0.0,19.99,6.5,7,20,69
SKU-HMK-104,Electric Precision Milk Frother,Home & Kitchen,2026-03-17,7.0,0.0,19.99,6.5,7,20,69
SKU-HMK-104,Electric Precision Milk Frother,Home & Kitchen,2026-03-18,9.0,0.0,19.99,6.5,7,20,69
SKU-HMK-104,Electric Precision Milk Frother,Home & Kitchen,2026-03-19,8.0,0.0,19.99,6.5,7,20,69
SKU-HMK-104,Electric Precision Milk Frother,Home & Kitchen,2026-03-20,8.0,0.0,19.99,6.5,7,20,69
SKU-HMK-104,Electric Precision Milk Frother,Home & Kitchen,2026-03-21,8.0,0.0,19.99,6.5,7,20,69
SKU-HMK-104,Electric Precision Milk Frother,Home & Kitchen,2026-03-22,7.0,0.0,19.99,6.5,7,20,69
SKU-HMK-104,Electric Precision Milk Frother,Home & Kitchen,2026-03-23,5.0,0.0,19.99,6.5,7,20,69
SKU-HMK-104,Electric Precision Milk Frother,Home & Kitchen,2026-03-24,7.0,0.0,19.99,6.5,7,20,69
SKU-HMK-104,Electric Precision Milk Frother,Home & Kitchen,2026-03-25,7.0,0.0,19.99,6.5,7,20,69
SKU-HMK-104,Electric Precision Milk Frother,Home & Kitchen,2026-03-26,9.0,0.0,19.99,6.5,7,20,69
SKU-HMK-104,Electric Precision Milk Frother,Home & Kitchen,2026-03-27,12.0,0.0,19.99,6.5,7,20,69
SKU-HMK-104,Electric Precision Milk Frother,Home & Kitchen,2026-03-28,8.0,0.0,19.99,6.5,7,20,69
SKU-HMK-104,Electric Precision Milk Frother,Home & Kitchen,2026-03-29,12.0,0.0,19.99,6.5,7,20,69
SKU-HMK-104,Electric Precision Milk Frother,Home & Kitchen,2026-03-30,4.0,0.0,19.99,6.5,7,20,69
SKU-HMK-104,Electric Precision Milk Frother,Home & Kitchen,2026-03-31,9.0,0.0,19.99,6.5,7,20,69
SKU-HMK-104,Electric Precision Milk Frother,Home & Kitchen,2026-04-01,9.0,0.0,19.99,6.5,7,20,69
SKU-HMK-104,Electric Precision Milk Frother,Home & Kitchen,2026-04-02,4.0,0.0,19.99,6.5,7,20,69
SKU-HMK-104,Electric Precision Milk Frother,Home & Kitchen,2026-04-03,11.0,0.0,19.99,6.5,7,20,69
SKU-HMK-104,Electric Precision Milk Frother,Home & Kitchen,2026-04-04,14.0,0.0,19.99,6.5,7,20,69
SKU-HMK-104,Electric Precision Milk Frother,Home & Kitchen,2026-04-05,9.0,0.0,19.99,6.5,7,20,69
SKU-HMK-104,Electric Precision Milk Frother,Home & Kitchen,2026-04-06,8.0,0.0,19.99,6.5,7,20,69
SKU-HMK-104,Electric Precision Milk Frother,Home & Kitchen,2026-04-07,12.0,0.0,19.99,6.5,7,20,69
SKU-HMK-104,Electric Precision Milk Frother,Home & Kitchen,2026-04-08,6.0,0.0,19.99,6.5,7,20,69
SKU-HMK-104,Electric Precision Milk Frother,Home & Kitchen,2026-04-09,8.0,0.0,19.99,6.5,7,20,69
SKU-HMK-104,Electric Precision Milk Frother,Home & Kitchen,2026-04-10,12.0,0.0,19.99,6.5,7,20,69
SKU-HMK-104,Electric Precision Milk Frother,Home & Kitchen,2026-04-11,14.0,0.0,19.99,6.5,7,20,69
SKU-HMK-104,Electric Precision Milk Frother,Home & Kitchen,2026-04-12,12.0,0.0,19.99,6.5,7,20,69
SKU-HMK-104,Electric Precision Milk Frother,Home & Kitchen,2026-04-13,6.0,0.0,19.99,6.5,7,20,69
SKU-HMK-104,Electric Precision Milk Frother,Home & Kitchen,2026-04-14,7.0,0.0,19.99,6.5,7,20,69
SKU-HMK-104,Electric Precision Milk Frother,Home & Kitchen,2026-04-15,11.0,0.0,19.99,6.5,7,20,69
SKU-HMK-104,Electric Precision Milk Frother,Home & Kitchen,2026-04-16,9.0,0.0,19.99,6.5,7,20,69
SKU-HMK-104,Electric Precision Milk Frother,Home & Kitchen,2026-04-17,4.0,0.0,19.99,6.5,7,20,69
SKU-HMK-104,Electric Precision Milk Frother,Home & Kitchen,2026-04-18,10.0,0.0,19.99,6.5,7,20,69
SKU-HMK-104,Electric Precision Milk Frother,Home & Kitchen,2026-04-19,8.0,0.0,19.99,6.5,7,20,69
SKU-HMK-104,Electric Precision Milk Frother,Home & Kitchen,2026-04-20,5.0,0.0,19.99,6.5,7,20,69
SKU-HMK-104,Electric Precision Milk Frother,Home & Kitchen,2026-04-21,11.0,0.0,19.99,6.5,7,20,69
SKU-HMK-104,Electric Precision Milk Frother,Home & Kitchen,2026-04-22,6.0,0.0,19.99,6.5,7,20,69
SKU-HMK-104,Electric Precision Milk Frother,Home & Kitchen,2026-04-23,8.0,0.0,19.99,6.5,7,20,69
SKU-HMK-104,Electric Precision Milk Frother,Home & Kitchen,2026-04-24,6.0,0.0,19.99,6.5,7,20,69
SKU-HMK-104,Electric Precision Milk Frother,Home & Kitchen,2026-04-25,6.0,0.0,19.99,6.5,7,20,69
SKU-HMK-104,Electric Precision Milk Frother,Home & Kitchen,2026-04-26,7.0,0.0,19.99,6.5,7,20,69
SKU-HMK-104,Electric Precision Milk Frother,Home & Kitchen,2026-04-27,5.0,0.0,19.99,6.5,7,20,69
SKU-HMK-104,Electric Precision Milk Frother,Home & Kitchen,2026-04-28,7.0,0.0,19.99,6.5,7,20,69
SKU-HMK-104,Electric Precision Milk Frother,Home & Kitchen,2026-04-29,4.0,0.0,19.99,6.5,7,20,69
SKU-HMK-104,Electric Precision Milk Frother,Home & Kitchen,2026-04-30,12.0,0.0,19.99,6.5,7,20,69
SKU-HMK-104,Electric Precision Milk Frother,Home & Kitchen,2026-05-01,12.0,0.0,19.99,6.5,7,20,69
SKU-HMK-104,Electric Precision Milk Frother,Home & Kitchen,2026-05-02,9.0,0.0,19.99,6.5,7,20,69
SKU-HMK-104,Electric Precision Milk Frother,Home & Kitchen,2026-05-03,8.0,0.0,19.99,6.5,7,20,69
SKU-HMK-104,Electric Precision Milk Frother,Home & Kitchen,2026-05-04,8.0,0.0,19.99,6.5,7,20,69
SKU-HMK-104,Electric Precision Milk Frother,Home & Kitchen,2026-05-05,6.0,0.0,19.99,6.5,7,20,69
SKU-HMK-104,Electric Precision Milk Frother,Home & Kitchen,2026-05-06,6.0,0.0,19.99,6.5,7,20,69
SKU-HMK-104,Electric Precision Milk Frother,Home & Kitchen,2026-05-07,4.0,0.0,19.99,6.5,7,20,69
SKU-HMK-104,Electric Precision Milk Frother,Home & Kitchen,2026-05-08,7.0,0.0,19.99,6.5,7,20,69
SKU-HMK-104,Electric Precision Milk Frother,Home & Kitchen,2026-05-09,11.0,0.0,19.99,6.5,7,20,69
SKU-HMK-104,Electric Precision Milk Frother,Home & Kitchen,2026-05-10,14.0,0.0,19.99,6.5,7,20,69
SKU-HMK-104,Electric Precision Milk Frother,Home & Kitchen,2026-05-11,7.0,0.0,19.99,6.5,7,20,69
SKU-HMK-104,Electric Precision Milk Frother,Home & Kitchen,2026-05-12,10.0,0.0,19.99,6.5,7,20,69
SKU-HMK-104,Electric Precision Milk Frother,Home & Kitchen,2026-05-13,6.0,0.0,19.99,6.5,7,20,69
SKU-HMK-104,Electric Precision Milk Frother,Home & Kitchen,2026-05-14,7.0,0.0,19.99,6.5,7,20,69
SKU-HMK-104,Electric Precision Milk Frother,Home & Kitchen,2026-05-15,8.0,0.0,19.99,6.5,7,20,69
SKU-HMK-104,Electric Precision Milk Frother,Home & Kitchen,2026-05-16,10.0,0.0,19.99,6.5,7,20,69
SKU-HMK-104,Electric Precision Milk Frother,Home & Kitchen,2026-05-17,9.0,0.0,19.99,6.5,7,20,69
SKU-HMK-104,Electric Precision Milk Frother,Home & Kitchen,2026-05-18,8.0,0.0,19.99,6.5,7,20,69
SKU-HMK-104,Electric Precision Milk Frother,Home & Kitchen,2026-05-19,11.0,0.0,19.99,6.5,7,20,69
SKU-HMK-104,Electric Precision Milk Frother,Home & Kitchen,2026-05-20,8.0,0.0,19.99,6.5,7,20,69
SKU-HMK-104,Electric Precision Milk Frother,Home & Kitchen,2026-05-21,7.0,0.0,19.99,6.5,7,20,69
SKU-HMK-104,Electric Precision Milk Frother,Home & Kitchen,2026-05-22,6.0,0.0,19.99,6.5,7,20,69
SKU-HMK-104,Electric Precision Milk Frother,Home & Kitchen,2026-05-23,11.0,0.0,19.99,6.5,7,20,69
SKU-HMK-104,Electric Precision Milk Frother,Home & Kitchen,2026-05-24,15.0,0.0,19.99,6.5,7,20,69
SKU-HMK-104,Electric Precision Milk Frother,Home & Kitchen,2026-05-25,7.0,0.0,19.99,6.5,7,20,69
SKU-HMK-104,Electric Precision Milk Frother,Home & Kitchen,2026-05-26,4.0,0.0,19.99,6.5,7,20,69
SKU-HMK-104,Electric Precision Milk Frother,Home & Kitchen,2026-05-27,6.0,0.0,19.99,6.5,7,20,69
SKU-HMK-104,Electric Precision Milk Frother,Home & Kitchen,2026-05-28,10.0,0.0,19.99,6.5,7,20,69
SKU-HMK-104,Electric Precision Milk Frother,Home & Kitchen,2026-05-29,9.0,0.0,19.99,6.5,7,20,69
SKU-HMK-104,Electric Precision Milk Frother,Home & Kitchen,2026-05-30,13.0,0.0,19.99,6.5,7,20,69
SKU-HMK-104,Electric Precision Milk Frother,Home & Kitchen,2026-05-31,13.0,0.0,19.99,6.5,7,20,69
SKU-HMK-104,Electric Precision Milk Frother,Home & Kitchen,2026-06-01,12.0,0.0,19.99,6.5,7,20,69
SKU-HMK-104,Electric Precision Milk Frother,Home & Kitchen,2026-06-02,9.0,0.0,19.99,6.5,7,20,69
SKU-HMK-104,Electric Precision Milk Frother,Home & Kitchen,2026-06-03,8.0,0.0,19.99,6.5,7,20,69
SKU-HMK-104,Electric Precision Milk Frother,Home & Kitchen,2026-06-04,11.0,0.0,19.99,6.5,7,20,69
SKU-HMK-104,Electric Precision Milk Frother,Home & Kitchen,2026-06-05,10.0,0.0,19.99,6.5,7,20,69
SKU-HMK-104,Electric Precision Milk Frother,Home & Kitchen,2026-06-06,12.0,0.0,19.99,6.5,7,20,69
SKU-HMK-104,Electric Precision Milk Frother,Home & Kitchen,2026-06-07,12.0,0.0,19.99,6.5,7,20,69
SKU-HMK-104,Electric Precision Milk Frother,Home & Kitchen,2026-06-08,5.0,0.0,19.99,6.5,7,20,69
SKU-HMK-104,Electric Precision Milk Frother,Home & Kitchen,2026-06-09,10.0,0.0,19.99,6.5,7,20,69
SKU-HMK-104,Electric Precision Milk Frother,Home & Kitchen,2026-06-10,10.0,0.0,19.99,6.5,7,20,69
SKU-HMK-104,Electric Precision Milk Frother,Home & Kitchen,2026-06-11,10.0,0.0,19.99,6.5,7,20,69
SKU-HMK-104,Electric Precision Milk Frother,Home & Kitchen,2026-06-12,6.0,0.0,19.99,6.5,7,20,69
SKU-HMK-104,Electric Precision Milk Frother,Home & Kitchen,2026-06-13,9.0,0.0,19.99,6.5,7,20,69
SKU-HMK-104,Electric Precision Milk Frother,Home & Kitchen,2026-06-14,11.0,0.0,19.99,6.5,7,20,69
SKU-HMK-104,Electric Precision Milk Frother,Home & Kitchen,2026-06-15,11.0,0.0,19.99,6.5,7,20,69
SKU-HMK-104,Electric Precision Milk Frother,Home & Kitchen,2026-06-16,7.0,0.0,19.99,6.5,7,20,69
SKU-HMK-104,Electric Precision Milk Frother,Home & Kitchen,2026-06-17,8.0,0.0,19.99,6.5,7,20,69
SKU-HMK-104,Electric Precision Milk Frother,Home & Kitchen,2026-06-18,12.0,0.0,19.99,6.5,7,20,69
SKU-HMK-104,Electric Precision Milk Frother,Home & Kitchen,2026-06-19,6.0,0.0,19.99,6.5,7,20,69
SKU-HMK-104,Electric Precision Milk Frother,Home & Kitchen,2026-06-20,12.0,0.0,19.99,6.5,7,20,69
SKU-HMK-104,Electric Precision Milk Frother,Home & Kitchen,2026-06-21,14.0,0.0,19.99,6.5,7,20,69
SKU-HMK-104,Electric Precision Milk Frother,Home & Kitchen,2026-06-22,9.0,0.0,19.99,6.5,7,20,69
SKU-HMK-104,Electric Precision Milk Frother,Home & Kitchen,2026-06-23,10.0,0.0,19.99,6.5,7,20,69
SKU-HMK-104,Electric Precision Milk Frother,Home & Kitchen,2026-06-24,10.0,0.0,19.99,6.5,7,20,69
SKU-HMK-104,Electric Precision Milk Frother,Home & Kitchen,2026-06-25,19.0,0.0,19.99,6.5,7,20,69
SKU-HMK-104,Electric Precision Milk Frother,Home & Kitchen,2026-06-26,12.0,0.0,19.99,6.5,7,20,69
SKU-HMK-104,Electric Precision Milk Frother,Home & Kitchen,2026-06-27,21.0,0.0,19.99,6.5,7,20,69
SKU-HMK-104,Electric Precision Milk Frother,Home & Kitchen,2026-06-28,14.0,0.0,19.99,6.5,7,20,69
SKU-HMK-104,Electric Precision Milk Frother,Home & Kitchen,2026-06-29,8.0,0.0,19.99,6.5,7,20,69
SKU-HMK-104,Electric Precision Milk Frother,Home & Kitchen,2026-06-30,13.0,0.0,19.99,6.5,7,20,69
SKU-HMK-104,Electric Precision Milk Frother,Home & Kitchen,2026-07-01,5.0,0.0,19.99,6.5,7,20,69
SKU-HMK-104,Electric Precision Milk Frother,Home & Kitchen,2026-07-02,4.0,0.0,19.99,6.5,7,20,69
SKU-HMK-104,Electric Precision Milk Frother,Home & Kitchen,2026-07-03,7.0,0.0,19.99,6.5,7,20,69
SKU-HMK-104,Electric Precision Milk Frother,Home & Kitchen,2026-07-04,17.0,0.0,19.99,6.5,7,20,69
SKU-HMK-104,Electric Precision Milk Frother,Home & Kitchen,2026-07-05,16.0,0.0,19.99,6.5,7,20,69
SKU-HMK-104,Electric Precision Milk Frother,Home & Kitchen,2026-07-06,16.0,0.0,19.99,6.5,7,20,69
SKU-HMK-104,Electric Precision Milk Frother,Home & Kitchen,2026-07-07,7.0,0.0,19.99,6.5,7,20,69
SKU-HMK-104,Electric Precision Milk Frother,Home & Kitchen,2026-07-08,14.0,0.0,19.99,6.5,7,20,69
SKU-HMK-104,Electric Precision Milk Frother,Home & Kitchen,2026-07-09,6.0,0.0,19.99,6.5,7,20,69
SKU-HMK-104,Electric Precision Milk Frother,Home & Kitchen,2026-07-10,8.0,0.0,19.99,6.5,7,20,69
SKU-HMK-104,Electric Precision Milk Frother,Home & Kitchen,2026-07-11,9.0,0.0,19.99,6.5,7,20,69
SKU-HMK-104,Electric Precision Milk Frother,Home & Kitchen,2026-07-12,15.0,0.0,19.99,6.5,7,20,69
SKU-HMK-104,Electric Precision Milk Frother,Home & Kitchen,2026-07-13,9.0,0.0,19.99,6.5,7,20,69
SKU-HMK-104,Electric Precision Milk Frother,Home & Kitchen,2026-07-14,8.0,0.0,19.99,6.5,7,20,69
SKU-HMK-104,Electric Precision Milk Frother,Home & Kitchen,2026-07-15,4.0,0.0,19.99,6.5,7,20,69
SKU-HMK-104,Electric Precision Milk Frother,Home & Kitchen,2026-07-16,12.0,0.0,19.99,6.5,7,20,69
SKU-HMK-104,Electric Precision Milk Frother,Home & Kitchen,2026-07-17,13.0,0.0,19.99,6.5,7,20,69
SKU-HMK-104,Electric Precision Milk Frother,Home & Kitchen,2026-07-18,15.0,0.0,19.99,6.5,7,20,69
SKU-HMK-104,Electric Precision Milk Frother,Home & Kitchen,2026-07-19,11.0,0.0,19.99,6.5,7,20,69
SKU-HMK-104,Electric Precision Milk Frother,Home & Kitchen,2026-07-20,11.0,0.0,19.99,6.5,7,20,69
SKU-HMK-104,Electric Precision Milk Frother,Home & Kitchen,2026-07-21,12.0,0.0,19.99,6.5,7,20,69
SKU-HMK-104,Electric Precision Milk Frother,Home & Kitchen,2026-07-22,14.0,0.0,19.99,6.5,7,20,69
SKU-HMK-104,Electric Precision Milk Frother,Home & Kitchen,2026-07-23,11.0,0.0,19.99,6.5,7,20,69
SKU-HMK-104,Electric Precision Milk Frother,Home & Kitchen,2026-07-24,9.0,0.0,19.99,6.5,7,20,69
SKU-HMK-104,Electric Precision Milk Frother,Home & Kitchen,2026-07-25,17.0,0.0,19.99,6.5,7,20,69
SKU-HMK-104,Electric Precision Milk Frother,Home & Kitchen,2026-07-26,10.0,0.0,19.99,6.5,7,20,69
SKU-HMK-104,Electric Precision Milk Frother,Home & Kitchen,2026-07-27,6.0,0.0,19.99,6.5,7,20,69
SKU-HMK-104,Electric Precision Milk Frother,Home & Kitchen,2026-07-28,11.0,0.0,19.99,6.5,7,20,69
SKU-HMK-104,Electric Precision Milk Frother,Home & Kitchen,2026-07-29,3.0,0.0,19.99,6.5,7,20,69
SKU-HMK-104,Electric Precision Milk Frother,Home & Kitchen,2026-07-30,8.0,0.0,19.99,6.5,7,20,69
SKU-HMK-104,Electric Precision Milk Frother,Home & Kitchen,2026-07-31,8.0,0.0,19.99,6.5,7,20,69
SKU-HMK-104,Electric Precision Milk Frother,Home & Kitchen,2026-08-01,13.0,0.0,19.99,6.5,7,20,69
SKU-HMK-104,Electric Precision Milk Frother,Home & Kitchen,2026-08-02,19.0,0.0,19.99,6.5,7,20,69
SKU-HMK-104,Electric Precision Milk Frother,Home & Kitchen,2026-08-03,13.0,0.0,19.99,6.5,7,20,69
SKU-HMK-104,Electric Precision Milk Frother,Home & Kitchen,2026-08-04,4.0,0.0,19.99,6.5,7,20,69
SKU-HMK-104,Electric Precision Milk Frother,Home & Kitchen,2026-08-05,7.0,0.0,19.99,6.5,7,20,69
SKU-HMK-104,Electric Precision Milk Frother,Home & Kitchen,2026-08-06,10.0,0.0,19.99,6.5,7,20,69
SKU-HMK-104,Electric Precision Milk Frother,Home & Kitchen,2026-08-07,13.0,0.0,19.99,6.5,7,20,69
SKU-HMK-104,Electric Precision Milk Frother,Home & Kitchen,2026-08-08,10.0,0.0,19.99,6.5,7,20,69
SKU-HMK-104,Electric Precision Milk Frother,Home & Kitchen,2026-08-09,8.0,0.0,19.99,6.5,7,20,69
SKU-HMK-104,Electric Precision Milk Frother,Home & Kitchen,2026-08-10,6.0,0.0,19.99,6.5,7,20,69
SKU-HMK-104,Electric Precision Milk Frother,Home & Kitchen,2026-08-11,8.0,0.0,19.99,6.5,7,20,69
SKU-HMK-104,Electric Precision Milk Frother,Home & Kitchen,2026-08-12,11.0,0.0,19.99,6.5,7,20,69
SKU-HMK-104,Electric Precision Milk Frother,Home & Kitchen,2026-08-13,10.0,0.0,19.99,6.5,7,20,69
SKU-HMK-104,Electric Precision Milk Frother,Home & Kitchen,2026-08-14,11.0,0.0,19.99,6.5,7,20,69
SKU-HMK-104,Electric Precision Milk Frother,Home & Kitchen,2026-08-15,17.0,0.0,19.99,6.5,7,20,69
SKU-HMK-104,Electric Precision Milk Frother,Home & Kitchen,2026-08-16,12.0,0.0,19.99,6.5,7,20,69
SKU-HMK-104,Electric Precision Milk Frother,Home & Kitchen,2026-08-17,7.0,0.0,19.99,6.5,7,20,69
SKU-HMK-104,Electric Precision Milk Frother,Home & Kitchen,2026-08-18,5.0,0.0,19.99,6.5,7,20,69
SKU-HMK-104,Electric Precision Milk Frother,Home & Kitchen,2026-08-19,13.0,0.0,19.99,6.5,7,20,69
SKU-HMK-104,Electric Precision Milk Frother,Home & Kitchen,2026-08-20,8.0,0.0,19.99,6.5,7,20,69
SKU-HMK-104,Electric Precision Milk Frother,Home & Kitchen,2026-08-21,8.0,0.0,19.99,6.5,7,20,69
SKU-HMK-104,Electric Precision Milk Frother,Home & Kitchen,2026-08-22,17.0,0.0,19.99,6.5,7,20,69
SKU-HMK-104,Electric Precision Milk Frother,Home & Kitchen,2026-08-23,12.0,0.0,19.99,6.5,7,20,69
SKU-HMK-104,Electric Precision Milk Frother,Home & Kitchen,2026-08-24,10.0,0.0,19.99,6.5,7,20,69
SKU-HMK-104,Electric Precision Milk Frother,Home & Kitchen,2026-08-25,5.0,0.0,19.99,6.5,7,20,69
SKU-HMK-104,Electric Precision Milk Frother,Home & Kitchen,2026-08-26,14.0,0.0,19.99,6.5,7,20,69
SKU-HMK-104,Electric Precision Milk Frother,Home & Kitchen,2026-08-27,8.0,0.0,19.99,6.5,7,20,69
SKU-HMK-105,Cast Iron Dutch Oven 5.5Qt,Home & Kitchen,2026-03-01,0.0,140.0,84.99,41.0,21,3,11
SKU-HMK-105,Cast Iron Dutch Oven 5.5Qt,Home & Kitchen,2026-03-02,1.0,140.0,84.99,41.0,21,3,11
SKU-HMK-105,Cast Iron Dutch Oven 5.5Qt,Home & Kitchen,2026-03-03,0.0,140.0,84.99,41.0,21,3,11
SKU-HMK-105,Cast Iron Dutch Oven 5.5Qt,Home & Kitchen,2026-03-04,0.0,140.0,84.99,41.0,21,3,11
SKU-HMK-105,Cast Iron Dutch Oven 5.5Qt,Home & Kitchen,2026-03-05,0.0,140.0,84.99,41.0,21,3,11
SKU-HMK-105,Cast Iron Dutch Oven 5.5Qt,Home & Kitchen,2026-03-06,0.0,140.0,84.99,41.0,21,3,11
SKU-HMK-105,Cast Iron Dutch Oven 5.5Qt,Home & Kitchen,2026-03-07,0.0,140.0,84.99,41.0,21,3,11
SKU-HMK-105,Cast Iron Dutch Oven 5.5Qt,Home & Kitchen,2026-03-08,0.0,140.0,84.99,41.0,21,3,11
SKU-HMK-105,Cast Iron Dutch Oven 5.5Qt,Home & Kitchen,2026-03-09,0.0,140.0,84.99,41.0,21,3,11
SKU-HMK-105,Cast Iron Dutch Oven 5.5Qt,Home & Kitchen,2026-03-10,0.0,140.0,84.99,41.0,21,3,11
SKU-HMK-105,Cast Iron Dutch Oven 5.5Qt,Home & Kitchen,2026-03-11,0.0,140.0,84.99,41.0,21,3,11
SKU-HMK-105,Cast Iron Dutch Oven 5.5Qt,Home & Kitchen,2026-03-12,0.0,140.0,84.99,41.0,21,3,11
SKU-HMK-105,Cast Iron Dutch Oven 5.5Qt,Home & Kitchen,2026-03-13,0.0,140.0,84.99,41.0,21,3,11
SKU-HMK-105,Cast Iron Dutch Oven 5.5Qt,Home & Kitchen,2026-03-14,0.0,140.0,84.99,41.0,21,3,11
SKU-HMK-105,Cast Iron Dutch Oven 5.5Qt,Home & Kitchen,2026-03-15,0.0,140.0,84.99,41.0,21,3,11
SKU-HMK-105,Cast Iron Dutch Oven 5.5Qt,Home & Kitchen,2026-03-16,1.0,140.0,84.99,41.0,21,3,11
SKU-HMK-105,Cast Iron Dutch Oven 5.5Qt,Home & Kitchen,2026-03-17,0.0,140.0,84.99,41.0,21,3,11
SKU-HMK-105,Cast Iron Dutch Oven 5.5Qt,Home & Kitchen,2026-03-18,0.0,140.0,84.99,41.0,21,3,11
SKU-HMK-105,Cast Iron Dutch Oven 5.5Qt,Home & Kitchen,2026-03-19,0.0,140.0,84.99,41.0,21,3,11
SKU-HMK-105,Cast Iron Dutch Oven 5.5Qt,Home & Kitchen,2026-03-20,0.0,140.0,84.99,41.0,21,3,11
SKU-HMK-105,Cast Iron Dutch Oven 5.5Qt,Home & Kitchen,2026-03-21,0.0,140.0,84.99,41.0,21,3,11
SKU-HMK-105,Cast Iron Dutch Oven 5.5Qt,Home & Kitchen,2026-03-22,0.0,140.0,84.99,41.0,21,3,11
SKU-HMK-105,Cast Iron Dutch Oven 5.5Qt,Home & Kitchen,2026-03-23,0.0,140.0,84.99,41.0,21,3,11
SKU-HMK-105,Cast Iron Dutch Oven 5.5Qt,Home & Kitchen,2026-03-24,0.0,140.0,84.99,41.0,21,3,11
SKU-HMK-105,Cast Iron Dutch Oven 5.5Qt,Home & Kitchen,2026-03-25,0.0,140.0,84.99,41.0,21,3,11
SKU-HMK-105,Cast Iron Dutch Oven 5.5Qt,Home & Kitchen,2026-03-26,0.0,140.0,84.99,41.0,21,3,11
SKU-HMK-105,Cast Iron Dutch Oven 5.5Qt,Home & Kitchen,2026-03-27,0.0,140.0,84.99,41.0,21,3,11
SKU-HMK-105,Cast Iron Dutch Oven 5.5Qt,Home & Kitchen,2026-03-28,0.0,140.0,84.99,41.0,21,3,11
SKU-HMK-105,Cast Iron Dutch Oven 5.5Qt,Home & Kitchen,2026-03-29,0.0,140.0,84.99,41.0,21,3,11
SKU-HMK-105,Cast Iron Dutch Oven 5.5Qt,Home & Kitchen,2026-03-30,0.0,140.0,84.99,41.0,21,3,11
SKU-HMK-105,Cast Iron Dutch Oven 5.5Qt,Home & Kitchen,2026-03-31,0.0,140.0,84.99,41.0,21,3,11
SKU-HMK-105,Cast Iron Dutch Oven 5.5Qt,Home & Kitchen,2026-04-01,0.0,140.0,84.99,41.0,21,3,11
SKU-HMK-105,Cast Iron Dutch Oven 5.5Qt,Home & Kitchen,2026-04-02,0.0,140.0,84.99,41.0,21,3,11
SKU-HMK-105,Cast Iron Dutch Oven 5.5Qt,Home & Kitchen,2026-04-03,0.0,140.0,84.99,41.0,21,3,11
SKU-HMK-105,Cast Iron Dutch Oven 5.5Qt,Home & Kitchen,2026-04-04,1.0,140.0,84.99,41.0,21,3,11
SKU-HMK-105,Cast Iron Dutch Oven 5.5Qt,Home & Kitchen,2026-04-05,0.0,140.0,84.99,41.0,21,3,11
SKU-HMK-105,Cast Iron Dutch Oven 5.5Qt,Home & Kitchen,2026-04-06,0.0,140.0,84.99,41.0,21,3,11
SKU-HMK-105,Cast Iron Dutch Oven 5.5Qt,Home & Kitchen,2026-04-07,0.0,140.0,84.99,41.0,21,3,11
SKU-HMK-105,Cast Iron Dutch Oven 5.5Qt,Home & Kitchen,2026-04-08,0.0,140.0,84.99,41.0,21,3,11
SKU-HMK-105,Cast Iron Dutch Oven 5.5Qt,Home & Kitchen,2026-04-09,0.0,140.0,84.99,41.0,21,3,11
SKU-HMK-105,Cast Iron Dutch Oven 5.5Qt,Home & Kitchen,2026-04-10,0.0,140.0,84.99,41.0,21,3,11
SKU-HMK-105,Cast Iron Dutch Oven 5.5Qt,Home & Kitchen,2026-04-11,0.0,140.0,84.99,41.0,21,3,11
SKU-HMK-105,Cast Iron Dutch Oven 5.5Qt,Home & Kitchen,2026-04-12,0.0,140.0,84.99,41.0,21,3,11
SKU-HMK-105,Cast Iron Dutch Oven 5.5Qt,Home & Kitchen,2026-04-13,0.0,140.0,84.99,41.0,21,3,11
SKU-HMK-105,Cast Iron Dutch Oven 5.5Qt,Home & Kitchen,2026-04-14,0.0,140.0,84.99,41.0,21,3,11
SKU-HMK-105,Cast Iron Dutch Oven 5.5Qt,Home & Kitchen,2026-04-15,0.0,140.0,84.99,41.0,21,3,11
SKU-HMK-105,Cast Iron Dutch Oven 5.5Qt,Home & Kitchen,2026-04-16,0.0,140.0,84.99,41.0,21,3,11
SKU-HMK-105,Cast Iron Dutch Oven 5.5Qt,Home & Kitchen,2026-04-17,0.0,140.0,84.99,41.0,21,3,11
SKU-HMK-105,Cast Iron Dutch Oven 5.5Qt,Home & Kitchen,2026-04-18,0.0,140.0,84.99,41.0,21,3,11
SKU-HMK-105,Cast Iron Dutch Oven 5.5Qt,Home & Kitchen,2026-04-19,0.0,140.0,84.99,41.0,21,3,11
SKU-HMK-105,Cast Iron Dutch Oven 5.5Qt,Home & Kitchen,2026-04-20,0.0,140.0,84.99,41.0,21,3,11
SKU-HMK-105,Cast Iron Dutch Oven 5.5Qt,Home & Kitchen,2026-04-21,0.0,140.0,84.99,41.0,21,3,11
SKU-HMK-105,Cast Iron Dutch Oven 5.5Qt,Home & Kitchen,2026-04-22,0.0,140.0,84.99,41.0,21,3,11
SKU-HMK-105,Cast Iron Dutch Oven 5.5Qt,Home & Kitchen,2026-04-23,0.0,140.0,84.99,41.0,21,3,11
SKU-HMK-105,Cast Iron Dutch Oven 5.5Qt,Home & Kitchen,2026-04-24,0.0,140.0,84.99,41.0,21,3,11
SKU-HMK-105,Cast Iron Dutch Oven 5.5Qt,Home & Kitchen,2026-04-25,0.0,140.0,84.99,41.0,21,3,11
SKU-HMK-105,Cast Iron Dutch Oven 5.5Qt,Home & Kitchen,2026-04-26,0.0,140.0,84.99,41.0,21,3,11
SKU-HMK-105,Cast Iron Dutch Oven 5.5Qt,Home & Kitchen,2026-04-27,0.0,140.0,84.99,41.0,21,3,11
SKU-HMK-105,Cast Iron Dutch Oven 5.5Qt,Home & Kitchen,2026-04-28,0.0,140.0,84.99,41.0,21,3,11
SKU-HMK-105,Cast Iron Dutch Oven 5.5Qt,Home & Kitchen,2026-04-29,0.0,140.0,84.99,41.0,21,3,11
SKU-HMK-105,Cast Iron Dutch Oven 5.5Qt,Home & Kitchen,2026-04-30,0.0,140.0,84.99,41.0,21,3,11
SKU-HMK-105,Cast Iron Dutch Oven 5.5Qt,Home & Kitchen,2026-05-01,0.0,140.0,84.99,41.0,21,3,11
SKU-HMK-105,Cast Iron Dutch Oven 5.5Qt,Home & Kitchen,2026-05-02,0.0,140.0,84.99,41.0,21,3,11
SKU-HMK-105,Cast Iron Dutch Oven 5.5Qt,Home & Kitchen,2026-05-03,0.0,140.0,84.99,41.0,21,3,11
SKU-HMK-105,Cast Iron Dutch Oven 5.5Qt,Home & Kitchen,2026-05-04,0.0,140.0,84.99,41.0,21,3,11
SKU-HMK-105,Cast Iron Dutch Oven 5.5Qt,Home & Kitchen,2026-05-05,1.0,140.0,84.99,41.0,21,3,11
SKU-HMK-105,Cast Iron Dutch Oven 5.5Qt,Home & Kitchen,2026-05-06,0.0,140.0,84.99,41.0,21,3,11
SKU-HMK-105,Cast Iron Dutch Oven 5.5Qt,Home & Kitchen,2026-05-07,0.0,140.0,84.99,41.0,21,3,11
SKU-HMK-105,Cast Iron Dutch Oven 5.5Qt,Home & Kitchen,2026-05-08,0.0,140.0,84.99,41.0,21,3,11
SKU-HMK-105,Cast Iron Dutch Oven 5.5Qt,Home & Kitchen,2026-05-09,0.0,140.0,84.99,41.0,21,3,11
SKU-HMK-105,Cast Iron Dutch Oven 5.5Qt,Home & Kitchen,2026-05-10,0.0,140.0,84.99,41.0,21,3,11
SKU-HMK-105,Cast Iron Dutch Oven 5.5Qt,Home & Kitchen,2026-05-11,1.0,140.0,84.99,41.0,21,3,11
SKU-HMK-105,Cast Iron Dutch Oven 5.5Qt,Home & Kitchen,2026-05-12,0.0,140.0,84.99,41.0,21,3,11
SKU-HMK-105,Cast Iron Dutch Oven 5.5Qt,Home & Kitchen,2026-05-13,0.0,140.0,84.99,41.0,21,3,11
SKU-HMK-105,Cast Iron Dutch Oven 5.5Qt,Home & Kitchen,2026-05-14,0.0,140.0,84.99,41.0,21,3,11
SKU-HMK-105,Cast Iron Dutch Oven 5.5Qt,Home & Kitchen,2026-05-15,0.0,140.0,84.99,41.0,21,3,11
SKU-HMK-105,Cast Iron Dutch Oven 5.5Qt,Home & Kitchen,2026-05-16,0.0,140.0,84.99,41.0,21,3,11
SKU-HMK-105,Cast Iron Dutch Oven 5.5Qt,Home & Kitchen,2026-05-17,0.0,140.0,84.99,41.0,21,3,11
SKU-HMK-105,Cast Iron Dutch Oven 5.5Qt,Home & Kitchen,2026-05-18,0.0,140.0,84.99,41.0,21,3,11
SKU-HMK-105,Cast Iron Dutch Oven 5.5Qt,Home & Kitchen,2026-05-19,0.0,140.0,84.99,41.0,21,3,11
SKU-HMK-105,Cast Iron Dutch Oven 5.5Qt,Home & Kitchen,2026-05-20,0.0,140.0,84.99,41.0,21,3,11
SKU-HMK-105,Cast Iron Dutch Oven 5.5Qt,Home & Kitchen,2026-05-21,1.0,140.0,84.99,41.0,21,3,11
SKU-HMK-105,Cast Iron Dutch Oven 5.5Qt,Home & Kitchen,2026-05-22,0.0,140.0,84.99,41.0,21,3,11
SKU-HMK-105,Cast Iron Dutch Oven 5.5Qt,Home & Kitchen,2026-05-23,0.0,140.0,84.99,41.0,21,3,11
SKU-HMK-105,Cast Iron Dutch Oven 5.5Qt,Home & Kitchen,2026-05-24,0.0,140.0,84.99,41.0,21,3,11
SKU-HMK-105,Cast Iron Dutch Oven 5.5Qt,Home & Kitchen,2026-05-25,1.0,140.0,84.99,41.0,21,3,11
SKU-HMK-105,Cast Iron Dutch Oven 5.5Qt,Home & Kitchen,2026-05-26,0.0,140.0,84.99,41.0,21,3,11
SKU-HMK-105,Cast Iron Dutch Oven 5.5Qt,Home & Kitchen,2026-05-27,0.0,140.0,84.99,41.0,21,3,11
SKU-HMK-105,Cast Iron Dutch Oven 5.5Qt,Home & Kitchen,2026-05-28,0.0,140.0,84.99,41.0,21,3,11
SKU-HMK-105,Cast Iron Dutch Oven 5.5Qt,Home & Kitchen,2026-05-29,0.0,140.0,84.99,41.0,21,3,11
SKU-HMK-105,Cast Iron Dutch Oven 5.5Qt,Home & Kitchen,2026-05-30,0.0,140.0,84.99,41.0,21,3,11
SKU-HMK-105,Cast Iron Dutch Oven 5.5Qt,Home & Kitchen,2026-05-31,0.0,140.0,84.99,41.0,21,3,11
SKU-HMK-105,Cast Iron Dutch Oven 5.5Qt,Home & Kitchen,2026-06-01,0.0,140.0,84.99,41.0,21,3,11
SKU-HMK-105,Cast Iron Dutch Oven 5.5Qt,Home & Kitchen,2026-06-02,0.0,140.0,84.99,41.0,21,3,11
SKU-HMK-105,Cast Iron Dutch Oven 5.5Qt,Home & Kitchen,2026-06-03,0.0,140.0,84.99,41.0,21,3,11
SKU-HMK-105,Cast Iron Dutch Oven 5.5Qt,Home & Kitchen,2026-06-04,0.0,140.0,84.99,41.0,21,3,11
SKU-HMK-105,Cast Iron Dutch Oven 5.5Qt,Home & Kitchen,2026-06-05,0.0,140.0,84.99,41.0,21,3,11
SKU-HMK-105,Cast Iron Dutch Oven 5.5Qt,Home & Kitchen,2026-06-06,0.0,140.0,84.99,41.0,21,3,11
SKU-HMK-105,Cast Iron Dutch Oven 5.5Qt,Home & Kitchen,2026-06-07,0.0,140.0,84.99,41.0,21,3,11
SKU-HMK-105,Cast Iron Dutch Oven 5.5Qt,Home & Kitchen,2026-06-08,0.0,140.0,84.99,41.0,21,3,11
SKU-HMK-105,Cast Iron Dutch Oven 5.5Qt,Home & Kitchen,2026-06-09,0.0,140.0,84.99,41.0,21,3,11
SKU-HMK-105,Cast Iron Dutch Oven 5.5Qt,Home & Kitchen,2026-06-10,0.0,140.0,84.99,41.0,21,3,11
SKU-HMK-105,Cast Iron Dutch Oven 5.5Qt,Home & Kitchen,2026-06-11,0.0,140.0,84.99,41.0,21,3,11
SKU-HMK-105,Cast Iron Dutch Oven 5.5Qt,Home & Kitchen,2026-06-12,0.0,140.0,84.99,41.0,21,3,11
SKU-HMK-105,Cast Iron Dutch Oven 5.5Qt,Home & Kitchen,2026-06-13,0.0,140.0,84.99,41.0,21,3,11
SKU-HMK-105,Cast Iron Dutch Oven 5.5Qt,Home & Kitchen,2026-06-14,1.0,140.0,84.99,41.0,21,3,11
SKU-HMK-105,Cast Iron Dutch Oven 5.5Qt,Home & Kitchen,2026-06-15,0.0,140.0,84.99,41.0,21,3,11
SKU-HMK-105,Cast Iron Dutch Oven 5.5Qt,Home & Kitchen,2026-06-16,0.0,140.0,84.99,41.0,21,3,11
SKU-HMK-105,Cast Iron Dutch Oven 5.5Qt,Home & Kitchen,2026-06-17,0.0,140.0,84.99,41.0,21,3,11
SKU-HMK-105,Cast Iron Dutch Oven 5.5Qt,Home & Kitchen,2026-06-18,0.0,140.0,84.99,41.0,21,3,11
SKU-HMK-105,Cast Iron Dutch Oven 5.5Qt,Home & Kitchen,2026-06-19,0.0,140.0,84.99,41.0,21,3,11
SKU-HMK-105,Cast Iron Dutch Oven 5.5Qt,Home & Kitchen,2026-06-20,0.0,140.0,84.99,41.0,21,3,11
SKU-HMK-105,Cast Iron Dutch Oven 5.5Qt,Home & Kitchen,2026-06-21,0.0,140.0,84.99,41.0,21,3,11
SKU-HMK-105,Cast Iron Dutch Oven 5.5Qt,Home & Kitchen,2026-06-22,0.0,140.0,84.99,41.0,21,3,11
SKU-HMK-105,Cast Iron Dutch Oven 5.5Qt,Home & Kitchen,2026-06-23,0.0,140.0,84.99,41.0,21,3,11
SKU-HMK-105,Cast Iron Dutch Oven 5.5Qt,Home & Kitchen,2026-06-24,0.0,140.0,84.99,41.0,21,3,11
SKU-HMK-105,Cast Iron Dutch Oven 5.5Qt,Home & Kitchen,2026-06-25,0.0,140.0,84.99,41.0,21,3,11
SKU-HMK-105,Cast Iron Dutch Oven 5.5Qt,Home & Kitchen,2026-06-26,0.0,140.0,84.99,41.0,21,3,11
SKU-HMK-105,Cast Iron Dutch Oven 5.5Qt,Home & Kitchen,2026-06-27,0.0,140.0,84.99,41.0,21,3,11
SKU-HMK-105,Cast Iron Dutch Oven 5.5Qt,Home & Kitchen,2026-06-28,0.0,140.0,84.99,41.0,21,3,11
SKU-HMK-105,Cast Iron Dutch Oven 5.5Qt,Home & Kitchen,2026-06-29,0.0,140.0,84.99,41.0,21,3,11
SKU-HMK-105,Cast Iron Dutch Oven 5.5Qt,Home & Kitchen,2026-06-30,0.0,140.0,84.99,41.0,21,3,11
SKU-HMK-105,Cast Iron Dutch Oven 5.5Qt,Home & Kitchen,2026-07-01,1.0,140.0,84.99,41.0,21,3,11
SKU-HMK-105,Cast Iron Dutch Oven 5.5Qt,Home & Kitchen,2026-07-02,0.0,140.0,84.99,41.0,21,3,11
SKU-HMK-105,Cast Iron Dutch Oven 5.5Qt,Home & Kitchen,2026-07-03,0.0,140.0,84.99,41.0,21,3,11
SKU-HMK-105,Cast Iron Dutch Oven 5.5Qt,Home & Kitchen,2026-07-04,0.0,140.0,84.99,41.0,21,3,11
SKU-HMK-105,Cast Iron Dutch Oven 5.5Qt,Home & Kitchen,2026-07-05,0.0,140.0,84.99,41.0,21,3,11
SKU-HMK-105,Cast Iron Dutch Oven 5.5Qt,Home & Kitchen,2026-07-06,0.0,140.0,84.99,41.0,21,3,11
SKU-HMK-105,Cast Iron Dutch Oven 5.5Qt,Home & Kitchen,2026-07-07,0.0,140.0,84.99,41.0,21,3,11
SKU-HMK-105,Cast Iron Dutch Oven 5.5Qt,Home & Kitchen,2026-07-08,0.0,140.0,84.99,41.0,21,3,11
SKU-HMK-105,Cast Iron Dutch Oven 5.5Qt,Home & Kitchen,2026-07-09,0.0,140.0,84.99,41.0,21,3,11
SKU-HMK-105,Cast Iron Dutch Oven 5.5Qt,Home & Kitchen,2026-07-10,0.0,140.0,84.99,41.0,21,3,11
SKU-HMK-105,Cast Iron Dutch Oven 5.5Qt,Home & Kitchen,2026-07-11,0.0,140.0,84.99,41.0,21,3,11
SKU-HMK-105,Cast Iron Dutch Oven 5.5Qt,Home & Kitchen,2026-07-12,0.0,140.0,84.99,41.0,21,3,11
SKU-HMK-105,Cast Iron Dutch Oven 5.5Qt,Home & Kitchen,2026-07-13,2.0,140.0,84.99,41.0,21,3,11
SKU-HMK-105,Cast Iron Dutch Oven 5.5Qt,Home & Kitchen,2026-07-14,0.0,140.0,84.99,41.0,21,3,11
SKU-HMK-105,Cast Iron Dutch Oven 5.5Qt,Home & Kitchen,2026-07-15,0.0,140.0,84.99,41.0,21,3,11
SKU-HMK-105,Cast Iron Dutch Oven 5.5Qt,Home & Kitchen,2026-07-16,0.0,140.0,84.99,41.0,21,3,11
SKU-HMK-105,Cast Iron Dutch Oven 5.5Qt,Home & Kitchen,2026-07-17,0.0,140.0,84.99,41.0,21,3,11
SKU-HMK-105,Cast Iron Dutch Oven 5.5Qt,Home & Kitchen,2026-07-18,1.0,140.0,84.99,41.0,21,3,11
SKU-HMK-105,Cast Iron Dutch Oven 5.5Qt,Home & Kitchen,2026-07-19,0.0,140.0,84.99,41.0,21,3,11
SKU-HMK-105,Cast Iron Dutch Oven 5.5Qt,Home & Kitchen,2026-07-20,0.0,140.0,84.99,41.0,21,3,11
SKU-HMK-105,Cast Iron Dutch Oven 5.5Qt,Home & Kitchen,2026-07-21,1.0,140.0,84.99,41.0,21,3,11
SKU-HMK-105,Cast Iron Dutch Oven 5.5Qt,Home & Kitchen,2026-07-22,1.0,140.0,84.99,41.0,21,3,11
SKU-HMK-105,Cast Iron Dutch Oven 5.5Qt,Home & Kitchen,2026-07-23,0.0,140.0,84.99,41.0,21,3,11
SKU-HMK-105,Cast Iron Dutch Oven 5.5Qt,Home & Kitchen,2026-07-24,0.0,140.0,84.99,41.0,21,3,11
SKU-HMK-105,Cast Iron Dutch Oven 5.5Qt,Home & Kitchen,2026-07-25,0.0,140.0,84.99,41.0,21,3,11
SKU-HMK-105,Cast Iron Dutch Oven 5.5Qt,Home & Kitchen,2026-07-26,1.0,140.0,84.99,41.0,21,3,11
SKU-HMK-105,Cast Iron Dutch Oven 5.5Qt,Home & Kitchen,2026-07-27,0.0,140.0,84.99,41.0,21,3,11
SKU-HMK-105,Cast Iron Dutch Oven 5.5Qt,Home & Kitchen,2026-07-28,0.0,140.0,84.99,41.0,21,3,11
SKU-HMK-105,Cast Iron Dutch Oven 5.5Qt,Home & Kitchen,2026-07-29,0.0,140.0,84.99,41.0,21,3,11
SKU-HMK-105,Cast Iron Dutch Oven 5.5Qt,Home & Kitchen,2026-07-30,0.0,140.0,84.99,41.0,21,3,11
SKU-HMK-105,Cast Iron Dutch Oven 5.5Qt,Home & Kitchen,2026-07-31,0.0,140.0,84.99,41.0,21,3,11
SKU-HMK-105,Cast Iron Dutch Oven 5.5Qt,Home & Kitchen,2026-08-01,0.0,140.0,84.99,41.0,21,3,11
SKU-HMK-105,Cast Iron Dutch Oven 5.5Qt,Home & Kitchen,2026-08-02,0.0,140.0,84.99,41.0,21,3,11
SKU-HMK-105,Cast Iron Dutch Oven 5.5Qt,Home & Kitchen,2026-08-03,0.0,140.0,84.99,41.0,21,3,11
SKU-HMK-105,Cast Iron Dutch Oven 5.5Qt,Home & Kitchen,2026-08-04,0.0,140.0,84.99,41.0,21,3,11
SKU-HMK-105,Cast Iron Dutch Oven 5.5Qt,Home & Kitchen,2026-08-05,0.0,140.0,84.99,41.0,21,3,11
SKU-HMK-105,Cast Iron Dutch Oven 5.5Qt,Home & Kitchen,2026-08-06,0.0,140.0,84.99,41.0,21,3,11
SKU-HMK-105,Cast Iron Dutch Oven 5.5Qt,Home & Kitchen,2026-08-07,0.0,140.0,84.99,41.0,21,3,11
SKU-HMK-105,Cast Iron Dutch Oven 5.5Qt,Home & Kitchen,2026-08-08,1.0,140.0,84.99,41.0,21,3,11
SKU-HMK-105,Cast Iron Dutch Oven 5.5Qt,Home & Kitchen,2026-08-09,0.0,140.0,84.99,41.0,21,3,11
SKU-HMK-105,Cast Iron Dutch Oven 5.5Qt,Home & Kitchen,2026-08-10,0.0,140.0,84.99,41.0,21,3,11
SKU-HMK-105,Cast Iron Dutch Oven 5.5Qt,Home & Kitchen,2026-08-11,0.0,140.0,84.99,41.0,21,3,11
SKU-HMK-105,Cast Iron Dutch Oven 5.5Qt,Home & Kitchen,2026-08-12,0.0,140.0,84.99,41.0,21,3,11
SKU-HMK-105,Cast Iron Dutch Oven 5.5Qt,Home & Kitchen,2026-08-13,0.0,140.0,84.99,41.0,21,3,11
SKU-HMK-105,Cast Iron Dutch Oven 5.5Qt,Home & Kitchen,2026-08-14,0.0,140.0,84.99,41.0,21,3,11
SKU-HMK-105,Cast Iron Dutch Oven 5.5Qt,Home & Kitchen,2026-08-15,0.0,140.0,84.99,41.0,21,3,11
SKU-HMK-105,Cast Iron Dutch Oven 5.5Qt,Home & Kitchen,2026-08-16,0.0,140.0,84.99,41.0,21,3,11
SKU-HMK-105,Cast Iron Dutch Oven 5.5Qt,Home & Kitchen,2026-08-17,0.0,140.0,84.99,41.0,21,3,11
SKU-HMK-105,Cast Iron Dutch Oven 5.5Qt,Home & Kitchen,2026-08-18,0.0,140.0,84.99,41.0,21,3,11
SKU-HMK-105,Cast Iron Dutch Oven 5.5Qt,Home & Kitchen,2026-08-19,0.0,140.0,84.99,41.0,21,3,11
SKU-HMK-105,Cast Iron Dutch Oven 5.5Qt,Home & Kitchen,2026-08-20,0.0,140.0,84.99,41.0,21,3,11
SKU-HMK-105,Cast Iron Dutch Oven 5.5Qt,Home & Kitchen,2026-08-21,0.0,140.0,84.99,41.0,21,3,11
SKU-HMK-105,Cast Iron Dutch Oven 5.5Qt,Home & Kitchen,2026-08-22,0.0,140.0,84.99,41.0,21,3,11
SKU-HMK-105,Cast Iron Dutch Oven 5.5Qt,Home & Kitchen,2026-08-23,0.0,140.0,84.99,41.0,21,3,11
SKU-HMK-105,Cast Iron Dutch Oven 5.5Qt,Home & Kitchen,2026-08-24,0.0,140.0,84.99,41.0,21,3,11
SKU-HMK-105,Cast Iron Dutch Oven 5.5Qt,Home & Kitchen,2026-08-25,0.0,140.0,84.99,41.0,21,3,11
SKU-HMK-105,Cast Iron Dutch Oven 5.5Qt,Home & Kitchen,2026-08-26,0.0,140.0,84.99,41.0,21,3,11
SKU-HMK-105,Cast Iron Dutch Oven 5.5Qt,Home & Kitchen,2026-08-27,0.0,140.0,84.99,41.0,21,3,11
SKU-HMK-106,Smart WiFi Food Scale,Home & Kitchen,2026-03-01,8.0,92.0,39.99,17.5,12,19,67
SKU-HMK-106,Smart WiFi Food Scale,Home & Kitchen,2026-03-02,2.0,92.0,39.99,17.5,12,19,67
SKU-HMK-106,Smart WiFi Food Scale,Home & Kitchen,2026-03-03,6.0,92.0,39.99,17.5,12,19,67
SKU-HMK-106,Smart WiFi Food Scale,Home & Kitchen,2026-03-04,2.0,92.0,39.99,17.5,12,19,67
SKU-HMK-106,Smart WiFi Food Scale,Home & Kitchen,2026-03-05,3.0,92.0,39.99,17.5,12,19,67
SKU-HMK-106,Smart WiFi Food Scale,Home & Kitchen,2026-03-06,3.0,92.0,39.99,17.5,12,19,67
SKU-HMK-106,Smart WiFi Food Scale,Home & Kitchen,2026-03-07,5.0,92.0,39.99,17.5,12,19,67
SKU-HMK-106,Smart WiFi Food Scale,Home & Kitchen,2026-03-08,6.0,92.0,39.99,17.5,12,19,67
SKU-HMK-106,Smart WiFi Food Scale,Home & Kitchen,2026-03-09,8.0,92.0,39.99,17.5,12,19,67
SKU-HMK-106,Smart WiFi Food Scale,Home & Kitchen,2026-03-10,4.0,92.0,39.99,17.5,12,19,67
SKU-HMK-106,Smart WiFi Food Scale,Home & Kitchen,2026-03-11,7.0,92.0,39.99,17.5,12,19,67
SKU-HMK-106,Smart WiFi Food Scale,Home & Kitchen,2026-03-12,3.0,92.0,39.99,17.5,12,19,67
SKU-HMK-106,Smart WiFi Food Scale,Home & Kitchen,2026-03-13,1.0,92.0,39.99,17.5,12,19,67
SKU-HMK-106,Smart WiFi Food Scale,Home & Kitchen,2026-03-14,2.0,92.0,39.99,17.5,12,19,67
SKU-HMK-106,Smart WiFi Food Scale,Home & Kitchen,2026-03-15,9.0,92.0,39.99,17.5,12,19,67
SKU-HMK-106,Smart WiFi Food Scale,Home & Kitchen,2026-03-16,7.0,92.0,39.99,17.5,12,19,67
SKU-HMK-106,Smart WiFi Food Scale,Home & Kitchen,2026-03-17,7.0,92.0,39.99,17.5,12,19,67
SKU-HMK-106,Smart WiFi Food Scale,Home & Kitchen,2026-03-18,6.0,92.0,39.99,17.5,12,19,67
SKU-HMK-106,Smart WiFi Food Scale,Home & Kitchen,2026-03-19,6.0,92.0,39.99,17.5,12,19,67
SKU-HMK-106,Smart WiFi Food Scale,Home & Kitchen,2026-03-20,2.0,92.0,39.99,17.5,12,19,67
SKU-HMK-106,Smart WiFi Food Scale,Home & Kitchen,2026-03-21,9.0,92.0,39.99,17.5,12,19,67
SKU-HMK-106,Smart WiFi Food Scale,Home & Kitchen,2026-03-22,7.0,92.0,39.99,17.5,12,19,67
SKU-HMK-106,Smart WiFi Food Scale,Home & Kitchen,2026-03-23,4.0,92.0,39.99,17.5,12,19,67
SKU-HMK-106,Smart WiFi Food Scale,Home & Kitchen,2026-03-24,6.0,92.0,39.99,17.5,12,19,67
SKU-HMK-106,Smart WiFi Food Scale,Home & Kitchen,2026-03-25,4.0,92.0,39.99,17.5,12,19,67
SKU-HMK-106,Smart WiFi Food Scale,Home & Kitchen,2026-03-26,4.0,92.0,39.99,17.5,12,19,67
SKU-HMK-106,Smart WiFi Food Scale,Home & Kitchen,2026-03-27,3.0,92.0,39.99,17.5,12,19,67
SKU-HMK-106,Smart WiFi Food Scale,Home & Kitchen,2026-03-28,8.0,92.0,39.99,17.5,12,19,67
SKU-HMK-106,Smart WiFi Food Scale,Home & Kitchen,2026-03-29,6.0,92.0,39.99,17.5,12,19,67
SKU-HMK-106,Smart WiFi Food Scale,Home & Kitchen,2026-03-30,4.0,92.0,39.99,17.5,12,19,67
SKU-HMK-106,Smart WiFi Food Scale,Home & Kitchen,2026-03-31,5.0,92.0,39.99,17.5,12,19,67
SKU-HMK-106,Smart WiFi Food Scale,Home & Kitchen,2026-04-01,0.0,92.0,39.99,17.5,12,19,67
SKU-HMK-106,Smart WiFi Food Scale,Home & Kitchen,2026-04-02,1.0,92.0,39.99,17.5,12,19,67
SKU-HMK-106,Smart WiFi Food Scale,Home & Kitchen,2026-04-03,4.0,92.0,39.99,17.5,12,19,67
SKU-HMK-106,Smart WiFi Food Scale,Home & Kitchen,2026-04-04,3.0,92.0,39.99,17.5,12,19,67
SKU-HMK-106,Smart WiFi Food Scale,Home & Kitchen,2026-04-05,6.0,92.0,39.99,17.5,12,19,67
SKU-HMK-106,Smart WiFi Food Scale,Home & Kitchen,2026-04-06,6.0,92.0,39.99,17.5,12,19,67
SKU-HMK-106,Smart WiFi Food Scale,Home & Kitchen,2026-04-07,0.0,92.0,39.99,17.5,12,19,67
SKU-HMK-106,Smart WiFi Food Scale,Home & Kitchen,2026-04-08,3.0,92.0,39.99,17.5,12,19,67
SKU-HMK-106,Smart WiFi Food Scale,Home & Kitchen,2026-04-09,4.0,92.0,39.99,17.5,12,19,67
SKU-HMK-106,Smart WiFi Food Scale,Home & Kitchen,2026-04-10,4.0,92.0,39.99,17.5,12,19,67
SKU-HMK-106,Smart WiFi Food Scale,Home & Kitchen,2026-04-11,6.0,92.0,39.99,17.5,12,19,67
SKU-HMK-106,Smart WiFi Food Scale,Home & Kitchen,2026-04-12,8.0,92.0,39.99,17.5,12,19,67
SKU-HMK-106,Smart WiFi Food Scale,Home & Kitchen,2026-04-13,5.0,92.0,39.99,17.5,12,19,67
SKU-HMK-106,Smart WiFi Food Scale,Home & Kitchen,2026-04-14,3.0,92.0,39.99,17.5,12,19,67
SKU-HMK-106,Smart WiFi Food Scale,Home & Kitchen,2026-04-15,6.0,92.0,39.99,17.5,12,19,67
SKU-HMK-106,Smart WiFi Food Scale,Home & Kitchen,2026-04-16,6.0,92.0,39.99,17.5,12,19,67
SKU-HMK-106,Smart WiFi Food Scale,Home & Kitchen,2026-04-17,2.0,92.0,39.99,17.5,12,19,67
SKU-HMK-106,Smart WiFi Food Scale,Home & Kitchen,2026-04-18,7.0,92.0,39.99,17.5,12,19,67
SKU-HMK-106,Smart WiFi Food Scale,Home & Kitchen,2026-04-19,3.0,92.0,39.99,17.5,12,19,67
SKU-HMK-106,Smart WiFi Food Scale,Home & Kitchen,2026-04-20,3.0,92.0,39.99,17.5,12,19,67
SKU-HMK-106,Smart WiFi Food Scale,Home & Kitchen,2026-04-21,8.0,92.0,39.99,17.5,12,19,67
SKU-HMK-106,Smart WiFi Food Scale,Home & Kitchen,2026-04-22,0.0,92.0,39.99,17.5,12,19,67
SKU-HMK-106,Smart WiFi Food Scale,Home & Kitchen,2026-04-23,2.0,92.0,39.99,17.5,12,19,67
SKU-HMK-106,Smart WiFi Food Scale,Home & Kitchen,2026-04-24,1.0,92.0,39.99,17.5,12,19,67
SKU-HMK-106,Smart WiFi Food Scale,Home & Kitchen,2026-04-25,2.0,92.0,39.99,17.5,12,19,67
SKU-HMK-106,Smart WiFi Food Scale,Home & Kitchen,2026-04-26,5.0,92.0,39.99,17.5,12,19,67
SKU-HMK-106,Smart WiFi Food Scale,Home & Kitchen,2026-04-27,7.0,92.0,39.99,17.5,12,19,67
SKU-HMK-106,Smart WiFi Food Scale,Home & Kitchen,2026-04-28,2.0,92.0,39.99,17.5,12,19,67
SKU-HMK-106,Smart WiFi Food Scale,Home & Kitchen,2026-04-29,4.0,92.0,39.99,17.5,12,19,67
SKU-HMK-106,Smart WiFi Food Scale,Home & Kitchen,2026-04-30,0.0,92.0,39.99,17.5,12,19,67
SKU-HMK-106,Smart WiFi Food Scale,Home & Kitchen,2026-05-01,7.0,92.0,39.99,17.5,12,19,67
SKU-HMK-106,Smart WiFi Food Scale,Home & Kitchen,2026-05-02,5.0,92.0,39.99,17.5,12,19,67
SKU-HMK-106,Smart WiFi Food Scale,Home & Kitchen,2026-05-03,4.0,92.0,39.99,17.5,12,19,67
SKU-HMK-106,Smart WiFi Food Scale,Home & Kitchen,2026-05-04,8.0,92.0,39.99,17.5,12,19,67
SKU-HMK-106,Smart WiFi Food Scale,Home & Kitchen,2026-05-05,2.0,92.0,39.99,17.5,12,19,67
SKU-HMK-106,Smart WiFi Food Scale,Home & Kitchen,2026-05-06,5.0,92.0,39.99,17.5,12,19,67
SKU-HMK-106,Smart WiFi Food Scale,Home & Kitchen,2026-05-07,4.0,92.0,39.99,17.5,12,19,67
SKU-HMK-106,Smart WiFi Food Scale,Home & Kitchen,2026-05-08,2.0,92.0,39.99,17.5,12,19,67
SKU-HMK-106,Smart WiFi Food Scale,Home & Kitchen,2026-05-09,6.0,92.0,39.99,17.5,12,19,67
SKU-HMK-106,Smart WiFi Food Scale,Home & Kitchen,2026-05-10,6.0,92.0,39.99,17.5,12,19,67
SKU-HMK-106,Smart WiFi Food Scale,Home & Kitchen,2026-05-11,2.0,92.0,39.99,17.5,12,19,67
SKU-HMK-106,Smart WiFi Food Scale,Home & Kitchen,2026-05-12,1.0,92.0,39.99,17.5,12,19,67
SKU-HMK-106,Smart WiFi Food Scale,Home & Kitchen,2026-05-13,2.0,92.0,39.99,17.5,12,19,67
SKU-HMK-106,Smart WiFi Food Scale,Home & Kitchen,2026-05-14,1.0,92.0,39.99,17.5,12,19,67
SKU-HMK-106,Smart WiFi Food Scale,Home & Kitchen,2026-05-15,3.0,92.0,39.99,17.5,12,19,67
SKU-HMK-106,Smart WiFi Food Scale,Home & Kitchen,2026-05-16,4.0,92.0,39.99,17.5,12,19,67
SKU-HMK-106,Smart WiFi Food Scale,Home & Kitchen,2026-05-17,8.0,92.0,39.99,17.5,12,19,67
SKU-HMK-106,Smart WiFi Food Scale,Home & Kitchen,2026-05-18,0.0,92.0,39.99,17.5,12,19,67
SKU-HMK-106,Smart WiFi Food Scale,Home & Kitchen,2026-05-19,3.0,92.0,39.99,17.5,12,19,67
SKU-HMK-106,Smart WiFi Food Scale,Home & Kitchen,2026-05-20,1.0,92.0,39.99,17.5,12,19,67
SKU-HMK-106,Smart WiFi Food Scale,Home & Kitchen,2026-05-21,7.0,92.0,39.99,17.5,12,19,67
SKU-HMK-106,Smart WiFi Food Scale,Home & Kitchen,2026-05-22,3.0,92.0,39.99,17.5,12,19,67
SKU-HMK-106,Smart WiFi Food Scale,Home & Kitchen,2026-05-23,6.0,92.0,39.99,17.5,12,19,67
SKU-HMK-106,Smart WiFi Food Scale,Home & Kitchen,2026-05-24,5.0,92.0,39.99,17.5,12,19,67
SKU-HMK-106,Smart WiFi Food Scale,Home & Kitchen,2026-05-25,4.0,92.0,39.99,17.5,12,19,67
SKU-HMK-106,Smart WiFi Food Scale,Home & Kitchen,2026-05-26,2.0,92.0,39.99,17.5,12,19,67
SKU-HMK-106,Smart WiFi Food Scale,Home & Kitchen,2026-05-27,2.0,92.0,39.99,17.5,12,19,67
SKU-HMK-106,Smart WiFi Food Scale,Home & Kitchen,2026-05-28,5.0,92.0,39.99,17.5,12,19,67
SKU-HMK-106,Smart WiFi Food Scale,Home & Kitchen,2026-05-29,5.0,92.0,39.99,17.5,12,19,67
SKU-HMK-106,Smart WiFi Food Scale,Home & Kitchen,2026-05-30,2.0,92.0,39.99,17.5,12,19,67
SKU-HMK-106,Smart WiFi Food Scale,Home & Kitchen,2026-05-31,6.0,92.0,39.99,17.5,12,19,67
SKU-HMK-106,Smart WiFi Food Scale,Home & Kitchen,2026-06-01,3.0,92.0,39.99,17.5,12,19,67
SKU-HMK-106,Smart WiFi Food Scale,Home & Kitchen,2026-06-02,3.0,92.0,39.99,17.5,12,19,67
SKU-HMK-106,Smart WiFi Food Scale,Home & Kitchen,2026-06-03,1.0,92.0,39.99,17.5,12,19,67
SKU-HMK-106,Smart WiFi Food Scale,Home & Kitchen,2026-06-04,5.0,92.0,39.99,17.5,12,19,67
SKU-HMK-106,Smart WiFi Food Scale,Home & Kitchen,2026-06-05,3.0,92.0,39.99,17.5,12,19,67
SKU-HMK-106,Smart WiFi Food Scale,Home & Kitchen,2026-06-06,4.0,92.0,39.99,17.5,12,19,67
SKU-HMK-106,Smart WiFi Food Scale,Home & Kitchen,2026-06-07,6.0,92.0,39.99,17.5,12,19,67
SKU-HMK-106,Smart WiFi Food Scale,Home & Kitchen,2026-06-08,7.0,92.0,39.99,17.5,12,19,67
SKU-HMK-106,Smart WiFi Food Scale,Home & Kitchen,2026-06-09,4.0,92.0,39.99,17.5,12,19,67
SKU-HMK-106,Smart WiFi Food Scale,Home & Kitchen,2026-06-10,4.0,92.0,39.99,17.5,12,19,67
SKU-HMK-106,Smart WiFi Food Scale,Home & Kitchen,2026-06-11,2.0,92.0,39.99,17.5,12,19,67
SKU-HMK-106,Smart WiFi Food Scale,Home & Kitchen,2026-06-12,2.0,92.0,39.99,17.5,12,19,67
SKU-HMK-106,Smart WiFi Food Scale,Home & Kitchen,2026-06-13,9.0,92.0,39.99,17.5,12,19,67
SKU-HMK-106,Smart WiFi Food Scale,Home & Kitchen,2026-06-14,7.0,92.0,39.99,17.5,12,19,67
SKU-HMK-106,Smart WiFi Food Scale,Home & Kitchen,2026-06-15,7.0,92.0,39.99,17.5,12,19,67
SKU-HMK-106,Smart WiFi Food Scale,Home & Kitchen,2026-06-16,3.0,92.0,39.99,17.5,12,19,67
SKU-HMK-106,Smart WiFi Food Scale,Home & Kitchen,2026-06-17,3.0,92.0,39.99,17.5,12,19,67
SKU-HMK-106,Smart WiFi Food Scale,Home & Kitchen,2026-06-18,1.0,92.0,39.99,17.5,12,19,67
SKU-HMK-106,Smart WiFi Food Scale,Home & Kitchen,2026-06-19,6.0,92.0,39.99,17.5,12,19,67
SKU-HMK-106,Smart WiFi Food Scale,Home & Kitchen,2026-06-20,10.0,92.0,39.99,17.5,12,19,67
SKU-HMK-106,Smart WiFi Food Scale,Home & Kitchen,2026-06-21,7.0,92.0,39.99,17.5,12,19,67
SKU-HMK-106,Smart WiFi Food Scale,Home & Kitchen,2026-06-22,5.0,92.0,39.99,17.5,12,19,67
SKU-HMK-106,Smart WiFi Food Scale,Home & Kitchen,2026-06-23,3.0,92.0,39.99,17.5,12,19,67
SKU-HMK-106,Smart WiFi Food Scale,Home & Kitchen,2026-06-24,6.0,92.0,39.99,17.5,12,19,67
SKU-HMK-106,Smart WiFi Food Scale,Home & Kitchen,2026-06-25,5.0,92.0,39.99,17.5,12,19,67
SKU-HMK-106,Smart WiFi Food Scale,Home & Kitchen,2026-06-26,7.0,92.0,39.99,17.5,12,19,67
SKU-HMK-106,Smart WiFi Food Scale,Home & Kitchen,2026-06-27,6.0,92.0,39.99,17.5,12,19,67
SKU-HMK-106,Smart WiFi Food Scale,Home & Kitchen,2026-06-28,8.0,92.0,39.99,17.5,12,19,67
SKU-HMK-106,Smart WiFi Food Scale,Home & Kitchen,2026-06-29,7.0,92.0,39.99,17.5,12,19,67
SKU-HMK-106,Smart WiFi Food Scale,Home & Kitchen,2026-06-30,8.0,92.0,39.99,17.5,12,19,67
SKU-HMK-106,Smart WiFi Food Scale,Home & Kitchen,2026-07-01,4.0,92.0,39.99,17.5,12,19,67
SKU-HMK-106,Smart WiFi Food Scale,Home & Kitchen,2026-07-02,7.0,92.0,39.99,17.5,12,19,67
SKU-HMK-106,Smart WiFi Food Scale,Home & Kitchen,2026-07-03,5.0,92.0,39.99,17.5,12,19,67
SKU-HMK-106,Smart WiFi Food Scale,Home & Kitchen,2026-07-04,4.0,92.0,39.99,17.5,12,19,67
SKU-HMK-106,Smart WiFi Food Scale,Home & Kitchen,2026-07-05,6.0,92.0,39.99,17.5,12,19,67
SKU-HMK-106,Smart WiFi Food Scale,Home & Kitchen,2026-07-06,5.0,92.0,39.99,17.5,12,19,67
SKU-HMK-106,Smart WiFi Food Scale,Home & Kitchen,2026-07-07,4.0,92.0,39.99,17.5,12,19,67
SKU-HMK-106,Smart WiFi Food Scale,Home & Kitchen,2026-07-08,6.0,92.0,39.99,17.5,12,19,67
SKU-HMK-106,Smart WiFi Food Scale,Home & Kitchen,2026-07-09,4.0,92.0,39.99,17.5,12,19,67
SKU-HMK-106,Smart WiFi Food Scale,Home & Kitchen,2026-07-10,5.0,92.0,39.99,17.5,12,19,67
SKU-HMK-106,Smart WiFi Food Scale,Home & Kitchen,2026-07-11,14.0,92.0,39.99,17.5,12,19,67
SKU-HMK-106,Smart WiFi Food Scale,Home & Kitchen,2026-07-12,3.0,92.0,39.99,17.5,12,19,67
SKU-HMK-106,Smart WiFi Food Scale,Home & Kitchen,2026-07-13,5.0,92.0,39.99,17.5,12,19,67
SKU-HMK-106,Smart WiFi Food Scale,Home & Kitchen,2026-07-14,6.0,92.0,39.99,17.5,12,19,67
SKU-HMK-106,Smart WiFi Food Scale,Home & Kitchen,2026-07-15,3.0,92.0,39.99,17.5,12,19,67
SKU-HMK-106,Smart WiFi Food Scale,Home & Kitchen,2026-07-16,5.0,92.0,39.99,17.5,12,19,67
SKU-HMK-106,Smart WiFi Food Scale,Home & Kitchen,2026-07-17,2.0,92.0,39.99,17.5,12,19,67
SKU-HMK-106,Smart WiFi Food Scale,Home & Kitchen,2026-07-18,4.0,92.0,39.99,17.5,12,19,67
SKU-HMK-106,Smart WiFi Food Scale,Home & Kitchen,2026-07-19,3.0,92.0,39.99,17.5,12,19,67
SKU-HMK-106,Smart WiFi Food Scale,Home & Kitchen,2026-07-20,3.0,92.0,39.99,17.5,12,19,67
SKU-HMK-106,Smart WiFi Food Scale,Home & Kitchen,2026-07-21,1.0,92.0,39.99,17.5,12,19,67
SKU-HMK-106,Smart WiFi Food Scale,Home & Kitchen,2026-07-22,5.0,92.0,39.99,17.5,12,19,67
SKU-HMK-106,Smart WiFi Food Scale,Home & Kitchen,2026-07-23,3.0,92.0,39.99,17.5,12,19,67
SKU-HMK-106,Smart WiFi Food Scale,Home & Kitchen,2026-07-24,5.0,92.0,39.99,17.5,12,19,67
SKU-HMK-106,Smart WiFi Food Scale,Home & Kitchen,2026-07-25,9.0,92.0,39.99,17.5,12,19,67
SKU-HMK-106,Smart WiFi Food Scale,Home & Kitchen,2026-07-26,5.0,92.0,39.99,17.5,12,19,67
SKU-HMK-106,Smart WiFi Food Scale,Home & Kitchen,2026-07-27,3.0,92.0,39.99,17.5,12,19,67
SKU-HMK-106,Smart WiFi Food Scale,Home & Kitchen,2026-07-28,3.0,92.0,39.99,17.5,12,19,67
SKU-HMK-106,Smart WiFi Food Scale,Home & Kitchen,2026-07-29,7.0,92.0,39.99,17.5,12,19,67
SKU-HMK-106,Smart WiFi Food Scale,Home & Kitchen,2026-07-30,5.0,92.0,39.99,17.5,12,19,67
SKU-HMK-106,Smart WiFi Food Scale,Home & Kitchen,2026-07-31,4.0,92.0,39.99,17.5,12,19,67
SKU-HMK-106,Smart WiFi Food Scale,Home & Kitchen,2026-08-01,3.0,92.0,39.99,17.5,12,19,67
SKU-HMK-106,Smart WiFi Food Scale,Home & Kitchen,2026-08-02,8.0,92.0,39.99,17.5,12,19,67
SKU-HMK-106,Smart WiFi Food Scale,Home & Kitchen,2026-08-03,8.0,92.0,39.99,17.5,12,19,67
SKU-HMK-106,Smart WiFi Food Scale,Home & Kitchen,2026-08-04,3.0,92.0,39.99,17.5,12,19,67
SKU-HMK-106,Smart WiFi Food Scale,Home & Kitchen,2026-08-05,5.0,92.0,39.99,17.5,12,19,67
SKU-HMK-106,Smart WiFi Food Scale,Home & Kitchen,2026-08-06,5.0,92.0,39.99,17.5,12,19,67
SKU-HMK-106,Smart WiFi Food Scale,Home & Kitchen,2026-08-07,2.0,92.0,39.99,17.5,12,19,67
SKU-HMK-106,Smart WiFi Food Scale,Home & Kitchen,2026-08-08,9.0,92.0,39.99,17.5,12,19,67
SKU-HMK-106,Smart WiFi Food Scale,Home & Kitchen,2026-08-09,3.0,92.0,39.99,17.5,12,19,67
SKU-HMK-106,Smart WiFi Food Scale,Home & Kitchen,2026-08-10,3.0,92.0,39.99,17.5,12,19,67
SKU-HMK-106,Smart WiFi Food Scale,Home & Kitchen,2026-08-11,6.0,92.0,39.99,17.5,12,19,67
SKU-HMK-106,Smart WiFi Food Scale,Home & Kitchen,2026-08-12,3.0,92.0,39.99,17.5,12,19,67
SKU-HMK-106,Smart WiFi Food Scale,Home & Kitchen,2026-08-13,3.0,92.0,39.99,17.5,12,19,67
SKU-HMK-106,Smart WiFi Food Scale,Home & Kitchen,2026-08-14,6.0,92.0,39.99,17.5,12,19,67
SKU-HMK-106,Smart WiFi Food Scale,Home & Kitchen,2026-08-15,3.0,92.0,39.99,17.5,12,19,67
SKU-HMK-106,Smart WiFi Food Scale,Home & Kitchen,2026-08-16,12.0,92.0,39.99,17.5,12,19,67
SKU-HMK-106,Smart WiFi Food Scale,Home & Kitchen,2026-08-17,2.0,92.0,39.99,17.5,12,19,67
SKU-HMK-106,Smart WiFi Food Scale,Home & Kitchen,2026-08-18,3.0,92.0,39.99,17.5,12,19,67
SKU-HMK-106,Smart WiFi Food Scale,Home & Kitchen,2026-08-19,0.0,92.0,39.99,17.5,12,19,67
SKU-HMK-106,Smart WiFi Food Scale,Home & Kitchen,2026-08-20,2.0,92.0,39.99,17.5,12,19,67
SKU-HMK-106,Smart WiFi Food Scale,Home & Kitchen,2026-08-21,3.0,92.0,39.99,17.5,12,19,67
SKU-HMK-106,Smart WiFi Food Scale,Home & Kitchen,2026-08-22,3.0,92.0,39.99,17.5,12,19,67
SKU-HMK-106,Smart WiFi Food Scale,Home & Kitchen,2026-08-23,4.0,92.0,39.99,17.5,12,19,67
SKU-HMK-106,Smart WiFi Food Scale,Home & Kitchen,2026-08-24,4.0,92.0,39.99,17.5,12,19,67
SKU-HMK-106,Smart WiFi Food Scale,Home & Kitchen,2026-08-25,3.0,92.0,39.99,17.5,12,19,67
SKU-HMK-106,Smart WiFi Food Scale,Home & Kitchen,2026-08-26,7.0,92.0,39.99,17.5,12,19,67
SKU-HMK-106,Smart WiFi Food Scale,Home & Kitchen,2026-08-27,2.0,92.0,39.99,17.5,12,19,67
SKU-HMK-107,Silicone Baking Mat Set,Home & Kitchen,2026-03-01,7.0,22.0,18.5,6.0,10,21,73
SKU-HMK-107,Silicone Baking Mat Set,Home & Kitchen,2026-03-02,5.0,22.0,18.5,6.0,10,21,73
SKU-HMK-107,Silicone Baking Mat Set,Home & Kitchen,2026-03-03,1.0,22.0,18.5,6.0,10,21,73
SKU-HMK-107,Silicone Baking Mat Set,Home & Kitchen,2026-03-04,6.0,22.0,18.5,6.0,10,21,73
SKU-HMK-107,Silicone Baking Mat Set,Home & Kitchen,2026-03-05,6.0,22.0,18.5,6.0,10,21,73
SKU-HMK-107,Silicone Baking Mat Set,Home & Kitchen,2026-03-06,5.0,22.0,18.5,6.0,10,21,73
SKU-HMK-107,Silicone Baking Mat Set,Home & Kitchen,2026-03-07,9.0,22.0,18.5,6.0,10,21,73
SKU-HMK-107,Silicone Baking Mat Set,Home & Kitchen,2026-03-08,5.0,22.0,18.5,6.0,10,21,73
SKU-HMK-107,Silicone Baking Mat Set,Home & Kitchen,2026-03-09,5.0,22.0,18.5,6.0,10,21,73
SKU-HMK-107,Silicone Baking Mat Set,Home & Kitchen,2026-03-10,7.0,22.0,18.5,6.0,10,21,73
SKU-HMK-107,Silicone Baking Mat Set,Home & Kitchen,2026-03-11,6.0,22.0,18.5,6.0,10,21,73
SKU-HMK-107,Silicone Baking Mat Set,Home & Kitchen,2026-03-12,9.0,22.0,18.5,6.0,10,21,73
SKU-HMK-107,Silicone Baking Mat Set,Home & Kitchen,2026-03-13,1.0,22.0,18.5,6.0,10,21,73
SKU-HMK-107,Silicone Baking Mat Set,Home & Kitchen,2026-03-14,8.0,22.0,18.5,6.0,10,21,73
SKU-HMK-107,Silicone Baking Mat Set,Home & Kitchen,2026-03-15,8.0,22.0,18.5,6.0,10,21,73
SKU-HMK-107,Silicone Baking Mat Set,Home & Kitchen,2026-03-16,7.0,22.0,18.5,6.0,10,21,73
SKU-HMK-107,Silicone Baking Mat Set,Home & Kitchen,2026-03-17,7.0,22.0,18.5,6.0,10,21,73
SKU-HMK-107,Silicone Baking Mat Set,Home & Kitchen,2026-03-18,4.0,22.0,18.5,6.0,10,21,73
SKU-HMK-107,Silicone Baking Mat Set,Home & Kitchen,2026-03-19,6.0,22.0,18.5,6.0,10,21,73
SKU-HMK-107,Silicone Baking Mat Set,Home & Kitchen,2026-03-20,10.0,22.0,18.5,6.0,10,21,73
SKU-HMK-107,Silicone Baking Mat Set,Home & Kitchen,2026-03-21,11.0,22.0,18.5,6.0,10,21,73
SKU-HMK-107,Silicone Baking Mat Set,Home & Kitchen,2026-03-22,7.0,22.0,18.5,6.0,10,21,73
SKU-HMK-107,Silicone Baking Mat Set,Home & Kitchen,2026-03-23,5.0,22.0,18.5,6.0,10,21,73
SKU-HMK-107,Silicone Baking Mat Set,Home & Kitchen,2026-03-24,7.0,22.0,18.5,6.0,10,21,73
SKU-HMK-107,Silicone Baking Mat Set,Home & Kitchen,2026-03-25,6.0,22.0,18.5,6.0,10,21,73
SKU-HMK-107,Silicone Baking Mat Set,Home & Kitchen,2026-03-26,3.0,22.0,18.5,6.0,10,21,73
SKU-HMK-107,Silicone Baking Mat Set,Home & Kitchen,2026-03-27,5.0,22.0,18.5,6.0,10,21,73
SKU-HMK-107,Silicone Baking Mat Set,Home & Kitchen,2026-03-28,4.0,22.0,18.5,6.0,10,21,73
SKU-HMK-107,Silicone Baking Mat Set,Home & Kitchen,2026-03-29,9.0,22.0,18.5,6.0,10,21,73
SKU-HMK-107,Silicone Baking Mat Set,Home & Kitchen,2026-03-30,5.0,22.0,18.5,6.0,10,21,73
SKU-HMK-107,Silicone Baking Mat Set,Home & Kitchen,2026-03-31,6.0,22.0,18.5,6.0,10,21,73
SKU-HMK-107,Silicone Baking Mat Set,Home & Kitchen,2026-04-01,8.0,22.0,18.5,6.0,10,21,73
SKU-HMK-107,Silicone Baking Mat Set,Home & Kitchen,2026-04-02,5.0,22.0,18.5,6.0,10,21,73
SKU-HMK-107,Silicone Baking Mat Set,Home & Kitchen,2026-04-03,3.0,22.0,18.5,6.0,10,21,73
SKU-HMK-107,Silicone Baking Mat Set,Home & Kitchen,2026-04-04,7.0,22.0,18.5,6.0,10,21,73
SKU-HMK-107,Silicone Baking Mat Set,Home & Kitchen,2026-04-05,10.0,22.0,18.5,6.0,10,21,73
SKU-HMK-107,Silicone Baking Mat Set,Home & Kitchen,2026-04-06,5.0,22.0,18.5,6.0,10,21,73
SKU-HMK-107,Silicone Baking Mat Set,Home & Kitchen,2026-04-07,7.0,22.0,18.5,6.0,10,21,73
SKU-HMK-107,Silicone Baking Mat Set,Home & Kitchen,2026-04-08,9.0,22.0,18.5,6.0,10,21,73
SKU-HMK-107,Silicone Baking Mat Set,Home & Kitchen,2026-04-09,1.0,22.0,18.5,6.0,10,21,73
SKU-HMK-107,Silicone Baking Mat Set,Home & Kitchen,2026-04-10,11.0,22.0,18.5,6.0,10,21,73
SKU-HMK-107,Silicone Baking Mat Set,Home & Kitchen,2026-04-11,6.0,22.0,18.5,6.0,10,21,73
SKU-HMK-107,Silicone Baking Mat Set,Home & Kitchen,2026-04-12,14.0,22.0,18.5,6.0,10,21,73
SKU-HMK-107,Silicone Baking Mat Set,Home & Kitchen,2026-04-13,7.0,22.0,18.5,6.0,10,21,73
SKU-HMK-107,Silicone Baking Mat Set,Home & Kitchen,2026-04-14,1.0,22.0,18.5,6.0,10,21,73
SKU-HMK-107,Silicone Baking Mat Set,Home & Kitchen,2026-04-15,12.0,22.0,18.5,6.0,10,21,73
SKU-HMK-107,Silicone Baking Mat Set,Home & Kitchen,2026-04-16,3.0,22.0,18.5,6.0,10,21,73
SKU-HMK-107,Silicone Baking Mat Set,Home & Kitchen,2026-04-17,1.0,22.0,18.5,6.0,10,21,73
SKU-HMK-107,Silicone Baking Mat Set,Home & Kitchen,2026-04-18,10.0,22.0,18.5,6.0,10,21,73
SKU-HMK-107,Silicone Baking Mat Set,Home & Kitchen,2026-04-19,4.0,22.0,18.5,6.0,10,21,73
SKU-HMK-107,Silicone Baking Mat Set,Home & Kitchen,2026-04-20,6.0,22.0,18.5,6.0,10,21,73
SKU-HMK-107,Silicone Baking Mat Set,Home & Kitchen,2026-04-21,4.0,22.0,18.5,6.0,10,21,73
SKU-HMK-107,Silicone Baking Mat Set,Home & Kitchen,2026-04-22,9.0,22.0,18.5,6.0,10,21,73
SKU-HMK-107,Silicone Baking Mat Set,Home & Kitchen,2026-04-23,4.0,22.0,18.5,6.0,10,21,73
SKU-HMK-107,Silicone Baking Mat Set,Home & Kitchen,2026-04-24,9.0,22.0,18.5,6.0,10,21,73
SKU-HMK-107,Silicone Baking Mat Set,Home & Kitchen,2026-04-25,7.0,22.0,18.5,6.0,10,21,73
SKU-HMK-107,Silicone Baking Mat Set,Home & Kitchen,2026-04-26,7.0,22.0,18.5,6.0,10,21,73
SKU-HMK-107,Silicone Baking Mat Set,Home & Kitchen,2026-04-27,4.0,22.0,18.5,6.0,10,21,73
SKU-HMK-107,Silicone Baking Mat Set,Home & Kitchen,2026-04-28,7.0,22.0,18.5,6.0,10,21,73
SKU-HMK-107,Silicone Baking Mat Set,Home & Kitchen,2026-04-29,7.0,22.0,18.5,6.0,10,21,73
SKU-HMK-107,Silicone Baking Mat Set,Home & Kitchen,2026-04-30,3.0,22.0,18.5,6.0,10,21,73
SKU-HMK-107,Silicone Baking Mat Set,Home & Kitchen,2026-05-01,5.0,22.0,18.5,6.0,10,21,73
SKU-HMK-107,Silicone Baking Mat Set,Home & Kitchen,2026-05-02,8.0,22.0,18.5,6.0,10,21,73
SKU-HMK-107,Silicone Baking Mat Set,Home & Kitchen,2026-05-03,6.0,22.0,18.5,6.0,10,21,73
SKU-HMK-107,Silicone Baking Mat Set,Home & Kitchen,2026-05-04,2.0,22.0,18.5,6.0,10,21,73
SKU-HMK-107,Silicone Baking Mat Set,Home & Kitchen,2026-05-05,9.0,22.0,18.5,6.0,10,21,73
SKU-HMK-107,Silicone Baking Mat Set,Home & Kitchen,2026-05-06,8.0,22.0,18.5,6.0,10,21,73
SKU-HMK-107,Silicone Baking Mat Set,Home & Kitchen,2026-05-07,4.0,22.0,18.5,6.0,10,21,73
SKU-HMK-107,Silicone Baking Mat Set,Home & Kitchen,2026-05-08,3.0,22.0,18.5,6.0,10,21,73
SKU-HMK-107,Silicone Baking Mat Set,Home & Kitchen,2026-05-09,10.0,22.0,18.5,6.0,10,21,73
SKU-HMK-107,Silicone Baking Mat Set,Home & Kitchen,2026-05-10,4.0,22.0,18.5,6.0,10,21,73
SKU-HMK-107,Silicone Baking Mat Set,Home & Kitchen,2026-05-11,5.0,22.0,18.5,6.0,10,21,73
SKU-HMK-107,Silicone Baking Mat Set,Home & Kitchen,2026-05-12,4.0,22.0,18.5,6.0,10,21,73
SKU-HMK-107,Silicone Baking Mat Set,Home & Kitchen,2026-05-13,7.0,22.0,18.5,6.0,10,21,73
SKU-HMK-107,Silicone Baking Mat Set,Home & Kitchen,2026-05-14,6.0,22.0,18.5,6.0,10,21,73
SKU-HMK-107,Silicone Baking Mat Set,Home & Kitchen,2026-05-15,4.0,22.0,18.5,6.0,10,21,73
SKU-HMK-107,Silicone Baking Mat Set,Home & Kitchen,2026-05-16,11.0,22.0,18.5,6.0,10,21,73
SKU-HMK-107,Silicone Baking Mat Set,Home & Kitchen,2026-05-17,6.0,22.0,18.5,6.0,10,21,73
SKU-HMK-107,Silicone Baking Mat Set,Home & Kitchen,2026-05-18,6.0,22.0,18.5,6.0,10,21,73
SKU-HMK-107,Silicone Baking Mat Set,Home & Kitchen,2026-05-19,2.0,22.0,18.5,6.0,10,21,73
SKU-HMK-107,Silicone Baking Mat Set,Home & Kitchen,2026-05-20,3.0,22.0,18.5,6.0,10,21,73
SKU-HMK-107,Silicone Baking Mat Set,Home & Kitchen,2026-05-21,5.0,22.0,18.5,6.0,10,21,73
SKU-HMK-107,Silicone Baking Mat Set,Home & Kitchen,2026-05-22,7.0,22.0,18.5,6.0,10,21,73
SKU-HMK-107,Silicone Baking Mat Set,Home & Kitchen,2026-05-23,3.0,22.0,18.5,6.0,10,21,73
SKU-HMK-107,Silicone Baking Mat Set,Home & Kitchen,2026-05-24,5.0,22.0,18.5,6.0,10,21,73
SKU-HMK-107,Silicone Baking Mat Set,Home & Kitchen,2026-05-25,2.0,22.0,18.5,6.0,10,21,73
SKU-HMK-107,Silicone Baking Mat Set,Home & Kitchen,2026-05-26,2.0,22.0,18.5,6.0,10,21,73
SKU-HMK-107,Silicone Baking Mat Set,Home & Kitchen,2026-05-27,2.0,22.0,18.5,6.0,10,21,73
SKU-HMK-107,Silicone Baking Mat Set,Home & Kitchen,2026-05-28,10.0,22.0,18.5,6.0,10,21,73
SKU-HMK-107,Silicone Baking Mat Set,Home & Kitchen,2026-05-29,3.0,22.0,18.5,6.0,10,21,73
SKU-HMK-107,Silicone Baking Mat Set,Home & Kitchen,2026-05-30,3.0,22.0,18.5,6.0,10,21,73
SKU-HMK-107,Silicone Baking Mat Set,Home & Kitchen,2026-05-31,7.0,22.0,18.5,6.0,10,21,73
SKU-HMK-107,Silicone Baking Mat Set,Home & Kitchen,2026-06-01,6.0,22.0,18.5,6.0,10,21,73
SKU-HMK-107,Silicone Baking Mat Set,Home & Kitchen,2026-06-02,6.0,22.0,18.5,6.0,10,21,73
SKU-HMK-107,Silicone Baking Mat Set,Home & Kitchen,2026-06-03,4.0,22.0,18.5,6.0,10,21,73
SKU-HMK-107,Silicone Baking Mat Set,Home & Kitchen,2026-06-04,9.0,22.0,18.5,6.0,10,21,73
SKU-HMK-107,Silicone Baking Mat Set,Home & Kitchen,2026-06-05,10.0,22.0,18.5,6.0,10,21,73
SKU-HMK-107,Silicone Baking Mat Set,Home & Kitchen,2026-06-06,8.0,22.0,18.5,6.0,10,21,73
SKU-HMK-107,Silicone Baking Mat Set,Home & Kitchen,2026-06-07,4.0,22.0,18.5,6.0,10,21,73
SKU-HMK-107,Silicone Baking Mat Set,Home & Kitchen,2026-06-08,8.0,22.0,18.5,6.0,10,21,73
SKU-HMK-107,Silicone Baking Mat Set,Home & Kitchen,2026-06-09,8.0,22.0,18.5,6.0,10,21,73
SKU-HMK-107,Silicone Baking Mat Set,Home & Kitchen,2026-06-10,2.0,22.0,18.5,6.0,10,21,73
SKU-HMK-107,Silicone Baking Mat Set,Home & Kitchen,2026-06-11,5.0,22.0,18.5,6.0,10,21,73
SKU-HMK-107,Silicone Baking Mat Set,Home & Kitchen,2026-06-12,7.0,22.0,18.5,6.0,10,21,73
SKU-HMK-107,Silicone Baking Mat Set,Home & Kitchen,2026-06-13,4.0,22.0,18.5,6.0,10,21,73
SKU-HMK-107,Silicone Baking Mat Set,Home & Kitchen,2026-06-14,13.0,22.0,18.5,6.0,10,21,73
SKU-HMK-107,Silicone Baking Mat Set,Home & Kitchen,2026-06-15,4.0,22.0,18.5,6.0,10,21,73
SKU-HMK-107,Silicone Baking Mat Set,Home & Kitchen,2026-06-16,4.0,22.0,18.5,6.0,10,21,73
SKU-HMK-107,Silicone Baking Mat Set,Home & Kitchen,2026-06-17,5.0,22.0,18.5,6.0,10,21,73
SKU-HMK-107,Silicone Baking Mat Set,Home & Kitchen,2026-06-18,4.0,22.0,18.5,6.0,10,21,73
SKU-HMK-107,Silicone Baking Mat Set,Home & Kitchen,2026-06-19,4.0,22.0,18.5,6.0,10,21,73
SKU-HMK-107,Silicone Baking Mat Set,Home & Kitchen,2026-06-20,12.0,22.0,18.5,6.0,10,21,73
SKU-HMK-107,Silicone Baking Mat Set,Home & Kitchen,2026-06-21,11.0,22.0,18.5,6.0,10,21,73
SKU-HMK-107,Silicone Baking Mat Set,Home & Kitchen,2026-06-22,10.0,22.0,18.5,6.0,10,21,73
SKU-HMK-107,Silicone Baking Mat Set,Home & Kitchen,2026-06-23,4.0,22.0,18.5,6.0,10,21,73
SKU-HMK-107,Silicone Baking Mat Set,Home & Kitchen,2026-06-24,8.0,22.0,18.5,6.0,10,21,73
SKU-HMK-107,Silicone Baking Mat Set,Home & Kitchen,2026-06-25,4.0,22.0,18.5,6.0,10,21,73
SKU-HMK-107,Silicone Baking Mat Set,Home & Kitchen,2026-06-26,7.0,22.0,18.5,6.0,10,21,73
SKU-HMK-107,Silicone Baking Mat Set,Home & Kitchen,2026-06-27,14.0,22.0,18.5,6.0,10,21,73
SKU-HMK-107,Silicone Baking Mat Set,Home & Kitchen,2026-06-28,11.0,22.0,18.5,6.0,10,21,73
SKU-HMK-107,Silicone Baking Mat Set,Home & Kitchen,2026-06-29,4.0,22.0,18.5,6.0,10,21,73
SKU-HMK-107,Silicone Baking Mat Set,Home & Kitchen,2026-06-30,5.0,22.0,18.5,6.0,10,21,73
SKU-HMK-107,Silicone Baking Mat Set,Home & Kitchen,2026-07-01,7.0,22.0,18.5,6.0,10,21,73
SKU-HMK-107,Silicone Baking Mat Set,Home & Kitchen,2026-07-02,6.0,22.0,18.5,6.0,10,21,73
SKU-HMK-107,Silicone Baking Mat Set,Home & Kitchen,2026-07-03,9.0,22.0,18.5,6.0,10,21,73
SKU-HMK-107,Silicone Baking Mat Set,Home & Kitchen,2026-07-04,10.0,22.0,18.5,6.0,10,21,73
SKU-HMK-107,Silicone Baking Mat Set,Home & Kitchen,2026-07-05,6.0,22.0,18.5,6.0,10,21,73
SKU-HMK-107,Silicone Baking Mat Set,Home & Kitchen,2026-07-06,3.0,22.0,18.5,6.0,10,21,73
SKU-HMK-107,Silicone Baking Mat Set,Home & Kitchen,2026-07-07,3.0,22.0,18.5,6.0,10,21,73
SKU-HMK-107,Silicone Baking Mat Set,Home & Kitchen,2026-07-08,3.0,22.0,18.5,6.0,10,21,73
SKU-HMK-107,Silicone Baking Mat Set,Home & Kitchen,2026-07-09,10.0,22.0,18.5,6.0,10,21,73
SKU-HMK-107,Silicone Baking Mat Set,Home & Kitchen,2026-07-10,6.0,22.0,18.5,6.0,10,21,73
SKU-HMK-107,Silicone Baking Mat Set,Home & Kitchen,2026-07-11,5.0,22.0,18.5,6.0,10,21,73
SKU-HMK-107,Silicone Baking Mat Set,Home & Kitchen,2026-07-12,10.0,22.0,18.5,6.0,10,21,73
SKU-HMK-107,Silicone Baking Mat Set,Home & Kitchen,2026-07-13,6.0,22.0,18.5,6.0,10,21,73
SKU-HMK-107,Silicone Baking Mat Set,Home & Kitchen,2026-07-14,4.0,22.0,18.5,6.0,10,21,73
SKU-HMK-107,Silicone Baking Mat Set,Home & Kitchen,2026-07-15,5.0,22.0,18.5,6.0,10,21,73
SKU-HMK-107,Silicone Baking Mat Set,Home & Kitchen,2026-07-16,5.0,22.0,18.5,6.0,10,21,73
SKU-HMK-107,Silicone Baking Mat Set,Home & Kitchen,2026-07-17,8.0,22.0,18.5,6.0,10,21,73
SKU-HMK-107,Silicone Baking Mat Set,Home & Kitchen,2026-07-18,6.0,22.0,18.5,6.0,10,21,73
SKU-HMK-107,Silicone Baking Mat Set,Home & Kitchen,2026-07-19,8.0,22.0,18.5,6.0,10,21,73
SKU-HMK-107,Silicone Baking Mat Set,Home & Kitchen,2026-07-20,4.0,22.0,18.5,6.0,10,21,73
SKU-HMK-107,Silicone Baking Mat Set,Home & Kitchen,2026-07-21,5.0,22.0,18.5,6.0,10,21,73
SKU-HMK-107,Silicone Baking Mat Set,Home & Kitchen,2026-07-22,5.0,22.0,18.5,6.0,10,21,73
SKU-HMK-107,Silicone Baking Mat Set,Home & Kitchen,2026-07-23,3.0,22.0,18.5,6.0,10,21,73
SKU-HMK-107,Silicone Baking Mat Set,Home & Kitchen,2026-07-24,7.0,22.0,18.5,6.0,10,21,73
SKU-HMK-107,Silicone Baking Mat Set,Home & Kitchen,2026-07-25,5.0,22.0,18.5,6.0,10,21,73
SKU-HMK-107,Silicone Baking Mat Set,Home & Kitchen,2026-07-26,2.0,22.0,18.5,6.0,10,21,73
SKU-HMK-107,Silicone Baking Mat Set,Home & Kitchen,2026-07-27,9.0,22.0,18.5,6.0,10,21,73
SKU-HMK-107,Silicone Baking Mat Set,Home & Kitchen,2026-07-28,4.0,22.0,18.5,6.0,10,21,73
SKU-HMK-107,Silicone Baking Mat Set,Home & Kitchen,2026-07-29,3.0,22.0,18.5,6.0,10,21,73
SKU-HMK-107,Silicone Baking Mat Set,Home & Kitchen,2026-07-30,1.0,22.0,18.5,6.0,10,21,73
SKU-HMK-107,Silicone Baking Mat Set,Home & Kitchen,2026-07-31,2.0,22.0,18.5,6.0,10,21,73
SKU-HMK-107,Silicone Baking Mat Set,Home & Kitchen,2026-08-01,8.0,22.0,18.5,6.0,10,21,73
SKU-HMK-107,Silicone Baking Mat Set,Home & Kitchen,2026-08-02,8.0,22.0,18.5,6.0,10,21,73
SKU-HMK-107,Silicone Baking Mat Set,Home & Kitchen,2026-08-03,5.0,22.0,18.5,6.0,10,21,73
SKU-HMK-107,Silicone Baking Mat Set,Home & Kitchen,2026-08-04,2.0,22.0,18.5,6.0,10,21,73
SKU-HMK-107,Silicone Baking Mat Set,Home & Kitchen,2026-08-05,6.0,22.0,18.5,6.0,10,21,73
SKU-HMK-107,Silicone Baking Mat Set,Home & Kitchen,2026-08-06,1.0,22.0,18.5,6.0,10,21,73
SKU-HMK-107,Silicone Baking Mat Set,Home & Kitchen,2026-08-07,4.0,22.0,18.5,6.0,10,21,73
SKU-HMK-107,Silicone Baking Mat Set,Home & Kitchen,2026-08-08,10.0,22.0,18.5,6.0,10,21,73
SKU-HMK-107,Silicone Baking Mat Set,Home & Kitchen,2026-08-09,3.0,22.0,18.5,6.0,10,21,73
SKU-HMK-107,Silicone Baking Mat Set,Home & Kitchen,2026-08-10,6.0,22.0,18.5,6.0,10,21,73
SKU-HMK-107,Silicone Baking Mat Set,Home & Kitchen,2026-08-11,3.0,22.0,18.5,6.0,10,21,73
SKU-HMK-107,Silicone Baking Mat Set,Home & Kitchen,2026-08-12,7.0,22.0,18.5,6.0,10,21,73
SKU-HMK-107,Silicone Baking Mat Set,Home & Kitchen,2026-08-13,6.0,22.0,18.5,6.0,10,21,73
SKU-HMK-107,Silicone Baking Mat Set,Home & Kitchen,2026-08-14,5.0,22.0,18.5,6.0,10,21,73
SKU-HMK-107,Silicone Baking Mat Set,Home & Kitchen,2026-08-15,5.0,22.0,18.5,6.0,10,21,73
SKU-HMK-107,Silicone Baking Mat Set,Home & Kitchen,2026-08-16,12.0,22.0,18.5,6.0,10,21,73
SKU-HMK-107,Silicone Baking Mat Set,Home & Kitchen,2026-08-17,2.0,22.0,18.5,6.0,10,21,73
SKU-HMK-107,Silicone Baking Mat Set,Home & Kitchen,2026-08-18,3.0,22.0,18.5,6.0,10,21,73
SKU-HMK-107,Silicone Baking Mat Set,Home & Kitchen,2026-08-19,3.0,22.0,18.5,6.0,10,21,73
SKU-HMK-107,Silicone Baking Mat Set,Home & Kitchen,2026-08-20,3.0,22.0,18.5,6.0,10,21,73
SKU-HMK-107,Silicone Baking Mat Set,Home & Kitchen,2026-08-21,3.0,22.0,18.5,6.0,10,21,73
SKU-HMK-107,Silicone Baking Mat Set,Home & Kitchen,2026-08-22,8.0,22.0,18.5,6.0,10,21,73
SKU-HMK-107,Silicone Baking Mat Set,Home & Kitchen,2026-08-23,3.0,22.0,18.5,6.0,10,21,73
SKU-HMK-107,Silicone Baking Mat Set,Home & Kitchen,2026-08-24,9.0,22.0,18.5,6.0,10,21,73
SKU-HMK-107,Silicone Baking Mat Set,Home & Kitchen,2026-08-25,3.0,22.0,18.5,6.0,10,21,73
SKU-HMK-107,Silicone Baking Mat Set,Home & Kitchen,2026-08-26,2.0,22.0,18.5,6.0,10,21,73
SKU-HMK-107,Silicone Baking Mat Set,Home & Kitchen,2026-08-27,3.0,22.0,18.5,6.0,10,21,73
SKU-APP-201,Thermal Fleece Running Hoodie,Apparel,2026-03-01,10.0,16.0,59.99,24.0,14,48,167
SKU-APP-201,Thermal Fleece Running Hoodie,Apparel,2026-03-02,5.0,16.0,59.99,24.0,14,48,167
SKU-APP-201,Thermal Fleece Running Hoodie,Apparel,2026-03-03,10.0,16.0,59.99,24.0,14,48,167
SKU-APP-201,Thermal Fleece Running Hoodie,Apparel,2026-03-04,14.0,16.0,59.99,24.0,14,48,167
SKU-APP-201,Thermal Fleece Running Hoodie,Apparel,2026-03-05,8.0,16.0,59.99,24.0,14,48,167
SKU-APP-201,Thermal Fleece Running Hoodie,Apparel,2026-03-06,4.0,16.0,59.99,24.0,14,48,167
SKU-APP-201,Thermal Fleece Running Hoodie,Apparel,2026-03-07,12.0,16.0,59.99,24.0,14,48,167
SKU-APP-201,Thermal Fleece Running Hoodie,Apparel,2026-03-08,10.0,16.0,59.99,24.0,14,48,167
SKU-APP-201,Thermal Fleece Running Hoodie,Apparel,2026-03-09,7.0,16.0,59.99,24.0,14,48,167
SKU-APP-201,Thermal Fleece Running Hoodie,Apparel,2026-03-10,7.0,16.0,59.99,24.0,14,48,167
SKU-APP-201,Thermal Fleece Running Hoodie,Apparel,2026-03-11,14.0,16.0,59.99,24.0,14,48,167
SKU-APP-201,Thermal Fleece Running Hoodie,Apparel,2026-03-12,8.0,16.0,59.99,24.0,14,48,167
SKU-APP-201,Thermal Fleece Running Hoodie,Apparel,2026-03-13,13.0,16.0,59.99,24.0,14,48,167
SKU-APP-201,Thermal Fleece Running Hoodie,Apparel,2026-03-14,13.0,16.0,59.99,24.0,14,48,167
SKU-APP-201,Thermal Fleece Running Hoodie,Apparel,2026-03-15,16.0,16.0,59.99,24.0,14,48,167
SKU-APP-201,Thermal Fleece Running Hoodie,Apparel,2026-03-16,10.0,16.0,59.99,24.0,14,48,167
SKU-APP-201,Thermal Fleece Running Hoodie,Apparel,2026-03-17,14.0,16.0,59.99,24.0,14,48,167
SKU-APP-201,Thermal Fleece Running Hoodie,Apparel,2026-03-18,8.0,16.0,59.99,24.0,14,48,167
SKU-APP-201,Thermal Fleece Running Hoodie,Apparel,2026-03-19,6.0,16.0,59.99,24.0,14,48,167
SKU-APP-201,Thermal Fleece Running Hoodie,Apparel,2026-03-20,9.0,16.0,59.99,24.0,14,48,167
SKU-APP-201,Thermal Fleece Running Hoodie,Apparel,2026-03-21,15.0,16.0,59.99,24.0,14,48,167
SKU-APP-201,Thermal Fleece Running Hoodie,Apparel,2026-03-22,11.0,16.0,59.99,24.0,14,48,167
SKU-APP-201,Thermal Fleece Running Hoodie,Apparel,2026-03-23,10.0,16.0,59.99,24.0,14,48,167
SKU-APP-201,Thermal Fleece Running Hoodie,Apparel,2026-03-24,13.0,16.0,59.99,24.0,14,48,167
SKU-APP-201,Thermal Fleece Running Hoodie,Apparel,2026-03-25,8.0,16.0,59.99,24.0,14,48,167
SKU-APP-201,Thermal Fleece Running Hoodie,Apparel,2026-03-26,10.0,16.0,59.99,24.0,14,48,167
SKU-APP-201,Thermal Fleece Running Hoodie,Apparel,2026-03-27,4.0,16.0,59.99,24.0,14,48,167
SKU-APP-201,Thermal Fleece Running Hoodie,Apparel,2026-03-28,8.0,16.0,59.99,24.0,14,48,167
SKU-APP-201,Thermal Fleece Running Hoodie,Apparel,2026-03-29,13.0,16.0,59.99,24.0,14,48,167
SKU-APP-201,Thermal Fleece Running Hoodie,Apparel,2026-03-30,3.0,16.0,59.99,24.0,14,48,167
SKU-APP-201,Thermal Fleece Running Hoodie,Apparel,2026-03-31,12.0,16.0,59.99,24.0,14,48,167
SKU-APP-201,Thermal Fleece Running Hoodie,Apparel,2026-04-01,9.0,16.0,59.99,24.0,14,48,167
SKU-APP-201,Thermal Fleece Running Hoodie,Apparel,2026-04-02,11.0,16.0,59.99,24.0,14,48,167
SKU-APP-201,Thermal Fleece Running Hoodie,Apparel,2026-04-03,9.0,16.0,59.99,24.0,14,48,167
SKU-APP-201,Thermal Fleece Running Hoodie,Apparel,2026-04-04,13.0,16.0,59.99,24.0,14,48,167
SKU-APP-201,Thermal Fleece Running Hoodie,Apparel,2026-04-05,9.0,16.0,59.99,24.0,14,48,167
SKU-APP-201,Thermal Fleece Running Hoodie,Apparel,2026-04-06,10.0,16.0,59.99,24.0,14,48,167
SKU-APP-201,Thermal Fleece Running Hoodie,Apparel,2026-04-07,8.0,16.0,59.99,24.0,14,48,167
SKU-APP-201,Thermal Fleece Running Hoodie,Apparel,2026-04-08,10.0,16.0,59.99,24.0,14,48,167
SKU-APP-201,Thermal Fleece Running Hoodie,Apparel,2026-04-09,5.0,16.0,59.99,24.0,14,48,167
SKU-APP-201,Thermal Fleece Running Hoodie,Apparel,2026-04-10,15.0,16.0,59.99,24.0,14,48,167
SKU-APP-201,Thermal Fleece Running Hoodie,Apparel,2026-04-11,16.0,16.0,59.99,24.0,14,48,167
SKU-APP-201,Thermal Fleece Running Hoodie,Apparel,2026-04-12,4.0,16.0,59.99,24.0,14,48,167
SKU-APP-201,Thermal Fleece Running Hoodie,Apparel,2026-04-13,11.0,16.0,59.99,24.0,14,48,167
SKU-APP-201,Thermal Fleece Running Hoodie,Apparel,2026-04-14,9.0,16.0,59.99,24.0,14,48,167
SKU-APP-201,Thermal Fleece Running Hoodie,Apparel,2026-04-15,12.0,16.0,59.99,24.0,14,48,167
SKU-APP-201,Thermal Fleece Running Hoodie,Apparel,2026-04-16,12.0,16.0,59.99,24.0,14,48,167
SKU-APP-201,Thermal Fleece Running Hoodie,Apparel,2026-04-17,6.0,16.0,59.99,24.0,14,48,167
SKU-APP-201,Thermal Fleece Running Hoodie,Apparel,2026-04-18,14.0,16.0,59.99,24.0,14,48,167
SKU-APP-201,Thermal Fleece Running Hoodie,Apparel,2026-04-19,8.0,16.0,59.99,24.0,14,48,167
SKU-APP-201,Thermal Fleece Running Hoodie,Apparel,2026-04-20,10.0,16.0,59.99,24.0,14,48,167
SKU-APP-201,Thermal Fleece Running Hoodie,Apparel,2026-04-21,9.0,16.0,59.99,24.0,14,48,167
SKU-APP-201,Thermal Fleece Running Hoodie,Apparel,2026-04-22,11.0,16.0,59.99,24.0,14,48,167
SKU-APP-201,Thermal Fleece Running Hoodie,Apparel,2026-04-23,8.0,16.0,59.99,24.0,14,48,167
SKU-APP-201,Thermal Fleece Running Hoodie,Apparel,2026-04-24,11.0,16.0,59.99,24.0,14,48,167
SKU-APP-201,Thermal Fleece Running Hoodie,Apparel,2026-04-25,13.0,16.0,59.99,24.0,14,48,167
SKU-APP-201,Thermal Fleece Running Hoodie,Apparel,2026-04-26,9.0,16.0,59.99,24.0,14,48,167
SKU-APP-201,Thermal Fleece Running Hoodie,Apparel,2026-04-27,14.0,16.0,59.99,24.0,14,48,167
SKU-APP-201,Thermal Fleece Running Hoodie,Apparel,2026-04-28,8.0,16.0,59.99,24.0,14,48,167
SKU-APP-201,Thermal Fleece Running Hoodie,Apparel,2026-04-29,8.0,16.0,59.99,24.0,14,48,167
SKU-APP-201,Thermal Fleece Running Hoodie,Apparel,2026-04-30,11.0,16.0,59.99,24.0,14,48,167
SKU-APP-201,Thermal Fleece Running Hoodie,Apparel,2026-05-01,12.0,16.0,59.99,24.0,14,48,167
SKU-APP-201,Thermal Fleece Running Hoodie,Apparel,2026-05-02,11.0,16.0,59.99,24.0,14,48,167
SKU-APP-201,Thermal Fleece Running Hoodie,Apparel,2026-05-03,16.0,16.0,59.99,24.0,14,48,167
SKU-APP-201,Thermal Fleece Running Hoodie,Apparel,2026-05-04,10.0,16.0,59.99,24.0,14,48,167
SKU-APP-201,Thermal Fleece Running Hoodie,Apparel,2026-05-05,9.0,16.0,59.99,24.0,14,48,167
SKU-APP-201,Thermal Fleece Running Hoodie,Apparel,2026-05-06,9.0,16.0,59.99,24.0,14,48,167
SKU-APP-201,Thermal Fleece Running Hoodie,Apparel,2026-05-07,8.0,16.0,59.99,24.0,14,48,167
SKU-APP-201,Thermal Fleece Running Hoodie,Apparel,2026-05-08,8.0,16.0,59.99,24.0,14,48,167
SKU-APP-201,Thermal Fleece Running Hoodie,Apparel,2026-05-09,9.0,16.0,59.99,24.0,14,48,167
SKU-APP-201,Thermal Fleece Running Hoodie,Apparel,2026-05-10,10.0,16.0,59.99,24.0,14,48,167
SKU-APP-201,Thermal Fleece Running Hoodie,Apparel,2026-05-11,11.0,16.0,59.99,24.0,14,48,167
SKU-APP-201,Thermal Fleece Running Hoodie,Apparel,2026-05-12,4.0,16.0,59.99,24.0,14,48,167
SKU-APP-201,Thermal Fleece Running Hoodie,Apparel,2026-05-13,3.0,16.0,59.99,24.0,14,48,167
SKU-APP-201,Thermal Fleece Running Hoodie,Apparel,2026-05-14,8.0,16.0,59.99,24.0,14,48,167
SKU-APP-201,Thermal Fleece Running Hoodie,Apparel,2026-05-15,8.0,16.0,59.99,24.0,14,48,167
SKU-APP-201,Thermal Fleece Running Hoodie,Apparel,2026-05-16,18.0,16.0,59.99,24.0,14,48,167
SKU-APP-201,Thermal Fleece Running Hoodie,Apparel,2026-05-17,9.0,16.0,59.99,24.0,14,48,167
SKU-APP-201,Thermal Fleece Running Hoodie,Apparel,2026-05-18,15.0,16.0,59.99,24.0,14,48,167
SKU-APP-201,Thermal Fleece Running Hoodie,Apparel,2026-05-19,7.0,16.0,59.99,24.0,14,48,167
SKU-APP-201,Thermal Fleece Running Hoodie,Apparel,2026-05-20,10.0,16.0,59.99,24.0,14,48,167
SKU-APP-201,Thermal Fleece Running Hoodie,Apparel,2026-05-21,15.0,16.0,59.99,24.0,14,48,167
SKU-APP-201,Thermal Fleece Running Hoodie,Apparel,2026-05-22,13.0,16.0,59.99,24.0,14,48,167
SKU-APP-201,Thermal Fleece Running Hoodie,Apparel,2026-05-23,11.0,16.0,59.99,24.0,14,48,167
SKU-APP-201,Thermal Fleece Running Hoodie,Apparel,2026-05-24,15.0,16.0,59.99,24.0,14,48,167
SKU-APP-201,Thermal Fleece Running Hoodie,Apparel,2026-05-25,9.0,16.0,59.99,24.0,14,48,167
SKU-APP-201,Thermal Fleece Running Hoodie,Apparel,2026-05-26,9.0,16.0,59.99,24.0,14,48,167
SKU-APP-201,Thermal Fleece Running Hoodie,Apparel,2026-05-27,11.0,16.0,59.99,24.0,14,48,167
SKU-APP-201,Thermal Fleece Running Hoodie,Apparel,2026-05-28,10.0,16.0,59.99,24.0,14,48,167
SKU-APP-201,Thermal Fleece Running Hoodie,Apparel,2026-05-29,9.0,16.0,59.99,24.0,14,48,167
SKU-APP-201,Thermal Fleece Running Hoodie,Apparel,2026-05-30,13.0,16.0,59.99,24.0,14,48,167
SKU-APP-201,Thermal Fleece Running Hoodie,Apparel,2026-05-31,19.0,16.0,59.99,24.0,14,48,167
SKU-APP-201,Thermal Fleece Running Hoodie,Apparel,2026-06-01,12.0,16.0,59.99,24.0,14,48,167
SKU-APP-201,Thermal Fleece Running Hoodie,Apparel,2026-06-02,6.0,16.0,59.99,24.0,14,48,167
SKU-APP-201,Thermal Fleece Running Hoodie,Apparel,2026-06-03,12.0,16.0,59.99,24.0,14,48,167
SKU-APP-201,Thermal Fleece Running Hoodie,Apparel,2026-06-04,7.0,16.0,59.99,24.0,14,48,167
SKU-APP-201,Thermal Fleece Running Hoodie,Apparel,2026-06-05,8.0,16.0,59.99,24.0,14,48,167
SKU-APP-201,Thermal Fleece Running Hoodie,Apparel,2026-06-06,20.0,16.0,59.99,24.0,14,48,167
SKU-APP-201,Thermal Fleece Running Hoodie,Apparel,2026-06-07,17.0,16.0,59.99,24.0,14,48,167
SKU-APP-201,Thermal Fleece Running Hoodie,Apparel,2026-06-08,11.0,16.0,59.99,24.0,14,48,167
SKU-APP-201,Thermal Fleece Running Hoodie,Apparel,2026-06-09,7.0,16.0,59.99,24.0,14,48,167
SKU-APP-201,Thermal Fleece Running Hoodie,Apparel,2026-06-10,14.0,16.0,59.99,24.0,14,48,167
SKU-APP-201,Thermal Fleece Running Hoodie,Apparel,2026-06-11,13.0,16.0,59.99,24.0,14,48,167
SKU-APP-201,Thermal Fleece Running Hoodie,Apparel,2026-06-12,12.0,16.0,59.99,24.0,14,48,167
SKU-APP-201,Thermal Fleece Running Hoodie,Apparel,2026-06-13,13.0,16.0,59.99,24.0,14,48,167
SKU-APP-201,Thermal Fleece Running Hoodie,Apparel,2026-06-14,10.0,16.0,59.99,24.0,14,48,167
SKU-APP-201,Thermal Fleece Running Hoodie,Apparel,2026-06-15,16.0,16.0,59.99,24.0,14,48,167
SKU-APP-201,Thermal Fleece Running Hoodie,Apparel,2026-06-16,7.0,16.0,59.99,24.0,14,48,167
SKU-APP-201,Thermal Fleece Running Hoodie,Apparel,2026-06-17,10.0,16.0,59.99,24.0,14,48,167
SKU-APP-201,Thermal Fleece Running Hoodie,Apparel,2026-06-18,8.0,16.0,59.99,24.0,14,48,167
SKU-APP-201,Thermal Fleece Running Hoodie,Apparel,2026-06-19,14.0,16.0,59.99,24.0,14,48,167
SKU-APP-201,Thermal Fleece Running Hoodie,Apparel,2026-06-20,15.0,16.0,59.99,24.0,14,48,167
SKU-APP-201,Thermal Fleece Running Hoodie,Apparel,2026-06-21,16.0,16.0,59.99,24.0,14,48,167
SKU-APP-201,Thermal Fleece Running Hoodie,Apparel,2026-06-22,9.0,16.0,59.99,24.0,14,48,167
SKU-APP-201,Thermal Fleece Running Hoodie,Apparel,2026-06-23,13.0,16.0,59.99,24.0,14,48,167
SKU-APP-201,Thermal Fleece Running Hoodie,Apparel,2026-06-24,6.0,16.0,59.99,24.0,14,48,167
SKU-APP-201,Thermal Fleece Running Hoodie,Apparel,2026-06-25,4.0,16.0,59.99,24.0,14,48,167
SKU-APP-201,Thermal Fleece Running Hoodie,Apparel,2026-06-26,13.0,16.0,59.99,24.0,14,48,167
SKU-APP-201,Thermal Fleece Running Hoodie,Apparel,2026-06-27,11.0,16.0,59.99,24.0,14,48,167
SKU-APP-201,Thermal Fleece Running Hoodie,Apparel,2026-06-28,17.0,16.0,59.99,24.0,14,48,167
SKU-APP-201,Thermal Fleece Running Hoodie,Apparel,2026-06-29,8.0,16.0,59.99,24.0,14,48,167
SKU-APP-201,Thermal Fleece Running Hoodie,Apparel,2026-06-30,16.0,16.0,59.99,24.0,14,48,167
SKU-APP-201,Thermal Fleece Running Hoodie,Apparel,2026-07-01,7.0,16.0,59.99,24.0,14,48,167
SKU-APP-201,Thermal Fleece Running Hoodie,Apparel,2026-07-02,10.0,16.0,59.99,24.0,14,48,167
SKU-APP-201,Thermal Fleece Running Hoodie,Apparel,2026-07-03,13.0,16.0,59.99,24.0,14,48,167
SKU-APP-201,Thermal Fleece Running Hoodie,Apparel,2026-07-04,16.0,16.0,59.99,24.0,14,48,167
SKU-APP-201,Thermal Fleece Running Hoodie,Apparel,2026-07-05,10.0,16.0,59.99,24.0,14,48,167
SKU-APP-201,Thermal Fleece Running Hoodie,Apparel,2026-07-06,8.0,16.0,59.99,24.0,14,48,167
SKU-APP-201,Thermal Fleece Running Hoodie,Apparel,2026-07-07,13.0,16.0,59.99,24.0,14,48,167
SKU-APP-201,Thermal Fleece Running Hoodie,Apparel,2026-07-08,15.0,16.0,59.99,24.0,14,48,167
SKU-APP-201,Thermal Fleece Running Hoodie,Apparel,2026-07-09,14.0,16.0,59.99,24.0,14,48,167
SKU-APP-201,Thermal Fleece Running Hoodie,Apparel,2026-07-10,9.0,16.0,59.99,24.0,14,48,167
SKU-APP-201,Thermal Fleece Running Hoodie,Apparel,2026-07-11,10.0,16.0,59.99,24.0,14,48,167
SKU-APP-201,Thermal Fleece Running Hoodie,Apparel,2026-07-12,15.0,16.0,59.99,24.0,14,48,167
SKU-APP-201,Thermal Fleece Running Hoodie,Apparel,2026-07-13,6.0,16.0,59.99,24.0,14,48,167
SKU-APP-201,Thermal Fleece Running Hoodie,Apparel,2026-07-14,16.0,16.0,59.99,24.0,14,48,167
SKU-APP-201,Thermal Fleece Running Hoodie,Apparel,2026-07-15,15.0,16.0,59.99,24.0,14,48,167
SKU-APP-201,Thermal Fleece Running Hoodie,Apparel,2026-07-16,9.0,16.0,59.99,24.0,14,48,167
SKU-APP-201,Thermal Fleece Running Hoodie,Apparel,2026-07-17,9.0,16.0,59.99,24.0,14,48,167
SKU-APP-201,Thermal Fleece Running Hoodie,Apparel,2026-07-18,11.0,16.0,59.99,24.0,14,48,167
SKU-APP-201,Thermal Fleece Running Hoodie,Apparel,2026-07-19,15.0,16.0,59.99,24.0,14,48,167
SKU-APP-201,Thermal Fleece Running Hoodie,Apparel,2026-07-20,14.0,16.0,59.99,24.0,14,48,167
SKU-APP-201,Thermal Fleece Running Hoodie,Apparel,2026-07-21,12.0,16.0,59.99,24.0,14,48,167
SKU-APP-201,Thermal Fleece Running Hoodie,Apparel,2026-07-22,8.0,16.0,59.99,24.0,14,48,167
SKU-APP-201,Thermal Fleece Running Hoodie,Apparel,2026-07-23,8.0,16.0,59.99,24.0,14,48,167
SKU-APP-201,Thermal Fleece Running Hoodie,Apparel,2026-07-24,14.0,16.0,59.99,24.0,14,48,167
SKU-APP-201,Thermal Fleece Running Hoodie,Apparel,2026-07-25,14.0,16.0,59.99,24.0,14,48,167
SKU-APP-201,Thermal Fleece Running Hoodie,Apparel,2026-07-26,10.0,16.0,59.99,24.0,14,48,167
SKU-APP-201,Thermal Fleece Running Hoodie,Apparel,2026-07-27,15.0,16.0,59.99,24.0,14,48,167
SKU-APP-201,Thermal Fleece Running Hoodie,Apparel,2026-07-28,16.0,16.0,59.99,24.0,14,48,167
SKU-APP-201,Thermal Fleece Running Hoodie,Apparel,2026-07-29,9.0,16.0,59.99,24.0,14,48,167
SKU-APP-201,Thermal Fleece Running Hoodie,Apparel,2026-07-30,13.0,16.0,59.99,24.0,14,48,167
SKU-APP-201,Thermal Fleece Running Hoodie,Apparel,2026-07-31,12.0,16.0,59.99,24.0,14,48,167
SKU-APP-201,Thermal Fleece Running Hoodie,Apparel,2026-08-01,16.0,16.0,59.99,24.0,14,48,167
SKU-APP-201,Thermal Fleece Running Hoodie,Apparel,2026-08-02,23.0,16.0,59.99,24.0,14,48,167
SKU-APP-201,Thermal Fleece Running Hoodie,Apparel,2026-08-03,10.0,16.0,59.99,24.0,14,48,167
SKU-APP-201,Thermal Fleece Running Hoodie,Apparel,2026-08-04,13.0,16.0,59.99,24.0,14,48,167
SKU-APP-201,Thermal Fleece Running Hoodie,Apparel,2026-08-05,10.0,16.0,59.99,24.0,14,48,167
SKU-APP-201,Thermal Fleece Running Hoodie,Apparel,2026-08-06,11.0,16.0,59.99,24.0,14,48,167
SKU-APP-201,Thermal Fleece Running Hoodie,Apparel,2026-08-07,17.0,16.0,59.99,24.0,14,48,167
SKU-APP-201,Thermal Fleece Running Hoodie,Apparel,2026-08-08,15.0,16.0,59.99,24.0,14,48,167
SKU-APP-201,Thermal Fleece Running Hoodie,Apparel,2026-08-09,21.0,16.0,59.99,24.0,14,48,167
SKU-APP-201,Thermal Fleece Running Hoodie,Apparel,2026-08-10,9.0,16.0,59.99,24.0,14,48,167
SKU-APP-201,Thermal Fleece Running Hoodie,Apparel,2026-08-11,15.0,16.0,59.99,24.0,14,48,167
SKU-APP-201,Thermal Fleece Running Hoodie,Apparel,2026-08-12,10.0,16.0,59.99,24.0,14,48,167
SKU-APP-201,Thermal Fleece Running Hoodie,Apparel,2026-08-13,8.0,16.0,59.99,24.0,14,48,167
SKU-APP-201,Thermal Fleece Running Hoodie,Apparel,2026-08-14,20.0,16.0,59.99,24.0,14,48,167
SKU-APP-201,Thermal Fleece Running Hoodie,Apparel,2026-08-15,15.0,16.0,59.99,24.0,14,48,167
SKU-APP-201,Thermal Fleece Running Hoodie,Apparel,2026-08-16,15.0,16.0,59.99,24.0,14,48,167
SKU-APP-201,Thermal Fleece Running Hoodie,Apparel,2026-08-17,5.0,16.0,59.99,24.0,14,48,167
SKU-APP-201,Thermal Fleece Running Hoodie,Apparel,2026-08-18,15.0,16.0,59.99,24.0,14,48,167
SKU-APP-201,Thermal Fleece Running Hoodie,Apparel,2026-08-19,10.0,16.0,59.99,24.0,14,48,167
SKU-APP-201,Thermal Fleece Running Hoodie,Apparel,2026-08-20,13.0,16.0,59.99,24.0,14,48,167
SKU-APP-201,Thermal Fleece Running Hoodie,Apparel,2026-08-21,13.0,16.0,59.99,24.0,14,48,167
SKU-APP-201,Thermal Fleece Running Hoodie,Apparel,2026-08-22,8.0,16.0,54.74,24.0,14,48,167
SKU-APP-201,Thermal Fleece Running Hoodie,Apparel,2026-08-23,10.0,16.0,59.99,24.0,14,48,167
SKU-APP-201,Thermal Fleece Running Hoodie,Apparel,2026-08-24,21.0,16.0,59.99,24.0,14,48,167
SKU-APP-201,Thermal Fleece Running Hoodie,Apparel,2026-08-25,12.0,16.0,59.99,24.0,14,48,167
SKU-APP-201,Thermal Fleece Running Hoodie,Apparel,2026-08-26,12.0,16.0,59.99,24.0,14,48,167
SKU-APP-201,Thermal Fleece Running Hoodie,Apparel,2026-08-27,7.0,16.0,59.99,24.0,14,48,167
SKU-APP-202,Moisture-Wicking Athletic Tee,Apparel,2026-03-01,6.0,220.0,28.0,9.5,10,16,56
SKU-APP-202,Moisture-Wicking Athletic Tee,Apparel,2026-03-02,4.0,220.0,28.0,9.5,10,16,56
SKU-APP-202,Moisture-Wicking Athletic Tee,Apparel,2026-03-03,4.0,220.0,28.0,9.5,10,16,56
SKU-APP-202,Moisture-Wicking Athletic Tee,Apparel,2026-03-04,2.0,220.0,28.0,9.5,10,16,56
SKU-APP-202,Moisture-Wicking Athletic Tee,Apparel,2026-03-05,4.0,220.0,28.0,9.5,10,16,56
SKU-APP-202,Moisture-Wicking Athletic Tee,Apparel,2026-03-06,6.0,220.0,28.0,9.5,10,16,56
SKU-APP-202,Moisture-Wicking Athletic Tee,Apparel,2026-03-07,7.0,220.0,28.0,9.5,10,16,56
SKU-APP-202,Moisture-Wicking Athletic Tee,Apparel,2026-03-08,7.0,220.0,28.0,9.5,10,16,56
SKU-APP-202,Moisture-Wicking Athletic Tee,Apparel,2026-03-09,5.0,220.0,28.0,9.5,10,16,56
SKU-APP-202,Moisture-Wicking Athletic Tee,Apparel,2026-03-10,2.0,220.0,28.0,9.5,10,16,56
SKU-APP-202,Moisture-Wicking Athletic Tee,Apparel,2026-03-11,7.0,220.0,28.0,9.5,10,16,56
SKU-APP-202,Moisture-Wicking Athletic Tee,Apparel,2026-03-12,3.0,220.0,28.0,9.5,10,16,56
SKU-APP-202,Moisture-Wicking Athletic Tee,Apparel,2026-03-13,2.0,220.0,28.0,9.5,10,16,56
SKU-APP-202,Moisture-Wicking Athletic Tee,Apparel,2026-03-14,13.0,220.0,28.0,9.5,10,16,56
SKU-APP-202,Moisture-Wicking Athletic Tee,Apparel,2026-03-15,5.0,220.0,28.0,9.5,10,16,56
SKU-APP-202,Moisture-Wicking Athletic Tee,Apparel,2026-03-16,7.0,220.0,28.0,9.5,10,16,56
SKU-APP-202,Moisture-Wicking Athletic Tee,Apparel,2026-03-17,6.0,220.0,28.0,9.5,10,16,56
SKU-APP-202,Moisture-Wicking Athletic Tee,Apparel,2026-03-18,3.0,220.0,28.0,9.5,10,16,56
SKU-APP-202,Moisture-Wicking Athletic Tee,Apparel,2026-03-19,2.0,220.0,28.0,9.5,10,16,56
SKU-APP-202,Moisture-Wicking Athletic Tee,Apparel,2026-03-20,4.0,220.0,28.0,9.5,10,16,56
SKU-APP-202,Moisture-Wicking Athletic Tee,Apparel,2026-03-21,10.0,220.0,28.0,9.5,10,16,56
SKU-APP-202,Moisture-Wicking Athletic Tee,Apparel,2026-03-22,3.0,220.0,28.0,9.5,10,16,56
SKU-APP-202,Moisture-Wicking Athletic Tee,Apparel,2026-03-23,5.0,220.0,28.0,9.5,10,16,56
SKU-APP-202,Moisture-Wicking Athletic Tee,Apparel,2026-03-24,6.0,220.0,28.0,9.5,10,16,56
SKU-APP-202,Moisture-Wicking Athletic Tee,Apparel,2026-03-25,4.0,220.0,28.0,9.5,10,16,56
SKU-APP-202,Moisture-Wicking Athletic Tee,Apparel,2026-03-26,4.0,220.0,28.0,9.5,10,16,56
SKU-APP-202,Moisture-Wicking Athletic Tee,Apparel,2026-03-27,3.0,220.0,28.0,9.5,10,16,56
SKU-APP-202,Moisture-Wicking Athletic Tee,Apparel,2026-03-28,5.0,220.0,28.0,9.5,10,16,56
SKU-APP-202,Moisture-Wicking Athletic Tee,Apparel,2026-03-29,3.0,220.0,28.0,9.5,10,16,56
SKU-APP-202,Moisture-Wicking Athletic Tee,Apparel,2026-03-30,2.0,220.0,28.0,9.5,10,16,56
SKU-APP-202,Moisture-Wicking Athletic Tee,Apparel,2026-03-31,6.0,220.0,28.0,9.5,10,16,56
SKU-APP-202,Moisture-Wicking Athletic Tee,Apparel,2026-04-01,8.0,220.0,28.0,9.5,10,16,56
SKU-APP-202,Moisture-Wicking Athletic Tee,Apparel,2026-04-02,4.0,220.0,28.0,9.5,10,16,56
SKU-APP-202,Moisture-Wicking Athletic Tee,Apparel,2026-04-03,1.0,220.0,28.0,9.5,10,16,56
SKU-APP-202,Moisture-Wicking Athletic Tee,Apparel,2026-04-04,4.0,220.0,28.0,9.5,10,16,56
SKU-APP-202,Moisture-Wicking Athletic Tee,Apparel,2026-04-05,3.0,220.0,28.0,9.5,10,16,56
SKU-APP-202,Moisture-Wicking Athletic Tee,Apparel,2026-04-06,9.0,220.0,28.0,9.5,10,16,56
SKU-APP-202,Moisture-Wicking Athletic Tee,Apparel,2026-04-07,7.0,220.0,28.0,9.5,10,16,56
SKU-APP-202,Moisture-Wicking Athletic Tee,Apparel,2026-04-08,2.0,220.0,28.0,9.5,10,16,56
SKU-APP-202,Moisture-Wicking Athletic Tee,Apparel,2026-04-09,4.0,220.0,28.0,9.5,10,16,56
SKU-APP-202,Moisture-Wicking Athletic Tee,Apparel,2026-04-10,9.0,220.0,28.0,9.5,10,16,56
SKU-APP-202,Moisture-Wicking Athletic Tee,Apparel,2026-04-11,9.0,220.0,28.0,9.5,10,16,56
SKU-APP-202,Moisture-Wicking Athletic Tee,Apparel,2026-04-12,2.0,220.0,28.0,9.5,10,16,56
SKU-APP-202,Moisture-Wicking Athletic Tee,Apparel,2026-04-13,5.0,220.0,28.0,9.5,10,16,56
SKU-APP-202,Moisture-Wicking Athletic Tee,Apparel,2026-04-14,4.0,220.0,28.0,9.5,10,16,56
SKU-APP-202,Moisture-Wicking Athletic Tee,Apparel,2026-04-15,2.0,220.0,28.0,9.5,10,16,56
SKU-APP-202,Moisture-Wicking Athletic Tee,Apparel,2026-04-16,2.0,220.0,28.0,9.5,10,16,56
SKU-APP-202,Moisture-Wicking Athletic Tee,Apparel,2026-04-17,7.0,220.0,28.0,9.5,10,16,56
SKU-APP-202,Moisture-Wicking Athletic Tee,Apparel,2026-04-18,5.0,220.0,28.0,9.5,10,16,56
SKU-APP-202,Moisture-Wicking Athletic Tee,Apparel,2026-04-19,4.0,220.0,28.0,9.5,10,16,56
SKU-APP-202,Moisture-Wicking Athletic Tee,Apparel,2026-04-20,2.0,220.0,28.0,9.5,10,16,56
SKU-APP-202,Moisture-Wicking Athletic Tee,Apparel,2026-04-21,1.0,220.0,28.0,9.5,10,16,56
SKU-APP-202,Moisture-Wicking Athletic Tee,Apparel,2026-04-22,4.0,220.0,28.0,9.5,10,16,56
SKU-APP-202,Moisture-Wicking Athletic Tee,Apparel,2026-04-23,5.0,220.0,28.0,9.5,10,16,56
SKU-APP-202,Moisture-Wicking Athletic Tee,Apparel,2026-04-24,3.0,220.0,28.0,9.5,10,16,56
SKU-APP-202,Moisture-Wicking Athletic Tee,Apparel,2026-04-25,2.0,220.0,28.0,9.5,10,16,56
SKU-APP-202,Moisture-Wicking Athletic Tee,Apparel,2026-04-26,6.0,220.0,28.0,9.5,10,16,56
SKU-APP-202,Moisture-Wicking Athletic Tee,Apparel,2026-04-27,0.0,220.0,28.0,9.5,10,16,56
SKU-APP-202,Moisture-Wicking Athletic Tee,Apparel,2026-04-28,2.0,220.0,28.0,9.5,10,16,56
SKU-APP-202,Moisture-Wicking Athletic Tee,Apparel,2026-04-29,1.0,220.0,28.0,9.5,10,16,56
SKU-APP-202,Moisture-Wicking Athletic Tee,Apparel,2026-04-30,4.0,220.0,28.0,9.5,10,16,56
SKU-APP-202,Moisture-Wicking Athletic Tee,Apparel,2026-05-01,2.0,220.0,28.0,9.5,10,16,56
SKU-APP-202,Moisture-Wicking Athletic Tee,Apparel,2026-05-02,5.0,220.0,28.0,9.5,10,16,56
SKU-APP-202,Moisture-Wicking Athletic Tee,Apparel,2026-05-03,6.0,220.0,28.0,9.5,10,16,56
SKU-APP-202,Moisture-Wicking Athletic Tee,Apparel,2026-05-04,2.0,220.0,28.0,9.5,10,16,56
SKU-APP-202,Moisture-Wicking Athletic Tee,Apparel,2026-05-05,1.0,220.0,28.0,9.5,10,16,56
SKU-APP-202,Moisture-Wicking Athletic Tee,Apparel,2026-05-06,7.0,220.0,28.0,9.5,10,16,56
SKU-APP-202,Moisture-Wicking Athletic Tee,Apparel,2026-05-07,2.0,220.0,28.0,9.5,10,16,56
SKU-APP-202,Moisture-Wicking Athletic Tee,Apparel,2026-05-08,4.0,220.0,28.0,9.5,10,16,56
SKU-APP-202,Moisture-Wicking Athletic Tee,Apparel,2026-05-09,0.0,220.0,28.0,9.5,10,16,56
SKU-APP-202,Moisture-Wicking Athletic Tee,Apparel,2026-05-10,7.0,220.0,28.0,9.5,10,16,56
SKU-APP-202,Moisture-Wicking Athletic Tee,Apparel,2026-05-11,3.0,220.0,28.0,9.5,10,16,56
SKU-APP-202,Moisture-Wicking Athletic Tee,Apparel,2026-05-12,1.0,220.0,28.0,9.5,10,16,56
SKU-APP-202,Moisture-Wicking Athletic Tee,Apparel,2026-05-13,4.0,220.0,28.0,9.5,10,16,56
SKU-APP-202,Moisture-Wicking Athletic Tee,Apparel,2026-05-14,5.0,220.0,28.0,9.5,10,16,56
SKU-APP-202,Moisture-Wicking Athletic Tee,Apparel,2026-05-15,2.0,220.0,28.0,9.5,10,16,56
SKU-APP-202,Moisture-Wicking Athletic Tee,Apparel,2026-05-16,2.0,220.0,28.0,9.5,10,16,56
SKU-APP-202,Moisture-Wicking Athletic Tee,Apparel,2026-05-17,4.0,220.0,28.0,9.5,10,16,56
SKU-APP-202,Moisture-Wicking Athletic Tee,Apparel,2026-05-18,4.0,220.0,28.0,9.5,10,16,56
SKU-APP-202,Moisture-Wicking Athletic Tee,Apparel,2026-05-19,4.0,220.0,28.0,9.5,10,16,56
SKU-APP-202,Moisture-Wicking Athletic Tee,Apparel,2026-05-20,4.0,220.0,28.0,9.5,10,16,56
SKU-APP-202,Moisture-Wicking Athletic Tee,Apparel,2026-05-21,2.0,220.0,28.0,9.5,10,16,56
SKU-APP-202,Moisture-Wicking Athletic Tee,Apparel,2026-05-22,1.0,220.0,28.0,9.5,10,16,56
SKU-APP-202,Moisture-Wicking Athletic Tee,Apparel,2026-05-23,2.0,220.0,28.0,9.5,10,16,56
SKU-APP-202,Moisture-Wicking Athletic Tee,Apparel,2026-05-24,6.0,220.0,28.0,9.5,10,16,56
SKU-APP-202,Moisture-Wicking Athletic Tee,Apparel,2026-05-25,5.0,220.0,28.0,9.5,10,16,56
SKU-APP-202,Moisture-Wicking Athletic Tee,Apparel,2026-05-26,5.0,220.0,28.0,9.5,10,16,56
SKU-APP-202,Moisture-Wicking Athletic Tee,Apparel,2026-05-27,4.0,220.0,28.0,9.5,10,16,56
SKU-APP-202,Moisture-Wicking Athletic Tee,Apparel,2026-05-28,5.0,220.0,28.0,9.5,10,16,56
SKU-APP-202,Moisture-Wicking Athletic Tee,Apparel,2026-05-29,3.0,220.0,28.0,9.5,10,16,56
SKU-APP-202,Moisture-Wicking Athletic Tee,Apparel,2026-05-30,5.0,220.0,28.0,9.5,10,16,56
SKU-APP-202,Moisture-Wicking Athletic Tee,Apparel,2026-05-31,9.0,220.0,28.0,9.5,10,16,56
SKU-APP-202,Moisture-Wicking Athletic Tee,Apparel,2026-06-01,3.0,220.0,28.0,9.5,10,16,56
SKU-APP-202,Moisture-Wicking Athletic Tee,Apparel,2026-06-02,2.0,220.0,28.0,9.5,10,16,56
SKU-APP-202,Moisture-Wicking Athletic Tee,Apparel,2026-06-03,6.0,220.0,28.0,9.5,10,16,56
SKU-APP-202,Moisture-Wicking Athletic Tee,Apparel,2026-06-04,2.0,220.0,28.0,9.5,10,16,56
SKU-APP-202,Moisture-Wicking Athletic Tee,Apparel,2026-06-05,3.0,220.0,28.0,9.5,10,16,56
SKU-APP-202,Moisture-Wicking Athletic Tee,Apparel,2026-06-06,8.0,220.0,28.0,9.5,10,16,56
SKU-APP-202,Moisture-Wicking Athletic Tee,Apparel,2026-06-07,5.0,220.0,28.0,9.5,10,16,56
SKU-APP-202,Moisture-Wicking Athletic Tee,Apparel,2026-06-08,5.0,220.0,28.0,9.5,10,16,56
SKU-APP-202,Moisture-Wicking Athletic Tee,Apparel,2026-06-09,2.0,220.0,28.0,9.5,10,16,56
SKU-APP-202,Moisture-Wicking Athletic Tee,Apparel,2026-06-10,4.0,220.0,28.0,9.5,10,16,56
SKU-APP-202,Moisture-Wicking Athletic Tee,Apparel,2026-06-11,3.0,220.0,28.0,9.5,10,16,56
SKU-APP-202,Moisture-Wicking Athletic Tee,Apparel,2026-06-12,5.0,220.0,28.0,9.5,10,16,56
SKU-APP-202,Moisture-Wicking Athletic Tee,Apparel,2026-06-13,3.0,220.0,28.0,9.5,10,16,56
SKU-APP-202,Moisture-Wicking Athletic Tee,Apparel,2026-06-14,7.0,220.0,28.0,9.5,10,16,56
SKU-APP-202,Moisture-Wicking Athletic Tee,Apparel,2026-06-15,5.0,220.0,28.0,9.5,10,16,56
SKU-APP-202,Moisture-Wicking Athletic Tee,Apparel,2026-06-16,2.0,220.0,28.0,9.5,10,16,56
SKU-APP-202,Moisture-Wicking Athletic Tee,Apparel,2026-06-17,3.0,220.0,28.0,9.5,10,16,56
SKU-APP-202,Moisture-Wicking Athletic Tee,Apparel,2026-06-18,3.0,220.0,28.0,9.5,10,16,56
SKU-APP-202,Moisture-Wicking Athletic Tee,Apparel,2026-06-19,0.0,220.0,28.0,9.5,10,16,56
SKU-APP-202,Moisture-Wicking Athletic Tee,Apparel,2026-06-20,8.0,220.0,54.74,9.5,10,16,56
SKU-APP-202,Moisture-Wicking Athletic Tee,Apparel,2026-06-21,3.0,220.0,28.0,9.5,10,16,56
SKU-APP-202,Moisture-Wicking Athletic Tee,Apparel,2026-06-22,3.0,220.0,28.0,9.5,10,16,56
SKU-APP-202,Moisture-Wicking Athletic Tee,Apparel,2026-06-23,11.0,220.0,28.0,9.5,10,16,56
SKU-APP-202,Moisture-Wicking Athletic Tee,Apparel,2026-06-24,3.0,220.0,28.0,9.5,10,16,56
SKU-APP-202,Moisture-Wicking Athletic Tee,Apparel,2026-06-25,7.0,220.0,28.0,9.5,10,16,56
SKU-APP-202,Moisture-Wicking Athletic Tee,Apparel,2026-06-26,8.0,220.0,28.0,9.5,10,16,56
SKU-APP-202,Moisture-Wicking Athletic Tee,Apparel,2026-06-27,6.0,220.0,28.0,9.5,10,16,56
SKU-APP-202,Moisture-Wicking Athletic Tee,Apparel,2026-06-28,5.0,220.0,28.0,9.5,10,16,56
SKU-APP-202,Moisture-Wicking Athletic Tee,Apparel,2026-06-29,7.0,220.0,28.0,9.5,10,16,56
SKU-APP-202,Moisture-Wicking Athletic Tee,Apparel,2026-06-30,4.0,220.0,28.0,9.5,10,16,56
SKU-APP-202,Moisture-Wicking Athletic Tee,Apparel,2026-07-01,5.0,220.0,28.0,9.5,10,16,56
SKU-APP-202,Moisture-Wicking Athletic Tee,Apparel,2026-07-02,6.0,220.0,28.0,9.5,10,16,56
SKU-APP-202,Moisture-Wicking Athletic Tee,Apparel,2026-07-03,4.0,220.0,28.0,9.5,10,16,56
SKU-APP-202,Moisture-Wicking Athletic Tee,Apparel,2026-07-04,6.0,220.0,28.0,9.5,10,16,56
SKU-APP-202,Moisture-Wicking Athletic Tee,Apparel,2026-07-05,3.0,220.0,28.0,9.5,10,16,56
SKU-APP-202,Moisture-Wicking Athletic Tee,Apparel,2026-07-06,9.0,220.0,28.0,9.5,10,16,56
SKU-APP-202,Moisture-Wicking Athletic Tee,Apparel,2026-07-07,5.0,220.0,28.0,9.5,10,16,56
SKU-APP-202,Moisture-Wicking Athletic Tee,Apparel,2026-07-08,5.0,220.0,28.0,9.5,10,16,56
SKU-APP-202,Moisture-Wicking Athletic Tee,Apparel,2026-07-09,3.0,220.0,28.0,9.5,10,16,56
SKU-APP-202,Moisture-Wicking Athletic Tee,Apparel,2026-07-10,4.0,220.0,28.0,9.5,10,16,56
SKU-APP-202,Moisture-Wicking Athletic Tee,Apparel,2026-07-11,6.0,220.0,28.0,9.5,10,16,56
SKU-APP-202,Moisture-Wicking Athletic Tee,Apparel,2026-07-12,7.0,220.0,28.0,9.5,10,16,56
SKU-APP-202,Moisture-Wicking Athletic Tee,Apparel,2026-07-13,5.0,220.0,28.0,9.5,10,16,56
SKU-APP-202,Moisture-Wicking Athletic Tee,Apparel,2026-07-14,3.0,220.0,28.0,9.5,10,16,56
SKU-APP-202,Moisture-Wicking Athletic Tee,Apparel,2026-07-15,5.0,220.0,28.0,9.5,10,16,56
SKU-APP-202,Moisture-Wicking Athletic Tee,Apparel,2026-07-16,0.0,220.0,28.0,9.5,10,16,56
SKU-APP-202,Moisture-Wicking Athletic Tee,Apparel,2026-07-17,8.0,220.0,28.0,9.5,10,16,56
SKU-APP-202,Moisture-Wicking Athletic Tee,Apparel,2026-07-18,4.0,220.0,28.0,9.5,10,16,56
SKU-APP-202,Moisture-Wicking Athletic Tee,Apparel,2026-07-19,2.0,220.0,28.0,9.5,10,16,56
SKU-APP-202,Moisture-Wicking Athletic Tee,Apparel,2026-07-20,5.0,220.0,28.0,9.5,10,16,56
SKU-APP-202,Moisture-Wicking Athletic Tee,Apparel,2026-07-21,3.0,220.0,28.0,9.5,10,16,56
SKU-APP-202,Moisture-Wicking Athletic Tee,Apparel,2026-07-22,3.0,220.0,28.0,9.5,10,16,56
SKU-APP-202,Moisture-Wicking Athletic Tee,Apparel,2026-07-23,1.0,220.0,28.0,9.5,10,16,56
SKU-APP-202,Moisture-Wicking Athletic Tee,Apparel,2026-07-24,3.0,220.0,28.0,9.5,10,16,56
SKU-APP-202,Moisture-Wicking Athletic Tee,Apparel,2026-07-25,5.0,220.0,28.0,9.5,10,16,56
SKU-APP-202,Moisture-Wicking Athletic Tee,Apparel,2026-07-26,3.0,220.0,28.0,9.5,10,16,56
SKU-APP-202,Moisture-Wicking Athletic Tee,Apparel,2026-07-27,1.0,220.0,28.0,9.5,10,16,56
SKU-APP-202,Moisture-Wicking Athletic Tee,Apparel,2026-07-28,5.0,220.0,28.0,9.5,10,16,56
SKU-APP-202,Moisture-Wicking Athletic Tee,Apparel,2026-07-29,3.0,220.0,28.0,9.5,10,16,56
SKU-APP-202,Moisture-Wicking Athletic Tee,Apparel,2026-07-30,1.0,220.0,28.0,9.5,10,16,56
SKU-APP-202,Moisture-Wicking Athletic Tee,Apparel,2026-07-31,8.0,220.0,28.0,9.5,10,16,56
SKU-APP-202,Moisture-Wicking Athletic Tee,Apparel,2026-08-01,9.0,220.0,28.0,9.5,10,16,56
SKU-APP-202,Moisture-Wicking Athletic Tee,Apparel,2026-08-02,0.0,220.0,28.0,9.5,10,16,56
SKU-APP-202,Moisture-Wicking Athletic Tee,Apparel,2026-08-03,5.0,220.0,28.0,9.5,10,16,56
SKU-APP-202,Moisture-Wicking Athletic Tee,Apparel,2026-08-04,2.0,220.0,28.0,9.5,10,16,56
SKU-APP-202,Moisture-Wicking Athletic Tee,Apparel,2026-08-05,5.0,220.0,28.0,9.5,10,16,56
SKU-APP-202,Moisture-Wicking Athletic Tee,Apparel,2026-08-06,3.0,220.0,28.0,9.5,10,16,56
SKU-APP-202,Moisture-Wicking Athletic Tee,Apparel,2026-08-07,1.0,220.0,28.0,9.5,10,16,56
SKU-APP-202,Moisture-Wicking Athletic Tee,Apparel,2026-08-08,9.0,220.0,28.0,9.5,10,16,56
SKU-APP-202,Moisture-Wicking Athletic Tee,Apparel,2026-08-09,6.0,220.0,28.0,9.5,10,16,56
SKU-APP-202,Moisture-Wicking Athletic Tee,Apparel,2026-08-10,1.0,220.0,28.0,9.5,10,16,56
SKU-APP-202,Moisture-Wicking Athletic Tee,Apparel,2026-08-11,2.0,220.0,28.0,9.5,10,16,56
SKU-APP-202,Moisture-Wicking Athletic Tee,Apparel,2026-08-12,3.0,220.0,28.0,9.5,10,16,56
SKU-APP-202,Moisture-Wicking Athletic Tee,Apparel,2026-08-13,5.0,220.0,28.0,9.5,10,16,56
SKU-APP-202,Moisture-Wicking Athletic Tee,Apparel,2026-08-14,5.0,220.0,28.0,9.5,10,16,56
SKU-APP-202,Moisture-Wicking Athletic Tee,Apparel,2026-08-15,3.0,220.0,28.0,9.5,10,16,56
SKU-APP-202,Moisture-Wicking Athletic Tee,Apparel,2026-08-16,4.0,220.0,28.0,9.5,10,16,56
SKU-APP-202,Moisture-Wicking Athletic Tee,Apparel,2026-08-17,5.0,220.0,28.0,9.5,10,16,56
SKU-APP-202,Moisture-Wicking Athletic Tee,Apparel,2026-08-18,2.0,220.0,28.0,9.5,10,16,56
SKU-APP-202,Moisture-Wicking Athletic Tee,Apparel,2026-08-19,5.0,220.0,28.0,9.5,10,16,56
SKU-APP-202,Moisture-Wicking Athletic Tee,Apparel,2026-08-20,4.0,220.0,28.0,9.5,10,16,56
SKU-APP-202,Moisture-Wicking Athletic Tee,Apparel,2026-08-21,3.0,220.0,28.0,9.5,10,16,56
SKU-APP-202,Moisture-Wicking Athletic Tee,Apparel,2026-08-22,5.0,220.0,28.0,9.5,10,16,56
SKU-APP-202,Moisture-Wicking Athletic Tee,Apparel,2026-08-23,3.0,220.0,28.0,9.5,10,16,56
SKU-APP-202,Moisture-Wicking Athletic Tee,Apparel,2026-08-24,3.0,220.0,28.0,9.5,10,16,56
SKU-APP-202,Moisture-Wicking Athletic Tee,Apparel,2026-08-25,1.0,220.0,28.0,9.5,10,16,56
SKU-APP-202,Moisture-Wicking Athletic Tee,Apparel,2026-08-26,1.0,220.0,28.0,9.5,10,16,56
SKU-APP-202,Moisture-Wicking Athletic Tee,Apparel,2026-08-27,4.0,220.0,28.0,9.5,10,16,56
SKU-APP-203,Heavyweight Arctic Winter Parka,Apparel,2026-03-01,2.0,510.0,179.99,85.0,30,22,76
SKU-APP-203,Heavyweight Arctic Winter Parka,Apparel,2026-03-02,6.0,510.0,179.99,85.0,30,22,76
SKU-APP-203,Heavyweight Arctic Winter Parka,Apparel,2026-03-03,3.0,510.0,179.99,85.0,30,22,76
SKU-APP-203,Heavyweight Arctic Winter Parka,Apparel,2026-03-04,1.0,510.0,179.99,85.0,30,22,76
SKU-APP-203,Heavyweight Arctic Winter Parka,Apparel,2026-03-05,1.0,510.0,179.99,85.0,30,22,76
SKU-APP-203,Heavyweight Arctic Winter Parka,Apparel,2026-03-06,1.0,510.0,179.99,85.0,30,22,76
SKU-APP-203,Heavyweight Arctic Winter Parka,Apparel,2026-03-07,3.0,510.0,179.99,85.0,30,22,76
SKU-APP-203,Heavyweight Arctic Winter Parka,Apparel,2026-03-08,9.0,510.0,179.99,85.0,30,22,76
SKU-APP-203,Heavyweight Arctic Winter Parka,Apparel,2026-03-09,3.0,510.0,179.99,85.0,30,22,76
SKU-APP-203,Heavyweight Arctic Winter Parka,Apparel,2026-03-10,1.0,510.0,179.99,85.0,30,22,76
SKU-APP-203,Heavyweight Arctic Winter Parka,Apparel,2026-03-11,1.0,510.0,179.99,85.0,30,22,76
SKU-APP-203,Heavyweight Arctic Winter Parka,Apparel,2026-03-12,1.0,510.0,179.99,85.0,30,22,76
SKU-APP-203,Heavyweight Arctic Winter Parka,Apparel,2026-03-13,1.0,510.0,179.99,85.0,30,22,76
SKU-APP-203,Heavyweight Arctic Winter Parka,Apparel,2026-03-14,2.0,510.0,179.99,85.0,30,22,76
SKU-APP-203,Heavyweight Arctic Winter Parka,Apparel,2026-03-15,2.0,510.0,179.99,85.0,30,22,76
SKU-APP-203,Heavyweight Arctic Winter Parka,Apparel,2026-03-16,1.0,510.0,179.99,85.0,30,22,76
SKU-APP-203,Heavyweight Arctic Winter Parka,Apparel,2026-03-17,3.0,510.0,179.99,85.0,30,22,76
SKU-APP-203,Heavyweight Arctic Winter Parka,Apparel,2026-03-18,1.0,510.0,179.99,85.0,30,22,76
SKU-APP-203,Heavyweight Arctic Winter Parka,Apparel,2026-03-19,0.0,510.0,179.99,85.0,30,22,76
SKU-APP-203,Heavyweight Arctic Winter Parka,Apparel,2026-03-20,2.0,510.0,179.99,85.0,30,22,76
SKU-APP-203,Heavyweight Arctic Winter Parka,Apparel,2026-03-21,6.0,510.0,179.99,85.0,30,22,76
SKU-APP-203,Heavyweight Arctic Winter Parka,Apparel,2026-03-22,1.0,510.0,179.99,85.0,30,22,76
SKU-APP-203,Heavyweight Arctic Winter Parka,Apparel,2026-03-23,1.0,510.0,179.99,85.0,30,22,76
SKU-APP-203,Heavyweight Arctic Winter Parka,Apparel,2026-03-24,0.0,510.0,179.99,85.0,30,22,76
SKU-APP-203,Heavyweight Arctic Winter Parka,Apparel,2026-03-25,1.0,510.0,179.99,85.0,30,22,76
SKU-APP-203,Heavyweight Arctic Winter Parka,Apparel,2026-03-26,2.0,510.0,179.99,85.0,30,22,76
SKU-APP-203,Heavyweight Arctic Winter Parka,Apparel,2026-03-27,0.0,510.0,179.99,85.0,30,22,76
SKU-APP-203,Heavyweight Arctic Winter Parka,Apparel,2026-03-28,1.0,510.0,179.99,85.0,30,22,76
SKU-APP-203,Heavyweight Arctic Winter Parka,Apparel,2026-03-29,1.0,510.0,179.99,85.0,30,22,76
SKU-APP-203,Heavyweight Arctic Winter Parka,Apparel,2026-03-30,2.0,510.0,179.99,85.0,30,22,76
SKU-APP-203,Heavyweight Arctic Winter Parka,Apparel,2026-03-31,3.0,510.0,179.99,85.0,30,22,76
SKU-APP-203,Heavyweight Arctic Winter Parka,Apparel,2026-04-01,1.0,510.0,179.99,85.0,30,22,76
SKU-APP-203,Heavyweight Arctic Winter Parka,Apparel,2026-04-02,4.0,510.0,179.99,85.0,30,22,76
SKU-APP-203,Heavyweight Arctic Winter Parka,Apparel,2026-04-03,3.0,510.0,179.99,85.0,30,22,76
SKU-APP-203,Heavyweight Arctic Winter Parka,Apparel,2026-04-04,3.0,510.0,179.99,85.0,30,22,76
SKU-APP-203,Heavyweight Arctic Winter Parka,Apparel,2026-04-05,4.0,510.0,179.99,85.0,30,22,76
SKU-APP-203,Heavyweight Arctic Winter Parka,Apparel,2026-04-06,2.0,510.0,179.99,85.0,30,22,76
SKU-APP-203,Heavyweight Arctic Winter Parka,Apparel,2026-04-07,2.0,510.0,179.99,85.0,30,22,76
SKU-APP-203,Heavyweight Arctic Winter Parka,Apparel,2026-04-08,0.0,510.0,179.99,85.0,30,22,76
SKU-APP-203,Heavyweight Arctic Winter Parka,Apparel,2026-04-09,1.0,510.0,179.99,85.0,30,22,76
SKU-APP-203,Heavyweight Arctic Winter Parka,Apparel,2026-04-10,3.0,510.0,179.99,85.0,30,22,76
SKU-APP-203,Heavyweight Arctic Winter Parka,Apparel,2026-04-11,3.0,510.0,179.99,85.0,30,22,76
SKU-APP-203,Heavyweight Arctic Winter Parka,Apparel,2026-04-12,2.0,510.0,179.99,85.0,30,22,76
SKU-APP-203,Heavyweight Arctic Winter Parka,Apparel,2026-04-13,4.0,510.0,179.99,85.0,30,22,76
SKU-APP-203,Heavyweight Arctic Winter Parka,Apparel,2026-04-14,1.0,510.0,179.99,85.0,30,22,76
SKU-APP-203,Heavyweight Arctic Winter Parka,Apparel,2026-04-15,2.0,510.0,179.99,85.0,30,22,76
SKU-APP-203,Heavyweight Arctic Winter Parka,Apparel,2026-04-16,0.0,510.0,179.99,85.0,30,22,76
SKU-APP-203,Heavyweight Arctic Winter Parka,Apparel,2026-04-17,3.0,510.0,179.99,85.0,30,22,76
SKU-APP-203,Heavyweight Arctic Winter Parka,Apparel,2026-04-18,4.0,510.0,179.99,85.0,30,22,76
SKU-APP-203,Heavyweight Arctic Winter Parka,Apparel,2026-04-19,0.0,510.0,179.99,85.0,30,22,76
SKU-APP-203,Heavyweight Arctic Winter Parka,Apparel,2026-04-20,1.0,510.0,179.99,85.0,30,22,76
SKU-APP-203,Heavyweight Arctic Winter Parka,Apparel,2026-04-21,1.0,510.0,179.99,85.0,30,22,76
SKU-APP-203,Heavyweight Arctic Winter Parka,Apparel,2026-04-22,0.0,510.0,179.99,85.0,30,22,76
SKU-APP-203,Heavyweight Arctic Winter Parka,Apparel,2026-04-23,0.0,510.0,179.99,85.0,30,22,76
SKU-APP-203,Heavyweight Arctic Winter Parka,Apparel,2026-04-24,2.0,510.0,179.99,85.0,30,22,76
SKU-APP-203,Heavyweight Arctic Winter Parka,Apparel,2026-04-25,1.0,510.0,179.99,85.0,30,22,76
SKU-APP-203,Heavyweight Arctic Winter Parka,Apparel,2026-04-26,3.0,510.0,179.99,85.0,30,22,76
SKU-APP-203,Heavyweight Arctic Winter Parka,Apparel,2026-04-27,3.0,510.0,179.99,85.0,30,22,76
SKU-APP-203,Heavyweight Arctic Winter Parka,Apparel,2026-04-28,1.0,510.0,179.99,85.0,30,22,76
SKU-APP-203,Heavyweight Arctic Winter Parka,Apparel,2026-04-29,1.0,510.0,179.99,85.0,30,22,76
SKU-APP-203,Heavyweight Arctic Winter Parka,Apparel,2026-04-30,1.0,510.0,179.99,85.0,30,22,76
SKU-APP-203,Heavyweight Arctic Winter Parka,Apparel,2026-05-01,4.0,510.0,179.99,85.0,30,22,76
SKU-APP-203,Heavyweight Arctic Winter Parka,Apparel,2026-05-02,4.0,510.0,179.99,85.0,30,22,76
SKU-APP-203,Heavyweight Arctic Winter Parka,Apparel,2026-05-03,2.0,510.0,179.99,85.0,30,22,76
SKU-APP-203,Heavyweight Arctic Winter Parka,Apparel,2026-05-04,1.0,510.0,179.99,85.0,30,22,76
SKU-APP-203,Heavyweight Arctic Winter Parka,Apparel,2026-05-05,1.0,510.0,179.99,85.0,30,22,76
SKU-APP-203,Heavyweight Arctic Winter Parka,Apparel,2026-05-06,6.0,510.0,179.99,85.0,30,22,76
SKU-APP-203,Heavyweight Arctic Winter Parka,Apparel,2026-05-07,4.0,510.0,179.99,85.0,30,22,76
SKU-APP-203,Heavyweight Arctic Winter Parka,Apparel,2026-05-08,2.0,510.0,179.99,85.0,30,22,76
SKU-APP-203,Heavyweight Arctic Winter Parka,Apparel,2026-05-09,1.0,510.0,179.99,85.0,30,22,76
SKU-APP-203,Heavyweight Arctic Winter Parka,Apparel,2026-05-10,2.0,510.0,179.99,85.0,30,22,76
SKU-APP-203,Heavyweight Arctic Winter Parka,Apparel,2026-05-11,2.0,510.0,179.99,85.0,30,22,76
SKU-APP-203,Heavyweight Arctic Winter Parka,Apparel,2026-05-12,1.0,510.0,179.99,85.0,30,22,76
SKU-APP-203,Heavyweight Arctic Winter Parka,Apparel,2026-05-13,0.0,510.0,179.99,85.0,30,22,76
SKU-APP-203,Heavyweight Arctic Winter Parka,Apparel,2026-05-14,0.0,510.0,179.99,85.0,30,22,76
SKU-APP-203,Heavyweight Arctic Winter Parka,Apparel,2026-05-15,1.0,510.0,179.99,85.0,30,22,76
SKU-APP-203,Heavyweight Arctic Winter Parka,Apparel,2026-05-16,4.0,510.0,179.99,85.0,30,22,76
SKU-APP-203,Heavyweight Arctic Winter Parka,Apparel,2026-05-17,2.0,510.0,179.99,85.0,30,22,76
SKU-APP-203,Heavyweight Arctic Winter Parka,Apparel,2026-05-18,0.0,510.0,179.99,85.0,30,22,76
SKU-APP-203,Heavyweight Arctic Winter Parka,Apparel,2026-05-19,4.0,510.0,179.99,85.0,30,22,76
SKU-APP-203,Heavyweight Arctic Winter Parka,Apparel,2026-05-20,5.0,510.0,179.99,85.0,30,22,76
SKU-APP-203,Heavyweight Arctic Winter Parka,Apparel,2026-05-21,2.0,510.0,179.99,85.0,30,22,76
SKU-APP-203,Heavyweight Arctic Winter Parka,Apparel,2026-05-22,1.0,510.0,179.99,85.0,30,22,76
SKU-APP-203,Heavyweight Arctic Winter Parka,Apparel,2026-05-23,3.0,510.0,179.99,85.0,30,22,76
SKU-APP-203,Heavyweight Arctic Winter Parka,Apparel,2026-05-24,1.0,510.0,179.99,85.0,30,22,76
SKU-APP-203,Heavyweight Arctic Winter Parka,Apparel,2026-05-25,1.0,510.0,179.99,85.0,30,22,76
SKU-APP-203,Heavyweight Arctic Winter Parka,Apparel,2026-05-26,1.0,510.0,179.99,85.0,30,22,76
SKU-APP-203,Heavyweight Arctic Winter Parka,Apparel,2026-05-27,0.0,510.0,179.99,85.0,30,22,76
SKU-APP-203,Heavyweight Arctic Winter Parka,Apparel,2026-05-28,0.0,510.0,179.99,85.0,30,22,76
SKU-APP-203,Heavyweight Arctic Winter Parka,Apparel,2026-05-29,3.0,510.0,179.99,85.0,30,22,76
SKU-APP-203,Heavyweight Arctic Winter Parka,Apparel,2026-05-30,3.0,510.0,179.99,85.0,30,22,76
SKU-APP-203,Heavyweight Arctic Winter Parka,Apparel,2026-05-31,1.0,510.0,179.99,85.0,30,22,76
SKU-APP-203,Heavyweight Arctic Winter Parka,Apparel,2026-06-01,0.0,510.0,179.99,85.0,30,22,76
SKU-APP-203,Heavyweight Arctic Winter Parka,Apparel,2026-06-02,0.0,510.0,179.99,85.0,30,22,76
SKU-APP-203,Heavyweight Arctic Winter Parka,Apparel,2026-06-03,1.0,510.0,179.99,85.0,30,22,76
SKU-APP-203,Heavyweight Arctic Winter Parka,Apparel,2026-06-04,0.0,510.0,179.99,85.0,30,22,76
SKU-APP-203,Heavyweight Arctic Winter Parka,Apparel,2026-06-05,1.0,510.0,179.99,85.0,30,22,76
SKU-APP-203,Heavyweight Arctic Winter Parka,Apparel,2026-06-06,2.0,510.0,179.99,85.0,30,22,76
SKU-APP-203,Heavyweight Arctic Winter Parka,Apparel,2026-06-07,3.0,510.0,179.99,85.0,30,22,76
SKU-APP-203,Heavyweight Arctic Winter Parka,Apparel,2026-06-08,1.0,510.0,179.99,85.0,30,22,76
SKU-APP-203,Heavyweight Arctic Winter Parka,Apparel,2026-06-09,2.0,510.0,179.99,85.0,30,22,76
SKU-APP-203,Heavyweight Arctic Winter Parka,Apparel,2026-06-10,4.0,510.0,179.99,85.0,30,22,76
SKU-APP-203,Heavyweight Arctic Winter Parka,Apparel,2026-06-11,3.0,510.0,179.99,85.0,30,22,76
SKU-APP-203,Heavyweight Arctic Winter Parka,Apparel,2026-06-12,1.0,510.0,179.99,85.0,30,22,76
SKU-APP-203,Heavyweight Arctic Winter Parka,Apparel,2026-06-13,1.0,510.0,179.99,85.0,30,22,76
SKU-APP-203,Heavyweight Arctic Winter Parka,Apparel,2026-06-14,2.0,510.0,179.99,85.0,30,22,76
SKU-APP-203,Heavyweight Arctic Winter Parka,Apparel,2026-06-15,2.0,510.0,179.99,85.0,30,22,76
SKU-APP-203,Heavyweight Arctic Winter Parka,Apparel,2026-06-16,1.0,510.0,179.99,85.0,30,22,76
SKU-APP-203,Heavyweight Arctic Winter Parka,Apparel,2026-06-17,0.0,510.0,179.99,85.0,30,22,76
SKU-APP-203,Heavyweight Arctic Winter Parka,Apparel,2026-06-18,2.0,510.0,179.99,85.0,30,22,76
SKU-APP-203,Heavyweight Arctic Winter Parka,Apparel,2026-06-19,0.0,510.0,179.99,85.0,30,22,76
SKU-APP-203,Heavyweight Arctic Winter Parka,Apparel,2026-06-20,2.0,510.0,179.99,85.0,30,22,76
SKU-APP-203,Heavyweight Arctic Winter Parka,Apparel,2026-06-21,0.0,510.0,179.99,85.0,30,22,76
SKU-APP-203,Heavyweight Arctic Winter Parka,Apparel,2026-06-22,2.0,510.0,179.99,85.0,30,22,76
SKU-APP-203,Heavyweight Arctic Winter Parka,Apparel,2026-06-23,3.0,510.0,179.99,85.0,30,22,76
SKU-APP-203,Heavyweight Arctic Winter Parka,Apparel,2026-06-24,5.0,510.0,179.99,85.0,30,22,76
SKU-APP-203,Heavyweight Arctic Winter Parka,Apparel,2026-06-25,1.0,510.0,179.99,85.0,30,22,76
SKU-APP-203,Heavyweight Arctic Winter Parka,Apparel,2026-06-26,2.0,510.0,179.99,85.0,30,22,76
SKU-APP-203,Heavyweight Arctic Winter Parka,Apparel,2026-06-27,2.0,510.0,179.99,85.0,30,22,76
SKU-APP-203,Heavyweight Arctic Winter Parka,Apparel,2026-06-28,2.0,510.0,179.99,85.0,30,22,76
SKU-APP-203,Heavyweight Arctic Winter Parka,Apparel,2026-06-29,1.0,510.0,179.99,85.0,30,22,76
SKU-APP-203,Heavyweight Arctic Winter Parka,Apparel,2026-06-30,1.0,510.0,179.99,85.0,30,22,76
SKU-APP-203,Heavyweight Arctic Winter Parka,Apparel,2026-07-01,0.0,510.0,179.99,85.0,30,22,76
SKU-APP-203,Heavyweight Arctic Winter Parka,Apparel,2026-07-02,1.0,510.0,179.99,85.0,30,22,76
SKU-APP-203,Heavyweight Arctic Winter Parka,Apparel,2026-07-03,2.0,510.0,179.99,85.0,30,22,76
SKU-APP-203,Heavyweight Arctic Winter Parka,Apparel,2026-07-04,3.0,510.0,179.99,85.0,30,22,76
SKU-APP-203,Heavyweight Arctic Winter Parka,Apparel,2026-07-05,0.0,510.0,179.99,85.0,30,22,76
SKU-APP-203,Heavyweight Arctic Winter Parka,Apparel,2026-07-06,1.0,510.0,179.99,85.0,30,22,76
SKU-APP-203,Heavyweight Arctic Winter Parka,Apparel,2026-07-07,0.0,510.0,179.99,85.0,30,22,76
SKU-APP-203,Heavyweight Arctic Winter Parka,Apparel,2026-07-08,1.0,510.0,179.99,85.0,30,22,76
SKU-APP-203,Heavyweight Arctic Winter Parka,Apparel,2026-07-09,2.0,510.0,179.99,85.0,30,22,76
SKU-APP-203,Heavyweight Arctic Winter Parka,Apparel,2026-07-10,1.0,510.0,179.99,85.0,30,22,76
SKU-APP-203,Heavyweight Arctic Winter Parka,Apparel,2026-07-11,2.0,510.0,179.99,85.0,30,22,76
SKU-APP-203,Heavyweight Arctic Winter Parka,Apparel,2026-07-12,3.0,510.0,179.99,85.0,30,22,76
SKU-APP-203,Heavyweight Arctic Winter Parka,Apparel,2026-07-13,2.0,510.0,179.99,85.0,30,22,76
SKU-APP-203,Heavyweight Arctic Winter Parka,Apparel,2026-07-14,0.0,510.0,179.99,85.0,30,22,76
SKU-APP-203,Heavyweight Arctic Winter Parka,Apparel,2026-07-15,0.0,510.0,179.99,85.0,30,22,76
SKU-APP-203,Heavyweight Arctic Winter Parka,Apparel,2026-07-16,2.0,510.0,179.99,85.0,30,22,76
SKU-APP-203,Heavyweight Arctic Winter Parka,Apparel,2026-07-17,0.0,510.0,179.99,85.0,30,22,76
SKU-APP-203,Heavyweight Arctic Winter Parka,Apparel,2026-07-18,5.0,510.0,179.99,85.0,30,22,76
SKU-APP-203,Heavyweight Arctic Winter Parka,Apparel,2026-07-19,0.0,510.0,179.99,85.0,30,22,76
SKU-APP-203,Heavyweight Arctic Winter Parka,Apparel,2026-07-20,0.0,510.0,179.99,85.0,30,22,76
SKU-APP-203,Heavyweight Arctic Winter Parka,Apparel,2026-07-21,1.0,510.0,179.99,85.0,30,22,76
SKU-APP-203,Heavyweight Arctic Winter Parka,Apparel,2026-07-22,1.0,510.0,179.99,85.0,30,22,76
SKU-APP-203,Heavyweight Arctic Winter Parka,Apparel,2026-07-23,2.0,510.0,179.99,85.0,30,22,76
SKU-APP-203,Heavyweight Arctic Winter Parka,Apparel,2026-07-24,2.0,510.0,179.99,85.0,30,22,76
SKU-APP-203,Heavyweight Arctic Winter Parka,Apparel,2026-07-25,4.0,510.0,179.99,85.0,30,22,76
SKU-APP-203,Heavyweight Arctic Winter Parka,Apparel,2026-07-26,1.0,510.0,179.99,85.0,30,22,76
SKU-APP-203,Heavyweight Arctic Winter Parka,Apparel,2026-07-27,1.0,510.0,179.99,85.0,30,22,76
SKU-APP-203,Heavyweight Arctic Winter Parka,Apparel,2026-07-28,2.0,510.0,179.99,85.0,30,22,76
SKU-APP-203,Heavyweight Arctic Winter Parka,Apparel,2026-07-29,2.0,510.0,179.99,85.0,30,22,76
SKU-APP-203,Heavyweight Arctic Winter Parka,Apparel,2026-07-30,2.0,510.0,179.99,85.0,30,22,76
SKU-APP-203,Heavyweight Arctic Winter Parka,Apparel,2026-07-31,1.0,510.0,179.99,85.0,30,22,76
SKU-APP-203,Heavyweight Arctic Winter Parka,Apparel,2026-08-01,2.0,510.0,179.99,85.0,30,22,76
SKU-APP-203,Heavyweight Arctic Winter Parka,Apparel,2026-08-02,0.0,510.0,179.99,85.0,30,22,76
SKU-APP-203,Heavyweight Arctic Winter Parka,Apparel,2026-08-03,0.0,510.0,179.99,85.0,30,22,76
SKU-APP-203,Heavyweight Arctic Winter Parka,Apparel,2026-08-04,3.0,510.0,179.99,85.0,30,22,76
SKU-APP-203,Heavyweight Arctic Winter Parka,Apparel,2026-08-05,5.0,510.0,179.99,85.0,30,22,76
SKU-APP-203,Heavyweight Arctic Winter Parka,Apparel,2026-08-06,2.0,510.0,179.99,85.0,30,22,76
SKU-APP-203,Heavyweight Arctic Winter Parka,Apparel,2026-08-07,0.0,510.0,179.99,85.0,30,22,76
SKU-APP-203,Heavyweight Arctic Winter Parka,Apparel,2026-08-08,3.0,510.0,179.99,85.0,30,22,76
SKU-APP-203,Heavyweight Arctic Winter Parka,Apparel,2026-08-09,0.0,510.0,179.99,85.0,30,22,76
SKU-APP-203,Heavyweight Arctic Winter Parka,Apparel,2026-08-10,0.0,510.0,179.99,85.0,30,22,76
SKU-APP-203,Heavyweight Arctic Winter Parka,Apparel,2026-08-11,0.0,510.0,179.99,85.0,30,22,76
SKU-APP-203,Heavyweight Arctic Winter Parka,Apparel,2026-08-12,1.0,510.0,179.99,85.0,30,22,76
SKU-APP-203,Heavyweight Arctic Winter Parka,Apparel,2026-08-13,3.0,510.0,179.99,85.0,30,22,76
SKU-APP-203,Heavyweight Arctic Winter Parka,Apparel,2026-08-14,2.0,510.0,179.99,85.0,30,22,76
SKU-APP-203,Heavyweight Arctic Winter Parka,Apparel,2026-08-15,0.0,510.0,179.99,85.0,30,22,76
SKU-APP-203,Heavyweight Arctic Winter Parka,Apparel,2026-08-16,0.0,510.0,179.99,85.0,30,22,76
SKU-APP-203,Heavyweight Arctic Winter Parka,Apparel,2026-08-17,0.0,510.0,179.99,85.0,30,22,76
SKU-APP-203,Heavyweight Arctic Winter Parka,Apparel,2026-08-18,0.0,510.0,179.99,85.0,30,22,76
SKU-APP-203,Heavyweight Arctic Winter Parka,Apparel,2026-08-19,1.0,510.0,179.99,85.0,30,22,76
SKU-APP-203,Heavyweight Arctic Winter Parka,Apparel,2026-08-20,4.0,510.0,179.99,85.0,30,22,76
SKU-APP-203,Heavyweight Arctic Winter Parka,Apparel,2026-08-21,1.0,510.0,179.99,85.0,30,22,76
SKU-APP-203,Heavyweight Arctic Winter Parka,Apparel,2026-08-22,5.0,510.0,179.99,85.0,30,22,76
SKU-APP-203,Heavyweight Arctic Winter Parka,Apparel,2026-08-23,0.0,510.0,179.99,85.0,30,22,76
SKU-APP-203,Heavyweight Arctic Winter Parka,Apparel,2026-08-24,3.0,510.0,179.99,85.0,30,22,76
SKU-APP-203,Heavyweight Arctic Winter Parka,Apparel,2026-08-25,4.0,510.0,179.99,85.0,30,22,76
SKU-APP-203,Heavyweight Arctic Winter Parka,Apparel,2026-08-26,2.0,510.0,179.99,85.0,30,22,76
SKU-APP-203,Heavyweight Arctic Winter Parka,Apparel,2026-08-27,0.0,510.0,179.99,85.0,30,22,76
SKU-APP-204,Seamless Workout Compression Leggings,Apparel,2026-03-01,11.0,4.0,44.99,16.0,10,28,98
SKU-APP-204,Seamless Workout Compression Leggings,Apparel,2026-03-02,4.0,4.0,44.99,16.0,10,28,98
SKU-APP-204,Seamless Workout Compression Leggings,Apparel,2026-03-03,11.0,4.0,44.99,16.0,10,28,98
SKU-APP-204,Seamless Workout Compression Leggings,Apparel,2026-03-04,3.0,4.0,44.99,16.0,10,28,98
SKU-APP-204,Seamless Workout Compression Leggings,Apparel,2026-03-05,4.0,4.0,44.99,16.0,10,28,98
SKU-APP-204,Seamless Workout Compression Leggings,Apparel,2026-03-06,5.0,4.0,44.99,16.0,10,28,98
SKU-APP-204,Seamless Workout Compression Leggings,Apparel,2026-03-07,7.0,4.0,44.99,16.0,10,28,98
SKU-APP-204,Seamless Workout Compression Leggings,Apparel,2026-03-08,8.0,4.0,44.99,16.0,10,28,98
SKU-APP-204,Seamless Workout Compression Leggings,Apparel,2026-03-09,7.0,4.0,44.99,16.0,10,28,98
SKU-APP-204,Seamless Workout Compression Leggings,Apparel,2026-03-10,3.0,4.0,44.99,16.0,10,28,98
SKU-APP-204,Seamless Workout Compression Leggings,Apparel,2026-03-11,8.0,4.0,44.99,16.0,10,28,98
SKU-APP-204,Seamless Workout Compression Leggings,Apparel,2026-03-12,5.0,4.0,44.99,16.0,10,28,98
SKU-APP-204,Seamless Workout Compression Leggings,Apparel,2026-03-13,5.0,4.0,44.99,16.0,10,28,98
SKU-APP-204,Seamless Workout Compression Leggings,Apparel,2026-03-14,17.0,4.0,44.99,16.0,10,28,98
SKU-APP-204,Seamless Workout Compression Leggings,Apparel,2026-03-15,11.0,4.0,44.99,16.0,10,28,98
SKU-APP-204,Seamless Workout Compression Leggings,Apparel,2026-03-16,6.0,4.0,44.99,16.0,10,28,98
SKU-APP-204,Seamless Workout Compression Leggings,Apparel,2026-03-17,6.0,4.0,44.99,16.0,10,28,98
SKU-APP-204,Seamless Workout Compression Leggings,Apparel,2026-03-18,3.0,4.0,44.99,16.0,10,28,98
SKU-APP-204,Seamless Workout Compression Leggings,Apparel,2026-03-19,4.0,4.0,44.99,16.0,10,28,98
SKU-APP-204,Seamless Workout Compression Leggings,Apparel,2026-03-20,12.0,4.0,44.99,16.0,10,28,98
SKU-APP-204,Seamless Workout Compression Leggings,Apparel,2026-03-21,9.0,4.0,44.99,16.0,10,28,98
SKU-APP-204,Seamless Workout Compression Leggings,Apparel,2026-03-22,12.0,4.0,44.99,16.0,10,28,98
SKU-APP-204,Seamless Workout Compression Leggings,Apparel,2026-03-23,12.0,4.0,44.99,16.0,10,28,98
SKU-APP-204,Seamless Workout Compression Leggings,Apparel,2026-03-24,7.0,4.0,44.99,16.0,10,28,98
SKU-APP-204,Seamless Workout Compression Leggings,Apparel,2026-03-25,10.0,4.0,44.99,16.0,10,28,98
SKU-APP-204,Seamless Workout Compression Leggings,Apparel,2026-03-26,7.0,4.0,44.99,16.0,10,28,98
SKU-APP-204,Seamless Workout Compression Leggings,Apparel,2026-03-27,3.0,4.0,44.99,16.0,10,28,98
SKU-APP-204,Seamless Workout Compression Leggings,Apparel,2026-03-28,14.0,4.0,44.99,16.0,10,28,98
SKU-APP-204,Seamless Workout Compression Leggings,Apparel,2026-03-29,8.0,4.0,44.99,16.0,10,28,98
SKU-APP-204,Seamless Workout Compression Leggings,Apparel,2026-03-30,7.0,4.0,44.99,16.0,10,28,98
SKU-APP-204,Seamless Workout Compression Leggings,Apparel,2026-03-31,5.0,4.0,44.99,16.0,10,28,98
SKU-APP-204,Seamless Workout Compression Leggings,Apparel,2026-04-01,10.0,4.0,44.99,16.0,10,28,98
SKU-APP-204,Seamless Workout Compression Leggings,Apparel,2026-04-02,11.0,4.0,44.99,16.0,10,28,98
SKU-APP-204,Seamless Workout Compression Leggings,Apparel,2026-04-03,8.0,4.0,44.99,16.0,10,28,98
SKU-APP-204,Seamless Workout Compression Leggings,Apparel,2026-04-04,8.0,4.0,44.99,16.0,10,28,98
SKU-APP-204,Seamless Workout Compression Leggings,Apparel,2026-04-05,11.0,4.0,44.99,16.0,10,28,98
SKU-APP-204,Seamless Workout Compression Leggings,Apparel,2026-04-06,8.0,4.0,44.99,16.0,10,28,98
SKU-APP-204,Seamless Workout Compression Leggings,Apparel,2026-04-07,7.0,4.0,44.99,16.0,10,28,98
SKU-APP-204,Seamless Workout Compression Leggings,Apparel,2026-04-08,9.0,4.0,44.99,16.0,10,28,98
SKU-APP-204,Seamless Workout Compression Leggings,Apparel,2026-04-09,9.0,4.0,44.99,16.0,10,28,98
SKU-APP-204,Seamless Workout Compression Leggings,Apparel,2026-04-10,7.0,4.0,44.99,16.0,10,28,98
SKU-APP-204,Seamless Workout Compression Leggings,Apparel,2026-04-11,11.0,4.0,44.99,16.0,10,28,98
SKU-APP-204,Seamless Workout Compression Leggings,Apparel,2026-04-12,14.0,4.0,44.99,16.0,10,28,98
SKU-APP-204,Seamless Workout Compression Leggings,Apparel,2026-04-13,9.0,4.0,44.99,16.0,10,28,98
SKU-APP-204,Seamless Workout Compression Leggings,Apparel,2026-04-14,15.0,4.0,44.99,16.0,10,28,98
SKU-APP-204,Seamless Workout Compression Leggings,Apparel,2026-04-15,9.0,4.0,44.99,16.0,10,28,98
SKU-APP-204,Seamless Workout Compression Leggings,Apparel,2026-04-16,10.0,4.0,44.99,16.0,10,28,98
SKU-APP-204,Seamless Workout Compression Leggings,Apparel,2026-04-17,13.0,4.0,44.99,16.0,10,28,98
SKU-APP-204,Seamless Workout Compression Leggings,Apparel,2026-04-18,14.0,4.0,44.99,16.0,10,28,98
SKU-APP-204,Seamless Workout Compression Leggings,Apparel,2026-04-19,12.0,4.0,44.99,16.0,10,28,98
SKU-APP-204,Seamless Workout Compression Leggings,Apparel,2026-04-20,10.0,4.0,44.99,16.0,10,28,98
SKU-APP-204,Seamless Workout Compression Leggings,Apparel,2026-04-21,5.0,4.0,44.99,16.0,10,28,98
SKU-APP-204,Seamless Workout Compression Leggings,Apparel,2026-04-22,7.0,4.0,44.99,16.0,10,28,98
SKU-APP-204,Seamless Workout Compression Leggings,Apparel,2026-04-23,10.0,4.0,44.99,16.0,10,28,98
SKU-APP-204,Seamless Workout Compression Leggings,Apparel,2026-04-24,6.0,4.0,44.99,16.0,10,28,98
SKU-APP-204,Seamless Workout Compression Leggings,Apparel,2026-04-25,11.0,4.0,44.99,16.0,10,28,98
SKU-APP-204,Seamless Workout Compression Leggings,Apparel,2026-04-26,16.0,4.0,44.99,16.0,10,28,98
SKU-APP-204,Seamless Workout Compression Leggings,Apparel,2026-04-27,5.0,4.0,44.99,16.0,10,28,98
SKU-APP-204,Seamless Workout Compression Leggings,Apparel,2026-04-28,9.0,4.0,44.99,16.0,10,28,98
SKU-APP-204,Seamless Workout Compression Leggings,Apparel,2026-04-29,10.0,4.0,44.99,16.0,10,28,98
SKU-APP-204,Seamless Workout Compression Leggings,Apparel,2026-04-30,5.0,4.0,44.99,16.0,10,28,98
SKU-APP-204,Seamless Workout Compression Leggings,Apparel,2026-05-01,9.0,4.0,44.99,16.0,10,28,98
SKU-APP-204,Seamless Workout Compression Leggings,Apparel,2026-05-02,7.0,4.0,44.99,16.0,10,28,98
SKU-APP-204,Seamless Workout Compression Leggings,Apparel,2026-05-03,11.0,4.0,44.99,16.0,10,28,98
SKU-APP-204,Seamless Workout Compression Leggings,Apparel,2026-05-04,7.0,4.0,44.99,16.0,10,28,98
SKU-APP-204,Seamless Workout Compression Leggings,Apparel,2026-05-05,9.0,4.0,44.99,16.0,10,28,98
SKU-APP-204,Seamless Workout Compression Leggings,Apparel,2026-05-06,10.0,4.0,44.99,16.0,10,28,98
SKU-APP-204,Seamless Workout Compression Leggings,Apparel,2026-05-07,10.0,4.0,44.99,16.0,10,28,98
SKU-APP-204,Seamless Workout Compression Leggings,Apparel,2026-05-08,9.0,4.0,44.99,16.0,10,28,98
SKU-APP-204,Seamless Workout Compression Leggings,Apparel,2026-05-09,11.0,4.0,44.99,16.0,10,28,98
SKU-APP-204,Seamless Workout Compression Leggings,Apparel,2026-05-10,21.0,4.0,44.99,16.0,10,28,98
SKU-APP-204,Seamless Workout Compression Leggings,Apparel,2026-05-11,7.0,4.0,44.99,16.0,10,28,98
SKU-APP-204,Seamless Workout Compression Leggings,Apparel,2026-05-12,2.0,4.0,44.99,16.0,10,28,98
SKU-APP-204,Seamless Workout Compression Leggings,Apparel,2026-05-13,9.0,4.0,44.99,16.0,10,28,98
SKU-APP-204,Seamless Workout Compression Leggings,Apparel,2026-05-14,9.0,4.0,44.99,16.0,10,28,98
SKU-APP-204,Seamless Workout Compression Leggings,Apparel,2026-05-15,13.0,4.0,44.99,16.0,10,28,98
SKU-APP-204,Seamless Workout Compression Leggings,Apparel,2026-05-16,11.0,4.0,44.99,16.0,10,28,98
SKU-APP-204,Seamless Workout Compression Leggings,Apparel,2026-05-17,12.0,4.0,44.99,16.0,10,28,98
SKU-APP-204,Seamless Workout Compression Leggings,Apparel,2026-05-18,7.0,4.0,44.99,16.0,10,28,98
SKU-APP-204,Seamless Workout Compression Leggings,Apparel,2026-05-19,8.0,4.0,44.99,16.0,10,28,98
SKU-APP-204,Seamless Workout Compression Leggings,Apparel,2026-05-20,9.0,4.0,44.99,16.0,10,28,98
SKU-APP-204,Seamless Workout Compression Leggings,Apparel,2026-05-21,7.0,4.0,44.99,16.0,10,28,98
SKU-APP-204,Seamless Workout Compression Leggings,Apparel,2026-05-22,3.0,4.0,44.99,16.0,10,28,98
SKU-APP-204,Seamless Workout Compression Leggings,Apparel,2026-05-23,10.0,4.0,44.99,16.0,10,28,98
SKU-APP-204,Seamless Workout Compression Leggings,Apparel,2026-05-24,7.0,4.0,44.99,16.0,10,28,98
SKU-APP-204,Seamless Workout Compression Leggings,Apparel,2026-05-25,6.0,4.0,44.99,16.0,10,28,98
SKU-APP-204,Seamless Workout Compression Leggings,Apparel,2026-05-26,10.0,4.0,44.99,16.0,10,28,98
SKU-APP-204,Seamless Workout Compression Leggings,Apparel,2026-05-27,9.0,4.0,44.99,16.0,10,28,98
SKU-APP-204,Seamless Workout Compression Leggings,Apparel,2026-05-28,10.0,4.0,44.99,16.0,10,28,98
SKU-APP-204,Seamless Workout Compression Leggings,Apparel,2026-05-29,5.0,4.0,44.99,16.0,10,28,98
SKU-APP-204,Seamless Workout Compression Leggings,Apparel,2026-05-30,11.0,4.0,44.99,16.0,10,28,98
SKU-APP-204,Seamless Workout Compression Leggings,Apparel,2026-05-31,12.0,4.0,44.99,16.0,10,28,98
SKU-APP-204,Seamless Workout Compression Leggings,Apparel,2026-06-01,13.0,4.0,44.99,16.0,10,28,98
SKU-APP-204,Seamless Workout Compression Leggings,Apparel,2026-06-02,8.0,4.0,44.99,16.0,10,28,98
SKU-APP-204,Seamless Workout Compression Leggings,Apparel,2026-06-03,13.0,4.0,44.99,16.0,10,28,98
SKU-APP-204,Seamless Workout Compression Leggings,Apparel,2026-06-04,8.0,4.0,44.99,16.0,10,28,98
SKU-APP-204,Seamless Workout Compression Leggings,Apparel,2026-06-05,7.0,4.0,44.99,16.0,10,28,98
SKU-APP-204,Seamless Workout Compression Leggings,Apparel,2026-06-06,9.0,4.0,44.99,16.0,10,28,98
SKU-APP-204,Seamless Workout Compression Leggings,Apparel,2026-06-07,11.0,4.0,44.99,16.0,10,28,98
SKU-APP-204,Seamless Workout Compression Leggings,Apparel,2026-06-08,9.0,4.0,44.99,16.0,10,28,98
SKU-APP-204,Seamless Workout Compression Leggings,Apparel,2026-06-09,8.0,4.0,44.99,16.0,10,28,98
SKU-APP-204,Seamless Workout Compression Leggings,Apparel,2026-06-10,11.0,4.0,44.99,16.0,10,28,98
SKU-APP-204,Seamless Workout Compression Leggings,Apparel,2026-06-11,5.0,4.0,44.99,16.0,10,28,98
SKU-APP-204,Seamless Workout Compression Leggings,Apparel,2026-06-12,10.0,4.0,44.99,16.0,10,28,98
SKU-APP-204,Seamless Workout Compression Leggings,Apparel,2026-06-13,9.0,4.0,44.99,16.0,10,28,98
SKU-APP-204,Seamless Workout Compression Leggings,Apparel,2026-06-14,6.0,4.0,44.99,16.0,10,28,98
SKU-APP-204,Seamless Workout Compression Leggings,Apparel,2026-06-15,4.0,4.0,44.99,16.0,10,28,98
SKU-APP-204,Seamless Workout Compression Leggings,Apparel,2026-06-16,7.0,4.0,44.99,16.0,10,28,98
SKU-APP-204,Seamless Workout Compression Leggings,Apparel,2026-06-17,6.0,4.0,44.99,16.0,10,28,98
SKU-APP-204,Seamless Workout Compression Leggings,Apparel,2026-06-18,6.0,4.0,44.99,16.0,10,28,98
SKU-APP-204,Seamless Workout Compression Leggings,Apparel,2026-06-19,8.0,4.0,44.99,16.0,10,28,98
SKU-APP-204,Seamless Workout Compression Leggings,Apparel,2026-06-20,11.0,4.0,44.99,16.0,10,28,98
SKU-APP-204,Seamless Workout Compression Leggings,Apparel,2026-06-21,8.0,4.0,44.99,16.0,10,28,98
SKU-APP-204,Seamless Workout Compression Leggings,Apparel,2026-06-22,9.0,4.0,44.99,16.0,10,28,98
SKU-APP-204,Seamless Workout Compression Leggings,Apparel,2026-06-23,7.0,4.0,44.99,16.0,10,28,98
SKU-APP-204,Seamless Workout Compression Leggings,Apparel,2026-06-24,11.0,4.0,44.99,16.0,10,28,98
SKU-APP-204,Seamless Workout Compression Leggings,Apparel,2026-06-25,5.0,4.0,44.99,16.0,10,28,98
SKU-APP-204,Seamless Workout Compression Leggings,Apparel,2026-06-26,16.0,4.0,44.99,16.0,10,28,98
SKU-APP-204,Seamless Workout Compression Leggings,Apparel,2026-06-27,13.0,4.0,44.99,16.0,10,28,98
SKU-APP-204,Seamless Workout Compression Leggings,Apparel,2026-06-28,10.0,4.0,44.99,16.0,10,28,98
SKU-APP-204,Seamless Workout Compression Leggings,Apparel,2026-06-29,6.0,4.0,44.99,16.0,10,28,98
SKU-APP-204,Seamless Workout Compression Leggings,Apparel,2026-06-30,9.0,4.0,44.99,16.0,10,28,98
SKU-APP-204,Seamless Workout Compression Leggings,Apparel,2026-07-01,6.0,4.0,44.99,16.0,10,28,98
SKU-APP-204,Seamless Workout Compression Leggings,Apparel,2026-07-02,8.0,4.0,44.99,16.0,10,28,98
SKU-APP-204,Seamless Workout Compression Leggings,Apparel,2026-07-03,10.0,4.0,44.99,16.0,10,28,98
SKU-APP-204,Seamless Workout Compression Leggings,Apparel,2026-07-04,11.0,4.0,44.99,16.0,10,28,98
SKU-APP-204,Seamless Workout Compression Leggings,Apparel,2026-07-05,15.0,4.0,44.99,16.0,10,28,98
SKU-APP-204,Seamless Workout Compression Leggings,Apparel,2026-07-06,8.0,4.0,44.99,16.0,10,28,98
SKU-APP-204,Seamless Workout Compression Leggings,Apparel,2026-07-07,7.0,4.0,44.99,16.0,10,28,98
SKU-APP-204,Seamless Workout Compression Leggings,Apparel,2026-07-08,9.0,4.0,44.99,16.0,10,28,98
SKU-APP-204,Seamless Workout Compression Leggings,Apparel,2026-07-09,8.0,4.0,44.99,16.0,10,28,98
SKU-APP-204,Seamless Workout Compression Leggings,Apparel,2026-07-10,7.0,4.0,44.99,16.0,10,28,98
SKU-APP-204,Seamless Workout Compression Leggings,Apparel,2026-07-11,15.0,4.0,44.99,16.0,10,28,98
SKU-APP-204,Seamless Workout Compression Leggings,Apparel,2026-07-12,18.0,4.0,44.99,16.0,10,28,98
SKU-APP-204,Seamless Workout Compression Leggings,Apparel,2026-07-13,11.0,4.0,44.99,16.0,10,28,98
SKU-APP-204,Seamless Workout Compression Leggings,Apparel,2026-07-14,1.0,4.0,44.99,16.0,10,28,98
SKU-APP-204,Seamless Workout Compression Leggings,Apparel,2026-07-15,19.0,4.0,44.99,16.0,10,28,98
SKU-APP-204,Seamless Workout Compression Leggings,Apparel,2026-07-16,14.0,4.0,44.99,16.0,10,28,98
SKU-APP-204,Seamless Workout Compression Leggings,Apparel,2026-07-17,7.0,4.0,44.99,16.0,10,28,98
SKU-APP-204,Seamless Workout Compression Leggings,Apparel,2026-07-18,15.0,4.0,44.99,16.0,10,28,98
SKU-APP-204,Seamless Workout Compression Leggings,Apparel,2026-07-19,9.0,4.0,44.99,16.0,10,28,98
SKU-APP-204,Seamless Workout Compression Leggings,Apparel,2026-07-20,10.0,4.0,44.99,16.0,10,28,98
SKU-APP-204,Seamless Workout Compression Leggings,Apparel,2026-07-21,6.0,4.0,44.99,16.0,10,28,98
SKU-APP-204,Seamless Workout Compression Leggings,Apparel,2026-07-22,8.0,4.0,44.99,16.0,10,28,98
SKU-APP-204,Seamless Workout Compression Leggings,Apparel,2026-07-23,10.0,4.0,44.99,16.0,10,28,98
SKU-APP-204,Seamless Workout Compression Leggings,Apparel,2026-07-24,4.0,4.0,44.99,16.0,10,28,98
SKU-APP-204,Seamless Workout Compression Leggings,Apparel,2026-07-25,11.0,4.0,44.99,16.0,10,28,98
SKU-APP-204,Seamless Workout Compression Leggings,Apparel,2026-07-26,14.0,4.0,44.99,16.0,10,28,98
SKU-APP-204,Seamless Workout Compression Leggings,Apparel,2026-07-27,9.0,4.0,44.99,16.0,10,28,98
SKU-APP-204,Seamless Workout Compression Leggings,Apparel,2026-07-28,13.0,4.0,44.99,16.0,10,28,98
SKU-APP-204,Seamless Workout Compression Leggings,Apparel,2026-07-29,11.0,4.0,44.99,16.0,10,28,98
SKU-APP-204,Seamless Workout Compression Leggings,Apparel,2026-07-30,11.0,4.0,44.99,16.0,10,28,98
SKU-APP-204,Seamless Workout Compression Leggings,Apparel,2026-07-31,13.0,4.0,44.99,16.0,10,28,98
SKU-APP-204,Seamless Workout Compression Leggings,Apparel,2026-08-01,8.0,4.0,44.99,16.0,10,28,98
SKU-APP-204,Seamless Workout Compression Leggings,Apparel,2026-08-02,14.0,4.0,44.99,16.0,10,28,98
SKU-APP-204,Seamless Workout Compression Leggings,Apparel,2026-08-03,10.0,4.0,44.99,16.0,10,28,98
SKU-APP-204,Seamless Workout Compression Leggings,Apparel,2026-08-04,9.0,4.0,44.99,16.0,10,28,98
SKU-APP-204,Seamless Workout Compression Leggings,Apparel,2026-08-05,9.0,4.0,44.99,16.0,10,28,98
SKU-APP-204,Seamless Workout Compression Leggings,Apparel,2026-08-06,12.0,4.0,44.99,16.0,10,28,98
SKU-APP-204,Seamless Workout Compression Leggings,Apparel,2026-08-07,8.0,4.0,44.99,16.0,10,28,98
SKU-APP-204,Seamless Workout Compression Leggings,Apparel,2026-08-08,16.0,4.0,44.99,16.0,10,28,98
SKU-APP-204,Seamless Workout Compression Leggings,Apparel,2026-08-09,13.0,4.0,44.99,16.0,10,28,98
SKU-APP-204,Seamless Workout Compression Leggings,Apparel,2026-08-10,8.0,4.0,44.99,16.0,10,28,98
SKU-APP-204,Seamless Workout Compression Leggings,Apparel,2026-08-11,7.0,4.0,44.99,16.0,10,28,98
SKU-APP-204,Seamless Workout Compression Leggings,Apparel,2026-08-12,9.0,4.0,44.99,16.0,10,28,98
SKU-APP-204,Seamless Workout Compression Leggings,Apparel,2026-08-13,11.0,4.0,44.99,16.0,10,28,98
SKU-APP-204,Seamless Workout Compression Leggings,Apparel,2026-08-14,12.0,4.0,44.99,16.0,10,28,98
SKU-APP-204,Seamless Workout Compression Leggings,Apparel,2026-08-15,16.0,4.0,44.99,16.0,10,28,98
SKU-APP-204,Seamless Workout Compression Leggings,Apparel,2026-08-16,10.0,4.0,44.99,16.0,10,28,98
SKU-APP-204,Seamless Workout Compression Leggings,Apparel,2026-08-17,10.0,4.0,44.99,16.0,10,28,98
SKU-APP-204,Seamless Workout Compression Leggings,Apparel,2026-08-18,10.0,4.0,44.99,16.0,10,28,98
SKU-APP-204,Seamless Workout Compression Leggings,Apparel,2026-08-19,7.0,4.0,44.99,16.0,10,28,98
SKU-APP-204,Seamless Workout Compression Leggings,Apparel,2026-08-20,12.0,4.0,44.99,16.0,10,28,98
SKU-APP-204,Seamless Workout Compression Leggings,Apparel,2026-08-21,16.0,4.0,44.99,16.0,10,28,98
SKU-APP-204,Seamless Workout Compression Leggings,Apparel,2026-08-22,14.0,4.0,44.99,16.0,10,28,98
SKU-APP-204,Seamless Workout Compression Leggings,Apparel,2026-08-23,18.0,4.0,44.99,16.0,10,28,98
SKU-APP-204,Seamless Workout Compression Leggings,Apparel,2026-08-24,9.0,4.0,44.99,16.0,10,28,98
SKU-APP-204,Seamless Workout Compression Leggings,Apparel,2026-08-25,10.0,4.0,44.99,16.0,10,28,98
SKU-APP-204,Seamless Workout Compression Leggings,Apparel,2026-08-26,10.0,4.0,44.99,16.0,10,28,98
SKU-APP-204,Seamless Workout Compression Leggings,Apparel,2026-08-27,8.0,4.0,44.99,16.0,10,28,98
SKU-APP-205,Formal Wool Blazer Tailored,Apparel,2026-03-01,1.0,115.0,219.0,110.0,25,4,14
SKU-APP-205,Formal Wool Blazer Tailored,Apparel,2026-03-02,0.0,115.0,219.0,110.0,25,4,14
SKU-APP-205,Formal Wool Blazer Tailored,Apparel,2026-03-03,0.0,115.0,219.0,110.0,25,4,14
SKU-APP-205,Formal Wool Blazer Tailored,Apparel,2026-03-04,0.0,115.0,219.0,110.0,25,4,14
SKU-APP-205,Formal Wool Blazer Tailored,Apparel,2026-03-05,0.0,115.0,219.0,110.0,25,4,14
SKU-APP-205,Formal Wool Blazer Tailored,Apparel,2026-03-06,0.0,115.0,219.0,110.0,25,4,14
SKU-APP-205,Formal Wool Blazer Tailored,Apparel,2026-03-07,0.0,115.0,219.0,110.0,25,4,14
SKU-APP-205,Formal Wool Blazer Tailored,Apparel,2026-03-08,3.0,115.0,219.0,110.0,25,4,14
SKU-APP-205,Formal Wool Blazer Tailored,Apparel,2026-03-09,0.0,115.0,219.0,110.0,25,4,14
SKU-APP-205,Formal Wool Blazer Tailored,Apparel,2026-03-10,0.0,115.0,219.0,110.0,25,4,14
SKU-APP-205,Formal Wool Blazer Tailored,Apparel,2026-03-11,0.0,115.0,219.0,110.0,25,4,14
SKU-APP-205,Formal Wool Blazer Tailored,Apparel,2026-03-12,1.0,115.0,219.0,110.0,25,4,14
SKU-APP-205,Formal Wool Blazer Tailored,Apparel,2026-03-13,1.0,115.0,219.0,110.0,25,4,14
SKU-APP-205,Formal Wool Blazer Tailored,Apparel,2026-03-14,0.0,115.0,219.0,110.0,25,4,14
SKU-APP-205,Formal Wool Blazer Tailored,Apparel,2026-03-15,0.0,115.0,219.0,110.0,25,4,14
SKU-APP-205,Formal Wool Blazer Tailored,Apparel,2026-03-16,0.0,115.0,219.0,110.0,25,4,14
SKU-APP-205,Formal Wool Blazer Tailored,Apparel,2026-03-17,1.0,115.0,219.0,110.0,25,4,14
SKU-APP-205,Formal Wool Blazer Tailored,Apparel,2026-03-18,0.0,115.0,219.0,110.0,25,4,14
SKU-APP-205,Formal Wool Blazer Tailored,Apparel,2026-03-19,0.0,115.0,219.0,110.0,25,4,14
SKU-APP-205,Formal Wool Blazer Tailored,Apparel,2026-03-20,2.0,115.0,219.0,110.0,25,4,14
SKU-APP-205,Formal Wool Blazer Tailored,Apparel,2026-03-21,0.0,115.0,219.0,110.0,25,4,14
SKU-APP-205,Formal Wool Blazer Tailored,Apparel,2026-03-22,0.0,115.0,219.0,110.0,25,4,14
SKU-APP-205,Formal Wool Blazer Tailored,Apparel,2026-03-23,0.0,115.0,219.0,110.0,25,4,14
SKU-APP-205,Formal Wool Blazer Tailored,Apparel,2026-03-24,0.0,115.0,219.0,110.0,25,4,14
SKU-APP-205,Formal Wool Blazer Tailored,Apparel,2026-03-25,0.0,115.0,219.0,110.0,25,4,14
SKU-APP-205,Formal Wool Blazer Tailored,Apparel,2026-03-26,0.0,115.0,219.0,110.0,25,4,14
SKU-APP-205,Formal Wool Blazer Tailored,Apparel,2026-03-27,0.0,115.0,219.0,110.0,25,4,14
SKU-APP-205,Formal Wool Blazer Tailored,Apparel,2026-03-28,0.0,115.0,219.0,110.0,25,4,14
SKU-APP-205,Formal Wool Blazer Tailored,Apparel,2026-03-29,1.0,115.0,219.0,110.0,25,4,14
SKU-APP-205,Formal Wool Blazer Tailored,Apparel,2026-03-30,1.0,115.0,219.0,110.0,25,4,14
SKU-APP-205,Formal Wool Blazer Tailored,Apparel,2026-03-31,0.0,115.0,219.0,110.0,25,4,14
SKU-APP-205,Formal Wool Blazer Tailored,Apparel,2026-04-01,0.0,115.0,219.0,110.0,25,4,14
SKU-APP-205,Formal Wool Blazer Tailored,Apparel,2026-04-02,0.0,115.0,219.0,110.0,25,4,14
SKU-APP-205,Formal Wool Blazer Tailored,Apparel,2026-04-03,0.0,115.0,219.0,110.0,25,4,14
SKU-APP-205,Formal Wool Blazer Tailored,Apparel,2026-04-04,0.0,115.0,219.0,110.0,25,4,14
SKU-APP-205,Formal Wool Blazer Tailored,Apparel,2026-04-05,0.0,115.0,219.0,110.0,25,4,14
SKU-APP-205,Formal Wool Blazer Tailored,Apparel,2026-04-06,0.0,115.0,219.0,110.0,25,4,14
SKU-APP-205,Formal Wool Blazer Tailored,Apparel,2026-04-07,0.0,115.0,219.0,110.0,25,4,14
SKU-APP-205,Formal Wool Blazer Tailored,Apparel,2026-04-08,0.0,115.0,219.0,110.0,25,4,14
SKU-APP-205,Formal Wool Blazer Tailored,Apparel,2026-04-09,0.0,115.0,219.0,110.0,25,4,14
SKU-APP-205,Formal Wool Blazer Tailored,Apparel,2026-04-10,0.0,115.0,219.0,110.0,25,4,14
SKU-APP-205,Formal Wool Blazer Tailored,Apparel,2026-04-11,0.0,115.0,219.0,110.0,25,4,14
SKU-APP-205,Formal Wool Blazer Tailored,Apparel,2026-04-12,0.0,115.0,219.0,110.0,25,4,14
SKU-APP-205,Formal Wool Blazer Tailored,Apparel,2026-04-13,0.0,115.0,219.0,110.0,25,4,14
SKU-APP-205,Formal Wool Blazer Tailored,Apparel,2026-04-14,1.0,115.0,219.0,110.0,25,4,14
SKU-APP-205,Formal Wool Blazer Tailored,Apparel,2026-04-15,0.0,115.0,219.0,110.0,25,4,14
SKU-APP-205,Formal Wool Blazer Tailored,Apparel,2026-04-16,0.0,115.0,219.0,110.0,25,4,14
SKU-APP-205,Formal Wool Blazer Tailored,Apparel,2026-04-17,0.0,115.0,219.0,110.0,25,4,14
SKU-APP-205,Formal Wool Blazer Tailored,Apparel,2026-04-18,0.0,115.0,219.0,110.0,25,4,14
SKU-APP-205,Formal Wool Blazer Tailored,Apparel,2026-04-19,0.0,115.0,219.0,110.0,25,4,14
SKU-APP-205,Formal Wool Blazer Tailored,Apparel,2026-04-20,0.0,115.0,219.0,110.0,25,4,14
SKU-APP-205,Formal Wool Blazer Tailored,Apparel,2026-04-21,0.0,115.0,219.0,110.0,25,4,14
SKU-APP-205,Formal Wool Blazer Tailored,Apparel,2026-04-22,0.0,115.0,219.0,110.0,25,4,14
SKU-APP-205,Formal Wool Blazer Tailored,Apparel,2026-04-23,0.0,115.0,219.0,110.0,25,4,14
SKU-APP-205,Formal Wool Blazer Tailored,Apparel,2026-04-24,0.0,115.0,219.0,110.0,25,4,14
SKU-APP-205,Formal Wool Blazer Tailored,Apparel,2026-04-25,0.0,115.0,219.0,110.0,25,4,14
SKU-APP-205,Formal Wool Blazer Tailored,Apparel,2026-04-26,0.0,115.0,219.0,110.0,25,4,14
SKU-APP-205,Formal Wool Blazer Tailored,Apparel,2026-04-27,0.0,115.0,219.0,110.0,25,4,14
SKU-APP-205,Formal Wool Blazer Tailored,Apparel,2026-04-28,0.0,115.0,219.0,110.0,25,4,14
SKU-APP-205,Formal Wool Blazer Tailored,Apparel,2026-04-29,0.0,115.0,219.0,110.0,25,4,14
SKU-APP-205,Formal Wool Blazer Tailored,Apparel,2026-04-30,0.0,115.0,219.0,110.0,25,4,14
SKU-APP-205,Formal Wool Blazer Tailored,Apparel,2026-05-01,0.0,115.0,219.0,110.0,25,4,14
SKU-APP-205,Formal Wool Blazer Tailored,Apparel,2026-05-02,0.0,115.0,219.0,110.0,25,4,14
SKU-APP-205,Formal Wool Blazer Tailored,Apparel,2026-05-03,0.0,115.0,219.0,110.0,25,4,14
SKU-APP-205,Formal Wool Blazer Tailored,Apparel,2026-05-04,0.0,115.0,219.0,110.0,25,4,14
SKU-APP-205,Formal Wool Blazer Tailored,Apparel,2026-05-05,0.0,115.0,219.0,110.0,25,4,14
SKU-APP-205,Formal Wool Blazer Tailored,Apparel,2026-05-06,0.0,115.0,219.0,110.0,25,4,14
SKU-APP-205,Formal Wool Blazer Tailored,Apparel,2026-05-07,0.0,115.0,219.0,110.0,25,4,14
SKU-APP-205,Formal Wool Blazer Tailored,Apparel,2026-05-08,0.0,115.0,219.0,110.0,25,4,14
SKU-APP-205,Formal Wool Blazer Tailored,Apparel,2026-05-09,0.0,115.0,219.0,110.0,25,4,14
SKU-APP-205,Formal Wool Blazer Tailored,Apparel,2026-05-10,0.0,115.0,219.0,110.0,25,4,14
SKU-APP-205,Formal Wool Blazer Tailored,Apparel,2026-05-11,0.0,115.0,219.0,110.0,25,4,14
SKU-APP-205,Formal Wool Blazer Tailored,Apparel,2026-05-12,0.0,115.0,219.0,110.0,25,4,14
SKU-APP-205,Formal Wool Blazer Tailored,Apparel,2026-05-13,0.0,115.0,219.0,110.0,25,4,14
SKU-APP-205,Formal Wool Blazer Tailored,Apparel,2026-05-14,0.0,115.0,219.0,110.0,25,4,14
SKU-APP-205,Formal Wool Blazer Tailored,Apparel,2026-05-15,0.0,115.0,219.0,110.0,25,4,14
SKU-APP-205,Formal Wool Blazer Tailored,Apparel,2026-05-16,0.0,115.0,219.0,110.0,25,4,14
SKU-APP-205,Formal Wool Blazer Tailored,Apparel,2026-05-17,0.0,115.0,219.0,110.0,25,4,14
SKU-APP-205,Formal Wool Blazer Tailored,Apparel,2026-05-18,0.0,115.0,219.0,110.0,25,4,14
SKU-APP-205,Formal Wool Blazer Tailored,Apparel,2026-05-19,0.0,115.0,219.0,110.0,25,4,14
SKU-APP-205,Formal Wool Blazer Tailored,Apparel,2026-05-20,0.0,115.0,219.0,110.0,25,4,14
SKU-APP-205,Formal Wool Blazer Tailored,Apparel,2026-05-21,0.0,115.0,219.0,110.0,25,4,14
SKU-APP-205,Formal Wool Blazer Tailored,Apparel,2026-05-22,0.0,115.0,219.0,110.0,25,4,14
SKU-APP-205,Formal Wool Blazer Tailored,Apparel,2026-05-23,1.0,115.0,219.0,110.0,25,4,14
SKU-APP-205,Formal Wool Blazer Tailored,Apparel,2026-05-24,1.0,115.0,219.0,110.0,25,4,14
SKU-APP-205,Formal Wool Blazer Tailored,Apparel,2026-05-25,0.0,115.0,219.0,110.0,25,4,14
SKU-APP-205,Formal Wool Blazer Tailored,Apparel,2026-05-26,1.0,115.0,219.0,110.0,25,4,14
SKU-APP-205,Formal Wool Blazer Tailored,Apparel,2026-05-27,0.0,115.0,219.0,110.0,25,4,14
SKU-APP-205,Formal Wool Blazer Tailored,Apparel,2026-05-28,1.0,115.0,219.0,110.0,25,4,14
SKU-APP-205,Formal Wool Blazer Tailored,Apparel,2026-05-29,0.0,115.0,219.0,110.0,25,4,14
SKU-APP-205,Formal Wool Blazer Tailored,Apparel,2026-05-30,1.0,115.0,219.0,110.0,25,4,14
SKU-APP-205,Formal Wool Blazer Tailored,Apparel,2026-05-31,0.0,115.0,219.0,110.0,25,4,14
SKU-APP-205,Formal Wool Blazer Tailored,Apparel,2026-06-01,0.0,115.0,219.0,110.0,25,4,14
SKU-APP-205,Formal Wool Blazer Tailored,Apparel,2026-06-02,0.0,115.0,219.0,110.0,25,4,14
SKU-APP-205,Formal Wool Blazer Tailored,Apparel,2026-06-03,0.0,115.0,219.0,110.0,25,4,14
SKU-APP-205,Formal Wool Blazer Tailored,Apparel,2026-06-04,0.0,115.0,219.0,110.0,25,4,14
SKU-APP-205,Formal Wool Blazer Tailored,Apparel,2026-06-05,1.0,115.0,219.0,110.0,25,4,14
SKU-APP-205,Formal Wool Blazer Tailored,Apparel,2026-06-06,0.0,115.0,219.0,110.0,25,4,14
SKU-APP-205,Formal Wool Blazer Tailored,Apparel,2026-06-07,0.0,115.0,219.0,110.0,25,4,14
SKU-APP-205,Formal Wool Blazer Tailored,Apparel,2026-06-08,0.0,115.0,219.0,110.0,25,4,14
SKU-APP-205,Formal Wool Blazer Tailored,Apparel,2026-06-09,0.0,115.0,219.0,110.0,25,4,14
SKU-APP-205,Formal Wool Blazer Tailored,Apparel,2026-06-10,0.0,115.0,219.0,110.0,25,4,14
SKU-APP-205,Formal Wool Blazer Tailored,Apparel,2026-06-11,0.0,115.0,219.0,110.0,25,4,14
SKU-APP-205,Formal Wool Blazer Tailored,Apparel,2026-06-12,0.0,115.0,219.0,110.0,25,4,14
SKU-APP-205,Formal Wool Blazer Tailored,Apparel,2026-06-13,0.0,115.0,219.0,110.0,25,4,14
SKU-APP-205,Formal Wool Blazer Tailored,Apparel,2026-06-14,0.0,115.0,219.0,110.0,25,4,14
SKU-APP-205,Formal Wool Blazer Tailored,Apparel,2026-06-15,0.0,115.0,219.0,110.0,25,4,14
SKU-APP-205,Formal Wool Blazer Tailored,Apparel,2026-06-16,1.0,115.0,219.0,110.0,25,4,14
SKU-APP-205,Formal Wool Blazer Tailored,Apparel,2026-06-17,0.0,115.0,219.0,110.0,25,4,14
SKU-APP-205,Formal Wool Blazer Tailored,Apparel,2026-06-18,0.0,115.0,219.0,110.0,25,4,14
SKU-APP-205,Formal Wool Blazer Tailored,Apparel,2026-06-19,0.0,115.0,219.0,110.0,25,4,14
SKU-APP-205,Formal Wool Blazer Tailored,Apparel,2026-06-20,0.0,115.0,219.0,110.0,25,4,14
SKU-APP-205,Formal Wool Blazer Tailored,Apparel,2026-06-21,0.0,115.0,219.0,110.0,25,4,14
SKU-APP-205,Formal Wool Blazer Tailored,Apparel,2026-06-22,0.0,115.0,219.0,110.0,25,4,14
SKU-APP-205,Formal Wool Blazer Tailored,Apparel,2026-06-23,0.0,115.0,219.0,110.0,25,4,14
SKU-APP-205,Formal Wool Blazer Tailored,Apparel,2026-06-24,1.0,115.0,219.0,110.0,25,4,14
SKU-APP-205,Formal Wool Blazer Tailored,Apparel,2026-06-25,0.0,115.0,219.0,110.0,25,4,14
SKU-APP-205,Formal Wool Blazer Tailored,Apparel,2026-06-26,0.0,115.0,219.0,110.0,25,4,14
SKU-APP-205,Formal Wool Blazer Tailored,Apparel,2026-06-27,1.0,115.0,219.0,110.0,25,4,14
SKU-APP-205,Formal Wool Blazer Tailored,Apparel,2026-06-28,1.0,115.0,219.0,110.0,25,4,14
SKU-APP-205,Formal Wool Blazer Tailored,Apparel,2026-06-29,0.0,115.0,219.0,110.0,25,4,14
SKU-APP-205,Formal Wool Blazer Tailored,Apparel,2026-06-30,0.0,115.0,219.0,110.0,25,4,14
SKU-APP-205,Formal Wool Blazer Tailored,Apparel,2026-07-01,0.0,115.0,219.0,110.0,25,4,14
SKU-APP-205,Formal Wool Blazer Tailored,Apparel,2026-07-02,0.0,115.0,219.0,110.0,25,4,14
SKU-APP-205,Formal Wool Blazer Tailored,Apparel,2026-07-03,0.0,115.0,219.0,110.0,25,4,14
SKU-APP-205,Formal Wool Blazer Tailored,Apparel,2026-07-04,0.0,115.0,219.0,110.0,25,4,14
SKU-APP-205,Formal Wool Blazer Tailored,Apparel,2026-07-05,0.0,115.0,219.0,110.0,25,4,14
SKU-APP-205,Formal Wool Blazer Tailored,Apparel,2026-07-06,1.0,115.0,219.0,110.0,25,4,14
SKU-APP-205,Formal Wool Blazer Tailored,Apparel,2026-07-07,0.0,115.0,219.0,110.0,25,4,14
SKU-APP-205,Formal Wool Blazer Tailored,Apparel,2026-07-08,0.0,115.0,219.0,110.0,25,4,14
SKU-APP-205,Formal Wool Blazer Tailored,Apparel,2026-07-09,0.0,115.0,219.0,110.0,25,4,14
SKU-APP-205,Formal Wool Blazer Tailored,Apparel,2026-07-10,0.0,115.0,219.0,110.0,25,4,14
SKU-APP-205,Formal Wool Blazer Tailored,Apparel,2026-07-11,0.0,115.0,219.0,110.0,25,4,14
SKU-APP-205,Formal Wool Blazer Tailored,Apparel,2026-07-12,0.0,115.0,219.0,110.0,25,4,14
SKU-APP-205,Formal Wool Blazer Tailored,Apparel,2026-07-13,0.0,115.0,219.0,110.0,25,4,14
SKU-APP-205,Formal Wool Blazer Tailored,Apparel,2026-07-14,0.0,115.0,219.0,110.0,25,4,14
SKU-APP-205,Formal Wool Blazer Tailored,Apparel,2026-07-15,0.0,115.0,219.0,110.0,25,4,14
SKU-APP-205,Formal Wool Blazer Tailored,Apparel,2026-07-16,0.0,115.0,219.0,110.0,25,4,14
SKU-APP-205,Formal Wool Blazer Tailored,Apparel,2026-07-17,0.0,115.0,219.0,110.0,25,4,14
SKU-APP-205,Formal Wool Blazer Tailored,Apparel,2026-07-18,0.0,115.0,219.0,110.0,25,4,14
SKU-APP-205,Formal Wool Blazer Tailored,Apparel,2026-07-19,0.0,115.0,219.0,110.0,25,4,14
SKU-APP-205,Formal Wool Blazer Tailored,Apparel,2026-07-20,0.0,115.0,219.0,110.0,25,4,14
SKU-APP-205,Formal Wool Blazer Tailored,Apparel,2026-07-21,0.0,115.0,219.0,110.0,25,4,14
SKU-APP-205,Formal Wool Blazer Tailored,Apparel,2026-07-22,0.0,115.0,219.0,110.0,25,4,14
SKU-APP-205,Formal Wool Blazer Tailored,Apparel,2026-07-23,0.0,115.0,219.0,110.0,25,4,14
SKU-APP-205,Formal Wool Blazer Tailored,Apparel,2026-07-24,0.0,115.0,219.0,110.0,25,4,14
SKU-APP-205,Formal Wool Blazer Tailored,Apparel,2026-07-25,0.0,115.0,219.0,110.0,25,4,14
SKU-APP-205,Formal Wool Blazer Tailored,Apparel,2026-07-26,0.0,115.0,219.0,110.0,25,4,14
SKU-APP-205,Formal Wool Blazer Tailored,Apparel,2026-07-27,0.0,115.0,219.0,110.0,25,4,14
SKU-APP-205,Formal Wool Blazer Tailored,Apparel,2026-07-28,0.0,115.0,219.0,110.0,25,4,14
SKU-APP-205,Formal Wool Blazer Tailored,Apparel,2026-07-29,0.0,115.0,219.0,110.0,25,4,14
SKU-APP-205,Formal Wool Blazer Tailored,Apparel,2026-07-30,0.0,115.0,219.0,110.0,25,4,14
SKU-APP-205,Formal Wool Blazer Tailored,Apparel,2026-07-31,0.0,115.0,219.0,110.0,25,4,14
SKU-APP-205,Formal Wool Blazer Tailored,Apparel,2026-08-01,0.0,115.0,219.0,110.0,25,4,14
SKU-APP-205,Formal Wool Blazer Tailored,Apparel,2026-08-02,1.0,115.0,219.0,110.0,25,4,14
SKU-APP-205,Formal Wool Blazer Tailored,Apparel,2026-08-03,0.0,115.0,219.0,110.0,25,4,14
SKU-APP-205,Formal Wool Blazer Tailored,Apparel,2026-08-04,0.0,115.0,219.0,110.0,25,4,14
SKU-APP-205,Formal Wool Blazer Tailored,Apparel,2026-08-05,0.0,115.0,219.0,110.0,25,4,14
SKU-APP-205,Formal Wool Blazer Tailored,Apparel,2026-08-06,0.0,115.0,219.0,110.0,25,4,14
SKU-APP-205,Formal Wool Blazer Tailored,Apparel,2026-08-07,0.0,115.0,219.0,110.0,25,4,14
SKU-APP-205,Formal Wool Blazer Tailored,Apparel,2026-08-08,0.0,115.0,219.0,110.0,25,4,14
SKU-APP-205,Formal Wool Blazer Tailored,Apparel,2026-08-09,0.0,115.0,219.0,110.0,25,4,14
SKU-APP-205,Formal Wool Blazer Tailored,Apparel,2026-08-10,1.0,115.0,219.0,110.0,25,4,14
SKU-APP-205,Formal Wool Blazer Tailored,Apparel,2026-08-11,0.0,115.0,219.0,110.0,25,4,14
SKU-APP-205,Formal Wool Blazer Tailored,Apparel,2026-08-12,0.0,115.0,219.0,110.0,25,4,14
SKU-APP-205,Formal Wool Blazer Tailored,Apparel,2026-08-13,0.0,115.0,219.0,110.0,25,4,14
SKU-APP-205,Formal Wool Blazer Tailored,Apparel,2026-08-14,0.0,115.0,219.0,110.0,25,4,14
SKU-APP-205,Formal Wool Blazer Tailored,Apparel,2026-08-15,0.0,115.0,219.0,110.0,25,4,14
SKU-APP-205,Formal Wool Blazer Tailored,Apparel,2026-08-16,0.0,115.0,219.0,110.0,25,4,14
SKU-APP-205,Formal Wool Blazer Tailored,Apparel,2026-08-17,0.0,115.0,219.0,110.0,25,4,14
SKU-APP-205,Formal Wool Blazer Tailored,Apparel,2026-08-18,0.0,115.0,219.0,110.0,25,4,14
SKU-APP-205,Formal Wool Blazer Tailored,Apparel,2026-08-19,1.0,115.0,219.0,110.0,25,4,14
SKU-APP-205,Formal Wool Blazer Tailored,Apparel,2026-08-20,0.0,115.0,219.0,110.0,25,4,14
SKU-APP-205,Formal Wool Blazer Tailored,Apparel,2026-08-21,0.0,115.0,219.0,110.0,25,4,14
SKU-APP-205,Formal Wool Blazer Tailored,Apparel,2026-08-22,0.0,115.0,219.0,110.0,25,4,14
SKU-APP-205,Formal Wool Blazer Tailored,Apparel,2026-08-23,2.0,115.0,219.0,110.0,25,4,14
SKU-APP-205,Formal Wool Blazer Tailored,Apparel,2026-08-24,0.0,115.0,219.0,110.0,25,4,14
SKU-APP-205,Formal Wool Blazer Tailored,Apparel,2026-08-25,0.0,115.0,219.0,110.0,25,4,14
SKU-APP-205,Formal Wool Blazer Tailored,Apparel,2026-08-26,0.0,115.0,219.0,110.0,25,4,14
SKU-APP-205,Formal Wool Blazer Tailored,Apparel,2026-08-27,0.0,115.0,219.0,110.0,25,4,14
SKU-APP-206,Organic Cotton Crewneck Sweatshirt,Apparel,2026-03-01,1.0,135.0,49.5,20.0,12,19,67
SKU-APP-206,Organic Cotton Crewneck Sweatshirt,Apparel,2026-03-02,2.0,135.0,49.5,20.0,12,19,67
SKU-APP-206,Organic Cotton Crewneck Sweatshirt,Apparel,2026-03-03,1.0,135.0,49.5,20.0,12,19,67
SKU-APP-206,Organic Cotton Crewneck Sweatshirt,Apparel,2026-03-04,4.0,135.0,49.5,20.0,12,19,67
SKU-APP-206,Organic Cotton Crewneck Sweatshirt,Apparel,2026-03-05,2.0,135.0,49.5,20.0,12,19,67
SKU-APP-206,Organic Cotton Crewneck Sweatshirt,Apparel,2026-03-06,5.0,135.0,49.5,20.0,12,19,67
SKU-APP-206,Organic Cotton Crewneck Sweatshirt,Apparel,2026-03-07,6.0,135.0,49.5,20.0,12,19,67
SKU-APP-206,Organic Cotton Crewneck Sweatshirt,Apparel,2026-03-08,6.0,135.0,49.5,20.0,12,19,67
SKU-APP-206,Organic Cotton Crewneck Sweatshirt,Apparel,2026-03-09,3.0,135.0,49.5,20.0,12,19,67
SKU-APP-206,Organic Cotton Crewneck Sweatshirt,Apparel,2026-03-10,3.0,135.0,49.5,20.0,12,19,67
SKU-APP-206,Organic Cotton Crewneck Sweatshirt,Apparel,2026-03-11,4.0,135.0,49.5,20.0,12,19,67
SKU-APP-206,Organic Cotton Crewneck Sweatshirt,Apparel,2026-03-12,4.0,135.0,49.5,20.0,12,19,67
SKU-APP-206,Organic Cotton Crewneck Sweatshirt,Apparel,2026-03-13,3.0,135.0,49.5,20.0,12,19,67
SKU-APP-206,Organic Cotton Crewneck Sweatshirt,Apparel,2026-03-14,5.0,135.0,49.5,20.0,12,19,67
SKU-APP-206,Organic Cotton Crewneck Sweatshirt,Apparel,2026-03-15,6.0,135.0,49.5,20.0,12,19,67
SKU-APP-206,Organic Cotton Crewneck Sweatshirt,Apparel,2026-03-16,3.0,135.0,49.5,20.0,12,19,67
SKU-APP-206,Organic Cotton Crewneck Sweatshirt,Apparel,2026-03-17,7.0,135.0,49.5,20.0,12,19,67
SKU-APP-206,Organic Cotton Crewneck Sweatshirt,Apparel,2026-03-18,4.0,135.0,49.5,20.0,12,19,67
SKU-APP-206,Organic Cotton Crewneck Sweatshirt,Apparel,2026-03-19,5.0,135.0,49.5,20.0,12,19,67
SKU-APP-206,Organic Cotton Crewneck Sweatshirt,Apparel,2026-03-20,0.0,135.0,49.5,20.0,12,19,67
SKU-APP-206,Organic Cotton Crewneck Sweatshirt,Apparel,2026-03-21,4.0,135.0,49.5,20.0,12,19,67
SKU-APP-206,Organic Cotton Crewneck Sweatshirt,Apparel,2026-03-22,8.0,135.0,49.5,20.0,12,19,67
SKU-APP-206,Organic Cotton Crewneck Sweatshirt,Apparel,2026-03-23,2.0,135.0,49.5,20.0,12,19,67
SKU-APP-206,Organic Cotton Crewneck Sweatshirt,Apparel,2026-03-24,4.0,135.0,49.5,20.0,12,19,67
SKU-APP-206,Organic Cotton Crewneck Sweatshirt,Apparel,2026-03-25,2.0,135.0,49.5,20.0,12,19,67
SKU-APP-206,Organic Cotton Crewneck Sweatshirt,Apparel,2026-03-26,4.0,135.0,49.5,20.0,12,19,67
SKU-APP-206,Organic Cotton Crewneck Sweatshirt,Apparel,2026-03-27,4.0,135.0,49.5,20.0,12,19,67
SKU-APP-206,Organic Cotton Crewneck Sweatshirt,Apparel,2026-03-28,7.0,135.0,49.5,20.0,12,19,67
SKU-APP-206,Organic Cotton Crewneck Sweatshirt,Apparel,2026-03-29,3.0,135.0,49.5,20.0,12,19,67
SKU-APP-206,Organic Cotton Crewneck Sweatshirt,Apparel,2026-03-30,2.0,135.0,49.5,20.0,12,19,67
SKU-APP-206,Organic Cotton Crewneck Sweatshirt,Apparel,2026-03-31,3.0,135.0,49.5,20.0,12,19,67
SKU-APP-206,Organic Cotton Crewneck Sweatshirt,Apparel,2026-04-01,6.0,135.0,49.5,20.0,12,19,67
SKU-APP-206,Organic Cotton Crewneck Sweatshirt,Apparel,2026-04-02,7.0,135.0,49.5,20.0,12,19,67
SKU-APP-206,Organic Cotton Crewneck Sweatshirt,Apparel,2026-04-03,5.0,135.0,49.5,20.0,12,19,67
SKU-APP-206,Organic Cotton Crewneck Sweatshirt,Apparel,2026-04-04,4.0,135.0,49.5,20.0,12,19,67
SKU-APP-206,Organic Cotton Crewneck Sweatshirt,Apparel,2026-04-05,5.0,135.0,49.5,20.0,12,19,67
SKU-APP-206,Organic Cotton Crewneck Sweatshirt,Apparel,2026-04-06,3.0,135.0,49.5,20.0,12,19,67
SKU-APP-206,Organic Cotton Crewneck Sweatshirt,Apparel,2026-04-07,5.0,135.0,49.5,20.0,12,19,67
SKU-APP-206,Organic Cotton Crewneck Sweatshirt,Apparel,2026-04-08,4.0,135.0,49.5,20.0,12,19,67
SKU-APP-206,Organic Cotton Crewneck Sweatshirt,Apparel,2026-04-09,3.0,135.0,49.5,20.0,12,19,67
SKU-APP-206,Organic Cotton Crewneck Sweatshirt,Apparel,2026-04-10,6.0,135.0,49.5,20.0,12,19,67
SKU-APP-206,Organic Cotton Crewneck Sweatshirt,Apparel,2026-04-11,3.0,135.0,49.5,20.0,12,19,67
SKU-APP-206,Organic Cotton Crewneck Sweatshirt,Apparel,2026-04-12,7.0,135.0,49.5,20.0,12,19,67
SKU-APP-206,Organic Cotton Crewneck Sweatshirt,Apparel,2026-04-13,8.0,135.0,49.5,20.0,12,19,67
SKU-APP-206,Organic Cotton Crewneck Sweatshirt,Apparel,2026-04-14,6.0,135.0,49.5,20.0,12,19,67
SKU-APP-206,Organic Cotton Crewneck Sweatshirt,Apparel,2026-04-15,4.0,135.0,49.5,20.0,12,19,67
SKU-APP-206,Organic Cotton Crewneck Sweatshirt,Apparel,2026-04-16,0.0,135.0,49.5,20.0,12,19,67
SKU-APP-206,Organic Cotton Crewneck Sweatshirt,Apparel,2026-04-17,1.0,135.0,49.5,20.0,12,19,67
SKU-APP-206,Organic Cotton Crewneck Sweatshirt,Apparel,2026-04-18,4.0,135.0,49.5,20.0,12,19,67
SKU-APP-206,Organic Cotton Crewneck Sweatshirt,Apparel,2026-04-19,3.0,135.0,49.5,20.0,12,19,67
SKU-APP-206,Organic Cotton Crewneck Sweatshirt,Apparel,2026-04-20,9.0,135.0,49.5,20.0,12,19,67
SKU-APP-206,Organic Cotton Crewneck Sweatshirt,Apparel,2026-04-21,6.0,135.0,49.5,20.0,12,19,67
SKU-APP-206,Organic Cotton Crewneck Sweatshirt,Apparel,2026-04-22,5.0,135.0,49.5,20.0,12,19,67
SKU-APP-206,Organic Cotton Crewneck Sweatshirt,Apparel,2026-04-23,4.0,135.0,49.5,20.0,12,19,67
SKU-APP-206,Organic Cotton Crewneck Sweatshirt,Apparel,2026-04-24,3.0,135.0,49.5,20.0,12,19,67
SKU-APP-206,Organic Cotton Crewneck Sweatshirt,Apparel,2026-04-25,9.0,135.0,49.5,20.0,12,19,67
SKU-APP-206,Organic Cotton Crewneck Sweatshirt,Apparel,2026-04-26,4.0,135.0,49.5,20.0,12,19,67
SKU-APP-206,Organic Cotton Crewneck Sweatshirt,Apparel,2026-04-27,2.0,135.0,49.5,20.0,12,19,67
SKU-APP-206,Organic Cotton Crewneck Sweatshirt,Apparel,2026-04-28,1.0,135.0,49.5,20.0,12,19,67
SKU-APP-206,Organic Cotton Crewneck Sweatshirt,Apparel,2026-04-29,2.0,135.0,49.5,20.0,12,19,67
SKU-APP-206,Organic Cotton Crewneck Sweatshirt,Apparel,2026-04-30,1.0,135.0,49.5,20.0,12,19,67
SKU-APP-206,Organic Cotton Crewneck Sweatshirt,Apparel,2026-05-01,5.0,135.0,49.5,20.0,12,19,67
SKU-APP-206,Organic Cotton Crewneck Sweatshirt,Apparel,2026-05-02,3.0,135.0,49.5,20.0,12,19,67
SKU-APP-206,Organic Cotton Crewneck Sweatshirt,Apparel,2026-05-03,8.0,135.0,49.5,20.0,12,19,67
SKU-APP-206,Organic Cotton Crewneck Sweatshirt,Apparel,2026-05-04,7.0,135.0,49.5,20.0,12,19,67
SKU-APP-206,Organic Cotton Crewneck Sweatshirt,Apparel,2026-05-05,4.0,135.0,49.5,20.0,12,19,67
SKU-APP-206,Organic Cotton Crewneck Sweatshirt,Apparel,2026-05-06,1.0,135.0,49.5,20.0,12,19,67
SKU-APP-206,Organic Cotton Crewneck Sweatshirt,Apparel,2026-05-07,4.0,135.0,49.5,20.0,12,19,67
SKU-APP-206,Organic Cotton Crewneck Sweatshirt,Apparel,2026-05-08,2.0,135.0,49.5,20.0,12,19,67
SKU-APP-206,Organic Cotton Crewneck Sweatshirt,Apparel,2026-05-09,7.0,135.0,49.5,20.0,12,19,67
SKU-APP-206,Organic Cotton Crewneck Sweatshirt,Apparel,2026-05-10,7.0,135.0,49.5,20.0,12,19,67
SKU-APP-206,Organic Cotton Crewneck Sweatshirt,Apparel,2026-05-11,5.0,135.0,49.5,20.0,12,19,67
SKU-APP-206,Organic Cotton Crewneck Sweatshirt,Apparel,2026-05-12,3.0,135.0,49.5,20.0,12,19,67
SKU-APP-206,Organic Cotton Crewneck Sweatshirt,Apparel,2026-05-13,3.0,135.0,49.5,20.0,12,19,67
SKU-APP-206,Organic Cotton Crewneck Sweatshirt,Apparel,2026-05-14,5.0,135.0,49.5,20.0,12,19,67
SKU-APP-206,Organic Cotton Crewneck Sweatshirt,Apparel,2026-05-15,5.0,135.0,49.5,20.0,12,19,67
SKU-APP-206,Organic Cotton Crewneck Sweatshirt,Apparel,2026-05-16,3.0,135.0,49.5,20.0,12,19,67
SKU-APP-206,Organic Cotton Crewneck Sweatshirt,Apparel,2026-05-17,5.0,135.0,49.5,20.0,12,19,67
SKU-APP-206,Organic Cotton Crewneck Sweatshirt,Apparel,2026-05-18,6.0,135.0,49.5,20.0,12,19,67
SKU-APP-206,Organic Cotton Crewneck Sweatshirt,Apparel,2026-05-19,7.0,135.0,49.5,20.0,12,19,67
SKU-APP-206,Organic Cotton Crewneck Sweatshirt,Apparel,2026-05-20,4.0,135.0,49.5,20.0,12,19,67
SKU-APP-206,Organic Cotton Crewneck Sweatshirt,Apparel,2026-05-21,3.0,135.0,49.5,20.0,12,19,67
SKU-APP-206,Organic Cotton Crewneck Sweatshirt,Apparel,2026-05-22,3.0,135.0,49.5,20.0,12,19,67
SKU-APP-206,Organic Cotton Crewneck Sweatshirt,Apparel,2026-05-23,7.0,135.0,49.5,20.0,12,19,67
SKU-APP-206,Organic Cotton Crewneck Sweatshirt,Apparel,2026-05-24,7.0,135.0,49.5,20.0,12,19,67
SKU-APP-206,Organic Cotton Crewneck Sweatshirt,Apparel,2026-05-25,3.0,135.0,49.5,20.0,12,19,67
SKU-APP-206,Organic Cotton Crewneck Sweatshirt,Apparel,2026-05-26,4.0,135.0,49.5,20.0,12,19,67
SKU-APP-206,Organic Cotton Crewneck Sweatshirt,Apparel,2026-05-27,7.0,135.0,49.5,20.0,12,19,67
SKU-APP-206,Organic Cotton Crewneck Sweatshirt,Apparel,2026-05-28,3.0,135.0,49.5,20.0,12,19,67
SKU-APP-206,Organic Cotton Crewneck Sweatshirt,Apparel,2026-05-29,2.0,135.0,49.5,20.0,12,19,67
SKU-APP-206,Organic Cotton Crewneck Sweatshirt,Apparel,2026-05-30,6.0,135.0,49.5,20.0,12,19,67
SKU-APP-206,Organic Cotton Crewneck Sweatshirt,Apparel,2026-05-31,6.0,135.0,49.5,20.0,12,19,67
SKU-APP-206,Organic Cotton Crewneck Sweatshirt,Apparel,2026-06-01,3.0,135.0,49.5,20.0,12,19,67
SKU-APP-206,Organic Cotton Crewneck Sweatshirt,Apparel,2026-06-02,2.0,135.0,49.5,20.0,12,19,67
SKU-APP-206,Organic Cotton Crewneck Sweatshirt,Apparel,2026-06-03,1.0,135.0,49.5,20.0,12,19,67
SKU-APP-206,Organic Cotton Crewneck Sweatshirt,Apparel,2026-06-04,3.0,135.0,49.5,20.0,12,19,67
SKU-APP-206,Organic Cotton Crewneck Sweatshirt,Apparel,2026-06-05,8.0,135.0,49.5,20.0,12,19,67
SKU-APP-206,Organic Cotton Crewneck Sweatshirt,Apparel,2026-06-06,8.0,135.0,49.5,20.0,12,19,67
SKU-APP-206,Organic Cotton Crewneck Sweatshirt,Apparel,2026-06-07,7.0,135.0,49.5,20.0,12,19,67
SKU-APP-206,Organic Cotton Crewneck Sweatshirt,Apparel,2026-06-08,3.0,135.0,49.5,20.0,12,19,67
SKU-APP-206,Organic Cotton Crewneck Sweatshirt,Apparel,2026-06-09,1.0,135.0,49.5,20.0,12,19,67
SKU-APP-206,Organic Cotton Crewneck Sweatshirt,Apparel,2026-06-10,4.0,135.0,49.5,20.0,12,19,67
SKU-APP-206,Organic Cotton Crewneck Sweatshirt,Apparel,2026-06-11,6.0,135.0,49.5,20.0,12,19,67
SKU-APP-206,Organic Cotton Crewneck Sweatshirt,Apparel,2026-06-12,4.0,135.0,49.5,20.0,12,19,67
SKU-APP-206,Organic Cotton Crewneck Sweatshirt,Apparel,2026-06-13,5.0,135.0,49.5,20.0,12,19,67
SKU-APP-206,Organic Cotton Crewneck Sweatshirt,Apparel,2026-06-14,9.0,135.0,49.5,20.0,12,19,67
SKU-APP-206,Organic Cotton Crewneck Sweatshirt,Apparel,2026-06-15,3.0,135.0,49.5,20.0,12,19,67
SKU-APP-206,Organic Cotton Crewneck Sweatshirt,Apparel,2026-06-16,9.0,135.0,49.5,20.0,12,19,67
SKU-APP-206,Organic Cotton Crewneck Sweatshirt,Apparel,2026-06-17,2.0,135.0,49.5,20.0,12,19,67
SKU-APP-206,Organic Cotton Crewneck Sweatshirt,Apparel,2026-06-18,6.0,135.0,49.5,20.0,12,19,67
SKU-APP-206,Organic Cotton Crewneck Sweatshirt,Apparel,2026-06-19,2.0,135.0,49.5,20.0,12,19,67
SKU-APP-206,Organic Cotton Crewneck Sweatshirt,Apparel,2026-06-20,5.0,135.0,49.5,20.0,12,19,67
SKU-APP-206,Organic Cotton Crewneck Sweatshirt,Apparel,2026-06-21,7.0,135.0,49.5,20.0,12,19,67
SKU-APP-206,Organic Cotton Crewneck Sweatshirt,Apparel,2026-06-22,4.0,135.0,49.5,20.0,12,19,67
SKU-APP-206,Organic Cotton Crewneck Sweatshirt,Apparel,2026-06-23,4.0,135.0,49.5,20.0,12,19,67
SKU-APP-206,Organic Cotton Crewneck Sweatshirt,Apparel,2026-06-24,3.0,135.0,49.5,20.0,12,19,67
SKU-APP-206,Organic Cotton Crewneck Sweatshirt,Apparel,2026-06-25,5.0,135.0,49.5,20.0,12,19,67
SKU-APP-206,Organic Cotton Crewneck Sweatshirt,Apparel,2026-06-26,1.0,135.0,49.5,20.0,12,19,67
SKU-APP-206,Organic Cotton Crewneck Sweatshirt,Apparel,2026-06-27,3.0,135.0,49.5,20.0,12,19,67
SKU-APP-206,Organic Cotton Crewneck Sweatshirt,Apparel,2026-06-28,7.0,135.0,49.5,20.0,12,19,67
SKU-APP-206,Organic Cotton Crewneck Sweatshirt,Apparel,2026-06-29,8.0,135.0,49.5,20.0,12,19,67
SKU-APP-206,Organic Cotton Crewneck Sweatshirt,Apparel,2026-06-30,9.0,135.0,49.5,20.0,12,19,67
SKU-APP-206,Organic Cotton Crewneck Sweatshirt,Apparel,2026-07-01,5.0,135.0,49.5,20.0,12,19,67
SKU-APP-206,Organic Cotton Crewneck Sweatshirt,Apparel,2026-07-02,6.0,135.0,49.5,20.0,12,19,67
SKU-APP-206,Organic Cotton Crewneck Sweatshirt,Apparel,2026-07-03,7.0,135.0,49.5,20.0,12,19,67
SKU-APP-206,Organic Cotton Crewneck Sweatshirt,Apparel,2026-07-04,5.0,135.0,49.5,20.0,12,19,67
SKU-APP-206,Organic Cotton Crewneck Sweatshirt,Apparel,2026-07-05,7.0,135.0,49.5,20.0,12,19,67
SKU-APP-206,Organic Cotton Crewneck Sweatshirt,Apparel,2026-07-06,5.0,135.0,49.5,20.0,12,19,67
SKU-APP-206,Organic Cotton Crewneck Sweatshirt,Apparel,2026-07-07,3.0,135.0,49.5,20.0,12,19,67
SKU-APP-206,Organic Cotton Crewneck Sweatshirt,Apparel,2026-07-08,2.0,135.0,49.5,20.0,12,19,67
SKU-APP-206,Organic Cotton Crewneck Sweatshirt,Apparel,2026-07-09,4.0,135.0,49.5,20.0,12,19,67
SKU-APP-206,Organic Cotton Crewneck Sweatshirt,Apparel,2026-07-10,4.0,135.0,49.5,20.0,12,19,67
SKU-APP-206,Organic Cotton Crewneck Sweatshirt,Apparel,2026-07-11,4.0,135.0,49.5,20.0,12,19,67
SKU-APP-206,Organic Cotton Crewneck Sweatshirt,Apparel,2026-07-12,6.0,135.0,49.5,20.0,12,19,67
SKU-APP-206,Organic Cotton Crewneck Sweatshirt,Apparel,2026-07-13,2.0,135.0,49.5,20.0,12,19,67
SKU-APP-206,Organic Cotton Crewneck Sweatshirt,Apparel,2026-07-14,3.0,135.0,49.5,20.0,12,19,67
SKU-APP-206,Organic Cotton Crewneck Sweatshirt,Apparel,2026-07-15,3.0,135.0,49.5,20.0,12,19,67
SKU-APP-206,Organic Cotton Crewneck Sweatshirt,Apparel,2026-07-16,5.0,135.0,49.5,20.0,12,19,67
SKU-APP-206,Organic Cotton Crewneck Sweatshirt,Apparel,2026-07-17,4.0,135.0,49.5,20.0,12,19,67
SKU-APP-206,Organic Cotton Crewneck Sweatshirt,Apparel,2026-07-18,9.0,135.0,49.5,20.0,12,19,67
SKU-APP-206,Organic Cotton Crewneck Sweatshirt,Apparel,2026-07-19,8.0,135.0,49.5,20.0,12,19,67
SKU-APP-206,Organic Cotton Crewneck Sweatshirt,Apparel,2026-07-20,5.0,135.0,49.5,20.0,12,19,67
SKU-APP-206,Organic Cotton Crewneck Sweatshirt,Apparel,2026-07-21,5.0,135.0,49.5,20.0,12,19,67
SKU-APP-206,Organic Cotton Crewneck Sweatshirt,Apparel,2026-07-22,6.0,135.0,49.5,20.0,12,19,67
SKU-APP-206,Organic Cotton Crewneck Sweatshirt,Apparel,2026-07-23,2.0,135.0,49.5,20.0,12,19,67
SKU-APP-206,Organic Cotton Crewneck Sweatshirt,Apparel,2026-07-24,4.0,135.0,49.5,20.0,12,19,67
SKU-APP-206,Organic Cotton Crewneck Sweatshirt,Apparel,2026-07-25,4.0,135.0,49.5,20.0,12,19,67
SKU-APP-206,Organic Cotton Crewneck Sweatshirt,Apparel,2026-07-26,10.0,135.0,49.5,20.0,12,19,67
SKU-APP-206,Organic Cotton Crewneck Sweatshirt,Apparel,2026-07-27,6.0,135.0,49.5,20.0,12,19,67
SKU-APP-206,Organic Cotton Crewneck Sweatshirt,Apparel,2026-07-28,7.0,135.0,49.5,20.0,12,19,67
SKU-APP-206,Organic Cotton Crewneck Sweatshirt,Apparel,2026-07-29,1.0,135.0,49.5,20.0,12,19,67
SKU-APP-206,Organic Cotton Crewneck Sweatshirt,Apparel,2026-07-30,5.0,135.0,49.5,20.0,12,19,67
SKU-APP-206,Organic Cotton Crewneck Sweatshirt,Apparel,2026-07-31,1.0,135.0,49.5,20.0,12,19,67
SKU-APP-206,Organic Cotton Crewneck Sweatshirt,Apparel,2026-08-01,8.0,135.0,49.5,20.0,12,19,67
SKU-APP-206,Organic Cotton Crewneck Sweatshirt,Apparel,2026-08-02,6.0,135.0,49.5,20.0,12,19,67
SKU-APP-206,Organic Cotton Crewneck Sweatshirt,Apparel,2026-08-03,1.0,135.0,49.5,20.0,12,19,67
SKU-APP-206,Organic Cotton Crewneck Sweatshirt,Apparel,2026-08-04,2.0,135.0,49.5,20.0,12,19,67
SKU-APP-206,Organic Cotton Crewneck Sweatshirt,Apparel,2026-08-05,2.0,135.0,49.5,20.0,12,19,67
SKU-APP-206,Organic Cotton Crewneck Sweatshirt,Apparel,2026-08-06,6.0,135.0,49.5,20.0,12,19,67
SKU-APP-206,Organic Cotton Crewneck Sweatshirt,Apparel,2026-08-07,2.0,135.0,49.5,20.0,12,19,67
SKU-APP-206,Organic Cotton Crewneck Sweatshirt,Apparel,2026-08-08,4.0,135.0,49.5,20.0,12,19,67
SKU-APP-206,Organic Cotton Crewneck Sweatshirt,Apparel,2026-08-09,5.0,135.0,49.5,20.0,12,19,67
SKU-APP-206,Organic Cotton Crewneck Sweatshirt,Apparel,2026-08-10,6.0,135.0,49.5,20.0,12,19,67
SKU-APP-206,Organic Cotton Crewneck Sweatshirt,Apparel,2026-08-11,1.0,135.0,49.5,20.0,12,19,67
SKU-APP-206,Organic Cotton Crewneck Sweatshirt,Apparel,2026-08-12,0.0,135.0,49.5,20.0,12,19,67
SKU-APP-206,Organic Cotton Crewneck Sweatshirt,Apparel,2026-08-13,5.0,135.0,49.5,20.0,12,19,67
SKU-APP-206,Organic Cotton Crewneck Sweatshirt,Apparel,2026-08-14,1.0,135.0,49.5,20.0,12,19,67
SKU-APP-206,Organic Cotton Crewneck Sweatshirt,Apparel,2026-08-15,5.0,135.0,49.5,20.0,12,19,67
SKU-APP-206,Organic Cotton Crewneck Sweatshirt,Apparel,2026-08-16,9.0,135.0,49.5,20.0,12,19,67
SKU-APP-206,Organic Cotton Crewneck Sweatshirt,Apparel,2026-08-17,2.0,135.0,49.5,20.0,12,19,67
SKU-APP-206,Organic Cotton Crewneck Sweatshirt,Apparel,2026-08-18,3.0,135.0,49.5,20.0,12,19,67
SKU-APP-206,Organic Cotton Crewneck Sweatshirt,Apparel,2026-08-19,3.0,135.0,49.5,20.0,12,19,67
SKU-APP-206,Organic Cotton Crewneck Sweatshirt,Apparel,2026-08-20,5.0,135.0,49.5,20.0,12,19,67
SKU-APP-206,Organic Cotton Crewneck Sweatshirt,Apparel,2026-08-21,4.0,135.0,49.5,20.0,12,19,67
SKU-APP-206,Organic Cotton Crewneck Sweatshirt,Apparel,2026-08-22,3.0,135.0,49.5,20.0,12,19,67
SKU-APP-206,Organic Cotton Crewneck Sweatshirt,Apparel,2026-08-23,3.0,135.0,49.5,20.0,12,19,67
SKU-APP-206,Organic Cotton Crewneck Sweatshirt,Apparel,2026-08-24,8.0,135.0,49.5,20.0,12,19,67
SKU-APP-206,Organic Cotton Crewneck Sweatshirt,Apparel,2026-08-25,3.0,135.0,49.5,20.0,12,19,67
SKU-APP-206,Organic Cotton Crewneck Sweatshirt,Apparel,2026-08-26,4.0,135.0,49.5,20.0,12,19,67
SKU-APP-206,Organic Cotton Crewneck Sweatshirt,Apparel,2026-08-27,2.0,135.0,49.5,20.0,12,19,67
SKU-HPC-301,Sonic Electric Toothbrush Pro,Health & Personal Care,2026-03-01,4.0,25.0,69.99,29.0,14,29,102
SKU-HPC-301,Sonic Electric Toothbrush Pro,Health & Personal Care,2026-03-02,12.0,25.0,69.99,29.0,14,29,102
SKU-HPC-301,Sonic Electric Toothbrush Pro,Health & Personal Care,2026-03-03,6.0,25.0,69.99,29.0,14,29,102
SKU-HPC-301,Sonic Electric Toothbrush Pro,Health & Personal Care,2026-03-04,7.0,25.0,69.99,29.0,14,29,102
SKU-HPC-301,Sonic Electric Toothbrush Pro,Health & Personal Care,2026-03-05,4.0,25.0,69.99,29.0,14,29,102
SKU-HPC-301,Sonic Electric Toothbrush Pro,Health & Personal Care,2026-03-06,8.0,25.0,69.99,29.0,14,29,102
SKU-HPC-301,Sonic Electric Toothbrush Pro,Health & Personal Care,2026-03-07,8.0,25.0,69.99,29.0,14,29,102
SKU-HPC-301,Sonic Electric Toothbrush Pro,Health & Personal Care,2026-03-08,10.0,25.0,69.99,29.0,14,29,102
SKU-HPC-301,Sonic Electric Toothbrush Pro,Health & Personal Care,2026-03-09,3.0,25.0,69.99,29.0,14,29,102
SKU-HPC-301,Sonic Electric Toothbrush Pro,Health & Personal Care,2026-03-10,10.0,25.0,69.99,29.0,14,29,102
SKU-HPC-301,Sonic Electric Toothbrush Pro,Health & Personal Care,2026-03-11,6.0,25.0,69.99,29.0,14,29,102
SKU-HPC-301,Sonic Electric Toothbrush Pro,Health & Personal Care,2026-03-12,4.0,25.0,69.99,29.0,14,29,102
SKU-HPC-301,Sonic Electric Toothbrush Pro,Health & Personal Care,2026-03-13,4.0,25.0,69.99,29.0,14,29,102
SKU-HPC-301,Sonic Electric Toothbrush Pro,Health & Personal Care,2026-03-14,5.0,25.0,69.99,29.0,14,29,102
SKU-HPC-301,Sonic Electric Toothbrush Pro,Health & Personal Care,2026-03-15,10.0,25.0,69.99,29.0,14,29,102
SKU-HPC-301,Sonic Electric Toothbrush Pro,Health & Personal Care,2026-03-16,8.0,25.0,69.99,29.0,14,29,102
SKU-HPC-301,Sonic Electric Toothbrush Pro,Health & Personal Care,2026-03-17,7.0,25.0,69.99,29.0,14,29,102
SKU-HPC-301,Sonic Electric Toothbrush Pro,Health & Personal Care,2026-03-18,7.0,25.0,69.99,29.0,14,29,102
SKU-HPC-301,Sonic Electric Toothbrush Pro,Health & Personal Care,2026-03-19,4.0,25.0,69.99,29.0,14,29,102
SKU-HPC-301,Sonic Electric Toothbrush Pro,Health & Personal Care,2026-03-20,5.0,25.0,69.99,29.0,14,29,102
SKU-HPC-301,Sonic Electric Toothbrush Pro,Health & Personal Care,2026-03-21,11.0,25.0,69.99,29.0,14,29,102
SKU-HPC-301,Sonic Electric Toothbrush Pro,Health & Personal Care,2026-03-22,5.0,25.0,69.99,29.0,14,29,102
SKU-HPC-301,Sonic Electric Toothbrush Pro,Health & Personal Care,2026-03-23,6.0,25.0,69.99,29.0,14,29,102
SKU-HPC-301,Sonic Electric Toothbrush Pro,Health & Personal Care,2026-03-24,5.0,25.0,69.99,29.0,14,29,102
SKU-HPC-301,Sonic Electric Toothbrush Pro,Health & Personal Care,2026-03-25,5.0,25.0,69.99,29.0,14,29,102
SKU-HPC-301,Sonic Electric Toothbrush Pro,Health & Personal Care,2026-03-26,10.0,25.0,69.99,29.0,14,29,102
SKU-HPC-301,Sonic Electric Toothbrush Pro,Health & Personal Care,2026-03-27,5.0,25.0,69.99,29.0,14,29,102
SKU-HPC-301,Sonic Electric Toothbrush Pro,Health & Personal Care,2026-03-28,4.0,25.0,69.99,29.0,14,29,102
SKU-HPC-301,Sonic Electric Toothbrush Pro,Health & Personal Care,2026-03-29,7.0,25.0,69.99,29.0,14,29,102
SKU-HPC-301,Sonic Electric Toothbrush Pro,Health & Personal Care,2026-03-30,5.0,25.0,69.99,29.0,14,29,102
SKU-HPC-301,Sonic Electric Toothbrush Pro,Health & Personal Care,2026-03-31,10.0,25.0,69.99,29.0,14,29,102
SKU-HPC-301,Sonic Electric Toothbrush Pro,Health & Personal Care,2026-04-01,9.0,25.0,69.99,29.0,14,29,102
SKU-HPC-301,Sonic Electric Toothbrush Pro,Health & Personal Care,2026-04-02,5.0,25.0,69.99,29.0,14,29,102
SKU-HPC-301,Sonic Electric Toothbrush Pro,Health & Personal Care,2026-04-03,6.0,25.0,69.99,29.0,14,29,102
SKU-HPC-301,Sonic Electric Toothbrush Pro,Health & Personal Care,2026-04-04,7.0,25.0,69.99,29.0,14,29,102
SKU-HPC-301,Sonic Electric Toothbrush Pro,Health & Personal Care,2026-04-05,12.0,25.0,69.99,29.0,14,29,102
SKU-HPC-301,Sonic Electric Toothbrush Pro,Health & Personal Care,2026-04-06,9.0,25.0,69.99,29.0,14,29,102
SKU-HPC-301,Sonic Electric Toothbrush Pro,Health & Personal Care,2026-04-07,5.0,25.0,69.99,29.0,14,29,102
SKU-HPC-301,Sonic Electric Toothbrush Pro,Health & Personal Care,2026-04-08,5.0,25.0,69.99,29.0,14,29,102
SKU-HPC-301,Sonic Electric Toothbrush Pro,Health & Personal Care,2026-04-09,7.0,25.0,69.99,29.0,14,29,102
SKU-HPC-301,Sonic Electric Toothbrush Pro,Health & Personal Care,2026-04-10,6.0,25.0,69.99,29.0,14,29,102
SKU-HPC-301,Sonic Electric Toothbrush Pro,Health & Personal Care,2026-04-11,7.0,25.0,69.99,29.0,14,29,102
SKU-HPC-301,Sonic Electric Toothbrush Pro,Health & Personal Care,2026-04-12,3.0,25.0,69.99,29.0,14,29,102
SKU-HPC-301,Sonic Electric Toothbrush Pro,Health & Personal Care,2026-04-13,5.0,25.0,69.99,29.0,14,29,102
SKU-HPC-301,Sonic Electric Toothbrush Pro,Health & Personal Care,2026-04-14,7.0,25.0,69.99,29.0,14,29,102
SKU-HPC-301,Sonic Electric Toothbrush Pro,Health & Personal Care,2026-04-15,6.0,25.0,69.99,29.0,14,29,102
SKU-HPC-301,Sonic Electric Toothbrush Pro,Health & Personal Care,2026-04-16,7.0,25.0,69.99,29.0,14,29,102
SKU-HPC-301,Sonic Electric Toothbrush Pro,Health & Personal Care,2026-04-17,6.0,25.0,69.99,29.0,14,29,102
SKU-HPC-301,Sonic Electric Toothbrush Pro,Health & Personal Care,2026-04-18,7.0,25.0,69.99,29.0,14,29,102
SKU-HPC-301,Sonic Electric Toothbrush Pro,Health & Personal Care,2026-04-19,12.0,25.0,69.99,29.0,14,29,102
SKU-HPC-301,Sonic Electric Toothbrush Pro,Health & Personal Care,2026-04-20,4.0,25.0,69.99,29.0,14,29,102
SKU-HPC-301,Sonic Electric Toothbrush Pro,Health & Personal Care,2026-04-21,4.0,25.0,69.99,29.0,14,29,102
SKU-HPC-301,Sonic Electric Toothbrush Pro,Health & Personal Care,2026-04-22,5.0,25.0,69.99,29.0,14,29,102
SKU-HPC-301,Sonic Electric Toothbrush Pro,Health & Personal Care,2026-04-23,9.0,25.0,69.99,29.0,14,29,102
SKU-HPC-301,Sonic Electric Toothbrush Pro,Health & Personal Care,2026-04-24,9.0,25.0,69.99,29.0,14,29,102
SKU-HPC-301,Sonic Electric Toothbrush Pro,Health & Personal Care,2026-04-25,10.0,25.0,69.99,29.0,14,29,102
SKU-HPC-301,Sonic Electric Toothbrush Pro,Health & Personal Care,2026-04-26,12.0,25.0,69.99,29.0,14,29,102
SKU-HPC-301,Sonic Electric Toothbrush Pro,Health & Personal Care,2026-04-27,1.0,25.0,69.99,29.0,14,29,102
SKU-HPC-301,Sonic Electric Toothbrush Pro,Health & Personal Care,2026-04-28,8.0,25.0,69.99,29.0,14,29,102
SKU-HPC-301,Sonic Electric Toothbrush Pro,Health & Personal Care,2026-04-29,4.0,25.0,69.99,29.0,14,29,102
SKU-HPC-301,Sonic Electric Toothbrush Pro,Health & Personal Care,2026-04-30,3.0,25.0,69.99,29.0,14,29,102
SKU-HPC-301,Sonic Electric Toothbrush Pro,Health & Personal Care,2026-05-01,3.0,25.0,69.99,29.0,14,29,102
SKU-HPC-301,Sonic Electric Toothbrush Pro,Health & Personal Care,2026-05-02,7.0,25.0,69.99,29.0,14,29,102
SKU-HPC-301,Sonic Electric Toothbrush Pro,Health & Personal Care,2026-05-03,8.0,25.0,69.99,29.0,14,29,102
SKU-HPC-301,Sonic Electric Toothbrush Pro,Health & Personal Care,2026-05-04,5.0,25.0,69.99,29.0,14,29,102
SKU-HPC-301,Sonic Electric Toothbrush Pro,Health & Personal Care,2026-05-05,3.0,25.0,69.99,29.0,14,29,102
SKU-HPC-301,Sonic Electric Toothbrush Pro,Health & Personal Care,2026-05-06,5.0,25.0,69.99,29.0,14,29,102
SKU-HPC-301,Sonic Electric Toothbrush Pro,Health & Personal Care,2026-05-07,7.0,25.0,69.99,29.0,14,29,102
SKU-HPC-301,Sonic Electric Toothbrush Pro,Health & Personal Care,2026-05-08,4.0,25.0,69.99,29.0,14,29,102
SKU-HPC-301,Sonic Electric Toothbrush Pro,Health & Personal Care,2026-05-09,3.0,25.0,69.99,29.0,14,29,102
SKU-HPC-301,Sonic Electric Toothbrush Pro,Health & Personal Care,2026-05-10,9.0,25.0,69.99,29.0,14,29,102
SKU-HPC-301,Sonic Electric Toothbrush Pro,Health & Personal Care,2026-05-11,8.0,25.0,69.99,29.0,14,29,102
SKU-HPC-301,Sonic Electric Toothbrush Pro,Health & Personal Care,2026-05-12,4.0,25.0,69.99,29.0,14,29,102
SKU-HPC-301,Sonic Electric Toothbrush Pro,Health & Personal Care,2026-05-13,5.0,25.0,69.99,29.0,14,29,102
SKU-HPC-301,Sonic Electric Toothbrush Pro,Health & Personal Care,2026-05-14,3.0,25.0,69.99,29.0,14,29,102
SKU-HPC-301,Sonic Electric Toothbrush Pro,Health & Personal Care,2026-05-15,5.0,25.0,69.99,29.0,14,29,102
SKU-HPC-301,Sonic Electric Toothbrush Pro,Health & Personal Care,2026-05-16,9.0,25.0,69.99,29.0,14,29,102
SKU-HPC-301,Sonic Electric Toothbrush Pro,Health & Personal Care,2026-05-17,6.0,25.0,69.99,29.0,14,29,102
SKU-HPC-301,Sonic Electric Toothbrush Pro,Health & Personal Care,2026-05-18,2.0,25.0,69.99,29.0,14,29,102
SKU-HPC-301,Sonic Electric Toothbrush Pro,Health & Personal Care,2026-05-19,1.0,25.0,69.99,29.0,14,29,102
SKU-HPC-301,Sonic Electric Toothbrush Pro,Health & Personal Care,2026-05-20,7.0,25.0,69.99,29.0,14,29,102
SKU-HPC-301,Sonic Electric Toothbrush Pro,Health & Personal Care,2026-05-21,4.0,25.0,69.99,29.0,14,29,102
SKU-HPC-301,Sonic Electric Toothbrush Pro,Health & Personal Care,2026-05-22,2.0,25.0,69.99,29.0,14,29,102
SKU-HPC-301,Sonic Electric Toothbrush Pro,Health & Personal Care,2026-05-23,8.0,25.0,69.99,29.0,14,29,102
SKU-HPC-301,Sonic Electric Toothbrush Pro,Health & Personal Care,2026-05-24,2.0,25.0,69.99,29.0,14,29,102
SKU-HPC-301,Sonic Electric Toothbrush Pro,Health & Personal Care,2026-05-25,2.0,25.0,69.99,29.0,14,29,102
SKU-HPC-301,Sonic Electric Toothbrush Pro,Health & Personal Care,2026-05-26,8.0,25.0,69.99,29.0,14,29,102
SKU-HPC-301,Sonic Electric Toothbrush Pro,Health & Personal Care,2026-05-27,4.0,25.0,69.99,29.0,14,29,102
SKU-HPC-301,Sonic Electric Toothbrush Pro,Health & Personal Care,2026-05-28,3.0,25.0,69.99,29.0,14,29,102
SKU-HPC-301,Sonic Electric Toothbrush Pro,Health & Personal Care,2026-05-29,8.0,25.0,69.99,29.0,14,29,102
SKU-HPC-301,Sonic Electric Toothbrush Pro,Health & Personal Care,2026-05-30,5.0,25.0,69.99,29.0,14,29,102
SKU-HPC-301,Sonic Electric Toothbrush Pro,Health & Personal Care,2026-05-31,9.0,25.0,69.99,29.0,14,29,102
SKU-HPC-301,Sonic Electric Toothbrush Pro,Health & Personal Care,2026-06-01,7.0,25.0,69.99,29.0,14,29,102
SKU-HPC-301,Sonic Electric Toothbrush Pro,Health & Personal Care,2026-06-02,10.0,25.0,69.99,29.0,14,29,102
SKU-HPC-301,Sonic Electric Toothbrush Pro,Health & Personal Care,2026-06-03,5.0,25.0,69.99,29.0,14,29,102
SKU-HPC-301,Sonic Electric Toothbrush Pro,Health & Personal Care,2026-06-04,3.0,25.0,69.99,29.0,14,29,102
SKU-HPC-301,Sonic Electric Toothbrush Pro,Health & Personal Care,2026-06-05,2.0,25.0,69.99,29.0,14,29,102
SKU-HPC-301,Sonic Electric Toothbrush Pro,Health & Personal Care,2026-06-06,10.0,25.0,69.99,29.0,14,29,102
SKU-HPC-301,Sonic Electric Toothbrush Pro,Health & Personal Care,2026-06-07,6.0,25.0,69.99,29.0,14,29,102
SKU-HPC-301,Sonic Electric Toothbrush Pro,Health & Personal Care,2026-06-08,1.0,25.0,69.99,29.0,14,29,102
SKU-HPC-301,Sonic Electric Toothbrush Pro,Health & Personal Care,2026-06-09,8.0,25.0,69.99,29.0,14,29,102
SKU-HPC-301,Sonic Electric Toothbrush Pro,Health & Personal Care,2026-06-10,2.0,25.0,69.99,29.0,14,29,102
SKU-HPC-301,Sonic Electric Toothbrush Pro,Health & Personal Care,2026-06-11,6.0,25.0,69.99,29.0,14,29,102
SKU-HPC-301,Sonic Electric Toothbrush Pro,Health & Personal Care,2026-06-12,5.0,25.0,69.99,29.0,14,29,102
SKU-HPC-301,Sonic Electric Toothbrush Pro,Health & Personal Care,2026-06-13,5.0,25.0,69.99,29.0,14,29,102
SKU-HPC-301,Sonic Electric Toothbrush Pro,Health & Personal Care,2026-06-14,6.0,25.0,69.99,29.0,14,29,102
SKU-HPC-301,Sonic Electric Toothbrush Pro,Health & Personal Care,2026-06-15,2.0,25.0,69.99,29.0,14,29,102
SKU-HPC-301,Sonic Electric Toothbrush Pro,Health & Personal Care,2026-06-16,7.0,25.0,69.99,29.0,14,29,102
SKU-HPC-301,Sonic Electric Toothbrush Pro,Health & Personal Care,2026-06-17,7.0,25.0,69.99,29.0,14,29,102
SKU-HPC-301,Sonic Electric Toothbrush Pro,Health & Personal Care,2026-06-18,5.0,25.0,69.99,29.0,14,29,102
SKU-HPC-301,Sonic Electric Toothbrush Pro,Health & Personal Care,2026-06-19,5.0,25.0,69.99,29.0,14,29,102
SKU-HPC-301,Sonic Electric Toothbrush Pro,Health & Personal Care,2026-06-20,8.0,25.0,69.99,29.0,14,29,102
SKU-HPC-301,Sonic Electric Toothbrush Pro,Health & Personal Care,2026-06-21,16.0,25.0,69.99,29.0,14,29,102
SKU-HPC-301,Sonic Electric Toothbrush Pro,Health & Personal Care,2026-06-22,10.0,25.0,69.99,29.0,14,29,102
SKU-HPC-301,Sonic Electric Toothbrush Pro,Health & Personal Care,2026-06-23,10.0,25.0,69.99,29.0,14,29,102
SKU-HPC-301,Sonic Electric Toothbrush Pro,Health & Personal Care,2026-06-24,6.0,25.0,69.99,29.0,14,29,102
SKU-HPC-301,Sonic Electric Toothbrush Pro,Health & Personal Care,2026-06-25,13.0,25.0,69.99,29.0,14,29,102
SKU-HPC-301,Sonic Electric Toothbrush Pro,Health & Personal Care,2026-06-26,3.0,25.0,69.99,29.0,14,29,102
SKU-HPC-301,Sonic Electric Toothbrush Pro,Health & Personal Care,2026-06-27,5.0,25.0,69.99,29.0,14,29,102
SKU-HPC-301,Sonic Electric Toothbrush Pro,Health & Personal Care,2026-06-28,9.0,25.0,69.99,29.0,14,29,102
SKU-HPC-301,Sonic Electric Toothbrush Pro,Health & Personal Care,2026-06-29,4.0,25.0,69.99,29.0,14,29,102
SKU-HPC-301,Sonic Electric Toothbrush Pro,Health & Personal Care,2026-06-30,6.0,25.0,69.99,29.0,14,29,102
SKU-HPC-301,Sonic Electric Toothbrush Pro,Health & Personal Care,2026-07-01,5.0,25.0,69.99,29.0,14,29,102
SKU-HPC-301,Sonic Electric Toothbrush Pro,Health & Personal Care,2026-07-02,8.0,25.0,69.99,29.0,14,29,102
SKU-HPC-301,Sonic Electric Toothbrush Pro,Health & Personal Care,2026-07-03,7.0,25.0,69.99,29.0,14,29,102
SKU-HPC-301,Sonic Electric Toothbrush Pro,Health & Personal Care,2026-07-04,8.0,25.0,69.99,29.0,14,29,102
SKU-HPC-301,Sonic Electric Toothbrush Pro,Health & Personal Care,2026-07-05,7.0,25.0,69.99,29.0,14,29,102
SKU-HPC-301,Sonic Electric Toothbrush Pro,Health & Personal Care,2026-07-06,6.0,25.0,69.99,29.0,14,29,102
SKU-HPC-301,Sonic Electric Toothbrush Pro,Health & Personal Care,2026-07-07,6.0,25.0,69.99,29.0,14,29,102
SKU-HPC-301,Sonic Electric Toothbrush Pro,Health & Personal Care,2026-07-08,9.0,25.0,69.99,29.0,14,29,102
SKU-HPC-301,Sonic Electric Toothbrush Pro,Health & Personal Care,2026-07-09,4.0,25.0,69.99,29.0,14,29,102
SKU-HPC-301,Sonic Electric Toothbrush Pro,Health & Personal Care,2026-07-10,5.0,25.0,69.99,29.0,14,29,102
SKU-HPC-301,Sonic Electric Toothbrush Pro,Health & Personal Care,2026-07-11,10.0,25.0,69.99,29.0,14,29,102
SKU-HPC-301,Sonic Electric Toothbrush Pro,Health & Personal Care,2026-07-12,5.0,25.0,69.99,29.0,14,29,102
SKU-HPC-301,Sonic Electric Toothbrush Pro,Health & Personal Care,2026-07-13,9.0,25.0,69.99,29.0,14,29,102
SKU-HPC-301,Sonic Electric Toothbrush Pro,Health & Personal Care,2026-07-14,2.0,25.0,69.99,29.0,14,29,102
SKU-HPC-301,Sonic Electric Toothbrush Pro,Health & Personal Care,2026-07-15,6.0,25.0,69.99,29.0,14,29,102
SKU-HPC-301,Sonic Electric Toothbrush Pro,Health & Personal Care,2026-07-16,5.0,25.0,69.99,29.0,14,29,102
SKU-HPC-301,Sonic Electric Toothbrush Pro,Health & Personal Care,2026-07-17,6.0,25.0,69.99,29.0,14,29,102
SKU-HPC-301,Sonic Electric Toothbrush Pro,Health & Personal Care,2026-07-18,8.0,25.0,69.99,29.0,14,29,102
SKU-HPC-301,Sonic Electric Toothbrush Pro,Health & Personal Care,2026-07-19,5.0,25.0,69.99,29.0,14,29,102
SKU-HPC-301,Sonic Electric Toothbrush Pro,Health & Personal Care,2026-07-20,3.0,25.0,69.99,29.0,14,29,102
SKU-HPC-301,Sonic Electric Toothbrush Pro,Health & Personal Care,2026-07-21,5.0,25.0,69.99,29.0,14,29,102
SKU-HPC-301,Sonic Electric Toothbrush Pro,Health & Personal Care,2026-07-22,4.0,25.0,69.99,29.0,14,29,102
SKU-HPC-301,Sonic Electric Toothbrush Pro,Health & Personal Care,2026-07-23,5.0,25.0,69.99,29.0,14,29,102
SKU-HPC-301,Sonic Electric Toothbrush Pro,Health & Personal Care,2026-07-24,2.0,25.0,69.99,29.0,14,29,102
SKU-HPC-301,Sonic Electric Toothbrush Pro,Health & Personal Care,2026-07-25,8.0,25.0,69.99,29.0,14,29,102
SKU-HPC-301,Sonic Electric Toothbrush Pro,Health & Personal Care,2026-07-26,5.0,25.0,69.99,29.0,14,29,102
SKU-HPC-301,Sonic Electric Toothbrush Pro,Health & Personal Care,2026-07-27,2.0,25.0,69.99,29.0,14,29,102
SKU-HPC-301,Sonic Electric Toothbrush Pro,Health & Personal Care,2026-07-28,5.0,25.0,69.99,29.0,14,29,102
SKU-HPC-301,Sonic Electric Toothbrush Pro,Health & Personal Care,2026-07-29,3.0,25.0,69.99,29.0,14,29,102
SKU-HPC-301,Sonic Electric Toothbrush Pro,Health & Personal Care,2026-07-30,6.0,25.0,69.99,29.0,14,29,102
SKU-HPC-301,Sonic Electric Toothbrush Pro,Health & Personal Care,2026-07-31,5.0,25.0,69.99,29.0,14,29,102
SKU-HPC-301,Sonic Electric Toothbrush Pro,Health & Personal Care,2026-08-01,4.0,25.0,69.99,29.0,14,29,102
SKU-HPC-301,Sonic Electric Toothbrush Pro,Health & Personal Care,2026-08-02,6.0,25.0,69.99,29.0,14,29,102
SKU-HPC-301,Sonic Electric Toothbrush Pro,Health & Personal Care,2026-08-03,4.0,25.0,69.99,29.0,14,29,102
SKU-HPC-301,Sonic Electric Toothbrush Pro,Health & Personal Care,2026-08-04,3.0,25.0,69.99,29.0,14,29,102
SKU-HPC-301,Sonic Electric Toothbrush Pro,Health & Personal Care,2026-08-05,1.0,25.0,69.99,29.0,14,29,102
SKU-HPC-301,Sonic Electric Toothbrush Pro,Health & Personal Care,2026-08-06,3.0,25.0,69.99,29.0,14,29,102
SKU-HPC-301,Sonic Electric Toothbrush Pro,Health & Personal Care,2026-08-07,4.0,25.0,69.99,29.0,14,29,102
SKU-HPC-301,Sonic Electric Toothbrush Pro,Health & Personal Care,2026-08-08,10.0,25.0,69.99,29.0,14,29,102
SKU-HPC-301,Sonic Electric Toothbrush Pro,Health & Personal Care,2026-08-09,8.0,25.0,69.99,29.0,14,29,102
SKU-HPC-301,Sonic Electric Toothbrush Pro,Health & Personal Care,2026-08-10,3.0,25.0,69.99,29.0,14,29,102
SKU-HPC-301,Sonic Electric Toothbrush Pro,Health & Personal Care,2026-08-11,3.0,25.0,69.99,29.0,14,29,102
SKU-HPC-301,Sonic Electric Toothbrush Pro,Health & Personal Care,2026-08-12,3.0,25.0,69.99,29.0,14,29,102
SKU-HPC-301,Sonic Electric Toothbrush Pro,Health & Personal Care,2026-08-13,5.0,25.0,69.99,29.0,14,29,102
SKU-HPC-301,Sonic Electric Toothbrush Pro,Health & Personal Care,2026-08-14,5.0,25.0,69.99,29.0,14,29,102
SKU-HPC-301,Sonic Electric Toothbrush Pro,Health & Personal Care,2026-08-15,8.0,25.0,69.99,29.0,14,29,102
SKU-HPC-301,Sonic Electric Toothbrush Pro,Health & Personal Care,2026-08-16,5.0,25.0,69.99,29.0,14,29,102
SKU-HPC-301,Sonic Electric Toothbrush Pro,Health & Personal Care,2026-08-17,2.0,25.0,69.99,29.0,14,29,102
SKU-HPC-301,Sonic Electric Toothbrush Pro,Health & Personal Care,2026-08-18,6.0,25.0,69.99,29.0,14,29,102
SKU-HPC-301,Sonic Electric Toothbrush Pro,Health & Personal Care,2026-08-19,2.0,25.0,69.99,29.0,14,29,102
SKU-HPC-301,Sonic Electric Toothbrush Pro,Health & Personal Care,2026-08-20,2.0,25.0,69.99,29.0,14,29,102
SKU-HPC-301,Sonic Electric Toothbrush Pro,Health & Personal Care,2026-08-21,3.0,25.0,69.99,29.0,14,29,102
SKU-HPC-301,Sonic Electric Toothbrush Pro,Health & Personal Care,2026-08-22,6.0,25.0,69.99,29.0,14,29,102
SKU-HPC-301,Sonic Electric Toothbrush Pro,Health & Personal Care,2026-08-23,9.0,25.0,69.99,29.0,14,29,102
SKU-HPC-301,Sonic Electric Toothbrush Pro,Health & Personal Care,2026-08-24,7.0,25.0,69.99,29.0,14,29,102
SKU-HPC-301,Sonic Electric Toothbrush Pro,Health & Personal Care,2026-08-25,6.0,25.0,69.99,29.0,14,29,102
SKU-HPC-301,Sonic Electric Toothbrush Pro,Health & Personal Care,2026-08-26,5.0,25.0,69.99,29.0,14,29,102
SKU-HPC-301,Sonic Electric Toothbrush Pro,Health & Personal Care,2026-08-27,2.0,25.0,69.99,29.0,14,29,102
SKU-HPC-302,Collagen Peptide Powder 500g,Health & Personal Care,2026-03-01,7.0,160.0,36.0,15.0,12,19,67
SKU-HPC-302,Collagen Peptide Powder 500g,Health & Personal Care,2026-03-02,2.0,160.0,36.0,15.0,12,19,67
SKU-HPC-302,Collagen Peptide Powder 500g,Health & Personal Care,2026-03-03,4.0,160.0,36.0,15.0,12,19,67
SKU-HPC-302,Collagen Peptide Powder 500g,Health & Personal Care,2026-03-04,5.0,160.0,36.0,15.0,12,19,67
SKU-HPC-302,Collagen Peptide Powder 500g,Health & Personal Care,2026-03-05,5.0,160.0,36.0,15.0,12,19,67
SKU-HPC-302,Collagen Peptide Powder 500g,Health & Personal Care,2026-03-06,2.0,160.0,36.0,15.0,12,19,67
SKU-HPC-302,Collagen Peptide Powder 500g,Health & Personal Care,2026-03-07,12.0,160.0,36.0,15.0,12,19,67
SKU-HPC-302,Collagen Peptide Powder 500g,Health & Personal Care,2026-03-08,8.0,160.0,36.0,15.0,12,19,67
SKU-HPC-302,Collagen Peptide Powder 500g,Health & Personal Care,2026-03-09,4.0,160.0,36.0,15.0,12,19,67
SKU-HPC-302,Collagen Peptide Powder 500g,Health & Personal Care,2026-03-10,9.0,160.0,36.0,15.0,12,19,67
SKU-HPC-302,Collagen Peptide Powder 500g,Health & Personal Care,2026-03-11,8.0,160.0,36.0,15.0,12,19,67
SKU-HPC-302,Collagen Peptide Powder 500g,Health & Personal Care,2026-03-12,4.0,160.0,36.0,15.0,12,19,67
SKU-HPC-302,Collagen Peptide Powder 500g,Health & Personal Care,2026-03-13,4.0,160.0,36.0,15.0,12,19,67
SKU-HPC-302,Collagen Peptide Powder 500g,Health & Personal Care,2026-03-14,8.0,160.0,36.0,15.0,12,19,67
SKU-HPC-302,Collagen Peptide Powder 500g,Health & Personal Care,2026-03-15,8.0,160.0,36.0,15.0,12,19,67
SKU-HPC-302,Collagen Peptide Powder 500g,Health & Personal Care,2026-03-16,9.0,160.0,36.0,15.0,12,19,67
SKU-HPC-302,Collagen Peptide Powder 500g,Health & Personal Care,2026-03-17,3.0,160.0,36.0,15.0,12,19,67
SKU-HPC-302,Collagen Peptide Powder 500g,Health & Personal Care,2026-03-18,6.0,160.0,36.0,15.0,12,19,67
SKU-HPC-302,Collagen Peptide Powder 500g,Health & Personal Care,2026-03-19,4.0,160.0,36.0,15.0,12,19,67
SKU-HPC-302,Collagen Peptide Powder 500g,Health & Personal Care,2026-03-20,3.0,160.0,36.0,15.0,12,19,67
SKU-HPC-302,Collagen Peptide Powder 500g,Health & Personal Care,2026-03-21,3.0,160.0,36.0,15.0,12,19,67
SKU-HPC-302,Collagen Peptide Powder 500g,Health & Personal Care,2026-03-22,3.0,160.0,36.0,15.0,12,19,67
SKU-HPC-302,Collagen Peptide Powder 500g,Health & Personal Care,2026-03-23,3.0,160.0,36.0,15.0,12,19,67
SKU-HPC-302,Collagen Peptide Powder 500g,Health & Personal Care,2026-03-24,2.0,160.0,36.0,15.0,12,19,67
SKU-HPC-302,Collagen Peptide Powder 500g,Health & Personal Care,2026-03-25,2.0,160.0,36.0,15.0,12,19,67
SKU-HPC-302,Collagen Peptide Powder 500g,Health & Personal Care,2026-03-26,8.0,160.0,36.0,15.0,12,19,67
SKU-HPC-302,Collagen Peptide Powder 500g,Health & Personal Care,2026-03-27,6.0,160.0,36.0,15.0,12,19,67
SKU-HPC-302,Collagen Peptide Powder 500g,Health & Personal Care,2026-03-28,9.0,160.0,36.0,15.0,12,19,67
SKU-HPC-302,Collagen Peptide Powder 500g,Health & Personal Care,2026-03-29,4.0,160.0,36.0,15.0,12,19,67
SKU-HPC-302,Collagen Peptide Powder 500g,Health & Personal Care,2026-03-30,7.0,160.0,36.0,15.0,12,19,67
SKU-HPC-302,Collagen Peptide Powder 500g,Health & Personal Care,2026-03-31,3.0,160.0,36.0,15.0,12,19,67
SKU-HPC-302,Collagen Peptide Powder 500g,Health & Personal Care,2026-04-01,10.0,160.0,36.0,15.0,12,19,67
SKU-HPC-302,Collagen Peptide Powder 500g,Health & Personal Care,2026-04-02,4.0,160.0,36.0,15.0,12,19,67
SKU-HPC-302,Collagen Peptide Powder 500g,Health & Personal Care,2026-04-03,7.0,160.0,36.0,15.0,12,19,67
SKU-HPC-302,Collagen Peptide Powder 500g,Health & Personal Care,2026-04-04,2.0,160.0,36.0,15.0,12,19,67
SKU-HPC-302,Collagen Peptide Powder 500g,Health & Personal Care,2026-04-05,3.0,160.0,36.0,15.0,12,19,67
SKU-HPC-302,Collagen Peptide Powder 500g,Health & Personal Care,2026-04-06,5.0,160.0,36.0,15.0,12,19,67
SKU-HPC-302,Collagen Peptide Powder 500g,Health & Personal Care,2026-04-07,9.0,160.0,36.0,15.0,12,19,67
SKU-HPC-302,Collagen Peptide Powder 500g,Health & Personal Care,2026-04-08,6.0,160.0,36.0,15.0,12,19,67
SKU-HPC-302,Collagen Peptide Powder 500g,Health & Personal Care,2026-04-09,3.0,160.0,36.0,15.0,12,19,67
SKU-HPC-302,Collagen Peptide Powder 500g,Health & Personal Care,2026-04-10,2.0,160.0,36.0,15.0,12,19,67
SKU-HPC-302,Collagen Peptide Powder 500g,Health & Personal Care,2026-04-11,10.0,160.0,36.0,15.0,12,19,67
SKU-HPC-302,Collagen Peptide Powder 500g,Health & Personal Care,2026-04-12,4.0,160.0,36.0,15.0,12,19,67
SKU-HPC-302,Collagen Peptide Powder 500g,Health & Personal Care,2026-04-13,3.0,160.0,36.0,15.0,12,19,67
SKU-HPC-302,Collagen Peptide Powder 500g,Health & Personal Care,2026-04-14,3.0,160.0,36.0,15.0,12,19,67
SKU-HPC-302,Collagen Peptide Powder 500g,Health & Personal Care,2026-04-15,3.0,160.0,36.0,15.0,12,19,67
SKU-HPC-302,Collagen Peptide Powder 500g,Health & Personal Care,2026-04-16,2.0,160.0,36.0,15.0,12,19,67
SKU-HPC-302,Collagen Peptide Powder 500g,Health & Personal Care,2026-04-17,1.0,160.0,36.0,15.0,12,19,67
SKU-HPC-302,Collagen Peptide Powder 500g,Health & Personal Care,2026-04-18,4.0,160.0,36.0,15.0,12,19,67
SKU-HPC-302,Collagen Peptide Powder 500g,Health & Personal Care,2026-04-19,5.0,160.0,36.0,15.0,12,19,67
SKU-HPC-302,Collagen Peptide Powder 500g,Health & Personal Care,2026-04-20,5.0,160.0,36.0,15.0,12,19,67
SKU-HPC-302,Collagen Peptide Powder 500g,Health & Personal Care,2026-04-21,4.0,160.0,36.0,15.0,12,19,67
SKU-HPC-302,Collagen Peptide Powder 500g,Health & Personal Care,2026-04-22,4.0,160.0,36.0,15.0,12,19,67
SKU-HPC-302,Collagen Peptide Powder 500g,Health & Personal Care,2026-04-23,3.0,160.0,36.0,15.0,12,19,67
SKU-HPC-302,Collagen Peptide Powder 500g,Health & Personal Care,2026-04-24,3.0,160.0,36.0,15.0,12,19,67
SKU-HPC-302,Collagen Peptide Powder 500g,Health & Personal Care,2026-04-25,7.0,160.0,36.0,15.0,12,19,67
SKU-HPC-302,Collagen Peptide Powder 500g,Health & Personal Care,2026-04-26,3.0,160.0,36.0,15.0,12,19,67
SKU-HPC-302,Collagen Peptide Powder 500g,Health & Personal Care,2026-04-27,3.0,160.0,36.0,15.0,12,19,67
SKU-HPC-302,Collagen Peptide Powder 500g,Health & Personal Care,2026-04-28,6.0,160.0,36.0,15.0,12,19,67
SKU-HPC-302,Collagen Peptide Powder 500g,Health & Personal Care,2026-04-29,5.0,160.0,36.0,15.0,12,19,67
SKU-HPC-302,Collagen Peptide Powder 500g,Health & Personal Care,2026-04-30,3.0,160.0,36.0,15.0,12,19,67
SKU-HPC-302,Collagen Peptide Powder 500g,Health & Personal Care,2026-05-01,4.0,160.0,36.0,15.0,12,19,67
SKU-HPC-302,Collagen Peptide Powder 500g,Health & Personal Care,2026-05-02,3.0,160.0,36.0,15.0,12,19,67
SKU-HPC-302,Collagen Peptide Powder 500g,Health & Personal Care,2026-05-03,8.0,160.0,36.0,15.0,12,19,67
SKU-HPC-302,Collagen Peptide Powder 500g,Health & Personal Care,2026-05-04,6.0,160.0,36.0,15.0,12,19,67
SKU-HPC-302,Collagen Peptide Powder 500g,Health & Personal Care,2026-05-05,6.0,160.0,36.0,15.0,12,19,67
SKU-HPC-302,Collagen Peptide Powder 500g,Health & Personal Care,2026-05-06,3.0,160.0,36.0,15.0,12,19,67
SKU-HPC-302,Collagen Peptide Powder 500g,Health & Personal Care,2026-05-07,2.0,160.0,36.0,15.0,12,19,67
SKU-HPC-302,Collagen Peptide Powder 500g,Health & Personal Care,2026-05-08,1.0,160.0,36.0,15.0,12,19,67
SKU-HPC-302,Collagen Peptide Powder 500g,Health & Personal Care,2026-05-09,3.0,160.0,36.0,15.0,12,19,67
SKU-HPC-302,Collagen Peptide Powder 500g,Health & Personal Care,2026-05-10,5.0,160.0,36.0,15.0,12,19,67
SKU-HPC-302,Collagen Peptide Powder 500g,Health & Personal Care,2026-05-11,7.0,160.0,36.0,15.0,12,19,67
SKU-HPC-302,Collagen Peptide Powder 500g,Health & Personal Care,2026-05-12,2.0,160.0,36.0,15.0,12,19,67
SKU-HPC-302,Collagen Peptide Powder 500g,Health & Personal Care,2026-05-13,5.0,160.0,36.0,15.0,12,19,67
SKU-HPC-302,Collagen Peptide Powder 500g,Health & Personal Care,2026-05-14,4.0,160.0,36.0,15.0,12,19,67
SKU-HPC-302,Collagen Peptide Powder 500g,Health & Personal Care,2026-05-15,2.0,160.0,36.0,15.0,12,19,67
SKU-HPC-302,Collagen Peptide Powder 500g,Health & Personal Care,2026-05-16,3.0,160.0,36.0,15.0,12,19,67
SKU-HPC-302,Collagen Peptide Powder 500g,Health & Personal Care,2026-05-17,5.0,160.0,36.0,15.0,12,19,67
SKU-HPC-302,Collagen Peptide Powder 500g,Health & Personal Care,2026-05-18,10.0,160.0,36.0,15.0,12,19,67
SKU-HPC-302,Collagen Peptide Powder 500g,Health & Personal Care,2026-05-19,4.0,160.0,36.0,15.0,12,19,67
SKU-HPC-302,Collagen Peptide Powder 500g,Health & Personal Care,2026-05-20,4.0,160.0,36.0,15.0,12,19,67
SKU-HPC-302,Collagen Peptide Powder 500g,Health & Personal Care,2026-05-21,2.0,160.0,36.0,15.0,12,19,67
SKU-HPC-302,Collagen Peptide Powder 500g,Health & Personal Care,2026-05-22,2.0,160.0,36.0,15.0,12,19,67
SKU-HPC-302,Collagen Peptide Powder 500g,Health & Personal Care,2026-05-23,2.0,160.0,36.0,15.0,12,19,67
SKU-HPC-302,Collagen Peptide Powder 500g,Health & Personal Care,2026-05-24,5.0,160.0,36.0,15.0,12,19,67
SKU-HPC-302,Collagen Peptide Powder 500g,Health & Personal Care,2026-05-25,3.0,160.0,36.0,15.0,12,19,67
SKU-HPC-302,Collagen Peptide Powder 500g,Health & Personal Care,2026-05-26,3.0,160.0,36.0,15.0,12,19,67
SKU-HPC-302,Collagen Peptide Powder 500g,Health & Personal Care,2026-05-27,3.0,160.0,36.0,15.0,12,19,67
SKU-HPC-302,Collagen Peptide Powder 500g,Health & Personal Care,2026-05-28,4.0,160.0,36.0,15.0,12,19,67
SKU-HPC-302,Collagen Peptide Powder 500g,Health & Personal Care,2026-05-29,4.0,160.0,36.0,15.0,12,19,67
SKU-HPC-302,Collagen Peptide Powder 500g,Health & Personal Care,2026-05-30,5.0,160.0,36.0,15.0,12,19,67
SKU-HPC-302,Collagen Peptide Powder 500g,Health & Personal Care,2026-05-31,8.0,160.0,36.0,15.0,12,19,67
SKU-HPC-302,Collagen Peptide Powder 500g,Health & Personal Care,2026-06-01,7.0,160.0,36.0,15.0,12,19,67
SKU-HPC-302,Collagen Peptide Powder 500g,Health & Personal Care,2026-06-02,4.0,160.0,36.0,15.0,12,19,67
SKU-HPC-302,Collagen Peptide Powder 500g,Health & Personal Care,2026-06-03,5.0,160.0,36.0,15.0,12,19,67
SKU-HPC-302,Collagen Peptide Powder 500g,Health & Personal Care,2026-06-04,1.0,160.0,36.0,15.0,12,19,67
SKU-HPC-302,Collagen Peptide Powder 500g,Health & Personal Care,2026-06-05,7.0,160.0,36.0,15.0,12,19,67
SKU-HPC-302,Collagen Peptide Powder 500g,Health & Personal Care,2026-06-06,7.0,160.0,36.0,15.0,12,19,67
SKU-HPC-302,Collagen Peptide Powder 500g,Health & Personal Care,2026-06-07,4.0,160.0,36.0,15.0,12,19,67
SKU-HPC-302,Collagen Peptide Powder 500g,Health & Personal Care,2026-06-08,5.0,160.0,36.0,15.0,12,19,67
SKU-HPC-302,Collagen Peptide Powder 500g,Health & Personal Care,2026-06-09,3.0,160.0,36.0,15.0,12,19,67
SKU-HPC-302,Collagen Peptide Powder 500g,Health & Personal Care,2026-06-10,4.0,160.0,36.0,15.0,12,19,67
SKU-HPC-302,Collagen Peptide Powder 500g,Health & Personal Care,2026-06-11,6.0,160.0,36.0,15.0,12,19,67
SKU-HPC-302,Collagen Peptide Powder 500g,Health & Personal Care,2026-06-12,6.0,160.0,36.0,15.0,12,19,67
SKU-HPC-302,Collagen Peptide Powder 500g,Health & Personal Care,2026-06-13,10.0,160.0,36.0,15.0,12,19,67
SKU-HPC-302,Collagen Peptide Powder 500g,Health & Personal Care,2026-06-14,5.0,160.0,36.0,15.0,12,19,67
SKU-HPC-302,Collagen Peptide Powder 500g,Health & Personal Care,2026-06-15,5.0,160.0,36.0,15.0,12,19,67
SKU-HPC-302,Collagen Peptide Powder 500g,Health & Personal Care,2026-06-16,5.0,160.0,36.0,15.0,12,19,67
SKU-HPC-302,Collagen Peptide Powder 500g,Health & Personal Care,2026-06-17,3.0,160.0,36.0,15.0,12,19,67
SKU-HPC-302,Collagen Peptide Powder 500g,Health & Personal Care,2026-06-18,6.0,160.0,36.0,15.0,12,19,67
SKU-HPC-302,Collagen Peptide Powder 500g,Health & Personal Care,2026-06-19,3.0,160.0,36.0,15.0,12,19,67
SKU-HPC-302,Collagen Peptide Powder 500g,Health & Personal Care,2026-06-20,3.0,160.0,36.0,15.0,12,19,67
SKU-HPC-302,Collagen Peptide Powder 500g,Health & Personal Care,2026-06-21,6.0,160.0,36.0,15.0,12,19,67
SKU-HPC-302,Collagen Peptide Powder 500g,Health & Personal Care,2026-06-22,6.0,160.0,36.0,15.0,12,19,67
SKU-HPC-302,Collagen Peptide Powder 500g,Health & Personal Care,2026-06-23,7.0,160.0,36.0,15.0,12,19,67
SKU-HPC-302,Collagen Peptide Powder 500g,Health & Personal Care,2026-06-24,6.0,160.0,36.0,15.0,12,19,67
SKU-HPC-302,Collagen Peptide Powder 500g,Health & Personal Care,2026-06-25,7.0,160.0,36.0,15.0,12,19,67
SKU-HPC-302,Collagen Peptide Powder 500g,Health & Personal Care,2026-06-26,10.0,160.0,36.0,15.0,12,19,67
SKU-HPC-302,Collagen Peptide Powder 500g,Health & Personal Care,2026-06-27,5.0,160.0,36.0,15.0,12,19,67
SKU-HPC-302,Collagen Peptide Powder 500g,Health & Personal Care,2026-06-28,12.0,160.0,36.0,15.0,12,19,67
SKU-HPC-302,Collagen Peptide Powder 500g,Health & Personal Care,2026-06-29,9.0,160.0,36.0,15.0,12,19,67
SKU-HPC-302,Collagen Peptide Powder 500g,Health & Personal Care,2026-06-30,8.0,160.0,36.0,15.0,12,19,67
SKU-HPC-302,Collagen Peptide Powder 500g,Health & Personal Care,2026-07-01,2.0,160.0,36.0,15.0,12,19,67
SKU-HPC-302,Collagen Peptide Powder 500g,Health & Personal Care,2026-07-02,4.0,160.0,36.0,15.0,12,19,67
SKU-HPC-302,Collagen Peptide Powder 500g,Health & Personal Care,2026-07-03,6.0,160.0,36.0,15.0,12,19,67
SKU-HPC-302,Collagen Peptide Powder 500g,Health & Personal Care,2026-07-04,6.0,160.0,36.0,15.0,12,19,67
SKU-HPC-302,Collagen Peptide Powder 500g,Health & Personal Care,2026-07-05,10.0,160.0,36.0,15.0,12,19,67
SKU-HPC-302,Collagen Peptide Powder 500g,Health & Personal Care,2026-07-06,1.0,160.0,36.0,15.0,12,19,67
SKU-HPC-302,Collagen Peptide Powder 500g,Health & Personal Care,2026-07-07,5.0,160.0,36.0,15.0,12,19,67
SKU-HPC-302,Collagen Peptide Powder 500g,Health & Personal Care,2026-07-08,1.0,160.0,36.0,15.0,12,19,67
SKU-HPC-302,Collagen Peptide Powder 500g,Health & Personal Care,2026-07-09,2.0,160.0,36.0,15.0,12,19,67
SKU-HPC-302,Collagen Peptide Powder 500g,Health & Personal Care,2026-07-10,9.0,160.0,36.0,15.0,12,19,67
SKU-HPC-302,Collagen Peptide Powder 500g,Health & Personal Care,2026-07-11,4.0,160.0,36.0,15.0,12,19,67
SKU-HPC-302,Collagen Peptide Powder 500g,Health & Personal Care,2026-07-12,2.0,160.0,36.0,15.0,12,19,67
SKU-HPC-302,Collagen Peptide Powder 500g,Health & Personal Care,2026-07-13,2.0,160.0,36.0,15.0,12,19,67
SKU-HPC-302,Collagen Peptide Powder 500g,Health & Personal Care,2026-07-14,4.0,160.0,36.0,15.0,12,19,67
SKU-HPC-302,Collagen Peptide Powder 500g,Health & Personal Care,2026-07-15,4.0,160.0,36.0,15.0,12,19,67
SKU-HPC-302,Collagen Peptide Powder 500g,Health & Personal Care,2026-07-16,5.0,160.0,36.0,15.0,12,19,67
SKU-HPC-302,Collagen Peptide Powder 500g,Health & Personal Care,2026-07-17,7.0,160.0,36.0,15.0,12,19,67
SKU-HPC-302,Collagen Peptide Powder 500g,Health & Personal Care,2026-07-18,7.0,160.0,36.0,15.0,12,19,67
SKU-HPC-302,Collagen Peptide Powder 500g,Health & Personal Care,2026-07-19,11.0,160.0,36.0,15.0,12,19,67
SKU-HPC-302,Collagen Peptide Powder 500g,Health & Personal Care,2026-07-20,9.0,160.0,36.0,15.0,12,19,67
SKU-HPC-302,Collagen Peptide Powder 500g,Health & Personal Care,2026-07-21,3.0,160.0,36.0,15.0,12,19,67
SKU-HPC-302,Collagen Peptide Powder 500g,Health & Personal Care,2026-07-22,4.0,160.0,36.0,15.0,12,19,67
SKU-HPC-302,Collagen Peptide Powder 500g,Health & Personal Care,2026-07-23,2.0,160.0,36.0,15.0,12,19,67
SKU-HPC-302,Collagen Peptide Powder 500g,Health & Personal Care,2026-07-24,2.0,160.0,36.0,15.0,12,19,67
SKU-HPC-302,Collagen Peptide Powder 500g,Health & Personal Care,2026-07-25,12.0,160.0,36.0,15.0,12,19,67
SKU-HPC-302,Collagen Peptide Powder 500g,Health & Personal Care,2026-07-26,6.0,160.0,36.0,15.0,12,19,67
SKU-HPC-302,Collagen Peptide Powder 500g,Health & Personal Care,2026-07-27,11.0,160.0,36.0,15.0,12,19,67
SKU-HPC-302,Collagen Peptide Powder 500g,Health & Personal Care,2026-07-28,2.0,160.0,36.0,15.0,12,19,67
SKU-HPC-302,Collagen Peptide Powder 500g,Health & Personal Care,2026-07-29,4.0,160.0,36.0,15.0,12,19,67
SKU-HPC-302,Collagen Peptide Powder 500g,Health & Personal Care,2026-07-30,2.0,160.0,36.0,15.0,12,19,67
SKU-HPC-302,Collagen Peptide Powder 500g,Health & Personal Care,2026-07-31,2.0,160.0,36.0,15.0,12,19,67
SKU-HPC-302,Collagen Peptide Powder 500g,Health & Personal Care,2026-08-01,3.0,160.0,36.0,15.0,12,19,67
SKU-HPC-302,Collagen Peptide Powder 500g,Health & Personal Care,2026-08-02,1.0,160.0,36.0,15.0,12,19,67
SKU-HPC-302,Collagen Peptide Powder 500g,Health & Personal Care,2026-08-03,4.0,160.0,36.0,15.0,12,19,67
SKU-HPC-302,Collagen Peptide Powder 500g,Health & Personal Care,2026-08-04,2.0,160.0,36.0,15.0,12,19,67
SKU-HPC-302,Collagen Peptide Powder 500g,Health & Personal Care,2026-08-05,0.0,160.0,36.0,15.0,12,19,67
SKU-HPC-302,Collagen Peptide Powder 500g,Health & Personal Care,2026-08-06,5.0,160.0,36.0,15.0,12,19,67
SKU-HPC-302,Collagen Peptide Powder 500g,Health & Personal Care,2026-08-07,3.0,160.0,36.0,15.0,12,19,67
SKU-HPC-302,Collagen Peptide Powder 500g,Health & Personal Care,2026-08-08,6.0,160.0,36.0,15.0,12,19,67
SKU-HPC-302,Collagen Peptide Powder 500g,Health & Personal Care,2026-08-09,3.0,160.0,36.0,15.0,12,19,67
SKU-HPC-302,Collagen Peptide Powder 500g,Health & Personal Care,2026-08-10,2.0,160.0,36.0,15.0,12,19,67
SKU-HPC-302,Collagen Peptide Powder 500g,Health & Personal Care,2026-08-11,5.0,160.0,36.0,15.0,12,19,67
SKU-HPC-302,Collagen Peptide Powder 500g,Health & Personal Care,2026-08-12,7.0,160.0,36.0,15.0,12,19,67
SKU-HPC-302,Collagen Peptide Powder 500g,Health & Personal Care,2026-08-13,2.0,160.0,36.0,15.0,12,19,67
SKU-HPC-302,Collagen Peptide Powder 500g,Health & Personal Care,2026-08-14,1.0,160.0,36.0,15.0,12,19,67
SKU-HPC-302,Collagen Peptide Powder 500g,Health & Personal Care,2026-08-15,4.0,160.0,36.0,15.0,12,19,67
SKU-HPC-302,Collagen Peptide Powder 500g,Health & Personal Care,2026-08-16,7.0,160.0,36.0,15.0,12,19,67
SKU-HPC-302,Collagen Peptide Powder 500g,Health & Personal Care,2026-08-17,1.0,160.0,36.0,15.0,12,19,67
SKU-HPC-302,Collagen Peptide Powder 500g,Health & Personal Care,2026-08-18,2.0,160.0,36.0,15.0,12,19,67
SKU-HPC-302,Collagen Peptide Powder 500g,Health & Personal Care,2026-08-19,4.0,160.0,36.0,15.0,12,19,67
SKU-HPC-302,Collagen Peptide Powder 500g,Health & Personal Care,2026-08-20,4.0,160.0,36.0,15.0,12,19,67
SKU-HPC-302,Collagen Peptide Powder 500g,Health & Personal Care,2026-08-21,6.0,160.0,36.0,15.0,12,19,67
SKU-HPC-302,Collagen Peptide Powder 500g,Health & Personal Care,2026-08-22,5.0,160.0,36.0,15.0,12,19,67
SKU-HPC-302,Collagen Peptide Powder 500g,Health & Personal Care,2026-08-23,1.0,160.0,36.0,15.0,12,19,67
SKU-HPC-302,Collagen Peptide Powder 500g,Health & Personal Care,2026-08-24,3.0,160.0,36.0,15.0,12,19,67
SKU-HPC-302,Collagen Peptide Powder 500g,Health & Personal Care,2026-08-25,5.0,160.0,36.0,15.0,12,19,67
SKU-HPC-302,Collagen Peptide Powder 500g,Health & Personal Care,2026-08-26,2.0,160.0,36.0,15.0,12,19,67
SKU-HPC-302,Collagen Peptide Powder 500g,Health & Personal Care,2026-08-27,4.0,160.0,36.0,15.0,12,19,67
SKU-HPC-303,Infrared Shiatsu Neck Massager,Health & Personal Care,2026-03-01,2.0,340.0,54.99,22.0,20,14,50
SKU-HPC-303,Infrared Shiatsu Neck Massager,Health & Personal Care,2026-03-02,1.0,340.0,54.99,22.0,20,14,50
SKU-HPC-303,Infrared Shiatsu Neck Massager,Health & Personal Care,2026-03-03,1.0,340.0,54.99,22.0,20,14,50
SKU-HPC-303,Infrared Shiatsu Neck Massager,Health & Personal Care,2026-03-04,3.0,340.0,54.99,22.0,20,14,50
SKU-HPC-303,Infrared Shiatsu Neck Massager,Health & Personal Care,2026-03-05,1.0,340.0,54.99,22.0,20,14,50
SKU-HPC-303,Infrared Shiatsu Neck Massager,Health & Personal Care,2026-03-06,2.0,340.0,54.99,22.0,20,14,50
SKU-HPC-303,Infrared Shiatsu Neck Massager,Health & Personal Care,2026-03-07,1.0,340.0,54.99,22.0,20,14,50
SKU-HPC-303,Infrared Shiatsu Neck Massager,Health & Personal Care,2026-03-08,0.0,340.0,54.99,22.0,20,14,50
SKU-HPC-303,Infrared Shiatsu Neck Massager,Health & Personal Care,2026-03-09,3.0,340.0,54.99,22.0,20,14,50
SKU-HPC-303,Infrared Shiatsu Neck Massager,Health & Personal Care,2026-03-10,0.0,340.0,54.99,22.0,20,14,50
SKU-HPC-303,Infrared Shiatsu Neck Massager,Health & Personal Care,2026-03-11,0.0,340.0,54.99,22.0,20,14,50
SKU-HPC-303,Infrared Shiatsu Neck Massager,Health & Personal Care,2026-03-12,3.0,340.0,54.99,22.0,20,14,50
SKU-HPC-303,Infrared Shiatsu Neck Massager,Health & Personal Care,2026-03-13,0.0,340.0,54.99,22.0,20,14,50
SKU-HPC-303,Infrared Shiatsu Neck Massager,Health & Personal Care,2026-03-14,1.0,340.0,54.99,22.0,20,14,50
SKU-HPC-303,Infrared Shiatsu Neck Massager,Health & Personal Care,2026-03-15,2.0,340.0,54.99,22.0,20,14,50
SKU-HPC-303,Infrared Shiatsu Neck Massager,Health & Personal Care,2026-03-16,0.0,340.0,54.99,22.0,20,14,50
SKU-HPC-303,Infrared Shiatsu Neck Massager,Health & Personal Care,2026-03-17,3.0,340.0,54.99,22.0,20,14,50
SKU-HPC-303,Infrared Shiatsu Neck Massager,Health & Personal Care,2026-03-18,1.0,340.0,54.99,22.0,20,14,50
SKU-HPC-303,Infrared Shiatsu Neck Massager,Health & Personal Care,2026-03-19,1.0,340.0,54.99,22.0,20,14,50
SKU-HPC-303,Infrared Shiatsu Neck Massager,Health & Personal Care,2026-03-20,0.0,340.0,54.99,22.0,20,14,50
SKU-HPC-303,Infrared Shiatsu Neck Massager,Health & Personal Care,2026-03-21,4.0,340.0,54.99,22.0,20,14,50
SKU-HPC-303,Infrared Shiatsu Neck Massager,Health & Personal Care,2026-03-22,4.0,340.0,54.99,22.0,20,14,50
SKU-HPC-303,Infrared Shiatsu Neck Massager,Health & Personal Care,2026-03-23,2.0,340.0,54.99,22.0,20,14,50
SKU-HPC-303,Infrared Shiatsu Neck Massager,Health & Personal Care,2026-03-24,2.0,340.0,54.99,22.0,20,14,50
SKU-HPC-303,Infrared Shiatsu Neck Massager,Health & Personal Care,2026-03-25,1.0,340.0,54.99,22.0,20,14,50
SKU-HPC-303,Infrared Shiatsu Neck Massager,Health & Personal Care,2026-03-26,1.0,340.0,54.99,22.0,20,14,50
SKU-HPC-303,Infrared Shiatsu Neck Massager,Health & Personal Care,2026-03-27,0.0,340.0,54.99,22.0,20,14,50
SKU-HPC-303,Infrared Shiatsu Neck Massager,Health & Personal Care,2026-03-28,0.0,340.0,54.99,22.0,20,14,50
SKU-HPC-303,Infrared Shiatsu Neck Massager,Health & Personal Care,2026-03-29,5.0,340.0,54.99,22.0,20,14,50
SKU-HPC-303,Infrared Shiatsu Neck Massager,Health & Personal Care,2026-03-30,0.0,340.0,54.99,22.0,20,14,50
SKU-HPC-303,Infrared Shiatsu Neck Massager,Health & Personal Care,2026-03-31,5.0,340.0,54.99,22.0,20,14,50
SKU-HPC-303,Infrared Shiatsu Neck Massager,Health & Personal Care,2026-04-01,1.0,340.0,54.99,22.0,20,14,50
SKU-HPC-303,Infrared Shiatsu Neck Massager,Health & Personal Care,2026-04-02,1.0,340.0,54.99,22.0,20,14,50
SKU-HPC-303,Infrared Shiatsu Neck Massager,Health & Personal Care,2026-04-03,0.0,340.0,54.99,22.0,20,14,50
SKU-HPC-303,Infrared Shiatsu Neck Massager,Health & Personal Care,2026-04-04,1.0,340.0,54.99,22.0,20,14,50
SKU-HPC-303,Infrared Shiatsu Neck Massager,Health & Personal Care,2026-04-05,2.0,340.0,54.99,22.0,20,14,50
SKU-HPC-303,Infrared Shiatsu Neck Massager,Health & Personal Care,2026-04-06,2.0,340.0,54.99,22.0,20,14,50
SKU-HPC-303,Infrared Shiatsu Neck Massager,Health & Personal Care,2026-04-07,0.0,340.0,54.99,22.0,20,14,50
SKU-HPC-303,Infrared Shiatsu Neck Massager,Health & Personal Care,2026-04-08,3.0,340.0,54.99,22.0,20,14,50
SKU-HPC-303,Infrared Shiatsu Neck Massager,Health & Personal Care,2026-04-09,3.0,340.0,54.99,22.0,20,14,50
SKU-HPC-303,Infrared Shiatsu Neck Massager,Health & Personal Care,2026-04-10,3.0,340.0,54.99,22.0,20,14,50
SKU-HPC-303,Infrared Shiatsu Neck Massager,Health & Personal Care,2026-04-11,2.0,340.0,54.99,22.0,20,14,50
SKU-HPC-303,Infrared Shiatsu Neck Massager,Health & Personal Care,2026-04-12,2.0,340.0,54.99,22.0,20,14,50
SKU-HPC-303,Infrared Shiatsu Neck Massager,Health & Personal Care,2026-04-13,1.0,340.0,54.99,22.0,20,14,50
SKU-HPC-303,Infrared Shiatsu Neck Massager,Health & Personal Care,2026-04-14,2.0,340.0,54.99,22.0,20,14,50
SKU-HPC-303,Infrared Shiatsu Neck Massager,Health & Personal Care,2026-04-15,2.0,340.0,54.99,22.0,20,14,50
SKU-HPC-303,Infrared Shiatsu Neck Massager,Health & Personal Care,2026-04-16,1.0,340.0,54.99,22.0,20,14,50
SKU-HPC-303,Infrared Shiatsu Neck Massager,Health & Personal Care,2026-04-17,0.0,340.0,54.99,22.0,20,14,50
SKU-HPC-303,Infrared Shiatsu Neck Massager,Health & Personal Care,2026-04-18,4.0,340.0,54.99,22.0,20,14,50
SKU-HPC-303,Infrared Shiatsu Neck Massager,Health & Personal Care,2026-04-19,2.0,340.0,54.99,22.0,20,14,50
SKU-HPC-303,Infrared Shiatsu Neck Massager,Health & Personal Care,2026-04-20,1.0,340.0,54.99,22.0,20,14,50
SKU-HPC-303,Infrared Shiatsu Neck Massager,Health & Personal Care,2026-04-21,2.0,340.0,54.99,22.0,20,14,50
SKU-HPC-303,Infrared Shiatsu Neck Massager,Health & Personal Care,2026-04-22,0.0,340.0,54.99,22.0,20,14,50
SKU-HPC-303,Infrared Shiatsu Neck Massager,Health & Personal Care,2026-04-23,3.0,340.0,54.99,22.0,20,14,50
SKU-HPC-303,Infrared Shiatsu Neck Massager,Health & Personal Care,2026-04-24,3.0,340.0,54.99,22.0,20,14,50
SKU-HPC-303,Infrared Shiatsu Neck Massager,Health & Personal Care,2026-04-25,2.0,340.0,54.99,22.0,20,14,50
SKU-HPC-303,Infrared Shiatsu Neck Massager,Health & Personal Care,2026-04-26,3.0,340.0,54.99,22.0,20,14,50
SKU-HPC-303,Infrared Shiatsu Neck Massager,Health & Personal Care,2026-04-27,0.0,340.0,54.99,22.0,20,14,50
SKU-HPC-303,Infrared Shiatsu Neck Massager,Health & Personal Care,2026-04-28,6.0,340.0,54.99,22.0,20,14,50
SKU-HPC-303,Infrared Shiatsu Neck Massager,Health & Personal Care,2026-04-29,0.0,340.0,54.99,22.0,20,14,50
SKU-HPC-303,Infrared Shiatsu Neck Massager,Health & Personal Care,2026-04-30,2.0,340.0,54.99,22.0,20,14,50
SKU-HPC-303,Infrared Shiatsu Neck Massager,Health & Personal Care,2026-05-01,3.0,340.0,54.99,22.0,20,14,50
SKU-HPC-303,Infrared Shiatsu Neck Massager,Health & Personal Care,2026-05-02,2.0,340.0,54.99,22.0,20,14,50
SKU-HPC-303,Infrared Shiatsu Neck Massager,Health & Personal Care,2026-05-03,1.0,340.0,54.99,22.0,20,14,50
SKU-HPC-303,Infrared Shiatsu Neck Massager,Health & Personal Care,2026-05-04,0.0,340.0,54.99,22.0,20,14,50
SKU-HPC-303,Infrared Shiatsu Neck Massager,Health & Personal Care,2026-05-05,1.0,340.0,54.99,22.0,20,14,50
SKU-HPC-303,Infrared Shiatsu Neck Massager,Health & Personal Care,2026-05-06,2.0,340.0,54.99,22.0,20,14,50
SKU-HPC-303,Infrared Shiatsu Neck Massager,Health & Personal Care,2026-05-07,2.0,340.0,54.99,22.0,20,14,50
SKU-HPC-303,Infrared Shiatsu Neck Massager,Health & Personal Care,2026-05-08,1.0,340.0,54.99,22.0,20,14,50
SKU-HPC-303,Infrared Shiatsu Neck Massager,Health & Personal Care,2026-05-09,4.0,340.0,54.99,22.0,20,14,50
SKU-HPC-303,Infrared Shiatsu Neck Massager,Health & Personal Care,2026-05-10,1.0,340.0,54.99,22.0,20,14,50
SKU-HPC-303,Infrared Shiatsu Neck Massager,Health & Personal Care,2026-05-11,1.0,340.0,54.99,22.0,20,14,50
SKU-HPC-303,Infrared Shiatsu Neck Massager,Health & Personal Care,2026-05-12,3.0,340.0,54.99,22.0,20,14,50
SKU-HPC-303,Infrared Shiatsu Neck Massager,Health & Personal Care,2026-05-13,6.0,340.0,54.99,22.0,20,14,50
SKU-HPC-303,Infrared Shiatsu Neck Massager,Health & Personal Care,2026-05-14,4.0,340.0,54.99,22.0,20,14,50
SKU-HPC-303,Infrared Shiatsu Neck Massager,Health & Personal Care,2026-05-15,2.0,340.0,54.99,22.0,20,14,50
SKU-HPC-303,Infrared Shiatsu Neck Massager,Health & Personal Care,2026-05-16,2.0,340.0,54.99,22.0,20,14,50
SKU-HPC-303,Infrared Shiatsu Neck Massager,Health & Personal Care,2026-05-17,0.0,340.0,54.99,22.0,20,14,50
SKU-HPC-303,Infrared Shiatsu Neck Massager,Health & Personal Care,2026-05-18,2.0,340.0,54.99,22.0,20,14,50
SKU-HPC-303,Infrared Shiatsu Neck Massager,Health & Personal Care,2026-05-19,4.0,340.0,54.99,22.0,20,14,50
SKU-HPC-303,Infrared Shiatsu Neck Massager,Health & Personal Care,2026-05-20,1.0,340.0,54.99,22.0,20,14,50
SKU-HPC-303,Infrared Shiatsu Neck Massager,Health & Personal Care,2026-05-21,2.0,340.0,54.99,22.0,20,14,50
SKU-HPC-303,Infrared Shiatsu Neck Massager,Health & Personal Care,2026-05-22,1.0,340.0,54.99,22.0,20,14,50
SKU-HPC-303,Infrared Shiatsu Neck Massager,Health & Personal Care,2026-05-23,3.0,340.0,54.99,22.0,20,14,50
SKU-HPC-303,Infrared Shiatsu Neck Massager,Health & Personal Care,2026-05-24,4.0,340.0,54.99,22.0,20,14,50
SKU-HPC-303,Infrared Shiatsu Neck Massager,Health & Personal Care,2026-05-25,0.0,340.0,54.99,22.0,20,14,50
SKU-HPC-303,Infrared Shiatsu Neck Massager,Health & Personal Care,2026-05-26,2.0,340.0,54.99,22.0,20,14,50
SKU-HPC-303,Infrared Shiatsu Neck Massager,Health & Personal Care,2026-05-27,2.0,340.0,54.99,22.0,20,14,50
SKU-HPC-303,Infrared Shiatsu Neck Massager,Health & Personal Care,2026-05-28,1.0,340.0,54.99,22.0,20,14,50
SKU-HPC-303,Infrared Shiatsu Neck Massager,Health & Personal Care,2026-05-29,2.0,340.0,54.99,22.0,20,14,50
SKU-HPC-303,Infrared Shiatsu Neck Massager,Health & Personal Care,2026-05-30,2.0,340.0,54.99,22.0,20,14,50
SKU-HPC-303,Infrared Shiatsu Neck Massager,Health & Personal Care,2026-05-31,1.0,340.0,54.99,22.0,20,14,50
SKU-HPC-303,Infrared Shiatsu Neck Massager,Health & Personal Care,2026-06-01,5.0,340.0,54.99,22.0,20,14,50
SKU-HPC-303,Infrared Shiatsu Neck Massager,Health & Personal Care,2026-06-02,3.0,340.0,54.99,22.0,20,14,50
SKU-HPC-303,Infrared Shiatsu Neck Massager,Health & Personal Care,2026-06-03,1.0,340.0,54.99,22.0,20,14,50
SKU-HPC-303,Infrared Shiatsu Neck Massager,Health & Personal Care,2026-06-04,0.0,340.0,54.99,22.0,20,14,50
SKU-HPC-303,Infrared Shiatsu Neck Massager,Health & Personal Care,2026-06-05,2.0,340.0,54.99,22.0,20,14,50
SKU-HPC-303,Infrared Shiatsu Neck Massager,Health & Personal Care,2026-06-06,1.0,340.0,54.99,22.0,20,14,50
SKU-HPC-303,Infrared Shiatsu Neck Massager,Health & Personal Care,2026-06-07,2.0,340.0,54.99,22.0,20,14,50
SKU-HPC-303,Infrared Shiatsu Neck Massager,Health & Personal Care,2026-06-08,0.0,340.0,54.99,22.0,20,14,50
SKU-HPC-303,Infrared Shiatsu Neck Massager,Health & Personal Care,2026-06-09,2.0,340.0,54.99,22.0,20,14,50
SKU-HPC-303,Infrared Shiatsu Neck Massager,Health & Personal Care,2026-06-10,3.0,340.0,54.99,22.0,20,14,50
SKU-HPC-303,Infrared Shiatsu Neck Massager,Health & Personal Care,2026-06-11,1.0,340.0,54.99,22.0,20,14,50
SKU-HPC-303,Infrared Shiatsu Neck Massager,Health & Personal Care,2026-06-12,1.0,340.0,54.99,22.0,20,14,50
SKU-HPC-303,Infrared Shiatsu Neck Massager,Health & Personal Care,2026-06-13,3.0,340.0,54.99,22.0,20,14,50
SKU-HPC-303,Infrared Shiatsu Neck Massager,Health & Personal Care,2026-06-14,3.0,340.0,54.99,22.0,20,14,50
SKU-HPC-303,Infrared Shiatsu Neck Massager,Health & Personal Care,2026-06-15,4.0,340.0,54.99,22.0,20,14,50
SKU-HPC-303,Infrared Shiatsu Neck Massager,Health & Personal Care,2026-06-16,7.0,340.0,54.99,22.0,20,14,50
SKU-HPC-303,Infrared Shiatsu Neck Massager,Health & Personal Care,2026-06-17,2.0,340.0,54.99,22.0,20,14,50
SKU-HPC-303,Infrared Shiatsu Neck Massager,Health & Personal Care,2026-06-18,4.0,340.0,54.99,22.0,20,14,50
SKU-HPC-303,Infrared Shiatsu Neck Massager,Health & Personal Care,2026-06-19,2.0,340.0,54.99,22.0,20,14,50
SKU-HPC-303,Infrared Shiatsu Neck Massager,Health & Personal Care,2026-06-20,2.0,340.0,54.99,22.0,20,14,50
SKU-HPC-303,Infrared Shiatsu Neck Massager,Health & Personal Care,2026-06-21,2.0,340.0,54.99,22.0,20,14,50
SKU-HPC-303,Infrared Shiatsu Neck Massager,Health & Personal Care,2026-06-22,1.0,340.0,54.99,22.0,20,14,50
SKU-HPC-303,Infrared Shiatsu Neck Massager,Health & Personal Care,2026-06-23,1.0,340.0,54.99,22.0,20,14,50
SKU-HPC-303,Infrared Shiatsu Neck Massager,Health & Personal Care,2026-06-24,5.0,340.0,54.99,22.0,20,14,50
SKU-HPC-303,Infrared Shiatsu Neck Massager,Health & Personal Care,2026-06-25,0.0,340.0,54.99,22.0,20,14,50
SKU-HPC-303,Infrared Shiatsu Neck Massager,Health & Personal Care,2026-06-26,1.0,340.0,54.99,22.0,20,14,50
SKU-HPC-303,Infrared Shiatsu Neck Massager,Health & Personal Care,2026-06-27,0.0,340.0,54.99,22.0,20,14,50
SKU-HPC-303,Infrared Shiatsu Neck Massager,Health & Personal Care,2026-06-28,1.0,340.0,54.99,22.0,20,14,50
SKU-HPC-303,Infrared Shiatsu Neck Massager,Health & Personal Care,2026-06-29,1.0,340.0,54.99,22.0,20,14,50
SKU-HPC-303,Infrared Shiatsu Neck Massager,Health & Personal Care,2026-06-30,5.0,340.0,54.99,22.0,20,14,50
SKU-HPC-303,Infrared Shiatsu Neck Massager,Health & Personal Care,2026-07-01,2.0,340.0,54.99,22.0,20,14,50
SKU-HPC-303,Infrared Shiatsu Neck Massager,Health & Personal Care,2026-07-02,4.0,340.0,54.99,22.0,20,14,50
SKU-HPC-303,Infrared Shiatsu Neck Massager,Health & Personal Care,2026-07-03,1.0,340.0,54.99,22.0,20,14,50
SKU-HPC-303,Infrared Shiatsu Neck Massager,Health & Personal Care,2026-07-04,3.0,340.0,54.99,22.0,20,14,50
SKU-HPC-303,Infrared Shiatsu Neck Massager,Health & Personal Care,2026-07-05,0.0,340.0,54.99,22.0,20,14,50
SKU-HPC-303,Infrared Shiatsu Neck Massager,Health & Personal Care,2026-07-06,0.0,340.0,54.99,22.0,20,14,50
SKU-HPC-303,Infrared Shiatsu Neck Massager,Health & Personal Care,2026-07-07,3.0,340.0,54.99,22.0,20,14,50
SKU-HPC-303,Infrared Shiatsu Neck Massager,Health & Personal Care,2026-07-08,2.0,340.0,54.99,22.0,20,14,50
SKU-HPC-303,Infrared Shiatsu Neck Massager,Health & Personal Care,2026-07-09,0.0,340.0,54.99,22.0,20,14,50
SKU-HPC-303,Infrared Shiatsu Neck Massager,Health & Personal Care,2026-07-10,3.0,340.0,54.99,22.0,20,14,50
SKU-HPC-303,Infrared Shiatsu Neck Massager,Health & Personal Care,2026-07-11,2.0,340.0,54.99,22.0,20,14,50
SKU-HPC-303,Infrared Shiatsu Neck Massager,Health & Personal Care,2026-07-12,2.0,340.0,54.99,22.0,20,14,50
SKU-HPC-303,Infrared Shiatsu Neck Massager,Health & Personal Care,2026-07-13,2.0,340.0,54.99,22.0,20,14,50
SKU-HPC-303,Infrared Shiatsu Neck Massager,Health & Personal Care,2026-07-14,3.0,340.0,54.99,22.0,20,14,50
SKU-HPC-303,Infrared Shiatsu Neck Massager,Health & Personal Care,2026-07-15,1.0,340.0,54.99,22.0,20,14,50
SKU-HPC-303,Infrared Shiatsu Neck Massager,Health & Personal Care,2026-07-16,1.0,340.0,54.99,22.0,20,14,50
SKU-HPC-303,Infrared Shiatsu Neck Massager,Health & Personal Care,2026-07-17,4.0,340.0,54.99,22.0,20,14,50
SKU-HPC-303,Infrared Shiatsu Neck Massager,Health & Personal Care,2026-07-18,2.0,340.0,54.99,22.0,20,14,50
SKU-HPC-303,Infrared Shiatsu Neck Massager,Health & Personal Care,2026-07-19,2.0,340.0,54.99,22.0,20,14,50
SKU-HPC-303,Infrared Shiatsu Neck Massager,Health & Personal Care,2026-07-20,4.0,340.0,54.99,22.0,20,14,50
SKU-HPC-303,Infrared Shiatsu Neck Massager,Health & Personal Care,2026-07-21,1.0,340.0,54.99,22.0,20,14,50
SKU-HPC-303,Infrared Shiatsu Neck Massager,Health & Personal Care,2026-07-22,2.0,340.0,54.99,22.0,20,14,50
SKU-HPC-303,Infrared Shiatsu Neck Massager,Health & Personal Care,2026-07-23,2.0,340.0,54.99,22.0,20,14,50
SKU-HPC-303,Infrared Shiatsu Neck Massager,Health & Personal Care,2026-07-24,0.0,340.0,54.99,22.0,20,14,50
SKU-HPC-303,Infrared Shiatsu Neck Massager,Health & Personal Care,2026-07-25,2.0,340.0,54.99,22.0,20,14,50
SKU-HPC-303,Infrared Shiatsu Neck Massager,Health & Personal Care,2026-07-26,1.0,340.0,54.99,22.0,20,14,50
SKU-HPC-303,Infrared Shiatsu Neck Massager,Health & Personal Care,2026-07-27,1.0,340.0,54.99,22.0,20,14,50
SKU-HPC-303,Infrared Shiatsu Neck Massager,Health & Personal Care,2026-07-28,1.0,340.0,54.99,22.0,20,14,50
SKU-HPC-303,Infrared Shiatsu Neck Massager,Health & Personal Care,2026-07-29,2.0,340.0,54.99,22.0,20,14,50
SKU-HPC-303,Infrared Shiatsu Neck Massager,Health & Personal Care,2026-07-30,4.0,340.0,54.99,22.0,20,14,50
SKU-HPC-303,Infrared Shiatsu Neck Massager,Health & Personal Care,2026-07-31,1.0,340.0,54.99,22.0,20,14,50
SKU-HPC-303,Infrared Shiatsu Neck Massager,Health & Personal Care,2026-08-01,0.0,340.0,54.99,22.0,20,14,50
SKU-HPC-303,Infrared Shiatsu Neck Massager,Health & Personal Care,2026-08-02,2.0,340.0,54.99,22.0,20,14,50
SKU-HPC-303,Infrared Shiatsu Neck Massager,Health & Personal Care,2026-08-03,1.0,340.0,54.99,22.0,20,14,50
SKU-HPC-303,Infrared Shiatsu Neck Massager,Health & Personal Care,2026-08-04,1.0,340.0,54.99,22.0,20,14,50
SKU-HPC-303,Infrared Shiatsu Neck Massager,Health & Personal Care,2026-08-05,2.0,340.0,54.99,22.0,20,14,50
SKU-HPC-303,Infrared Shiatsu Neck Massager,Health & Personal Care,2026-08-06,0.0,340.0,54.99,22.0,20,14,50
SKU-HPC-303,Infrared Shiatsu Neck Massager,Health & Personal Care,2026-08-07,3.0,340.0,54.99,22.0,20,14,50
SKU-HPC-303,Infrared Shiatsu Neck Massager,Health & Personal Care,2026-08-08,1.0,340.0,54.99,22.0,20,14,50
SKU-HPC-303,Infrared Shiatsu Neck Massager,Health & Personal Care,2026-08-09,1.0,340.0,54.99,22.0,20,14,50
SKU-HPC-303,Infrared Shiatsu Neck Massager,Health & Personal Care,2026-08-10,2.0,340.0,54.99,22.0,20,14,50
SKU-HPC-303,Infrared Shiatsu Neck Massager,Health & Personal Care,2026-08-11,1.0,340.0,54.99,22.0,20,14,50
SKU-HPC-303,Infrared Shiatsu Neck Massager,Health & Personal Care,2026-08-12,2.0,340.0,54.99,22.0,20,14,50
SKU-HPC-303,Infrared Shiatsu Neck Massager,Health & Personal Care,2026-08-13,1.0,340.0,54.99,22.0,20,14,50
SKU-HPC-303,Infrared Shiatsu Neck Massager,Health & Personal Care,2026-08-14,0.0,340.0,54.99,22.0,20,14,50
SKU-HPC-303,Infrared Shiatsu Neck Massager,Health & Personal Care,2026-08-15,0.0,340.0,54.99,22.0,20,14,50
SKU-HPC-303,Infrared Shiatsu Neck Massager,Health & Personal Care,2026-08-16,1.0,340.0,54.99,22.0,20,14,50
SKU-HPC-303,Infrared Shiatsu Neck Massager,Health & Personal Care,2026-08-17,2.0,340.0,54.99,22.0,20,14,50
SKU-HPC-303,Infrared Shiatsu Neck Massager,Health & Personal Care,2026-08-18,2.0,340.0,54.99,22.0,20,14,50
SKU-HPC-303,Infrared Shiatsu Neck Massager,Health & Personal Care,2026-08-19,2.0,340.0,54.99,22.0,20,14,50
SKU-HPC-303,Infrared Shiatsu Neck Massager,Health & Personal Care,2026-08-20,1.0,340.0,54.99,22.0,20,14,50
SKU-HPC-303,Infrared Shiatsu Neck Massager,Health & Personal Care,2026-08-21,1.0,340.0,54.99,22.0,20,14,50
SKU-HPC-303,Infrared Shiatsu Neck Massager,Health & Personal Care,2026-08-22,1.0,340.0,54.99,22.0,20,14,50
SKU-HPC-303,Infrared Shiatsu Neck Massager,Health & Personal Care,2026-08-23,0.0,340.0,54.99,22.0,20,14,50
SKU-HPC-303,Infrared Shiatsu Neck Massager,Health & Personal Care,2026-08-24,0.0,340.0,54.99,22.0,20,14,50
SKU-HPC-303,Infrared Shiatsu Neck Massager,Health & Personal Care,2026-08-25,0.0,340.0,54.99,22.0,20,14,50
SKU-HPC-303,Infrared Shiatsu Neck Massager,Health & Personal Care,2026-08-26,1.0,340.0,54.99,22.0,20,14,50
SKU-HPC-303,Infrared Shiatsu Neck Massager,Health & Personal Care,2026-08-27,1.0,340.0,54.99,22.0,20,14,50
SKU-HPC-304,Daily Multivitamin Gummies 120ct,Health & Personal Care,2026-03-01,13.0,8.0,22.5,8.5,7,20,69
SKU-HPC-304,Daily Multivitamin Gummies 120ct,Health & Personal Care,2026-03-02,9.0,8.0,22.5,8.5,7,20,69
SKU-HPC-304,Daily Multivitamin Gummies 120ct,Health & Personal Care,2026-03-03,11.0,8.0,22.5,8.5,7,20,69
SKU-HPC-304,Daily Multivitamin Gummies 120ct,Health & Personal Care,2026-03-04,11.0,8.0,22.5,8.5,7,20,69
SKU-HPC-304,Daily Multivitamin Gummies 120ct,Health & Personal Care,2026-03-05,6.0,8.0,22.5,8.5,7,20,69
SKU-HPC-304,Daily Multivitamin Gummies 120ct,Health & Personal Care,2026-03-06,6.0,8.0,22.5,8.5,7,20,69
SKU-HPC-304,Daily Multivitamin Gummies 120ct,Health & Personal Care,2026-03-07,11.0,8.0,22.5,8.5,7,20,69
SKU-HPC-304,Daily Multivitamin Gummies 120ct,Health & Personal Care,2026-03-08,7.0,8.0,22.5,8.5,7,20,69
SKU-HPC-304,Daily Multivitamin Gummies 120ct,Health & Personal Care,2026-03-09,9.0,8.0,22.5,8.5,7,20,69
SKU-HPC-304,Daily Multivitamin Gummies 120ct,Health & Personal Care,2026-03-10,5.0,8.0,22.5,8.5,7,20,69
SKU-HPC-304,Daily Multivitamin Gummies 120ct,Health & Personal Care,2026-03-11,11.0,8.0,22.5,8.5,7,20,69
SKU-HPC-304,Daily Multivitamin Gummies 120ct,Health & Personal Care,2026-03-12,5.0,8.0,22.5,8.5,7,20,69
SKU-HPC-304,Daily Multivitamin Gummies 120ct,Health & Personal Care,2026-03-13,8.0,8.0,22.5,8.5,7,20,69
SKU-HPC-304,Daily Multivitamin Gummies 120ct,Health & Personal Care,2026-03-14,5.0,8.0,22.5,8.5,7,20,69
SKU-HPC-304,Daily Multivitamin Gummies 120ct,Health & Personal Care,2026-03-15,12.0,8.0,22.5,8.5,7,20,69
SKU-HPC-304,Daily Multivitamin Gummies 120ct,Health & Personal Care,2026-03-16,8.0,8.0,22.5,8.5,7,20,69
SKU-HPC-304,Daily Multivitamin Gummies 120ct,Health & Personal Care,2026-03-17,5.0,8.0,22.5,8.5,7,20,69
SKU-HPC-304,Daily Multivitamin Gummies 120ct,Health & Personal Care,2026-03-18,9.0,8.0,22.5,8.5,7,20,69
SKU-HPC-304,Daily Multivitamin Gummies 120ct,Health & Personal Care,2026-03-19,10.0,8.0,22.5,8.5,7,20,69
SKU-HPC-304,Daily Multivitamin Gummies 120ct,Health & Personal Care,2026-03-20,3.0,8.0,22.5,8.5,7,20,69
SKU-HPC-304,Daily Multivitamin Gummies 120ct,Health & Personal Care,2026-03-21,12.0,8.0,22.5,8.5,7,20,69
SKU-HPC-304,Daily Multivitamin Gummies 120ct,Health & Personal Care,2026-03-22,11.0,8.0,22.5,8.5,7,20,69
SKU-HPC-304,Daily Multivitamin Gummies 120ct,Health & Personal Care,2026-03-23,4.0,8.0,22.5,8.5,7,20,69
SKU-HPC-304,Daily Multivitamin Gummies 120ct,Health & Personal Care,2026-03-24,11.0,8.0,22.5,8.5,7,20,69
SKU-HPC-304,Daily Multivitamin Gummies 120ct,Health & Personal Care,2026-03-25,5.0,8.0,22.5,8.5,7,20,69
SKU-HPC-304,Daily Multivitamin Gummies 120ct,Health & Personal Care,2026-03-26,5.0,8.0,22.5,8.5,7,20,69
SKU-HPC-304,Daily Multivitamin Gummies 120ct,Health & Personal Care,2026-03-27,7.0,8.0,22.5,8.5,7,20,69
SKU-HPC-304,Daily Multivitamin Gummies 120ct,Health & Personal Care,2026-03-28,10.0,8.0,22.5,8.5,7,20,69
SKU-HPC-304,Daily Multivitamin Gummies 120ct,Health & Personal Care,2026-03-29,10.0,8.0,22.5,8.5,7,20,69
SKU-HPC-304,Daily Multivitamin Gummies 120ct,Health & Personal Care,2026-03-30,11.0,8.0,22.5,8.5,7,20,69
SKU-HPC-304,Daily Multivitamin Gummies 120ct,Health & Personal Care,2026-03-31,10.0,8.0,22.5,8.5,7,20,69
SKU-HPC-304,Daily Multivitamin Gummies 120ct,Health & Personal Care,2026-04-01,10.0,8.0,22.5,8.5,7,20,69
SKU-HPC-304,Daily Multivitamin Gummies 120ct,Health & Personal Care,2026-04-02,9.0,8.0,22.5,8.5,7,20,69
SKU-HPC-304,Daily Multivitamin Gummies 120ct,Health & Personal Care,2026-04-03,5.0,8.0,22.5,8.5,7,20,69
SKU-HPC-304,Daily Multivitamin Gummies 120ct,Health & Personal Care,2026-04-04,11.0,8.0,22.5,8.5,7,20,69
SKU-HPC-304,Daily Multivitamin Gummies 120ct,Health & Personal Care,2026-04-05,9.0,8.0,22.5,8.5,7,20,69
SKU-HPC-304,Daily Multivitamin Gummies 120ct,Health & Personal Care,2026-04-06,7.0,8.0,22.5,8.5,7,20,69
SKU-HPC-304,Daily Multivitamin Gummies 120ct,Health & Personal Care,2026-04-07,8.0,8.0,22.5,8.5,7,20,69
SKU-HPC-304,Daily Multivitamin Gummies 120ct,Health & Personal Care,2026-04-08,7.0,8.0,22.5,8.5,7,20,69
SKU-HPC-304,Daily Multivitamin Gummies 120ct,Health & Personal Care,2026-04-09,11.0,8.0,22.5,8.5,7,20,69
SKU-HPC-304,Daily Multivitamin Gummies 120ct,Health & Personal Care,2026-04-10,10.0,8.0,22.5,8.5,7,20,69
SKU-HPC-304,Daily Multivitamin Gummies 120ct,Health & Personal Care,2026-04-11,10.0,8.0,22.5,8.5,7,20,69
SKU-HPC-304,Daily Multivitamin Gummies 120ct,Health & Personal Care,2026-04-12,12.0,8.0,22.5,8.5,7,20,69
SKU-HPC-304,Daily Multivitamin Gummies 120ct,Health & Personal Care,2026-04-13,2.0,8.0,22.5,8.5,7,20,69
SKU-HPC-304,Daily Multivitamin Gummies 120ct,Health & Personal Care,2026-04-14,5.0,8.0,22.5,8.5,7,20,69
SKU-HPC-304,Daily Multivitamin Gummies 120ct,Health & Personal Care,2026-04-15,9.0,8.0,22.5,8.5,7,20,69
SKU-HPC-304,Daily Multivitamin Gummies 120ct,Health & Personal Care,2026-04-16,9.0,8.0,22.5,8.5,7,20,69
SKU-HPC-304,Daily Multivitamin Gummies 120ct,Health & Personal Care,2026-04-17,4.0,8.0,22.5,8.5,7,20,69
SKU-HPC-304,Daily Multivitamin Gummies 120ct,Health & Personal Care,2026-04-18,17.0,8.0,22.5,8.5,7,20,69
SKU-HPC-304,Daily Multivitamin Gummies 120ct,Health & Personal Care,2026-04-19,13.0,8.0,22.5,8.5,7,20,69
SKU-HPC-304,Daily Multivitamin Gummies 120ct,Health & Personal Care,2026-04-20,7.0,8.0,22.5,8.5,7,20,69
SKU-HPC-304,Daily Multivitamin Gummies 120ct,Health & Personal Care,2026-04-21,7.0,8.0,22.5,8.5,7,20,69
SKU-HPC-304,Daily Multivitamin Gummies 120ct,Health & Personal Care,2026-04-22,3.0,8.0,22.5,8.5,7,20,69
SKU-HPC-304,Daily Multivitamin Gummies 120ct,Health & Personal Care,2026-04-23,7.0,8.0,22.5,8.5,7,20,69
SKU-HPC-304,Daily Multivitamin Gummies 120ct,Health & Personal Care,2026-04-24,8.0,8.0,22.5,8.5,7,20,69
SKU-HPC-304,Daily Multivitamin Gummies 120ct,Health & Personal Care,2026-04-25,9.0,8.0,22.5,8.5,7,20,69
SKU-HPC-304,Daily Multivitamin Gummies 120ct,Health & Personal Care,2026-04-26,13.0,8.0,22.5,8.5,7,20,69
SKU-HPC-304,Daily Multivitamin Gummies 120ct,Health & Personal Care,2026-04-27,13.0,8.0,22.5,8.5,7,20,69
SKU-HPC-304,Daily Multivitamin Gummies 120ct,Health & Personal Care,2026-04-28,8.0,8.0,22.5,8.5,7,20,69
SKU-HPC-304,Daily Multivitamin Gummies 120ct,Health & Personal Care,2026-04-29,13.0,8.0,22.5,8.5,7,20,69
SKU-HPC-304,Daily Multivitamin Gummies 120ct,Health & Personal Care,2026-04-30,8.0,8.0,22.5,8.5,7,20,69
SKU-HPC-304,Daily Multivitamin Gummies 120ct,Health & Personal Care,2026-05-01,7.0,8.0,22.5,8.5,7,20,69
SKU-HPC-304,Daily Multivitamin Gummies 120ct,Health & Personal Care,2026-05-02,10.0,8.0,22.5,8.5,7,20,69
SKU-HPC-304,Daily Multivitamin Gummies 120ct,Health & Personal Care,2026-05-03,10.0,8.0,22.5,8.5,7,20,69
SKU-HPC-304,Daily Multivitamin Gummies 120ct,Health & Personal Care,2026-05-04,9.0,8.0,22.5,8.5,7,20,69
SKU-HPC-304,Daily Multivitamin Gummies 120ct,Health & Personal Care,2026-05-05,7.0,8.0,22.5,8.5,7,20,69
SKU-HPC-304,Daily Multivitamin Gummies 120ct,Health & Personal Care,2026-05-06,8.0,8.0,22.5,8.5,7,20,69
SKU-HPC-304,Daily Multivitamin Gummies 120ct,Health & Personal Care,2026-05-07,4.0,8.0,22.5,8.5,7,20,69
SKU-HPC-304,Daily Multivitamin Gummies 120ct,Health & Personal Care,2026-05-08,11.0,8.0,22.5,8.5,7,20,69
SKU-HPC-304,Daily Multivitamin Gummies 120ct,Health & Personal Care,2026-05-09,6.0,8.0,22.5,8.5,7,20,69
SKU-HPC-304,Daily Multivitamin Gummies 120ct,Health & Personal Care,2026-05-10,6.0,8.0,22.5,8.5,7,20,69
SKU-HPC-304,Daily Multivitamin Gummies 120ct,Health & Personal Care,2026-05-11,6.0,8.0,22.5,8.5,7,20,69
SKU-HPC-304,Daily Multivitamin Gummies 120ct,Health & Personal Care,2026-05-12,7.0,8.0,22.5,8.5,7,20,69
SKU-HPC-304,Daily Multivitamin Gummies 120ct,Health & Personal Care,2026-05-13,9.0,8.0,22.5,8.5,7,20,69
SKU-HPC-304,Daily Multivitamin Gummies 120ct,Health & Personal Care,2026-05-14,13.0,8.0,22.5,8.5,7,20,69
SKU-HPC-304,Daily Multivitamin Gummies 120ct,Health & Personal Care,2026-05-15,10.0,8.0,22.5,8.5,7,20,69
SKU-HPC-304,Daily Multivitamin Gummies 120ct,Health & Personal Care,2026-05-16,14.0,8.0,22.5,8.5,7,20,69
SKU-HPC-304,Daily Multivitamin Gummies 120ct,Health & Personal Care,2026-05-17,11.0,8.0,22.5,8.5,7,20,69
SKU-HPC-304,Daily Multivitamin Gummies 120ct,Health & Personal Care,2026-05-18,10.0,8.0,22.5,8.5,7,20,69
SKU-HPC-304,Daily Multivitamin Gummies 120ct,Health & Personal Care,2026-05-19,7.0,8.0,22.5,8.5,7,20,69
SKU-HPC-304,Daily Multivitamin Gummies 120ct,Health & Personal Care,2026-05-20,12.0,8.0,22.5,8.5,7,20,69
SKU-HPC-304,Daily Multivitamin Gummies 120ct,Health & Personal Care,2026-05-21,9.0,8.0,22.5,8.5,7,20,69
SKU-HPC-304,Daily Multivitamin Gummies 120ct,Health & Personal Care,2026-05-22,5.0,8.0,22.5,8.5,7,20,69
SKU-HPC-304,Daily Multivitamin Gummies 120ct,Health & Personal Care,2026-05-23,5.0,8.0,22.5,8.5,7,20,69
SKU-HPC-304,Daily Multivitamin Gummies 120ct,Health & Personal Care,2026-05-24,9.0,8.0,22.5,8.5,7,20,69
SKU-HPC-304,Daily Multivitamin Gummies 120ct,Health & Personal Care,2026-05-25,9.0,8.0,22.5,8.5,7,20,69
SKU-HPC-304,Daily Multivitamin Gummies 120ct,Health & Personal Care,2026-05-26,5.0,8.0,22.5,8.5,7,20,69
SKU-HPC-304,Daily Multivitamin Gummies 120ct,Health & Personal Care,2026-05-27,11.0,8.0,22.5,8.5,7,20,69
SKU-HPC-304,Daily Multivitamin Gummies 120ct,Health & Personal Care,2026-05-28,5.0,8.0,22.5,8.5,7,20,69
SKU-HPC-304,Daily Multivitamin Gummies 120ct,Health & Personal Care,2026-05-29,4.0,8.0,22.5,8.5,7,20,69
SKU-HPC-304,Daily Multivitamin Gummies 120ct,Health & Personal Care,2026-05-30,11.0,8.0,22.5,8.5,7,20,69
SKU-HPC-304,Daily Multivitamin Gummies 120ct,Health & Personal Care,2026-05-31,8.0,8.0,22.5,8.5,7,20,69
SKU-HPC-304,Daily Multivitamin Gummies 120ct,Health & Personal Care,2026-06-01,6.0,8.0,22.5,8.5,7,20,69
SKU-HPC-304,Daily Multivitamin Gummies 120ct,Health & Personal Care,2026-06-02,8.0,8.0,22.5,8.5,7,20,69
SKU-HPC-304,Daily Multivitamin Gummies 120ct,Health & Personal Care,2026-06-03,7.0,8.0,22.5,8.5,7,20,69
SKU-HPC-304,Daily Multivitamin Gummies 120ct,Health & Personal Care,2026-06-04,13.0,8.0,22.5,8.5,7,20,69
SKU-HPC-304,Daily Multivitamin Gummies 120ct,Health & Personal Care,2026-06-05,9.0,8.0,22.5,8.5,7,20,69
SKU-HPC-304,Daily Multivitamin Gummies 120ct,Health & Personal Care,2026-06-06,7.0,8.0,22.5,8.5,7,20,69
SKU-HPC-304,Daily Multivitamin Gummies 120ct,Health & Personal Care,2026-06-07,15.0,8.0,22.5,8.5,7,20,69
SKU-HPC-304,Daily Multivitamin Gummies 120ct,Health & Personal Care,2026-06-08,13.0,8.0,22.5,8.5,7,20,69
SKU-HPC-304,Daily Multivitamin Gummies 120ct,Health & Personal Care,2026-06-09,10.0,8.0,22.5,8.5,7,20,69
SKU-HPC-304,Daily Multivitamin Gummies 120ct,Health & Personal Care,2026-06-10,10.0,8.0,22.5,8.5,7,20,69
SKU-HPC-304,Daily Multivitamin Gummies 120ct,Health & Personal Care,2026-06-11,7.0,8.0,22.5,8.5,7,20,69
SKU-HPC-304,Daily Multivitamin Gummies 120ct,Health & Personal Care,2026-06-12,12.0,8.0,22.5,8.5,7,20,69
SKU-HPC-304,Daily Multivitamin Gummies 120ct,Health & Personal Care,2026-06-13,12.0,8.0,22.5,8.5,7,20,69
SKU-HPC-304,Daily Multivitamin Gummies 120ct,Health & Personal Care,2026-06-14,6.0,8.0,22.5,8.5,7,20,69
SKU-HPC-304,Daily Multivitamin Gummies 120ct,Health & Personal Care,2026-06-15,7.0,8.0,22.5,8.5,7,20,69
SKU-HPC-304,Daily Multivitamin Gummies 120ct,Health & Personal Care,2026-06-16,6.0,8.0,22.5,8.5,7,20,69
SKU-HPC-304,Daily Multivitamin Gummies 120ct,Health & Personal Care,2026-06-17,10.0,8.0,22.5,8.5,7,20,69
SKU-HPC-304,Daily Multivitamin Gummies 120ct,Health & Personal Care,2026-06-18,10.0,8.0,22.5,8.5,7,20,69
SKU-HPC-304,Daily Multivitamin Gummies 120ct,Health & Personal Care,2026-06-19,9.0,8.0,22.5,8.5,7,20,69
SKU-HPC-304,Daily Multivitamin Gummies 120ct,Health & Personal Care,2026-06-20,19.0,8.0,22.5,8.5,7,20,69
SKU-HPC-304,Daily Multivitamin Gummies 120ct,Health & Personal Care,2026-06-21,9.0,8.0,22.5,8.5,7,20,69
SKU-HPC-304,Daily Multivitamin Gummies 120ct,Health & Personal Care,2026-06-22,12.0,8.0,22.5,8.5,7,20,69
SKU-HPC-304,Daily Multivitamin Gummies 120ct,Health & Personal Care,2026-06-23,5.0,8.0,22.5,8.5,7,20,69
SKU-HPC-304,Daily Multivitamin Gummies 120ct,Health & Personal Care,2026-06-24,12.0,8.0,22.5,8.5,7,20,69
SKU-HPC-304,Daily Multivitamin Gummies 120ct,Health & Personal Care,2026-06-25,7.0,8.0,22.5,8.5,7,20,69
SKU-HPC-304,Daily Multivitamin Gummies 120ct,Health & Personal Care,2026-06-26,7.0,8.0,22.5,8.5,7,20,69
SKU-HPC-304,Daily Multivitamin Gummies 120ct,Health & Personal Care,2026-06-27,14.0,8.0,22.5,8.5,7,20,69
SKU-HPC-304,Daily Multivitamin Gummies 120ct,Health & Personal Care,2026-06-28,19.0,8.0,22.5,8.5,7,20,69
SKU-HPC-304,Daily Multivitamin Gummies 120ct,Health & Personal Care,2026-06-29,13.0,8.0,22.5,8.5,7,20,69
SKU-HPC-304,Daily Multivitamin Gummies 120ct,Health & Personal Care,2026-06-30,10.0,8.0,22.5,8.5,7,20,69
SKU-HPC-304,Daily Multivitamin Gummies 120ct,Health & Personal Care,2026-07-01,7.0,8.0,22.5,8.5,7,20,69
SKU-HPC-304,Daily Multivitamin Gummies 120ct,Health & Personal Care,2026-07-02,5.0,8.0,22.5,8.5,7,20,69
SKU-HPC-304,Daily Multivitamin Gummies 120ct,Health & Personal Care,2026-07-03,12.0,8.0,22.5,8.5,7,20,69
SKU-HPC-304,Daily Multivitamin Gummies 120ct,Health & Personal Care,2026-07-04,8.0,8.0,22.5,8.5,7,20,69
SKU-HPC-304,Daily Multivitamin Gummies 120ct,Health & Personal Care,2026-07-05,11.0,8.0,22.5,8.5,7,20,69
SKU-HPC-304,Daily Multivitamin Gummies 120ct,Health & Personal Care,2026-07-06,6.0,8.0,22.5,8.5,7,20,69
SKU-HPC-304,Daily Multivitamin Gummies 120ct,Health & Personal Care,2026-07-07,6.0,8.0,22.5,8.5,7,20,69
SKU-HPC-304,Daily Multivitamin Gummies 120ct,Health & Personal Care,2026-07-08,11.0,8.0,22.5,8.5,7,20,69
SKU-HPC-304,Daily Multivitamin Gummies 120ct,Health & Personal Care,2026-07-09,8.0,8.0,22.5,8.5,7,20,69
SKU-HPC-304,Daily Multivitamin Gummies 120ct,Health & Personal Care,2026-07-10,7.0,8.0,22.5,8.5,7,20,69
SKU-HPC-304,Daily Multivitamin Gummies 120ct,Health & Personal Care,2026-07-11,12.0,8.0,22.5,8.5,7,20,69
SKU-HPC-304,Daily Multivitamin Gummies 120ct,Health & Personal Care,2026-07-12,15.0,8.0,22.5,8.5,7,20,69
SKU-HPC-304,Daily Multivitamin Gummies 120ct,Health & Personal Care,2026-07-13,9.0,8.0,22.5,8.5,7,20,69
SKU-HPC-304,Daily Multivitamin Gummies 120ct,Health & Personal Care,2026-07-14,14.0,8.0,22.5,8.5,7,20,69
SKU-HPC-304,Daily Multivitamin Gummies 120ct,Health & Personal Care,2026-07-15,6.0,8.0,22.5,8.5,7,20,69
SKU-HPC-304,Daily Multivitamin Gummies 120ct,Health & Personal Care,2026-07-16,8.0,8.0,22.5,8.5,7,20,69
SKU-HPC-304,Daily Multivitamin Gummies 120ct,Health & Personal Care,2026-07-17,10.0,8.0,22.5,8.5,7,20,69
SKU-HPC-304,Daily Multivitamin Gummies 120ct,Health & Personal Care,2026-07-18,8.0,8.0,22.5,8.5,7,20,69
SKU-HPC-304,Daily Multivitamin Gummies 120ct,Health & Personal Care,2026-07-19,16.0,8.0,22.5,8.5,7,20,69
SKU-HPC-304,Daily Multivitamin Gummies 120ct,Health & Personal Care,2026-07-20,7.0,8.0,22.5,8.5,7,20,69
SKU-HPC-304,Daily Multivitamin Gummies 120ct,Health & Personal Care,2026-07-21,14.0,8.0,22.5,8.5,7,20,69
SKU-HPC-304,Daily Multivitamin Gummies 120ct,Health & Personal Care,2026-07-22,13.0,8.0,22.5,8.5,7,20,69
SKU-HPC-304,Daily Multivitamin Gummies 120ct,Health & Personal Care,2026-07-23,8.0,8.0,22.5,8.5,7,20,69
SKU-HPC-304,Daily Multivitamin Gummies 120ct,Health & Personal Care,2026-07-24,13.0,8.0,22.5,8.5,7,20,69
SKU-HPC-304,Daily Multivitamin Gummies 120ct,Health & Personal Care,2026-07-25,14.0,8.0,22.5,8.5,7,20,69
SKU-HPC-304,Daily Multivitamin Gummies 120ct,Health & Personal Care,2026-07-26,14.0,8.0,22.5,8.5,7,20,69
SKU-HPC-304,Daily Multivitamin Gummies 120ct,Health & Personal Care,2026-07-27,7.0,8.0,22.5,8.5,7,20,69
SKU-HPC-304,Daily Multivitamin Gummies 120ct,Health & Personal Care,2026-07-28,5.0,8.0,22.5,8.5,7,20,69
SKU-HPC-304,Daily Multivitamin Gummies 120ct,Health & Personal Care,2026-07-29,10.0,8.0,22.5,8.5,7,20,69
SKU-HPC-304,Daily Multivitamin Gummies 120ct,Health & Personal Care,2026-07-30,11.0,8.0,22.5,8.5,7,20,69
SKU-HPC-304,Daily Multivitamin Gummies 120ct,Health & Personal Care,2026-07-31,7.0,8.0,22.5,8.5,7,20,69
SKU-HPC-304,Daily Multivitamin Gummies 120ct,Health & Personal Care,2026-08-01,10.0,8.0,22.5,8.5,7,20,69
SKU-HPC-304,Daily Multivitamin Gummies 120ct,Health & Personal Care,2026-08-02,12.0,8.0,22.5,8.5,7,20,69
SKU-HPC-304,Daily Multivitamin Gummies 120ct,Health & Personal Care,2026-08-03,16.0,8.0,22.5,8.5,7,20,69
SKU-HPC-304,Daily Multivitamin Gummies 120ct,Health & Personal Care,2026-08-04,13.0,8.0,22.5,8.5,7,20,69
SKU-HPC-304,Daily Multivitamin Gummies 120ct,Health & Personal Care,2026-08-05,9.0,8.0,22.5,8.5,7,20,69
SKU-HPC-304,Daily Multivitamin Gummies 120ct,Health & Personal Care,2026-08-06,12.0,8.0,22.5,8.5,7,20,69
SKU-HPC-304,Daily Multivitamin Gummies 120ct,Health & Personal Care,2026-08-07,13.0,8.0,22.5,8.5,7,20,69
SKU-HPC-304,Daily Multivitamin Gummies 120ct,Health & Personal Care,2026-08-08,10.0,8.0,22.5,8.5,7,20,69
SKU-HPC-304,Daily Multivitamin Gummies 120ct,Health & Personal Care,2026-08-09,13.0,8.0,36.0,8.5,7,20,69
SKU-HPC-304,Daily Multivitamin Gummies 120ct,Health & Personal Care,2026-08-10,13.0,8.0,22.5,8.5,7,20,69
SKU-HPC-304,Daily Multivitamin Gummies 120ct,Health & Personal Care,2026-08-11,11.0,8.0,22.5,8.5,7,20,69
SKU-HPC-304,Daily Multivitamin Gummies 120ct,Health & Personal Care,2026-08-12,8.0,8.0,22.5,8.5,7,20,69
SKU-HPC-304,Daily Multivitamin Gummies 120ct,Health & Personal Care,2026-08-13,11.0,8.0,22.5,8.5,7,20,69
SKU-HPC-304,Daily Multivitamin Gummies 120ct,Health & Personal Care,2026-08-14,9.0,8.0,22.5,8.5,7,20,69
SKU-HPC-304,Daily Multivitamin Gummies 120ct,Health & Personal Care,2026-08-15,11.0,8.0,22.5,8.5,7,20,69
SKU-HPC-304,Daily Multivitamin Gummies 120ct,Health & Personal Care,2026-08-16,15.0,8.0,22.5,8.5,7,20,69
SKU-HPC-304,Daily Multivitamin Gummies 120ct,Health & Personal Care,2026-08-17,10.0,8.0,22.5,8.5,7,20,69
SKU-HPC-304,Daily Multivitamin Gummies 120ct,Health & Personal Care,2026-08-18,12.0,8.0,22.5,8.5,7,20,69
SKU-HPC-304,Daily Multivitamin Gummies 120ct,Health & Personal Care,2026-08-19,11.0,8.0,22.5,8.5,7,20,69
SKU-HPC-304,Daily Multivitamin Gummies 120ct,Health & Personal Care,2026-08-20,12.0,8.0,22.5,8.5,7,20,69
SKU-HPC-304,Daily Multivitamin Gummies 120ct,Health & Personal Care,2026-08-21,9.0,8.0,22.5,8.5,7,20,69
SKU-HPC-304,Daily Multivitamin Gummies 120ct,Health & Personal Care,2026-08-22,20.0,8.0,22.5,8.5,7,20,69
SKU-HPC-304,Daily Multivitamin Gummies 120ct,Health & Personal Care,2026-08-23,20.0,8.0,22.5,8.5,7,20,69
SKU-HPC-304,Daily Multivitamin Gummies 120ct,Health & Personal Care,2026-08-24,12.0,8.0,22.5,8.5,7,20,69
SKU-HPC-304,Daily Multivitamin Gummies 120ct,Health & Personal Care,2026-08-25,9.0,8.0,22.5,8.5,7,20,69
SKU-HPC-304,Daily Multivitamin Gummies 120ct,Health & Personal Care,2026-08-26,12.0,8.0,22.5,8.5,7,20,69
SKU-HPC-304,Daily Multivitamin Gummies 120ct,Health & Personal Care,2026-08-27,11.0,8.0,22.5,8.5,7,20,69
SKU-HPC-305,Aromatherapy Ultrasonic Diffuser,Health & Personal Care,2026-03-01,0.0,180.0,32.99,13.5,18,3,10
SKU-HPC-305,Aromatherapy Ultrasonic Diffuser,Health & Personal Care,2026-03-02,0.0,180.0,32.99,13.5,18,3,10
SKU-HPC-305,Aromatherapy Ultrasonic Diffuser,Health & Personal Care,2026-03-03,0.0,180.0,32.99,13.5,18,3,10
SKU-HPC-305,Aromatherapy Ultrasonic Diffuser,Health & Personal Care,2026-03-04,0.0,180.0,32.99,13.5,18,3,10
SKU-HPC-305,Aromatherapy Ultrasonic Diffuser,Health & Personal Care,2026-03-05,0.0,180.0,32.99,13.5,18,3,10
SKU-HPC-305,Aromatherapy Ultrasonic Diffuser,Health & Personal Care,2026-03-06,0.0,180.0,32.99,13.5,18,3,10
SKU-HPC-305,Aromatherapy Ultrasonic Diffuser,Health & Personal Care,2026-03-07,0.0,180.0,32.99,13.5,18,3,10
SKU-HPC-305,Aromatherapy Ultrasonic Diffuser,Health & Personal Care,2026-03-08,0.0,180.0,32.99,13.5,18,3,10
SKU-HPC-305,Aromatherapy Ultrasonic Diffuser,Health & Personal Care,2026-03-09,0.0,180.0,32.99,13.5,18,3,10
SKU-HPC-305,Aromatherapy Ultrasonic Diffuser,Health & Personal Care,2026-03-10,0.0,180.0,32.99,13.5,18,3,10
SKU-HPC-305,Aromatherapy Ultrasonic Diffuser,Health & Personal Care,2026-03-11,1.0,180.0,32.99,13.5,18,3,10
SKU-HPC-305,Aromatherapy Ultrasonic Diffuser,Health & Personal Care,2026-03-12,0.0,180.0,32.99,13.5,18,3,10
SKU-HPC-305,Aromatherapy Ultrasonic Diffuser,Health & Personal Care,2026-03-13,0.0,180.0,32.99,13.5,18,3,10
SKU-HPC-305,Aromatherapy Ultrasonic Diffuser,Health & Personal Care,2026-03-14,0.0,180.0,32.99,13.5,18,3,10
SKU-HPC-305,Aromatherapy Ultrasonic Diffuser,Health & Personal Care,2026-03-15,0.0,180.0,32.99,13.5,18,3,10
SKU-HPC-305,Aromatherapy Ultrasonic Diffuser,Health & Personal Care,2026-03-16,0.0,180.0,32.99,13.5,18,3,10
SKU-HPC-305,Aromatherapy Ultrasonic Diffuser,Health & Personal Care,2026-03-17,0.0,180.0,32.99,13.5,18,3,10
SKU-HPC-305,Aromatherapy Ultrasonic Diffuser,Health & Personal Care,2026-03-18,0.0,180.0,32.99,13.5,18,3,10
SKU-HPC-305,Aromatherapy Ultrasonic Diffuser,Health & Personal Care,2026-03-19,0.0,180.0,32.99,13.5,18,3,10
SKU-HPC-305,Aromatherapy Ultrasonic Diffuser,Health & Personal Care,2026-03-20,0.0,180.0,32.99,13.5,18,3,10
SKU-HPC-305,Aromatherapy Ultrasonic Diffuser,Health & Personal Care,2026-03-21,0.0,180.0,32.99,13.5,18,3,10
SKU-HPC-305,Aromatherapy Ultrasonic Diffuser,Health & Personal Care,2026-03-22,0.0,180.0,32.99,13.5,18,3,10
SKU-HPC-305,Aromatherapy Ultrasonic Diffuser,Health & Personal Care,2026-03-23,0.0,180.0,32.99,13.5,18,3,10
SKU-HPC-305,Aromatherapy Ultrasonic Diffuser,Health & Personal Care,2026-03-24,0.0,180.0,32.99,13.5,18,3,10
SKU-HPC-305,Aromatherapy Ultrasonic Diffuser,Health & Personal Care,2026-03-25,0.0,180.0,32.99,13.5,18,3,10
SKU-HPC-305,Aromatherapy Ultrasonic Diffuser,Health & Personal Care,2026-03-26,1.0,180.0,32.99,13.5,18,3,10
SKU-HPC-305,Aromatherapy Ultrasonic Diffuser,Health & Personal Care,2026-03-27,0.0,180.0,32.99,13.5,18,3,10
SKU-HPC-305,Aromatherapy Ultrasonic Diffuser,Health & Personal Care,2026-03-28,1.0,180.0,32.99,13.5,18,3,10
SKU-HPC-305,Aromatherapy Ultrasonic Diffuser,Health & Personal Care,2026-03-29,0.0,180.0,32.99,13.5,18,3,10
SKU-HPC-305,Aromatherapy Ultrasonic Diffuser,Health & Personal Care,2026-03-30,1.0,180.0,32.99,13.5,18,3,10
SKU-HPC-305,Aromatherapy Ultrasonic Diffuser,Health & Personal Care,2026-03-31,1.0,180.0,32.99,13.5,18,3,10
SKU-HPC-305,Aromatherapy Ultrasonic Diffuser,Health & Personal Care,2026-04-01,0.0,180.0,32.99,13.5,18,3,10
SKU-HPC-305,Aromatherapy Ultrasonic Diffuser,Health & Personal Care,2026-04-02,0.0,180.0,32.99,13.5,18,3,10
SKU-HPC-305,Aromatherapy Ultrasonic Diffuser,Health & Personal Care,2026-04-03,0.0,180.0,32.99,13.5,18,3,10
SKU-HPC-305,Aromatherapy Ultrasonic Diffuser,Health & Personal Care,2026-04-04,0.0,180.0,32.99,13.5,18,3,10
SKU-HPC-305,Aromatherapy Ultrasonic Diffuser,Health & Personal Care,2026-04-05,3.0,180.0,32.99,13.5,18,3,10
SKU-HPC-305,Aromatherapy Ultrasonic Diffuser,Health & Personal Care,2026-04-06,0.0,180.0,32.99,13.5,18,3,10
SKU-HPC-305,Aromatherapy Ultrasonic Diffuser,Health & Personal Care,2026-04-07,0.0,180.0,32.99,13.5,18,3,10
SKU-HPC-305,Aromatherapy Ultrasonic Diffuser,Health & Personal Care,2026-04-08,0.0,180.0,32.99,13.5,18,3,10
SKU-HPC-305,Aromatherapy Ultrasonic Diffuser,Health & Personal Care,2026-04-09,0.0,180.0,32.99,13.5,18,3,10
SKU-HPC-305,Aromatherapy Ultrasonic Diffuser,Health & Personal Care,2026-04-10,0.0,180.0,32.99,13.5,18,3,10
SKU-HPC-305,Aromatherapy Ultrasonic Diffuser,Health & Personal Care,2026-04-11,3.0,180.0,32.99,13.5,18,3,10
SKU-HPC-305,Aromatherapy Ultrasonic Diffuser,Health & Personal Care,2026-04-12,0.0,180.0,32.99,13.5,18,3,10
SKU-HPC-305,Aromatherapy Ultrasonic Diffuser,Health & Personal Care,2026-04-13,0.0,180.0,32.99,13.5,18,3,10
SKU-HPC-305,Aromatherapy Ultrasonic Diffuser,Health & Personal Care,2026-04-14,1.0,180.0,32.99,13.5,18,3,10
SKU-HPC-305,Aromatherapy Ultrasonic Diffuser,Health & Personal Care,2026-04-15,0.0,180.0,32.99,13.5,18,3,10
SKU-HPC-305,Aromatherapy Ultrasonic Diffuser,Health & Personal Care,2026-04-16,0.0,180.0,32.99,13.5,18,3,10
SKU-HPC-305,Aromatherapy Ultrasonic Diffuser,Health & Personal Care,2026-04-17,0.0,180.0,32.99,13.5,18,3,10
SKU-HPC-305,Aromatherapy Ultrasonic Diffuser,Health & Personal Care,2026-04-18,0.0,180.0,32.99,13.5,18,3,10
SKU-HPC-305,Aromatherapy Ultrasonic Diffuser,Health & Personal Care,2026-04-19,0.0,180.0,32.99,13.5,18,3,10
SKU-HPC-305,Aromatherapy Ultrasonic Diffuser,Health & Personal Care,2026-04-20,1.0,180.0,32.99,13.5,18,3,10
SKU-HPC-305,Aromatherapy Ultrasonic Diffuser,Health & Personal Care,2026-04-21,0.0,180.0,32.99,13.5,18,3,10
SKU-HPC-305,Aromatherapy Ultrasonic Diffuser,Health & Personal Care,2026-04-22,0.0,180.0,32.99,13.5,18,3,10
SKU-HPC-305,Aromatherapy Ultrasonic Diffuser,Health & Personal Care,2026-04-23,1.0,180.0,32.99,13.5,18,3,10
SKU-HPC-305,Aromatherapy Ultrasonic Diffuser,Health & Personal Care,2026-04-24,0.0,180.0,32.99,13.5,18,3,10
SKU-HPC-305,Aromatherapy Ultrasonic Diffuser,Health & Personal Care,2026-04-25,1.0,180.0,32.99,13.5,18,3,10
SKU-HPC-305,Aromatherapy Ultrasonic Diffuser,Health & Personal Care,2026-04-26,1.0,180.0,32.99,13.5,18,3,10
SKU-HPC-305,Aromatherapy Ultrasonic Diffuser,Health & Personal Care,2026-04-27,0.0,180.0,32.99,13.5,18,3,10
SKU-HPC-305,Aromatherapy Ultrasonic Diffuser,Health & Personal Care,2026-04-28,0.0,180.0,32.99,13.5,18,3,10
SKU-HPC-305,Aromatherapy Ultrasonic Diffuser,Health & Personal Care,2026-04-29,1.0,180.0,32.99,13.5,18,3,10
SKU-HPC-305,Aromatherapy Ultrasonic Diffuser,Health & Personal Care,2026-04-30,0.0,180.0,32.99,13.5,18,3,10
SKU-HPC-305,Aromatherapy Ultrasonic Diffuser,Health & Personal Care,2026-05-01,0.0,180.0,32.99,13.5,18,3,10
SKU-HPC-305,Aromatherapy Ultrasonic Diffuser,Health & Personal Care,2026-05-02,0.0,180.0,32.99,13.5,18,3,10
SKU-HPC-305,Aromatherapy Ultrasonic Diffuser,Health & Personal Care,2026-05-03,1.0,180.0,32.99,13.5,18,3,10
SKU-HPC-305,Aromatherapy Ultrasonic Diffuser,Health & Personal Care,2026-05-04,0.0,180.0,32.99,13.5,18,3,10
SKU-HPC-305,Aromatherapy Ultrasonic Diffuser,Health & Personal Care,2026-05-05,0.0,180.0,32.99,13.5,18,3,10
SKU-HPC-305,Aromatherapy Ultrasonic Diffuser,Health & Personal Care,2026-05-06,0.0,180.0,32.99,13.5,18,3,10
SKU-HPC-305,Aromatherapy Ultrasonic Diffuser,Health & Personal Care,2026-05-07,0.0,180.0,32.99,13.5,18,3,10
SKU-HPC-305,Aromatherapy Ultrasonic Diffuser,Health & Personal Care,2026-05-08,0.0,180.0,32.99,13.5,18,3,10
SKU-HPC-305,Aromatherapy Ultrasonic Diffuser,Health & Personal Care,2026-05-09,0.0,180.0,32.99,13.5,18,3,10
SKU-HPC-305,Aromatherapy Ultrasonic Diffuser,Health & Personal Care,2026-05-10,1.0,180.0,32.99,13.5,18,3,10
SKU-HPC-305,Aromatherapy Ultrasonic Diffuser,Health & Personal Care,2026-05-11,0.0,180.0,32.99,13.5,18,3,10
SKU-HPC-305,Aromatherapy Ultrasonic Diffuser,Health & Personal Care,2026-05-12,0.0,180.0,32.99,13.5,18,3,10
SKU-HPC-305,Aromatherapy Ultrasonic Diffuser,Health & Personal Care,2026-05-13,0.0,180.0,32.99,13.5,18,3,10
SKU-HPC-305,Aromatherapy Ultrasonic Diffuser,Health & Personal Care,2026-05-14,0.0,180.0,32.99,13.5,18,3,10
SKU-HPC-305,Aromatherapy Ultrasonic Diffuser,Health & Personal Care,2026-05-15,0.0,180.0,32.99,13.5,18,3,10
SKU-HPC-305,Aromatherapy Ultrasonic Diffuser,Health & Personal Care,2026-05-16,0.0,180.0,32.99,13.5,18,3,10
SKU-HPC-305,Aromatherapy Ultrasonic Diffuser,Health & Personal Care,2026-05-17,0.0,180.0,32.99,13.5,18,3,10
SKU-HPC-305,Aromatherapy Ultrasonic Diffuser,Health & Personal Care,2026-05-18,2.0,180.0,32.99,13.5,18,3,10
SKU-HPC-305,Aromatherapy Ultrasonic Diffuser,Health & Personal Care,2026-05-19,0.0,180.0,32.99,13.5,18,3,10
SKU-HPC-305,Aromatherapy Ultrasonic Diffuser,Health & Personal Care,2026-05-20,0.0,180.0,32.99,13.5,18,3,10
SKU-HPC-305,Aromatherapy Ultrasonic Diffuser,Health & Personal Care,2026-05-21,0.0,180.0,32.99,13.5,18,3,10
SKU-HPC-305,Aromatherapy Ultrasonic Diffuser,Health & Personal Care,2026-05-22,0.0,180.0,32.99,13.5,18,3,10
SKU-HPC-305,Aromatherapy Ultrasonic Diffuser,Health & Personal Care,2026-05-23,0.0,180.0,32.99,13.5,18,3,10
SKU-HPC-305,Aromatherapy Ultrasonic Diffuser,Health & Personal Care,2026-05-24,0.0,180.0,32.99,13.5,18,3,10
SKU-HPC-305,Aromatherapy Ultrasonic Diffuser,Health & Personal Care,2026-05-25,1.0,180.0,32.99,13.5,18,3,10
SKU-HPC-305,Aromatherapy Ultrasonic Diffuser,Health & Personal Care,2026-05-26,0.0,180.0,32.99,13.5,18,3,10
SKU-HPC-305,Aromatherapy Ultrasonic Diffuser,Health & Personal Care,2026-05-27,0.0,180.0,32.99,13.5,18,3,10
SKU-HPC-305,Aromatherapy Ultrasonic Diffuser,Health & Personal Care,2026-05-28,0.0,180.0,32.99,13.5,18,3,10
SKU-HPC-305,Aromatherapy Ultrasonic Diffuser,Health & Personal Care,2026-05-29,0.0,180.0,32.99,13.5,18,3,10
SKU-HPC-305,Aromatherapy Ultrasonic Diffuser,Health & Personal Care,2026-05-30,1.0,180.0,32.99,13.5,18,3,10
SKU-HPC-305,Aromatherapy Ultrasonic Diffuser,Health & Personal Care,2026-05-31,0.0,180.0,32.99,13.5,18,3,10
SKU-HPC-305,Aromatherapy Ultrasonic Diffuser,Health & Personal Care,2026-06-01,0.0,180.0,32.99,13.5,18,3,10
SKU-HPC-305,Aromatherapy Ultrasonic Diffuser,Health & Personal Care,2026-06-02,0.0,180.0,32.99,13.5,18,3,10
SKU-HPC-305,Aromatherapy Ultrasonic Diffuser,Health & Personal Care,2026-06-03,0.0,180.0,32.99,13.5,18,3,10
SKU-HPC-305,Aromatherapy Ultrasonic Diffuser,Health & Personal Care,2026-06-04,0.0,180.0,32.99,13.5,18,3,10
SKU-HPC-305,Aromatherapy Ultrasonic Diffuser,Health & Personal Care,2026-06-05,0.0,180.0,36.0,13.5,18,3,10
SKU-HPC-305,Aromatherapy Ultrasonic Diffuser,Health & Personal Care,2026-06-06,0.0,180.0,32.99,13.5,18,3,10
SKU-HPC-305,Aromatherapy Ultrasonic Diffuser,Health & Personal Care,2026-06-07,0.0,180.0,32.99,13.5,18,3,10
SKU-HPC-305,Aromatherapy Ultrasonic Diffuser,Health & Personal Care,2026-06-08,0.0,180.0,32.99,13.5,18,3,10
SKU-HPC-305,Aromatherapy Ultrasonic Diffuser,Health & Personal Care,2026-06-09,0.0,180.0,32.99,13.5,18,3,10
SKU-HPC-305,Aromatherapy Ultrasonic Diffuser,Health & Personal Care,2026-06-10,0.0,180.0,32.99,13.5,18,3,10
SKU-HPC-305,Aromatherapy Ultrasonic Diffuser,Health & Personal Care,2026-06-11,0.0,180.0,32.99,13.5,18,3,10
SKU-HPC-305,Aromatherapy Ultrasonic Diffuser,Health & Personal Care,2026-06-12,0.0,180.0,32.99,13.5,18,3,10
SKU-HPC-305,Aromatherapy Ultrasonic Diffuser,Health & Personal Care,2026-06-13,1.0,180.0,32.99,13.5,18,3,10
SKU-HPC-305,Aromatherapy Ultrasonic Diffuser,Health & Personal Care,2026-06-14,0.0,180.0,32.99,13.5,18,3,10
SKU-HPC-305,Aromatherapy Ultrasonic Diffuser,Health & Personal Care,2026-06-15,1.0,180.0,32.99,13.5,18,3,10
SKU-HPC-305,Aromatherapy Ultrasonic Diffuser,Health & Personal Care,2026-06-16,0.0,180.0,32.99,13.5,18,3,10
SKU-HPC-305,Aromatherapy Ultrasonic Diffuser,Health & Personal Care,2026-06-17,0.0,180.0,32.99,13.5,18,3,10
SKU-HPC-305,Aromatherapy Ultrasonic Diffuser,Health & Personal Care,2026-06-18,0.0,180.0,32.99,13.5,18,3,10
SKU-HPC-305,Aromatherapy Ultrasonic Diffuser,Health & Personal Care,2026-06-19,0.0,180.0,32.99,13.5,18,3,10
SKU-HPC-305,Aromatherapy Ultrasonic Diffuser,Health & Personal Care,2026-06-20,0.0,180.0,32.99,13.5,18,3,10
SKU-HPC-305,Aromatherapy Ultrasonic Diffuser,Health & Personal Care,2026-06-21,0.0,180.0,32.99,13.5,18,3,10
SKU-HPC-305,Aromatherapy Ultrasonic Diffuser,Health & Personal Care,2026-06-22,0.0,180.0,32.99,13.5,18,3,10
SKU-HPC-305,Aromatherapy Ultrasonic Diffuser,Health & Personal Care,2026-06-23,0.0,180.0,32.99,13.5,18,3,10
SKU-HPC-305,Aromatherapy Ultrasonic Diffuser,Health & Personal Care,2026-06-24,0.0,180.0,32.99,13.5,18,3,10
SKU-HPC-305,Aromatherapy Ultrasonic Diffuser,Health & Personal Care,2026-06-25,0.0,180.0,32.99,13.5,18,3,10
SKU-HPC-305,Aromatherapy Ultrasonic Diffuser,Health & Personal Care,2026-06-26,0.0,180.0,32.99,13.5,18,3,10
SKU-HPC-305,Aromatherapy Ultrasonic Diffuser,Health & Personal Care,2026-06-27,0.0,180.0,32.99,13.5,18,3,10
SKU-HPC-305,Aromatherapy Ultrasonic Diffuser,Health & Personal Care,2026-06-28,0.0,180.0,32.99,13.5,18,3,10
SKU-HPC-305,Aromatherapy Ultrasonic Diffuser,Health & Personal Care,2026-06-29,0.0,180.0,32.99,13.5,18,3,10
SKU-HPC-305,Aromatherapy Ultrasonic Diffuser,Health & Personal Care,2026-06-30,0.0,180.0,32.99,13.5,18,3,10
SKU-HPC-305,Aromatherapy Ultrasonic Diffuser,Health & Personal Care,2026-07-01,1.0,180.0,32.99,13.5,18,3,10
SKU-HPC-305,Aromatherapy Ultrasonic Diffuser,Health & Personal Care,2026-07-02,0.0,180.0,32.99,13.5,18,3,10
SKU-HPC-305,Aromatherapy Ultrasonic Diffuser,Health & Personal Care,2026-07-03,0.0,180.0,32.99,13.5,18,3,10
SKU-HPC-305,Aromatherapy Ultrasonic Diffuser,Health & Personal Care,2026-07-04,0.0,180.0,32.99,13.5,18,3,10
SKU-HPC-305,Aromatherapy Ultrasonic Diffuser,Health & Personal Care,2026-07-05,0.0,180.0,32.99,13.5,18,3,10
SKU-HPC-305,Aromatherapy Ultrasonic Diffuser,Health & Personal Care,2026-07-06,0.0,180.0,32.99,13.5,18,3,10
SKU-HPC-305,Aromatherapy Ultrasonic Diffuser,Health & Personal Care,2026-07-07,0.0,180.0,32.99,13.5,18,3,10
SKU-HPC-305,Aromatherapy Ultrasonic Diffuser,Health & Personal Care,2026-07-08,0.0,180.0,32.99,13.5,18,3,10
SKU-HPC-305,Aromatherapy Ultrasonic Diffuser,Health & Personal Care,2026-07-09,0.0,180.0,32.99,13.5,18,3,10
SKU-HPC-305,Aromatherapy Ultrasonic Diffuser,Health & Personal Care,2026-07-10,1.0,180.0,32.99,13.5,18,3,10
SKU-HPC-305,Aromatherapy Ultrasonic Diffuser,Health & Personal Care,2026-07-11,1.0,180.0,32.99,13.5,18,3,10
SKU-HPC-305,Aromatherapy Ultrasonic Diffuser,Health & Personal Care,2026-07-12,0.0,180.0,32.99,13.5,18,3,10
SKU-HPC-305,Aromatherapy Ultrasonic Diffuser,Health & Personal Care,2026-07-13,0.0,180.0,32.99,13.5,18,3,10
SKU-HPC-305,Aromatherapy Ultrasonic Diffuser,Health & Personal Care,2026-07-14,0.0,180.0,32.99,13.5,18,3,10
SKU-HPC-305,Aromatherapy Ultrasonic Diffuser,Health & Personal Care,2026-07-15,0.0,180.0,32.99,13.5,18,3,10
SKU-HPC-305,Aromatherapy Ultrasonic Diffuser,Health & Personal Care,2026-07-16,0.0,180.0,32.99,13.5,18,3,10
SKU-HPC-305,Aromatherapy Ultrasonic Diffuser,Health & Personal Care,2026-07-17,0.0,180.0,32.99,13.5,18,3,10
SKU-HPC-305,Aromatherapy Ultrasonic Diffuser,Health & Personal Care,2026-07-18,0.0,180.0,32.99,13.5,18,3,10
SKU-HPC-305,Aromatherapy Ultrasonic Diffuser,Health & Personal Care,2026-07-19,1.0,180.0,32.99,13.5,18,3,10
SKU-HPC-305,Aromatherapy Ultrasonic Diffuser,Health & Personal Care,2026-07-20,0.0,180.0,32.99,13.5,18,3,10
SKU-HPC-305,Aromatherapy Ultrasonic Diffuser,Health & Personal Care,2026-07-21,0.0,180.0,32.99,13.5,18,3,10
SKU-HPC-305,Aromatherapy Ultrasonic Diffuser,Health & Personal Care,2026-07-22,0.0,180.0,32.99,13.5,18,3,10
SKU-HPC-305,Aromatherapy Ultrasonic Diffuser,Health & Personal Care,2026-07-23,0.0,180.0,32.99,13.5,18,3,10
SKU-HPC-305,Aromatherapy Ultrasonic Diffuser,Health & Personal Care,2026-07-24,0.0,180.0,32.99,13.5,18,3,10
SKU-HPC-305,Aromatherapy Ultrasonic Diffuser,Health & Personal Care,2026-07-25,0.0,180.0,32.99,13.5,18,3,10
SKU-HPC-305,Aromatherapy Ultrasonic Diffuser,Health & Personal Care,2026-07-26,0.0,180.0,32.99,13.5,18,3,10
SKU-HPC-305,Aromatherapy Ultrasonic Diffuser,Health & Personal Care,2026-07-27,0.0,180.0,32.99,13.5,18,3,10
SKU-HPC-305,Aromatherapy Ultrasonic Diffuser,Health & Personal Care,2026-07-28,0.0,180.0,32.99,13.5,18,3,10
SKU-HPC-305,Aromatherapy Ultrasonic Diffuser,Health & Personal Care,2026-07-29,0.0,180.0,32.99,13.5,18,3,10
SKU-HPC-305,Aromatherapy Ultrasonic Diffuser,Health & Personal Care,2026-07-30,0.0,180.0,32.99,13.5,18,3,10
SKU-HPC-305,Aromatherapy Ultrasonic Diffuser,Health & Personal Care,2026-07-31,0.0,180.0,32.99,13.5,18,3,10
SKU-HPC-305,Aromatherapy Ultrasonic Diffuser,Health & Personal Care,2026-08-01,0.0,180.0,32.99,13.5,18,3,10
SKU-HPC-305,Aromatherapy Ultrasonic Diffuser,Health & Personal Care,2026-08-02,1.0,180.0,32.99,13.5,18,3,10
SKU-HPC-305,Aromatherapy Ultrasonic Diffuser,Health & Personal Care,2026-08-03,0.0,180.0,32.99,13.5,18,3,10
SKU-HPC-305,Aromatherapy Ultrasonic Diffuser,Health & Personal Care,2026-08-04,0.0,180.0,32.99,13.5,18,3,10
SKU-HPC-305,Aromatherapy Ultrasonic Diffuser,Health & Personal Care,2026-08-05,0.0,180.0,32.99,13.5,18,3,10
SKU-HPC-305,Aromatherapy Ultrasonic Diffuser,Health & Personal Care,2026-08-06,0.0,180.0,32.99,13.5,18,3,10
SKU-HPC-305,Aromatherapy Ultrasonic Diffuser,Health & Personal Care,2026-08-07,0.0,180.0,32.99,13.5,18,3,10
SKU-HPC-305,Aromatherapy Ultrasonic Diffuser,Health & Personal Care,2026-08-08,0.0,180.0,32.99,13.5,18,3,10
SKU-HPC-305,Aromatherapy Ultrasonic Diffuser,Health & Personal Care,2026-08-09,0.0,180.0,32.99,13.5,18,3,10
SKU-HPC-305,Aromatherapy Ultrasonic Diffuser,Health & Personal Care,2026-08-10,0.0,180.0,32.99,13.5,18,3,10
SKU-HPC-305,Aromatherapy Ultrasonic Diffuser,Health & Personal Care,2026-08-11,0.0,180.0,32.99,13.5,18,3,10
SKU-HPC-305,Aromatherapy Ultrasonic Diffuser,Health & Personal Care,2026-08-12,0.0,180.0,32.99,13.5,18,3,10
SKU-HPC-305,Aromatherapy Ultrasonic Diffuser,Health & Personal Care,2026-08-13,0.0,180.0,32.99,13.5,18,3,10
SKU-HPC-305,Aromatherapy Ultrasonic Diffuser,Health & Personal Care,2026-08-14,0.0,180.0,32.99,13.5,18,3,10
SKU-HPC-305,Aromatherapy Ultrasonic Diffuser,Health & Personal Care,2026-08-15,0.0,180.0,32.99,13.5,18,3,10
SKU-HPC-305,Aromatherapy Ultrasonic Diffuser,Health & Personal Care,2026-08-16,0.0,180.0,32.99,13.5,18,3,10
SKU-HPC-305,Aromatherapy Ultrasonic Diffuser,Health & Personal Care,2026-08-17,0.0,180.0,32.99,13.5,18,3,10
SKU-HPC-305,Aromatherapy Ultrasonic Diffuser,Health & Personal Care,2026-08-18,1.0,180.0,32.99,13.5,18,3,10
SKU-HPC-305,Aromatherapy Ultrasonic Diffuser,Health & Personal Care,2026-08-19,0.0,180.0,32.99,13.5,18,3,10
SKU-HPC-305,Aromatherapy Ultrasonic Diffuser,Health & Personal Care,2026-08-20,0.0,180.0,32.99,13.5,18,3,10
SKU-HPC-305,Aromatherapy Ultrasonic Diffuser,Health & Personal Care,2026-08-21,0.0,180.0,32.99,13.5,18,3,10
SKU-HPC-305,Aromatherapy Ultrasonic Diffuser,Health & Personal Care,2026-08-22,0.0,180.0,32.99,13.5,18,3,10
SKU-HPC-305,Aromatherapy Ultrasonic Diffuser,Health & Personal Care,2026-08-23,0.0,180.0,32.99,13.5,18,3,10
SKU-HPC-305,Aromatherapy Ultrasonic Diffuser,Health & Personal Care,2026-08-24,0.0,180.0,32.99,13.5,18,3,10
SKU-HPC-305,Aromatherapy Ultrasonic Diffuser,Health & Personal Care,2026-08-25,0.0,180.0,36.0,13.5,18,3,10
SKU-HPC-305,Aromatherapy Ultrasonic Diffuser,Health & Personal Care,2026-08-26,0.0,180.0,32.99,13.5,18,3,10
SKU-HPC-305,Aromatherapy Ultrasonic Diffuser,Health & Personal Care,2026-08-27,0.0,180.0,32.99,13.5,18,3,10
SKU-SPO-401,Insulated Hydro Water Bottle 32oz,Sports & Outdoors,2026-03-01,9.0,20.0,29.99,11.0,10,21,73
SKU-SPO-401,Insulated Hydro Water Bottle 32oz,Sports & Outdoors,2026-03-02,1.0,20.0,29.99,11.0,10,21,73
SKU-SPO-401,Insulated Hydro Water Bottle 32oz,Sports & Outdoors,2026-03-03,4.0,20.0,29.99,11.0,10,21,73
SKU-SPO-401,Insulated Hydro Water Bottle 32oz,Sports & Outdoors,2026-03-04,9.0,20.0,29.99,11.0,10,21,73
SKU-SPO-401,Insulated Hydro Water Bottle 32oz,Sports & Outdoors,2026-03-05,8.0,20.0,29.99,11.0,10,21,73
SKU-SPO-401,Insulated Hydro Water Bottle 32oz,Sports & Outdoors,2026-03-06,5.0,20.0,29.99,11.0,10,21,73
SKU-SPO-401,Insulated Hydro Water Bottle 32oz,Sports & Outdoors,2026-03-07,7.0,20.0,29.99,11.0,10,21,73
SKU-SPO-401,Insulated Hydro Water Bottle 32oz,Sports & Outdoors,2026-03-08,2.0,20.0,29.99,11.0,10,21,73
SKU-SPO-401,Insulated Hydro Water Bottle 32oz,Sports & Outdoors,2026-03-09,5.0,20.0,29.99,11.0,10,21,73
SKU-SPO-401,Insulated Hydro Water Bottle 32oz,Sports & Outdoors,2026-03-10,6.0,20.0,29.99,11.0,10,21,73
SKU-SPO-401,Insulated Hydro Water Bottle 32oz,Sports & Outdoors,2026-03-11,6.0,20.0,29.99,11.0,10,21,73
SKU-SPO-401,Insulated Hydro Water Bottle 32oz,Sports & Outdoors,2026-03-12,5.0,20.0,29.99,11.0,10,21,73
SKU-SPO-401,Insulated Hydro Water Bottle 32oz,Sports & Outdoors,2026-03-13,3.0,20.0,29.99,11.0,10,21,73
SKU-SPO-401,Insulated Hydro Water Bottle 32oz,Sports & Outdoors,2026-03-14,6.0,20.0,29.99,11.0,10,21,73
SKU-SPO-401,Insulated Hydro Water Bottle 32oz,Sports & Outdoors,2026-03-15,2.0,20.0,29.99,11.0,10,21,73
SKU-SPO-401,Insulated Hydro Water Bottle 32oz,Sports & Outdoors,2026-03-16,7.0,20.0,29.99,11.0,10,21,73
SKU-SPO-401,Insulated Hydro Water Bottle 32oz,Sports & Outdoors,2026-03-17,7.0,20.0,29.99,11.0,10,21,73
SKU-SPO-401,Insulated Hydro Water Bottle 32oz,Sports & Outdoors,2026-03-18,7.0,20.0,29.99,11.0,10,21,73
SKU-SPO-401,Insulated Hydro Water Bottle 32oz,Sports & Outdoors,2026-03-19,5.0,20.0,29.99,11.0,10,21,73
SKU-SPO-401,Insulated Hydro Water Bottle 32oz,Sports & Outdoors,2026-03-20,10.0,20.0,29.99,11.0,10,21,73
SKU-SPO-401,Insulated Hydro Water Bottle 32oz,Sports & Outdoors,2026-03-21,4.0,20.0,29.99,11.0,10,21,73
SKU-SPO-401,Insulated Hydro Water Bottle 32oz,Sports & Outdoors,2026-03-22,10.0,20.0,29.99,11.0,10,21,73
SKU-SPO-401,Insulated Hydro Water Bottle 32oz,Sports & Outdoors,2026-03-23,5.0,20.0,29.99,11.0,10,21,73
SKU-SPO-401,Insulated Hydro Water Bottle 32oz,Sports & Outdoors,2026-03-24,4.0,20.0,29.99,11.0,10,21,73
SKU-SPO-401,Insulated Hydro Water Bottle 32oz,Sports & Outdoors,2026-03-25,3.0,20.0,29.99,11.0,10,21,73
SKU-SPO-401,Insulated Hydro Water Bottle 32oz,Sports & Outdoors,2026-03-26,7.0,20.0,29.99,11.0,10,21,73
SKU-SPO-401,Insulated Hydro Water Bottle 32oz,Sports & Outdoors,2026-03-27,4.0,20.0,29.99,11.0,10,21,73
SKU-SPO-401,Insulated Hydro Water Bottle 32oz,Sports & Outdoors,2026-03-28,8.0,20.0,29.99,11.0,10,21,73
SKU-SPO-401,Insulated Hydro Water Bottle 32oz,Sports & Outdoors,2026-03-29,14.0,20.0,29.99,11.0,10,21,73
SKU-SPO-401,Insulated Hydro Water Bottle 32oz,Sports & Outdoors,2026-03-30,5.0,20.0,29.99,11.0,10,21,73
SKU-SPO-401,Insulated Hydro Water Bottle 32oz,Sports & Outdoors,2026-03-31,6.0,20.0,29.99,11.0,10,21,73
SKU-SPO-401,Insulated Hydro Water Bottle 32oz,Sports & Outdoors,2026-04-01,4.0,20.0,29.99,11.0,10,21,73
SKU-SPO-401,Insulated Hydro Water Bottle 32oz,Sports & Outdoors,2026-04-02,6.0,20.0,29.99,11.0,10,21,73
SKU-SPO-401,Insulated Hydro Water Bottle 32oz,Sports & Outdoors,2026-04-03,2.0,20.0,29.99,11.0,10,21,73
SKU-SPO-401,Insulated Hydro Water Bottle 32oz,Sports & Outdoors,2026-04-04,7.0,20.0,29.99,11.0,10,21,73
SKU-SPO-401,Insulated Hydro Water Bottle 32oz,Sports & Outdoors,2026-04-05,10.0,20.0,29.99,11.0,10,21,73
SKU-SPO-401,Insulated Hydro Water Bottle 32oz,Sports & Outdoors,2026-04-06,5.0,20.0,29.99,11.0,10,21,73
SKU-SPO-401,Insulated Hydro Water Bottle 32oz,Sports & Outdoors,2026-04-07,6.0,20.0,29.99,11.0,10,21,73
SKU-SPO-401,Insulated Hydro Water Bottle 32oz,Sports & Outdoors,2026-04-08,6.0,20.0,29.99,11.0,10,21,73
SKU-SPO-401,Insulated Hydro Water Bottle 32oz,Sports & Outdoors,2026-04-09,5.0,20.0,29.99,11.0,10,21,73
SKU-SPO-401,Insulated Hydro Water Bottle 32oz,Sports & Outdoors,2026-04-10,8.0,20.0,29.99,11.0,10,21,73
SKU-SPO-401,Insulated Hydro Water Bottle 32oz,Sports & Outdoors,2026-04-11,10.0,20.0,29.99,11.0,10,21,73
SKU-SPO-401,Insulated Hydro Water Bottle 32oz,Sports & Outdoors,2026-04-12,11.0,20.0,29.99,11.0,10,21,73
SKU-SPO-401,Insulated Hydro Water Bottle 32oz,Sports & Outdoors,2026-04-13,6.0,20.0,29.99,11.0,10,21,73
SKU-SPO-401,Insulated Hydro Water Bottle 32oz,Sports & Outdoors,2026-04-14,1.0,20.0,29.99,11.0,10,21,73
SKU-SPO-401,Insulated Hydro Water Bottle 32oz,Sports & Outdoors,2026-04-15,6.0,20.0,29.99,11.0,10,21,73
SKU-SPO-401,Insulated Hydro Water Bottle 32oz,Sports & Outdoors,2026-04-16,8.0,20.0,29.99,11.0,10,21,73
SKU-SPO-401,Insulated Hydro Water Bottle 32oz,Sports & Outdoors,2026-04-17,3.0,20.0,29.99,11.0,10,21,73
SKU-SPO-401,Insulated Hydro Water Bottle 32oz,Sports & Outdoors,2026-04-18,9.0,20.0,29.99,11.0,10,21,73
SKU-SPO-401,Insulated Hydro Water Bottle 32oz,Sports & Outdoors,2026-04-19,4.0,20.0,29.99,11.0,10,21,73
SKU-SPO-401,Insulated Hydro Water Bottle 32oz,Sports & Outdoors,2026-04-20,6.0,20.0,29.99,11.0,10,21,73
SKU-SPO-401,Insulated Hydro Water Bottle 32oz,Sports & Outdoors,2026-04-21,5.0,20.0,29.99,11.0,10,21,73
SKU-SPO-401,Insulated Hydro Water Bottle 32oz,Sports & Outdoors,2026-04-22,0.0,20.0,29.99,11.0,10,21,73
SKU-SPO-401,Insulated Hydro Water Bottle 32oz,Sports & Outdoors,2026-04-23,3.0,20.0,29.99,11.0,10,21,73
SKU-SPO-401,Insulated Hydro Water Bottle 32oz,Sports & Outdoors,2026-04-24,5.0,20.0,29.99,11.0,10,21,73
SKU-SPO-401,Insulated Hydro Water Bottle 32oz,Sports & Outdoors,2026-04-25,11.0,20.0,29.99,11.0,10,21,73
SKU-SPO-401,Insulated Hydro Water Bottle 32oz,Sports & Outdoors,2026-04-26,5.0,20.0,29.99,11.0,10,21,73
SKU-SPO-401,Insulated Hydro Water Bottle 32oz,Sports & Outdoors,2026-04-27,2.0,20.0,29.99,11.0,10,21,73
SKU-SPO-401,Insulated Hydro Water Bottle 32oz,Sports & Outdoors,2026-04-28,5.0,20.0,29.99,11.0,10,21,73
SKU-SPO-401,Insulated Hydro Water Bottle 32oz,Sports & Outdoors,2026-04-29,6.0,20.0,29.99,11.0,10,21,73
SKU-SPO-401,Insulated Hydro Water Bottle 32oz,Sports & Outdoors,2026-04-30,4.0,20.0,29.99,11.0,10,21,73
SKU-SPO-401,Insulated Hydro Water Bottle 32oz,Sports & Outdoors,2026-05-01,4.0,20.0,29.99,11.0,10,21,73
SKU-SPO-401,Insulated Hydro Water Bottle 32oz,Sports & Outdoors,2026-05-02,7.0,20.0,29.99,11.0,10,21,73
SKU-SPO-401,Insulated Hydro Water Bottle 32oz,Sports & Outdoors,2026-05-03,5.0,20.0,29.99,11.0,10,21,73
SKU-SPO-401,Insulated Hydro Water Bottle 32oz,Sports & Outdoors,2026-05-04,7.0,20.0,29.99,11.0,10,21,73
SKU-SPO-401,Insulated Hydro Water Bottle 32oz,Sports & Outdoors,2026-05-05,2.0,20.0,29.99,11.0,10,21,73
SKU-SPO-401,Insulated Hydro Water Bottle 32oz,Sports & Outdoors,2026-05-06,3.0,20.0,29.99,11.0,10,21,73
SKU-SPO-401,Insulated Hydro Water Bottle 32oz,Sports & Outdoors,2026-05-07,4.0,20.0,29.99,11.0,10,21,73
SKU-SPO-401,Insulated Hydro Water Bottle 32oz,Sports & Outdoors,2026-05-08,2.0,20.0,29.99,11.0,10,21,73
SKU-SPO-401,Insulated Hydro Water Bottle 32oz,Sports & Outdoors,2026-05-09,3.0,20.0,29.99,11.0,10,21,73
SKU-SPO-401,Insulated Hydro Water Bottle 32oz,Sports & Outdoors,2026-05-10,6.0,20.0,29.99,11.0,10,21,73
SKU-SPO-401,Insulated Hydro Water Bottle 32oz,Sports & Outdoors,2026-05-11,8.0,20.0,29.99,11.0,10,21,73
SKU-SPO-401,Insulated Hydro Water Bottle 32oz,Sports & Outdoors,2026-05-12,4.0,20.0,29.99,11.0,10,21,73
SKU-SPO-401,Insulated Hydro Water Bottle 32oz,Sports & Outdoors,2026-05-13,6.0,20.0,29.99,11.0,10,21,73
SKU-SPO-401,Insulated Hydro Water Bottle 32oz,Sports & Outdoors,2026-05-14,5.0,20.0,29.99,11.0,10,21,73
SKU-SPO-401,Insulated Hydro Water Bottle 32oz,Sports & Outdoors,2026-05-15,3.0,20.0,29.99,11.0,10,21,73
SKU-SPO-401,Insulated Hydro Water Bottle 32oz,Sports & Outdoors,2026-05-16,4.0,20.0,29.99,11.0,10,21,73
SKU-SPO-401,Insulated Hydro Water Bottle 32oz,Sports & Outdoors,2026-05-17,5.0,20.0,29.99,11.0,10,21,73
SKU-SPO-401,Insulated Hydro Water Bottle 32oz,Sports & Outdoors,2026-05-18,4.0,20.0,29.99,11.0,10,21,73
SKU-SPO-401,Insulated Hydro Water Bottle 32oz,Sports & Outdoors,2026-05-19,4.0,20.0,29.99,11.0,10,21,73
SKU-SPO-401,Insulated Hydro Water Bottle 32oz,Sports & Outdoors,2026-05-20,8.0,20.0,29.99,11.0,10,21,73
SKU-SPO-401,Insulated Hydro Water Bottle 32oz,Sports & Outdoors,2026-05-21,4.0,20.0,29.99,11.0,10,21,73
SKU-SPO-401,Insulated Hydro Water Bottle 32oz,Sports & Outdoors,2026-05-22,4.0,20.0,29.99,11.0,10,21,73
SKU-SPO-401,Insulated Hydro Water Bottle 32oz,Sports & Outdoors,2026-05-23,3.0,20.0,29.99,11.0,10,21,73
SKU-SPO-401,Insulated Hydro Water Bottle 32oz,Sports & Outdoors,2026-05-24,6.0,20.0,29.99,11.0,10,21,73
SKU-SPO-401,Insulated Hydro Water Bottle 32oz,Sports & Outdoors,2026-05-25,5.0,20.0,29.99,11.0,10,21,73
SKU-SPO-401,Insulated Hydro Water Bottle 32oz,Sports & Outdoors,2026-05-26,4.0,20.0,29.99,11.0,10,21,73
SKU-SPO-401,Insulated Hydro Water Bottle 32oz,Sports & Outdoors,2026-05-27,2.0,20.0,29.99,11.0,10,21,73
SKU-SPO-401,Insulated Hydro Water Bottle 32oz,Sports & Outdoors,2026-05-28,5.0,20.0,29.99,11.0,10,21,73
SKU-SPO-401,Insulated Hydro Water Bottle 32oz,Sports & Outdoors,2026-05-29,11.0,20.0,29.99,11.0,10,21,73
SKU-SPO-401,Insulated Hydro Water Bottle 32oz,Sports & Outdoors,2026-05-30,8.0,20.0,29.99,11.0,10,21,73
SKU-SPO-401,Insulated Hydro Water Bottle 32oz,Sports & Outdoors,2026-05-31,5.0,20.0,29.99,11.0,10,21,73
SKU-SPO-401,Insulated Hydro Water Bottle 32oz,Sports & Outdoors,2026-06-01,4.0,20.0,29.99,11.0,10,21,73
SKU-SPO-401,Insulated Hydro Water Bottle 32oz,Sports & Outdoors,2026-06-02,9.0,20.0,29.99,11.0,10,21,73
SKU-SPO-401,Insulated Hydro Water Bottle 32oz,Sports & Outdoors,2026-06-03,2.0,20.0,29.99,11.0,10,21,73
SKU-SPO-401,Insulated Hydro Water Bottle 32oz,Sports & Outdoors,2026-06-04,5.0,20.0,29.99,11.0,10,21,73
SKU-SPO-401,Insulated Hydro Water Bottle 32oz,Sports & Outdoors,2026-06-05,4.0,20.0,29.99,11.0,10,21,73
SKU-SPO-401,Insulated Hydro Water Bottle 32oz,Sports & Outdoors,2026-06-06,7.0,20.0,29.99,11.0,10,21,73
SKU-SPO-401,Insulated Hydro Water Bottle 32oz,Sports & Outdoors,2026-06-07,4.0,20.0,29.99,11.0,10,21,73
SKU-SPO-401,Insulated Hydro Water Bottle 32oz,Sports & Outdoors,2026-06-08,3.0,20.0,29.99,11.0,10,21,73
SKU-SPO-401,Insulated Hydro Water Bottle 32oz,Sports & Outdoors,2026-06-09,9.0,20.0,29.99,11.0,10,21,73
SKU-SPO-401,Insulated Hydro Water Bottle 32oz,Sports & Outdoors,2026-06-10,4.0,20.0,29.99,11.0,10,21,73
SKU-SPO-401,Insulated Hydro Water Bottle 32oz,Sports & Outdoors,2026-06-11,4.0,20.0,29.99,11.0,10,21,73
SKU-SPO-401,Insulated Hydro Water Bottle 32oz,Sports & Outdoors,2026-06-12,7.0,20.0,29.99,11.0,10,21,73
SKU-SPO-401,Insulated Hydro Water Bottle 32oz,Sports & Outdoors,2026-06-13,10.0,20.0,29.99,11.0,10,21,73
SKU-SPO-401,Insulated Hydro Water Bottle 32oz,Sports & Outdoors,2026-06-14,11.0,20.0,29.99,11.0,10,21,73
SKU-SPO-401,Insulated Hydro Water Bottle 32oz,Sports & Outdoors,2026-06-15,6.0,20.0,29.99,11.0,10,21,73
SKU-SPO-401,Insulated Hydro Water Bottle 32oz,Sports & Outdoors,2026-06-16,6.0,20.0,29.99,11.0,10,21,73
SKU-SPO-401,Insulated Hydro Water Bottle 32oz,Sports & Outdoors,2026-06-17,9.0,20.0,29.99,11.0,10,21,73
SKU-SPO-401,Insulated Hydro Water Bottle 32oz,Sports & Outdoors,2026-06-18,3.0,20.0,29.99,11.0,10,21,73
SKU-SPO-401,Insulated Hydro Water Bottle 32oz,Sports & Outdoors,2026-06-19,5.0,20.0,29.99,11.0,10,21,73
SKU-SPO-401,Insulated Hydro Water Bottle 32oz,Sports & Outdoors,2026-06-20,5.0,20.0,29.99,11.0,10,21,73
SKU-SPO-401,Insulated Hydro Water Bottle 32oz,Sports & Outdoors,2026-06-21,12.0,20.0,29.99,11.0,10,21,73
SKU-SPO-401,Insulated Hydro Water Bottle 32oz,Sports & Outdoors,2026-06-22,5.0,20.0,29.99,11.0,10,21,73
SKU-SPO-401,Insulated Hydro Water Bottle 32oz,Sports & Outdoors,2026-06-23,4.0,20.0,29.99,11.0,10,21,73
SKU-SPO-401,Insulated Hydro Water Bottle 32oz,Sports & Outdoors,2026-06-24,11.0,20.0,29.99,11.0,10,21,73
SKU-SPO-401,Insulated Hydro Water Bottle 32oz,Sports & Outdoors,2026-06-25,6.0,20.0,29.99,11.0,10,21,73
SKU-SPO-401,Insulated Hydro Water Bottle 32oz,Sports & Outdoors,2026-06-26,6.0,20.0,29.99,11.0,10,21,73
SKU-SPO-401,Insulated Hydro Water Bottle 32oz,Sports & Outdoors,2026-06-27,2.0,20.0,29.99,11.0,10,21,73
SKU-SPO-401,Insulated Hydro Water Bottle 32oz,Sports & Outdoors,2026-06-28,3.0,20.0,29.99,11.0,10,21,73
SKU-SPO-401,Insulated Hydro Water Bottle 32oz,Sports & Outdoors,2026-06-29,3.0,20.0,29.99,11.0,10,21,73
SKU-SPO-401,Insulated Hydro Water Bottle 32oz,Sports & Outdoors,2026-06-30,3.0,20.0,29.99,11.0,10,21,73
SKU-SPO-401,Insulated Hydro Water Bottle 32oz,Sports & Outdoors,2026-07-01,4.0,20.0,29.99,11.0,10,21,73
SKU-SPO-401,Insulated Hydro Water Bottle 32oz,Sports & Outdoors,2026-07-02,6.0,20.0,29.99,11.0,10,21,73
SKU-SPO-401,Insulated Hydro Water Bottle 32oz,Sports & Outdoors,2026-07-03,10.0,20.0,29.99,11.0,10,21,73
SKU-SPO-401,Insulated Hydro Water Bottle 32oz,Sports & Outdoors,2026-07-04,6.0,20.0,29.99,11.0,10,21,73
SKU-SPO-401,Insulated Hydro Water Bottle 32oz,Sports & Outdoors,2026-07-05,7.0,20.0,29.99,11.0,10,21,73
SKU-SPO-401,Insulated Hydro Water Bottle 32oz,Sports & Outdoors,2026-07-06,8.0,20.0,29.99,11.0,10,21,73
SKU-SPO-401,Insulated Hydro Water Bottle 32oz,Sports & Outdoors,2026-07-07,5.0,20.0,29.99,11.0,10,21,73
SKU-SPO-401,Insulated Hydro Water Bottle 32oz,Sports & Outdoors,2026-07-08,5.0,20.0,29.99,11.0,10,21,73
SKU-SPO-401,Insulated Hydro Water Bottle 32oz,Sports & Outdoors,2026-07-09,9.0,20.0,29.99,11.0,10,21,73
SKU-SPO-401,Insulated Hydro Water Bottle 32oz,Sports & Outdoors,2026-07-10,6.0,20.0,29.99,11.0,10,21,73
SKU-SPO-401,Insulated Hydro Water Bottle 32oz,Sports & Outdoors,2026-07-11,2.0,20.0,29.99,11.0,10,21,73
SKU-SPO-401,Insulated Hydro Water Bottle 32oz,Sports & Outdoors,2026-07-12,9.0,20.0,29.99,11.0,10,21,73
SKU-SPO-401,Insulated Hydro Water Bottle 32oz,Sports & Outdoors,2026-07-13,5.0,20.0,29.99,11.0,10,21,73
SKU-SPO-401,Insulated Hydro Water Bottle 32oz,Sports & Outdoors,2026-07-14,7.0,20.0,29.99,11.0,10,21,73
SKU-SPO-401,Insulated Hydro Water Bottle 32oz,Sports & Outdoors,2026-07-15,5.0,20.0,29.99,11.0,10,21,73
SKU-SPO-401,Insulated Hydro Water Bottle 32oz,Sports & Outdoors,2026-07-16,2.0,20.0,29.99,11.0,10,21,73
SKU-SPO-401,Insulated Hydro Water Bottle 32oz,Sports & Outdoors,2026-07-17,5.0,20.0,29.99,11.0,10,21,73
SKU-SPO-401,Insulated Hydro Water Bottle 32oz,Sports & Outdoors,2026-07-18,6.0,20.0,29.99,11.0,10,21,73
SKU-SPO-401,Insulated Hydro Water Bottle 32oz,Sports & Outdoors,2026-07-19,14.0,20.0,29.99,11.0,10,21,73
SKU-SPO-401,Insulated Hydro Water Bottle 32oz,Sports & Outdoors,2026-07-20,9.0,20.0,29.99,11.0,10,21,73
SKU-SPO-401,Insulated Hydro Water Bottle 32oz,Sports & Outdoors,2026-07-21,8.0,20.0,29.99,11.0,10,21,73
SKU-SPO-401,Insulated Hydro Water Bottle 32oz,Sports & Outdoors,2026-07-22,7.0,20.0,29.99,11.0,10,21,73
SKU-SPO-401,Insulated Hydro Water Bottle 32oz,Sports & Outdoors,2026-07-23,6.0,20.0,29.99,11.0,10,21,73
SKU-SPO-401,Insulated Hydro Water Bottle 32oz,Sports & Outdoors,2026-07-24,6.0,20.0,29.99,11.0,10,21,73
SKU-SPO-401,Insulated Hydro Water Bottle 32oz,Sports & Outdoors,2026-07-25,11.0,20.0,29.99,11.0,10,21,73
SKU-SPO-401,Insulated Hydro Water Bottle 32oz,Sports & Outdoors,2026-07-26,10.0,20.0,29.99,11.0,10,21,73
SKU-SPO-401,Insulated Hydro Water Bottle 32oz,Sports & Outdoors,2026-07-27,5.0,20.0,29.99,11.0,10,21,73
SKU-SPO-401,Insulated Hydro Water Bottle 32oz,Sports & Outdoors,2026-07-28,8.0,20.0,29.99,11.0,10,21,73
SKU-SPO-401,Insulated Hydro Water Bottle 32oz,Sports & Outdoors,2026-07-29,6.0,20.0,29.99,11.0,10,21,73
SKU-SPO-401,Insulated Hydro Water Bottle 32oz,Sports & Outdoors,2026-07-30,4.0,20.0,29.99,11.0,10,21,73
SKU-SPO-401,Insulated Hydro Water Bottle 32oz,Sports & Outdoors,2026-07-31,6.0,20.0,29.99,11.0,10,21,73
SKU-SPO-401,Insulated Hydro Water Bottle 32oz,Sports & Outdoors,2026-08-01,10.0,20.0,29.99,11.0,10,21,73
SKU-SPO-401,Insulated Hydro Water Bottle 32oz,Sports & Outdoors,2026-08-02,3.0,20.0,29.99,11.0,10,21,73
SKU-SPO-401,Insulated Hydro Water Bottle 32oz,Sports & Outdoors,2026-08-03,7.0,20.0,29.99,11.0,10,21,73
SKU-SPO-401,Insulated Hydro Water Bottle 32oz,Sports & Outdoors,2026-08-04,6.0,20.0,29.99,11.0,10,21,73
SKU-SPO-401,Insulated Hydro Water Bottle 32oz,Sports & Outdoors,2026-08-05,6.0,20.0,29.99,11.0,10,21,73
SKU-SPO-401,Insulated Hydro Water Bottle 32oz,Sports & Outdoors,2026-08-06,4.0,20.0,29.99,11.0,10,21,73
SKU-SPO-401,Insulated Hydro Water Bottle 32oz,Sports & Outdoors,2026-08-07,3.0,20.0,29.99,11.0,10,21,73
SKU-SPO-401,Insulated Hydro Water Bottle 32oz,Sports & Outdoors,2026-08-08,4.0,20.0,29.99,11.0,10,21,73
SKU-SPO-401,Insulated Hydro Water Bottle 32oz,Sports & Outdoors,2026-08-09,11.0,20.0,29.99,11.0,10,21,73
SKU-SPO-401,Insulated Hydro Water Bottle 32oz,Sports & Outdoors,2026-08-10,4.0,20.0,29.99,11.0,10,21,73
SKU-SPO-401,Insulated Hydro Water Bottle 32oz,Sports & Outdoors,2026-08-11,5.0,20.0,29.99,11.0,10,21,73
SKU-SPO-401,Insulated Hydro Water Bottle 32oz,Sports & Outdoors,2026-08-12,3.0,20.0,29.99,11.0,10,21,73
SKU-SPO-401,Insulated Hydro Water Bottle 32oz,Sports & Outdoors,2026-08-13,5.0,20.0,29.99,11.0,10,21,73
SKU-SPO-401,Insulated Hydro Water Bottle 32oz,Sports & Outdoors,2026-08-14,7.0,20.0,29.99,11.0,10,21,73
SKU-SPO-401,Insulated Hydro Water Bottle 32oz,Sports & Outdoors,2026-08-15,9.0,20.0,29.99,11.0,10,21,73
SKU-SPO-401,Insulated Hydro Water Bottle 32oz,Sports & Outdoors,2026-08-16,5.0,20.0,29.99,11.0,10,21,73
SKU-SPO-401,Insulated Hydro Water Bottle 32oz,Sports & Outdoors,2026-08-17,3.0,20.0,29.99,11.0,10,21,73
SKU-SPO-401,Insulated Hydro Water Bottle 32oz,Sports & Outdoors,2026-08-18,2.0,20.0,29.99,11.0,10,21,73
SKU-SPO-401,Insulated Hydro Water Bottle 32oz,Sports & Outdoors,2026-08-19,3.0,20.0,29.99,11.0,10,21,73
SKU-SPO-401,Insulated Hydro Water Bottle 32oz,Sports & Outdoors,2026-08-20,7.0,20.0,29.99,11.0,10,21,73
SKU-SPO-401,Insulated Hydro Water Bottle 32oz,Sports & Outdoors,2026-08-21,5.0,20.0,29.99,11.0,10,21,73
SKU-SPO-401,Insulated Hydro Water Bottle 32oz,Sports & Outdoors,2026-08-22,4.0,20.0,29.99,11.0,10,21,73
SKU-SPO-401,Insulated Hydro Water Bottle 32oz,Sports & Outdoors,2026-08-23,4.0,20.0,29.99,11.0,10,21,73
SKU-SPO-401,Insulated Hydro Water Bottle 32oz,Sports & Outdoors,2026-08-24,3.0,20.0,29.99,11.0,10,21,73
SKU-SPO-401,Insulated Hydro Water Bottle 32oz,Sports & Outdoors,2026-08-25,5.0,20.0,29.99,11.0,10,21,73
SKU-SPO-401,Insulated Hydro Water Bottle 32oz,Sports & Outdoors,2026-08-26,4.0,20.0,29.99,11.0,10,21,73
SKU-SPO-401,Insulated Hydro Water Bottle 32oz,Sports & Outdoors,2026-08-27,5.0,20.0,29.99,11.0,10,21,73
SKU-SPO-402,Non-Slip High Density Yoga Mat,Sports & Outdoors,2026-03-01,6.0,150.0,38.0,16.0,14,22,78
SKU-SPO-402,Non-Slip High Density Yoga Mat,Sports & Outdoors,2026-03-02,4.0,150.0,38.0,16.0,14,22,78
SKU-SPO-402,Non-Slip High Density Yoga Mat,Sports & Outdoors,2026-03-03,6.0,150.0,38.0,16.0,14,22,78
SKU-SPO-402,Non-Slip High Density Yoga Mat,Sports & Outdoors,2026-03-04,7.0,150.0,38.0,16.0,14,22,78
SKU-SPO-402,Non-Slip High Density Yoga Mat,Sports & Outdoors,2026-03-05,4.0,150.0,38.0,16.0,14,22,78
SKU-SPO-402,Non-Slip High Density Yoga Mat,Sports & Outdoors,2026-03-06,2.0,150.0,38.0,16.0,14,22,78
SKU-SPO-402,Non-Slip High Density Yoga Mat,Sports & Outdoors,2026-03-07,5.0,150.0,38.0,16.0,14,22,78
SKU-SPO-402,Non-Slip High Density Yoga Mat,Sports & Outdoors,2026-03-08,10.0,150.0,38.0,16.0,14,22,78
SKU-SPO-402,Non-Slip High Density Yoga Mat,Sports & Outdoors,2026-03-09,6.0,150.0,38.0,16.0,14,22,78
SKU-SPO-402,Non-Slip High Density Yoga Mat,Sports & Outdoors,2026-03-10,8.0,150.0,38.0,16.0,14,22,78
SKU-SPO-402,Non-Slip High Density Yoga Mat,Sports & Outdoors,2026-03-11,3.0,150.0,38.0,16.0,14,22,78
SKU-SPO-402,Non-Slip High Density Yoga Mat,Sports & Outdoors,2026-03-12,5.0,150.0,38.0,16.0,14,22,78
SKU-SPO-402,Non-Slip High Density Yoga Mat,Sports & Outdoors,2026-03-13,6.0,150.0,38.0,16.0,14,22,78
SKU-SPO-402,Non-Slip High Density Yoga Mat,Sports & Outdoors,2026-03-14,8.0,150.0,38.0,16.0,14,22,78
SKU-SPO-402,Non-Slip High Density Yoga Mat,Sports & Outdoors,2026-03-15,7.0,150.0,38.0,16.0,14,22,78
SKU-SPO-402,Non-Slip High Density Yoga Mat,Sports & Outdoors,2026-03-16,3.0,150.0,38.0,16.0,14,22,78
SKU-SPO-402,Non-Slip High Density Yoga Mat,Sports & Outdoors,2026-03-17,8.0,150.0,38.0,16.0,14,22,78
SKU-SPO-402,Non-Slip High Density Yoga Mat,Sports & Outdoors,2026-03-18,6.0,150.0,38.0,16.0,14,22,78
SKU-SPO-402,Non-Slip High Density Yoga Mat,Sports & Outdoors,2026-03-19,1.0,150.0,38.0,16.0,14,22,78
SKU-SPO-402,Non-Slip High Density Yoga Mat,Sports & Outdoors,2026-03-20,3.0,150.0,38.0,16.0,14,22,78
SKU-SPO-402,Non-Slip High Density Yoga Mat,Sports & Outdoors,2026-03-21,8.0,150.0,38.0,16.0,14,22,78
SKU-SPO-402,Non-Slip High Density Yoga Mat,Sports & Outdoors,2026-03-22,10.0,150.0,38.0,16.0,14,22,78
SKU-SPO-402,Non-Slip High Density Yoga Mat,Sports & Outdoors,2026-03-23,6.0,150.0,38.0,16.0,14,22,78
SKU-SPO-402,Non-Slip High Density Yoga Mat,Sports & Outdoors,2026-03-24,6.0,150.0,38.0,16.0,14,22,78
SKU-SPO-402,Non-Slip High Density Yoga Mat,Sports & Outdoors,2026-03-25,4.0,150.0,38.0,16.0,14,22,78
SKU-SPO-402,Non-Slip High Density Yoga Mat,Sports & Outdoors,2026-03-26,0.0,150.0,38.0,16.0,14,22,78
SKU-SPO-402,Non-Slip High Density Yoga Mat,Sports & Outdoors,2026-03-27,4.0,150.0,38.0,16.0,14,22,78
SKU-SPO-402,Non-Slip High Density Yoga Mat,Sports & Outdoors,2026-03-28,4.0,150.0,38.0,16.0,14,22,78
SKU-SPO-402,Non-Slip High Density Yoga Mat,Sports & Outdoors,2026-03-29,3.0,150.0,38.0,16.0,14,22,78
SKU-SPO-402,Non-Slip High Density Yoga Mat,Sports & Outdoors,2026-03-30,3.0,150.0,38.0,16.0,14,22,78
SKU-SPO-402,Non-Slip High Density Yoga Mat,Sports & Outdoors,2026-03-31,6.0,150.0,38.0,16.0,14,22,78
SKU-SPO-402,Non-Slip High Density Yoga Mat,Sports & Outdoors,2026-04-01,4.0,150.0,38.0,16.0,14,22,78
SKU-SPO-402,Non-Slip High Density Yoga Mat,Sports & Outdoors,2026-04-02,3.0,150.0,38.0,16.0,14,22,78
SKU-SPO-402,Non-Slip High Density Yoga Mat,Sports & Outdoors,2026-04-03,3.0,150.0,38.0,16.0,14,22,78
SKU-SPO-402,Non-Slip High Density Yoga Mat,Sports & Outdoors,2026-04-04,3.0,150.0,38.0,16.0,14,22,78
SKU-SPO-402,Non-Slip High Density Yoga Mat,Sports & Outdoors,2026-04-05,7.0,150.0,38.0,16.0,14,22,78
SKU-SPO-402,Non-Slip High Density Yoga Mat,Sports & Outdoors,2026-04-06,5.0,150.0,38.0,16.0,14,22,78
SKU-SPO-402,Non-Slip High Density Yoga Mat,Sports & Outdoors,2026-04-07,8.0,150.0,38.0,16.0,14,22,78
SKU-SPO-402,Non-Slip High Density Yoga Mat,Sports & Outdoors,2026-04-08,9.0,150.0,38.0,16.0,14,22,78
SKU-SPO-402,Non-Slip High Density Yoga Mat,Sports & Outdoors,2026-04-09,9.0,150.0,38.0,16.0,14,22,78
SKU-SPO-402,Non-Slip High Density Yoga Mat,Sports & Outdoors,2026-04-10,3.0,150.0,38.0,16.0,14,22,78
SKU-SPO-402,Non-Slip High Density Yoga Mat,Sports & Outdoors,2026-04-11,6.0,150.0,38.0,16.0,14,22,78
SKU-SPO-402,Non-Slip High Density Yoga Mat,Sports & Outdoors,2026-04-12,13.0,150.0,38.0,16.0,14,22,78
SKU-SPO-402,Non-Slip High Density Yoga Mat,Sports & Outdoors,2026-04-13,3.0,150.0,38.0,16.0,14,22,78
SKU-SPO-402,Non-Slip High Density Yoga Mat,Sports & Outdoors,2026-04-14,5.0,150.0,38.0,16.0,14,22,78
SKU-SPO-402,Non-Slip High Density Yoga Mat,Sports & Outdoors,2026-04-15,7.0,150.0,38.0,16.0,14,22,78
SKU-SPO-402,Non-Slip High Density Yoga Mat,Sports & Outdoors,2026-04-16,3.0,150.0,38.0,16.0,14,22,78
SKU-SPO-402,Non-Slip High Density Yoga Mat,Sports & Outdoors,2026-04-17,3.0,150.0,38.0,16.0,14,22,78
SKU-SPO-402,Non-Slip High Density Yoga Mat,Sports & Outdoors,2026-04-18,9.0,150.0,38.0,16.0,14,22,78
SKU-SPO-402,Non-Slip High Density Yoga Mat,Sports & Outdoors,2026-04-19,4.0,150.0,38.0,16.0,14,22,78
SKU-SPO-402,Non-Slip High Density Yoga Mat,Sports & Outdoors,2026-04-20,8.0,150.0,38.0,16.0,14,22,78
SKU-SPO-402,Non-Slip High Density Yoga Mat,Sports & Outdoors,2026-04-21,5.0,150.0,38.0,16.0,14,22,78
SKU-SPO-402,Non-Slip High Density Yoga Mat,Sports & Outdoors,2026-04-22,7.0,150.0,38.0,16.0,14,22,78
SKU-SPO-402,Non-Slip High Density Yoga Mat,Sports & Outdoors,2026-04-23,2.0,150.0,38.0,16.0,14,22,78
SKU-SPO-402,Non-Slip High Density Yoga Mat,Sports & Outdoors,2026-04-24,2.0,150.0,38.0,16.0,14,22,78
SKU-SPO-402,Non-Slip High Density Yoga Mat,Sports & Outdoors,2026-04-25,7.0,150.0,38.0,16.0,14,22,78
SKU-SPO-402,Non-Slip High Density Yoga Mat,Sports & Outdoors,2026-04-26,6.0,150.0,38.0,16.0,14,22,78
SKU-SPO-402,Non-Slip High Density Yoga Mat,Sports & Outdoors,2026-04-27,4.0,150.0,38.0,16.0,14,22,78
SKU-SPO-402,Non-Slip High Density Yoga Mat,Sports & Outdoors,2026-04-28,4.0,150.0,38.0,16.0,14,22,78
SKU-SPO-402,Non-Slip High Density Yoga Mat,Sports & Outdoors,2026-04-29,8.0,150.0,38.0,16.0,14,22,78
SKU-SPO-402,Non-Slip High Density Yoga Mat,Sports & Outdoors,2026-04-30,7.0,150.0,38.0,16.0,14,22,78
SKU-SPO-402,Non-Slip High Density Yoga Mat,Sports & Outdoors,2026-05-01,0.0,150.0,38.0,16.0,14,22,78
SKU-SPO-402,Non-Slip High Density Yoga Mat,Sports & Outdoors,2026-05-02,5.0,150.0,38.0,16.0,14,22,78
SKU-SPO-402,Non-Slip High Density Yoga Mat,Sports & Outdoors,2026-05-03,3.0,150.0,38.0,16.0,14,22,78
SKU-SPO-402,Non-Slip High Density Yoga Mat,Sports & Outdoors,2026-05-04,2.0,150.0,38.0,16.0,14,22,78
SKU-SPO-402,Non-Slip High Density Yoga Mat,Sports & Outdoors,2026-05-05,2.0,150.0,38.0,16.0,14,22,78
SKU-SPO-402,Non-Slip High Density Yoga Mat,Sports & Outdoors,2026-05-06,7.0,150.0,38.0,16.0,14,22,78
SKU-SPO-402,Non-Slip High Density Yoga Mat,Sports & Outdoors,2026-05-07,2.0,150.0,38.0,16.0,14,22,78
SKU-SPO-402,Non-Slip High Density Yoga Mat,Sports & Outdoors,2026-05-08,2.0,150.0,38.0,16.0,14,22,78
SKU-SPO-402,Non-Slip High Density Yoga Mat,Sports & Outdoors,2026-05-09,3.0,150.0,38.0,16.0,14,22,78
SKU-SPO-402,Non-Slip High Density Yoga Mat,Sports & Outdoors,2026-05-10,3.0,150.0,38.0,16.0,14,22,78
SKU-SPO-402,Non-Slip High Density Yoga Mat,Sports & Outdoors,2026-05-11,3.0,150.0,38.0,16.0,14,22,78
SKU-SPO-402,Non-Slip High Density Yoga Mat,Sports & Outdoors,2026-05-12,2.0,150.0,38.0,16.0,14,22,78
SKU-SPO-402,Non-Slip High Density Yoga Mat,Sports & Outdoors,2026-05-13,6.0,150.0,38.0,16.0,14,22,78
SKU-SPO-402,Non-Slip High Density Yoga Mat,Sports & Outdoors,2026-05-14,5.0,150.0,38.0,16.0,14,22,78
SKU-SPO-402,Non-Slip High Density Yoga Mat,Sports & Outdoors,2026-05-15,3.0,150.0,38.0,16.0,14,22,78
SKU-SPO-402,Non-Slip High Density Yoga Mat,Sports & Outdoors,2026-05-16,5.0,150.0,38.0,16.0,14,22,78
SKU-SPO-402,Non-Slip High Density Yoga Mat,Sports & Outdoors,2026-05-17,5.0,150.0,38.0,16.0,14,22,78
SKU-SPO-402,Non-Slip High Density Yoga Mat,Sports & Outdoors,2026-05-18,6.0,150.0,38.0,16.0,14,22,78
SKU-SPO-402,Non-Slip High Density Yoga Mat,Sports & Outdoors,2026-05-19,3.0,150.0,38.0,16.0,14,22,78
SKU-SPO-402,Non-Slip High Density Yoga Mat,Sports & Outdoors,2026-05-20,5.0,150.0,38.0,16.0,14,22,78
SKU-SPO-402,Non-Slip High Density Yoga Mat,Sports & Outdoors,2026-05-21,3.0,150.0,38.0,16.0,14,22,78
SKU-SPO-402,Non-Slip High Density Yoga Mat,Sports & Outdoors,2026-05-22,3.0,150.0,38.0,16.0,14,22,78
SKU-SPO-402,Non-Slip High Density Yoga Mat,Sports & Outdoors,2026-05-23,2.0,150.0,38.0,16.0,14,22,78
SKU-SPO-402,Non-Slip High Density Yoga Mat,Sports & Outdoors,2026-05-24,2.0,150.0,38.0,16.0,14,22,78
SKU-SPO-402,Non-Slip High Density Yoga Mat,Sports & Outdoors,2026-05-25,4.0,150.0,38.0,16.0,14,22,78
SKU-SPO-402,Non-Slip High Density Yoga Mat,Sports & Outdoors,2026-05-26,3.0,150.0,38.0,16.0,14,22,78
SKU-SPO-402,Non-Slip High Density Yoga Mat,Sports & Outdoors,2026-05-27,2.0,150.0,38.0,16.0,14,22,78
SKU-SPO-402,Non-Slip High Density Yoga Mat,Sports & Outdoors,2026-05-28,2.0,150.0,38.0,16.0,14,22,78
SKU-SPO-402,Non-Slip High Density Yoga Mat,Sports & Outdoors,2026-05-29,1.0,150.0,38.0,16.0,14,22,78
SKU-SPO-402,Non-Slip High Density Yoga Mat,Sports & Outdoors,2026-05-30,2.0,150.0,38.0,16.0,14,22,78
SKU-SPO-402,Non-Slip High Density Yoga Mat,Sports & Outdoors,2026-05-31,6.0,150.0,38.0,16.0,14,22,78
SKU-SPO-402,Non-Slip High Density Yoga Mat,Sports & Outdoors,2026-06-01,6.0,150.0,38.0,16.0,14,22,78
SKU-SPO-402,Non-Slip High Density Yoga Mat,Sports & Outdoors,2026-06-02,5.0,150.0,38.0,16.0,14,22,78
SKU-SPO-402,Non-Slip High Density Yoga Mat,Sports & Outdoors,2026-06-03,7.0,150.0,38.0,16.0,14,22,78
SKU-SPO-402,Non-Slip High Density Yoga Mat,Sports & Outdoors,2026-06-04,0.0,150.0,38.0,16.0,14,22,78
SKU-SPO-402,Non-Slip High Density Yoga Mat,Sports & Outdoors,2026-06-05,5.0,150.0,38.0,16.0,14,22,78
SKU-SPO-402,Non-Slip High Density Yoga Mat,Sports & Outdoors,2026-06-06,7.0,150.0,38.0,16.0,14,22,78
SKU-SPO-402,Non-Slip High Density Yoga Mat,Sports & Outdoors,2026-06-07,3.0,150.0,38.0,16.0,14,22,78
SKU-SPO-402,Non-Slip High Density Yoga Mat,Sports & Outdoors,2026-06-08,10.0,150.0,38.0,16.0,14,22,78
SKU-SPO-402,Non-Slip High Density Yoga Mat,Sports & Outdoors,2026-06-09,0.0,150.0,38.0,16.0,14,22,78
SKU-SPO-402,Non-Slip High Density Yoga Mat,Sports & Outdoors,2026-06-10,2.0,150.0,38.0,16.0,14,22,78
SKU-SPO-402,Non-Slip High Density Yoga Mat,Sports & Outdoors,2026-06-11,7.0,150.0,38.0,16.0,14,22,78
SKU-SPO-402,Non-Slip High Density Yoga Mat,Sports & Outdoors,2026-06-12,3.0,150.0,38.0,16.0,14,22,78
SKU-SPO-402,Non-Slip High Density Yoga Mat,Sports & Outdoors,2026-06-13,7.0,150.0,38.0,16.0,14,22,78
SKU-SPO-402,Non-Slip High Density Yoga Mat,Sports & Outdoors,2026-06-14,10.0,150.0,38.0,16.0,14,22,78
SKU-SPO-402,Non-Slip High Density Yoga Mat,Sports & Outdoors,2026-06-15,4.0,150.0,38.0,16.0,14,22,78
SKU-SPO-402,Non-Slip High Density Yoga Mat,Sports & Outdoors,2026-06-16,4.0,150.0,38.0,16.0,14,22,78
SKU-SPO-402,Non-Slip High Density Yoga Mat,Sports & Outdoors,2026-06-17,6.0,150.0,38.0,16.0,14,22,78
SKU-SPO-402,Non-Slip High Density Yoga Mat,Sports & Outdoors,2026-06-18,3.0,150.0,38.0,16.0,14,22,78
SKU-SPO-402,Non-Slip High Density Yoga Mat,Sports & Outdoors,2026-06-19,5.0,150.0,38.0,16.0,14,22,78
SKU-SPO-402,Non-Slip High Density Yoga Mat,Sports & Outdoors,2026-06-20,5.0,150.0,38.0,16.0,14,22,78
SKU-SPO-402,Non-Slip High Density Yoga Mat,Sports & Outdoors,2026-06-21,10.0,150.0,38.0,16.0,14,22,78
SKU-SPO-402,Non-Slip High Density Yoga Mat,Sports & Outdoors,2026-06-22,7.0,150.0,38.0,16.0,14,22,78
SKU-SPO-402,Non-Slip High Density Yoga Mat,Sports & Outdoors,2026-06-23,7.0,150.0,38.0,16.0,14,22,78
SKU-SPO-402,Non-Slip High Density Yoga Mat,Sports & Outdoors,2026-06-24,5.0,150.0,38.0,16.0,14,22,78
SKU-SPO-402,Non-Slip High Density Yoga Mat,Sports & Outdoors,2026-06-25,0.0,150.0,38.0,16.0,14,22,78
SKU-SPO-402,Non-Slip High Density Yoga Mat,Sports & Outdoors,2026-06-26,5.0,150.0,38.0,16.0,14,22,78
SKU-SPO-402,Non-Slip High Density Yoga Mat,Sports & Outdoors,2026-06-27,7.0,150.0,38.0,16.0,14,22,78
SKU-SPO-402,Non-Slip High Density Yoga Mat,Sports & Outdoors,2026-06-28,10.0,150.0,38.0,16.0,14,22,78
SKU-SPO-402,Non-Slip High Density Yoga Mat,Sports & Outdoors,2026-06-29,4.0,150.0,38.0,16.0,14,22,78
SKU-SPO-402,Non-Slip High Density Yoga Mat,Sports & Outdoors,2026-06-30,6.0,150.0,38.0,16.0,14,22,78
SKU-SPO-402,Non-Slip High Density Yoga Mat,Sports & Outdoors,2026-07-01,3.0,150.0,38.0,16.0,14,22,78
SKU-SPO-402,Non-Slip High Density Yoga Mat,Sports & Outdoors,2026-07-02,6.0,150.0,38.0,16.0,14,22,78
SKU-SPO-402,Non-Slip High Density Yoga Mat,Sports & Outdoors,2026-07-03,5.0,150.0,38.0,16.0,14,22,78
SKU-SPO-402,Non-Slip High Density Yoga Mat,Sports & Outdoors,2026-07-04,5.0,150.0,38.0,16.0,14,22,78
SKU-SPO-402,Non-Slip High Density Yoga Mat,Sports & Outdoors,2026-07-05,5.0,150.0,38.0,16.0,14,22,78
SKU-SPO-402,Non-Slip High Density Yoga Mat,Sports & Outdoors,2026-07-06,3.0,150.0,38.0,16.0,14,22,78
SKU-SPO-402,Non-Slip High Density Yoga Mat,Sports & Outdoors,2026-07-07,3.0,150.0,38.0,16.0,14,22,78
SKU-SPO-402,Non-Slip High Density Yoga Mat,Sports & Outdoors,2026-07-08,10.0,150.0,38.0,16.0,14,22,78
SKU-SPO-402,Non-Slip High Density Yoga Mat,Sports & Outdoors,2026-07-09,3.0,150.0,38.0,16.0,14,22,78
SKU-SPO-402,Non-Slip High Density Yoga Mat,Sports & Outdoors,2026-07-10,4.0,150.0,38.0,16.0,14,22,78
SKU-SPO-402,Non-Slip High Density Yoga Mat,Sports & Outdoors,2026-07-11,3.0,150.0,38.0,16.0,14,22,78
SKU-SPO-402,Non-Slip High Density Yoga Mat,Sports & Outdoors,2026-07-12,6.0,150.0,38.0,16.0,14,22,78
SKU-SPO-402,Non-Slip High Density Yoga Mat,Sports & Outdoors,2026-07-13,4.0,150.0,38.0,16.0,14,22,78
SKU-SPO-402,Non-Slip High Density Yoga Mat,Sports & Outdoors,2026-07-14,6.0,150.0,38.0,16.0,14,22,78
SKU-SPO-402,Non-Slip High Density Yoga Mat,Sports & Outdoors,2026-07-15,5.0,150.0,38.0,16.0,14,22,78
SKU-SPO-402,Non-Slip High Density Yoga Mat,Sports & Outdoors,2026-07-16,4.0,150.0,38.0,16.0,14,22,78
SKU-SPO-402,Non-Slip High Density Yoga Mat,Sports & Outdoors,2026-07-17,1.0,150.0,38.0,16.0,14,22,78
SKU-SPO-402,Non-Slip High Density Yoga Mat,Sports & Outdoors,2026-07-18,3.0,150.0,38.0,16.0,14,22,78
SKU-SPO-402,Non-Slip High Density Yoga Mat,Sports & Outdoors,2026-07-19,5.0,150.0,38.0,16.0,14,22,78
SKU-SPO-402,Non-Slip High Density Yoga Mat,Sports & Outdoors,2026-07-20,6.0,150.0,38.0,16.0,14,22,78
SKU-SPO-402,Non-Slip High Density Yoga Mat,Sports & Outdoors,2026-07-21,5.0,150.0,38.0,16.0,14,22,78
SKU-SPO-402,Non-Slip High Density Yoga Mat,Sports & Outdoors,2026-07-22,4.0,150.0,38.0,16.0,14,22,78
SKU-SPO-402,Non-Slip High Density Yoga Mat,Sports & Outdoors,2026-07-23,2.0,150.0,38.0,16.0,14,22,78
SKU-SPO-402,Non-Slip High Density Yoga Mat,Sports & Outdoors,2026-07-24,4.0,150.0,38.0,16.0,14,22,78
SKU-SPO-402,Non-Slip High Density Yoga Mat,Sports & Outdoors,2026-07-25,2.0,150.0,38.0,16.0,14,22,78
SKU-SPO-402,Non-Slip High Density Yoga Mat,Sports & Outdoors,2026-07-26,6.0,150.0,38.0,16.0,14,22,78
SKU-SPO-402,Non-Slip High Density Yoga Mat,Sports & Outdoors,2026-07-27,8.0,150.0,38.0,16.0,14,22,78
SKU-SPO-402,Non-Slip High Density Yoga Mat,Sports & Outdoors,2026-07-28,2.0,150.0,38.0,16.0,14,22,78
SKU-SPO-402,Non-Slip High Density Yoga Mat,Sports & Outdoors,2026-07-29,4.0,150.0,38.0,16.0,14,22,78
SKU-SPO-402,Non-Slip High Density Yoga Mat,Sports & Outdoors,2026-07-30,3.0,150.0,38.0,16.0,14,22,78
SKU-SPO-402,Non-Slip High Density Yoga Mat,Sports & Outdoors,2026-07-31,5.0,150.0,38.0,16.0,14,22,78
SKU-SPO-402,Non-Slip High Density Yoga Mat,Sports & Outdoors,2026-08-01,7.0,150.0,38.0,16.0,14,22,78
SKU-SPO-402,Non-Slip High Density Yoga Mat,Sports & Outdoors,2026-08-02,5.0,150.0,38.0,16.0,14,22,78
SKU-SPO-402,Non-Slip High Density Yoga Mat,Sports & Outdoors,2026-08-03,6.0,150.0,38.0,16.0,14,22,78
SKU-SPO-402,Non-Slip High Density Yoga Mat,Sports & Outdoors,2026-08-04,1.0,150.0,38.0,16.0,14,22,78
SKU-SPO-402,Non-Slip High Density Yoga Mat,Sports & Outdoors,2026-08-05,2.0,150.0,38.0,16.0,14,22,78
SKU-SPO-402,Non-Slip High Density Yoga Mat,Sports & Outdoors,2026-08-06,4.0,150.0,38.0,16.0,14,22,78
SKU-SPO-402,Non-Slip High Density Yoga Mat,Sports & Outdoors,2026-08-07,3.0,150.0,38.0,16.0,14,22,78
SKU-SPO-402,Non-Slip High Density Yoga Mat,Sports & Outdoors,2026-08-08,8.0,150.0,38.0,16.0,14,22,78
SKU-SPO-402,Non-Slip High Density Yoga Mat,Sports & Outdoors,2026-08-09,7.0,150.0,38.0,16.0,14,22,78
SKU-SPO-402,Non-Slip High Density Yoga Mat,Sports & Outdoors,2026-08-10,5.0,150.0,38.0,16.0,14,22,78
SKU-SPO-402,Non-Slip High Density Yoga Mat,Sports & Outdoors,2026-08-11,8.0,150.0,38.0,16.0,14,22,78
SKU-SPO-402,Non-Slip High Density Yoga Mat,Sports & Outdoors,2026-08-12,6.0,150.0,38.0,16.0,14,22,78
SKU-SPO-402,Non-Slip High Density Yoga Mat,Sports & Outdoors,2026-08-13,5.0,150.0,38.0,16.0,14,22,78
SKU-SPO-402,Non-Slip High Density Yoga Mat,Sports & Outdoors,2026-08-14,1.0,150.0,38.0,16.0,14,22,78
SKU-SPO-402,Non-Slip High Density Yoga Mat,Sports & Outdoors,2026-08-15,3.0,150.0,38.0,16.0,14,22,78
SKU-SPO-402,Non-Slip High Density Yoga Mat,Sports & Outdoors,2026-08-16,3.0,150.0,38.0,16.0,14,22,78
SKU-SPO-402,Non-Slip High Density Yoga Mat,Sports & Outdoors,2026-08-17,2.0,150.0,38.0,16.0,14,22,78
SKU-SPO-402,Non-Slip High Density Yoga Mat,Sports & Outdoors,2026-08-18,4.0,150.0,38.0,16.0,14,22,78
SKU-SPO-402,Non-Slip High Density Yoga Mat,Sports & Outdoors,2026-08-19,6.0,150.0,38.0,16.0,14,22,78
SKU-SPO-402,Non-Slip High Density Yoga Mat,Sports & Outdoors,2026-08-20,4.0,150.0,38.0,16.0,14,22,78
SKU-SPO-402,Non-Slip High Density Yoga Mat,Sports & Outdoors,2026-08-21,4.0,150.0,38.0,16.0,14,22,78
SKU-SPO-402,Non-Slip High Density Yoga Mat,Sports & Outdoors,2026-08-22,1.0,150.0,38.0,16.0,14,22,78
SKU-SPO-402,Non-Slip High Density Yoga Mat,Sports & Outdoors,2026-08-23,4.0,150.0,38.0,16.0,14,22,78
SKU-SPO-402,Non-Slip High Density Yoga Mat,Sports & Outdoors,2026-08-24,3.0,150.0,38.0,16.0,14,22,78
SKU-SPO-402,Non-Slip High Density Yoga Mat,Sports & Outdoors,2026-08-25,1.0,150.0,38.0,16.0,14,22,78
SKU-SPO-402,Non-Slip High Density Yoga Mat,Sports & Outdoors,2026-08-26,3.0,150.0,38.0,16.0,14,22,78
SKU-SPO-402,Non-Slip High Density Yoga Mat,Sports & Outdoors,2026-08-27,6.0,150.0,38.0,16.0,14,22,78
SKU-SPO-403,Heavy-Duty Resistance Bands Set,Sports & Outdoors,2026-03-01,5.0,480.0,24.99,8.0,15,11,38
SKU-SPO-403,Heavy-Duty Resistance Bands Set,Sports & Outdoors,2026-03-02,2.0,480.0,24.99,8.0,15,11,38
SKU-SPO-403,Heavy-Duty Resistance Bands Set,Sports & Outdoors,2026-03-03,1.0,480.0,24.99,8.0,15,11,38
SKU-SPO-403,Heavy-Duty Resistance Bands Set,Sports & Outdoors,2026-03-04,2.0,480.0,24.99,8.0,15,11,38
SKU-SPO-403,Heavy-Duty Resistance Bands Set,Sports & Outdoors,2026-03-05,2.0,480.0,24.99,8.0,15,11,38
SKU-SPO-403,Heavy-Duty Resistance Bands Set,Sports & Outdoors,2026-03-06,0.0,480.0,24.99,8.0,15,11,38
SKU-SPO-403,Heavy-Duty Resistance Bands Set,Sports & Outdoors,2026-03-07,2.0,480.0,24.99,8.0,15,11,38
SKU-SPO-403,Heavy-Duty Resistance Bands Set,Sports & Outdoors,2026-03-08,1.0,480.0,24.99,8.0,15,11,38
SKU-SPO-403,Heavy-Duty Resistance Bands Set,Sports & Outdoors,2026-03-09,1.0,480.0,24.99,8.0,15,11,38
SKU-SPO-403,Heavy-Duty Resistance Bands Set,Sports & Outdoors,2026-03-10,1.0,480.0,24.99,8.0,15,11,38
SKU-SPO-403,Heavy-Duty Resistance Bands Set,Sports & Outdoors,2026-03-11,3.0,480.0,24.99,8.0,15,11,38
SKU-SPO-403,Heavy-Duty Resistance Bands Set,Sports & Outdoors,2026-03-12,2.0,480.0,24.99,8.0,15,11,38
SKU-SPO-403,Heavy-Duty Resistance Bands Set,Sports & Outdoors,2026-03-13,0.0,480.0,24.99,8.0,15,11,38
SKU-SPO-403,Heavy-Duty Resistance Bands Set,Sports & Outdoors,2026-03-14,2.0,480.0,24.99,8.0,15,11,38
SKU-SPO-403,Heavy-Duty Resistance Bands Set,Sports & Outdoors,2026-03-15,2.0,480.0,24.99,8.0,15,11,38
SKU-SPO-403,Heavy-Duty Resistance Bands Set,Sports & Outdoors,2026-03-16,3.0,480.0,24.99,8.0,15,11,38
SKU-SPO-403,Heavy-Duty Resistance Bands Set,Sports & Outdoors,2026-03-17,0.0,480.0,24.99,8.0,15,11,38
SKU-SPO-403,Heavy-Duty Resistance Bands Set,Sports & Outdoors,2026-03-18,3.0,480.0,24.99,8.0,15,11,38
SKU-SPO-403,Heavy-Duty Resistance Bands Set,Sports & Outdoors,2026-03-19,1.0,480.0,24.99,8.0,15,11,38
SKU-SPO-403,Heavy-Duty Resistance Bands Set,Sports & Outdoors,2026-03-20,4.0,480.0,24.99,8.0,15,11,38
SKU-SPO-403,Heavy-Duty Resistance Bands Set,Sports & Outdoors,2026-03-21,1.0,480.0,24.99,8.0,15,11,38
SKU-SPO-403,Heavy-Duty Resistance Bands Set,Sports & Outdoors,2026-03-22,0.0,480.0,24.99,8.0,15,11,38
SKU-SPO-403,Heavy-Duty Resistance Bands Set,Sports & Outdoors,2026-03-23,1.0,480.0,24.99,8.0,15,11,38
SKU-SPO-403,Heavy-Duty Resistance Bands Set,Sports & Outdoors,2026-03-24,4.0,480.0,24.99,8.0,15,11,38
SKU-SPO-403,Heavy-Duty Resistance Bands Set,Sports & Outdoors,2026-03-25,2.0,480.0,24.99,8.0,15,11,38
SKU-SPO-403,Heavy-Duty Resistance Bands Set,Sports & Outdoors,2026-03-26,1.0,480.0,24.99,8.0,15,11,38
SKU-SPO-403,Heavy-Duty Resistance Bands Set,Sports & Outdoors,2026-03-27,0.0,480.0,24.99,8.0,15,11,38
SKU-SPO-403,Heavy-Duty Resistance Bands Set,Sports & Outdoors,2026-03-28,3.0,480.0,24.99,8.0,15,11,38
SKU-SPO-403,Heavy-Duty Resistance Bands Set,Sports & Outdoors,2026-03-29,3.0,480.0,24.99,8.0,15,11,38
SKU-SPO-403,Heavy-Duty Resistance Bands Set,Sports & Outdoors,2026-03-30,0.0,480.0,24.99,8.0,15,11,38
SKU-SPO-403,Heavy-Duty Resistance Bands Set,Sports & Outdoors,2026-03-31,1.0,480.0,24.99,8.0,15,11,38
SKU-SPO-403,Heavy-Duty Resistance Bands Set,Sports & Outdoors,2026-04-01,1.0,480.0,24.99,8.0,15,11,38
SKU-SPO-403,Heavy-Duty Resistance Bands Set,Sports & Outdoors,2026-04-02,2.0,480.0,24.99,8.0,15,11,38
SKU-SPO-403,Heavy-Duty Resistance Bands Set,Sports & Outdoors,2026-04-03,3.0,480.0,24.99,8.0,15,11,38
SKU-SPO-403,Heavy-Duty Resistance Bands Set,Sports & Outdoors,2026-04-04,5.0,480.0,24.99,8.0,15,11,38
SKU-SPO-403,Heavy-Duty Resistance Bands Set,Sports & Outdoors,2026-04-05,0.0,480.0,24.99,8.0,15,11,38
SKU-SPO-403,Heavy-Duty Resistance Bands Set,Sports & Outdoors,2026-04-06,4.0,480.0,24.99,8.0,15,11,38
SKU-SPO-403,Heavy-Duty Resistance Bands Set,Sports & Outdoors,2026-04-07,1.0,480.0,24.99,8.0,15,11,38
SKU-SPO-403,Heavy-Duty Resistance Bands Set,Sports & Outdoors,2026-04-08,2.0,480.0,24.99,8.0,15,11,38
SKU-SPO-403,Heavy-Duty Resistance Bands Set,Sports & Outdoors,2026-04-09,2.0,480.0,24.99,8.0,15,11,38
SKU-SPO-403,Heavy-Duty Resistance Bands Set,Sports & Outdoors,2026-04-10,0.0,480.0,24.99,8.0,15,11,38
SKU-SPO-403,Heavy-Duty Resistance Bands Set,Sports & Outdoors,2026-04-11,1.0,480.0,24.99,8.0,15,11,38
SKU-SPO-403,Heavy-Duty Resistance Bands Set,Sports & Outdoors,2026-04-12,0.0,480.0,24.99,8.0,15,11,38
SKU-SPO-403,Heavy-Duty Resistance Bands Set,Sports & Outdoors,2026-04-13,3.0,480.0,24.99,8.0,15,11,38
SKU-SPO-403,Heavy-Duty Resistance Bands Set,Sports & Outdoors,2026-04-14,2.0,480.0,24.99,8.0,15,11,38
SKU-SPO-403,Heavy-Duty Resistance Bands Set,Sports & Outdoors,2026-04-15,1.0,480.0,24.99,8.0,15,11,38
SKU-SPO-403,Heavy-Duty Resistance Bands Set,Sports & Outdoors,2026-04-16,0.0,480.0,24.99,8.0,15,11,38
SKU-SPO-403,Heavy-Duty Resistance Bands Set,Sports & Outdoors,2026-04-17,0.0,480.0,24.99,8.0,15,11,38
SKU-SPO-403,Heavy-Duty Resistance Bands Set,Sports & Outdoors,2026-04-18,1.0,480.0,24.99,8.0,15,11,38
SKU-SPO-403,Heavy-Duty Resistance Bands Set,Sports & Outdoors,2026-04-19,3.0,480.0,24.99,8.0,15,11,38
SKU-SPO-403,Heavy-Duty Resistance Bands Set,Sports & Outdoors,2026-04-20,1.0,480.0,24.99,8.0,15,11,38
SKU-SPO-403,Heavy-Duty Resistance Bands Set,Sports & Outdoors,2026-04-21,2.0,480.0,24.99,8.0,15,11,38
SKU-SPO-403,Heavy-Duty Resistance Bands Set,Sports & Outdoors,2026-04-22,5.0,480.0,24.99,8.0,15,11,38
SKU-SPO-403,Heavy-Duty Resistance Bands Set,Sports & Outdoors,2026-04-23,0.0,480.0,24.99,8.0,15,11,38
SKU-SPO-403,Heavy-Duty Resistance Bands Set,Sports & Outdoors,2026-04-24,2.0,480.0,24.99,8.0,15,11,38
SKU-SPO-403,Heavy-Duty Resistance Bands Set,Sports & Outdoors,2026-04-25,4.0,480.0,24.99,8.0,15,11,38
SKU-SPO-403,Heavy-Duty Resistance Bands Set,Sports & Outdoors,2026-04-26,2.0,480.0,24.99,8.0,15,11,38
SKU-SPO-403,Heavy-Duty Resistance Bands Set,Sports & Outdoors,2026-04-27,1.0,480.0,24.99,8.0,15,11,38
SKU-SPO-403,Heavy-Duty Resistance Bands Set,Sports & Outdoors,2026-04-28,2.0,480.0,24.99,8.0,15,11,38
SKU-SPO-403,Heavy-Duty Resistance Bands Set,Sports & Outdoors,2026-04-29,2.0,480.0,24.99,8.0,15,11,38
SKU-SPO-403,Heavy-Duty Resistance Bands Set,Sports & Outdoors,2026-04-30,2.0,480.0,24.99,8.0,15,11,38
SKU-SPO-403,Heavy-Duty Resistance Bands Set,Sports & Outdoors,2026-05-01,1.0,480.0,24.99,8.0,15,11,38
SKU-SPO-403,Heavy-Duty Resistance Bands Set,Sports & Outdoors,2026-05-02,5.0,480.0,24.99,8.0,15,11,38
SKU-SPO-403,Heavy-Duty Resistance Bands Set,Sports & Outdoors,2026-05-03,4.0,480.0,24.99,8.0,15,11,38
SKU-SPO-403,Heavy-Duty Resistance Bands Set,Sports & Outdoors,2026-05-04,4.0,480.0,24.99,8.0,15,11,38
SKU-SPO-403,Heavy-Duty Resistance Bands Set,Sports & Outdoors,2026-05-05,1.0,480.0,24.99,8.0,15,11,38
SKU-SPO-403,Heavy-Duty Resistance Bands Set,Sports & Outdoors,2026-05-06,1.0,480.0,24.99,8.0,15,11,38
SKU-SPO-403,Heavy-Duty Resistance Bands Set,Sports & Outdoors,2026-05-07,2.0,480.0,24.99,8.0,15,11,38
SKU-SPO-403,Heavy-Duty Resistance Bands Set,Sports & Outdoors,2026-05-08,2.0,480.0,24.99,8.0,15,11,38
SKU-SPO-403,Heavy-Duty Resistance Bands Set,Sports & Outdoors,2026-05-09,1.0,480.0,24.99,8.0,15,11,38
SKU-SPO-403,Heavy-Duty Resistance Bands Set,Sports & Outdoors,2026-05-10,7.0,480.0,24.99,8.0,15,11,38
SKU-SPO-403,Heavy-Duty Resistance Bands Set,Sports & Outdoors,2026-05-11,2.0,480.0,24.99,8.0,15,11,38
SKU-SPO-403,Heavy-Duty Resistance Bands Set,Sports & Outdoors,2026-05-12,0.0,480.0,24.99,8.0,15,11,38
SKU-SPO-403,Heavy-Duty Resistance Bands Set,Sports & Outdoors,2026-05-13,1.0,480.0,24.99,8.0,15,11,38
SKU-SPO-403,Heavy-Duty Resistance Bands Set,Sports & Outdoors,2026-05-14,3.0,480.0,24.99,8.0,15,11,38
SKU-SPO-403,Heavy-Duty Resistance Bands Set,Sports & Outdoors,2026-05-15,2.0,480.0,24.99,8.0,15,11,38
SKU-SPO-403,Heavy-Duty Resistance Bands Set,Sports & Outdoors,2026-05-16,2.0,480.0,24.99,8.0,15,11,38
SKU-SPO-403,Heavy-Duty Resistance Bands Set,Sports & Outdoors,2026-05-17,1.0,480.0,24.99,8.0,15,11,38
SKU-SPO-403,Heavy-Duty Resistance Bands Set,Sports & Outdoors,2026-05-18,0.0,480.0,24.99,8.0,15,11,38
SKU-SPO-403,Heavy-Duty Resistance Bands Set,Sports & Outdoors,2026-05-19,3.0,480.0,24.99,8.0,15,11,38
SKU-SPO-403,Heavy-Duty Resistance Bands Set,Sports & Outdoors,2026-05-20,3.0,480.0,24.99,8.0,15,11,38
SKU-SPO-403,Heavy-Duty Resistance Bands Set,Sports & Outdoors,2026-05-21,2.0,480.0,24.99,8.0,15,11,38
SKU-SPO-403,Heavy-Duty Resistance Bands Set,Sports & Outdoors,2026-05-22,0.0,480.0,24.99,8.0,15,11,38
SKU-SPO-403,Heavy-Duty Resistance Bands Set,Sports & Outdoors,2026-05-23,2.0,480.0,24.99,8.0,15,11,38
SKU-SPO-403,Heavy-Duty Resistance Bands Set,Sports & Outdoors,2026-05-24,3.0,480.0,24.99,8.0,15,11,38
SKU-SPO-403,Heavy-Duty Resistance Bands Set,Sports & Outdoors,2026-05-25,1.0,480.0,24.99,8.0,15,11,38
SKU-SPO-403,Heavy-Duty Resistance Bands Set,Sports & Outdoors,2026-05-26,2.0,480.0,24.99,8.0,15,11,38
SKU-SPO-403,Heavy-Duty Resistance Bands Set,Sports & Outdoors,2026-05-27,5.0,480.0,24.99,8.0,15,11,38
SKU-SPO-403,Heavy-Duty Resistance Bands Set,Sports & Outdoors,2026-05-28,3.0,480.0,24.99,8.0,15,11,38
SKU-SPO-403,Heavy-Duty Resistance Bands Set,Sports & Outdoors,2026-05-29,4.0,480.0,24.99,8.0,15,11,38
SKU-SPO-403,Heavy-Duty Resistance Bands Set,Sports & Outdoors,2026-05-30,3.0,480.0,24.99,8.0,15,11,38
SKU-SPO-403,Heavy-Duty Resistance Bands Set,Sports & Outdoors,2026-05-31,1.0,480.0,24.99,8.0,15,11,38
SKU-SPO-403,Heavy-Duty Resistance Bands Set,Sports & Outdoors,2026-06-01,1.0,480.0,24.99,8.0,15,11,38
SKU-SPO-403,Heavy-Duty Resistance Bands Set,Sports & Outdoors,2026-06-02,1.0,480.0,24.99,8.0,15,11,38
SKU-SPO-403,Heavy-Duty Resistance Bands Set,Sports & Outdoors,2026-06-03,2.0,480.0,24.99,8.0,15,11,38
SKU-SPO-403,Heavy-Duty Resistance Bands Set,Sports & Outdoors,2026-06-04,4.0,480.0,24.99,8.0,15,11,38
SKU-SPO-403,Heavy-Duty Resistance Bands Set,Sports & Outdoors,2026-06-05,0.0,480.0,24.99,8.0,15,11,38
SKU-SPO-403,Heavy-Duty Resistance Bands Set,Sports & Outdoors,2026-06-06,0.0,480.0,24.99,8.0,15,11,38
SKU-SPO-403,Heavy-Duty Resistance Bands Set,Sports & Outdoors,2026-06-07,2.0,480.0,24.99,8.0,15,11,38
SKU-SPO-403,Heavy-Duty Resistance Bands Set,Sports & Outdoors,2026-06-08,1.0,480.0,24.99,8.0,15,11,38
SKU-SPO-403,Heavy-Duty Resistance Bands Set,Sports & Outdoors,2026-06-09,0.0,480.0,24.99,8.0,15,11,38
SKU-SPO-403,Heavy-Duty Resistance Bands Set,Sports & Outdoors,2026-06-10,2.0,480.0,24.99,8.0,15,11,38
SKU-SPO-403,Heavy-Duty Resistance Bands Set,Sports & Outdoors,2026-06-11,0.0,480.0,24.99,8.0,15,11,38
SKU-SPO-403,Heavy-Duty Resistance Bands Set,Sports & Outdoors,2026-06-12,1.0,480.0,24.99,8.0,15,11,38
SKU-SPO-403,Heavy-Duty Resistance Bands Set,Sports & Outdoors,2026-06-13,1.0,480.0,24.99,8.0,15,11,38
SKU-SPO-403,Heavy-Duty Resistance Bands Set,Sports & Outdoors,2026-06-14,5.0,480.0,24.99,8.0,15,11,38
SKU-SPO-403,Heavy-Duty Resistance Bands Set,Sports & Outdoors,2026-06-15,4.0,480.0,24.99,8.0,15,11,38
SKU-SPO-403,Heavy-Duty Resistance Bands Set,Sports & Outdoors,2026-06-16,2.0,480.0,24.99,8.0,15,11,38
SKU-SPO-403,Heavy-Duty Resistance Bands Set,Sports & Outdoors,2026-06-17,0.0,480.0,24.99,8.0,15,11,38
SKU-SPO-403,Heavy-Duty Resistance Bands Set,Sports & Outdoors,2026-06-18,0.0,480.0,24.99,8.0,15,11,38
SKU-SPO-403,Heavy-Duty Resistance Bands Set,Sports & Outdoors,2026-06-19,2.0,480.0,24.99,8.0,15,11,38
SKU-SPO-403,Heavy-Duty Resistance Bands Set,Sports & Outdoors,2026-06-20,3.0,480.0,24.99,8.0,15,11,38
SKU-SPO-403,Heavy-Duty Resistance Bands Set,Sports & Outdoors,2026-06-21,2.0,480.0,24.99,8.0,15,11,38
SKU-SPO-403,Heavy-Duty Resistance Bands Set,Sports & Outdoors,2026-06-22,3.0,480.0,24.99,8.0,15,11,38
SKU-SPO-403,Heavy-Duty Resistance Bands Set,Sports & Outdoors,2026-06-23,1.0,480.0,24.99,8.0,15,11,38
SKU-SPO-403,Heavy-Duty Resistance Bands Set,Sports & Outdoors,2026-06-24,4.0,480.0,24.99,8.0,15,11,38
SKU-SPO-403,Heavy-Duty Resistance Bands Set,Sports & Outdoors,2026-06-25,1.0,480.0,24.99,8.0,15,11,38
SKU-SPO-403,Heavy-Duty Resistance Bands Set,Sports & Outdoors,2026-06-26,2.0,480.0,24.99,8.0,15,11,38
SKU-SPO-403,Heavy-Duty Resistance Bands Set,Sports & Outdoors,2026-06-27,4.0,480.0,24.99,8.0,15,11,38
SKU-SPO-403,Heavy-Duty Resistance Bands Set,Sports & Outdoors,2026-06-28,4.0,480.0,24.99,8.0,15,11,38
SKU-SPO-403,Heavy-Duty Resistance Bands Set,Sports & Outdoors,2026-06-29,2.0,480.0,24.99,8.0,15,11,38
SKU-SPO-403,Heavy-Duty Resistance Bands Set,Sports & Outdoors,2026-06-30,2.0,480.0,24.99,8.0,15,11,38
SKU-SPO-403,Heavy-Duty Resistance Bands Set,Sports & Outdoors,2026-07-01,0.0,480.0,24.99,8.0,15,11,38
SKU-SPO-403,Heavy-Duty Resistance Bands Set,Sports & Outdoors,2026-07-02,0.0,480.0,24.99,8.0,15,11,38
SKU-SPO-403,Heavy-Duty Resistance Bands Set,Sports & Outdoors,2026-07-03,1.0,480.0,24.99,8.0,15,11,38
SKU-SPO-403,Heavy-Duty Resistance Bands Set,Sports & Outdoors,2026-07-04,1.0,480.0,24.99,8.0,15,11,38
SKU-SPO-403,Heavy-Duty Resistance Bands Set,Sports & Outdoors,2026-07-05,1.0,480.0,24.99,8.0,15,11,38
SKU-SPO-403,Heavy-Duty Resistance Bands Set,Sports & Outdoors,2026-07-06,3.0,480.0,24.99,8.0,15,11,38
SKU-SPO-403,Heavy-Duty Resistance Bands Set,Sports & Outdoors,2026-07-07,1.0,480.0,24.99,8.0,15,11,38
SKU-SPO-403,Heavy-Duty Resistance Bands Set,Sports & Outdoors,2026-07-08,2.0,480.0,24.99,8.0,15,11,38
SKU-SPO-403,Heavy-Duty Resistance Bands Set,Sports & Outdoors,2026-07-09,2.0,480.0,24.99,8.0,15,11,38
SKU-SPO-403,Heavy-Duty Resistance Bands Set,Sports & Outdoors,2026-07-10,1.0,480.0,24.99,8.0,15,11,38
SKU-SPO-403,Heavy-Duty Resistance Bands Set,Sports & Outdoors,2026-07-11,4.0,480.0,24.99,8.0,15,11,38
SKU-SPO-403,Heavy-Duty Resistance Bands Set,Sports & Outdoors,2026-07-12,4.0,480.0,24.99,8.0,15,11,38
SKU-SPO-403,Heavy-Duty Resistance Bands Set,Sports & Outdoors,2026-07-13,2.0,480.0,24.99,8.0,15,11,38
SKU-SPO-403,Heavy-Duty Resistance Bands Set,Sports & Outdoors,2026-07-14,3.0,480.0,24.99,8.0,15,11,38
SKU-SPO-403,Heavy-Duty Resistance Bands Set,Sports & Outdoors,2026-07-15,2.0,480.0,24.99,8.0,15,11,38
SKU-SPO-403,Heavy-Duty Resistance Bands Set,Sports & Outdoors,2026-07-16,0.0,480.0,24.99,8.0,15,11,38
SKU-SPO-403,Heavy-Duty Resistance Bands Set,Sports & Outdoors,2026-07-17,0.0,480.0,24.99,8.0,15,11,38
SKU-SPO-403,Heavy-Duty Resistance Bands Set,Sports & Outdoors,2026-07-18,1.0,480.0,24.99,8.0,15,11,38
SKU-SPO-403,Heavy-Duty Resistance Bands Set,Sports & Outdoors,2026-07-19,4.0,480.0,24.99,8.0,15,11,38
SKU-SPO-403,Heavy-Duty Resistance Bands Set,Sports & Outdoors,2026-07-20,1.0,480.0,24.99,8.0,15,11,38
SKU-SPO-403,Heavy-Duty Resistance Bands Set,Sports & Outdoors,2026-07-21,1.0,480.0,24.99,8.0,15,11,38
SKU-SPO-403,Heavy-Duty Resistance Bands Set,Sports & Outdoors,2026-07-22,2.0,480.0,24.99,8.0,15,11,38
SKU-SPO-403,Heavy-Duty Resistance Bands Set,Sports & Outdoors,2026-07-23,1.0,480.0,24.99,8.0,15,11,38
SKU-SPO-403,Heavy-Duty Resistance Bands Set,Sports & Outdoors,2026-07-24,2.0,480.0,24.99,8.0,15,11,38
SKU-SPO-403,Heavy-Duty Resistance Bands Set,Sports & Outdoors,2026-07-25,1.0,480.0,24.99,8.0,15,11,38
SKU-SPO-403,Heavy-Duty Resistance Bands Set,Sports & Outdoors,2026-07-26,5.0,480.0,24.99,8.0,15,11,38
SKU-SPO-403,Heavy-Duty Resistance Bands Set,Sports & Outdoors,2026-07-27,0.0,480.0,24.99,8.0,15,11,38
SKU-SPO-403,Heavy-Duty Resistance Bands Set,Sports & Outdoors,2026-07-28,3.0,480.0,24.99,8.0,15,11,38
SKU-SPO-403,Heavy-Duty Resistance Bands Set,Sports & Outdoors,2026-07-29,2.0,480.0,24.99,8.0,15,11,38
SKU-SPO-403,Heavy-Duty Resistance Bands Set,Sports & Outdoors,2026-07-30,1.0,480.0,24.99,8.0,15,11,38
SKU-SPO-403,Heavy-Duty Resistance Bands Set,Sports & Outdoors,2026-07-31,1.0,480.0,24.99,8.0,15,11,38
SKU-SPO-403,Heavy-Duty Resistance Bands Set,Sports & Outdoors,2026-08-01,4.0,480.0,24.99,8.0,15,11,38
SKU-SPO-403,Heavy-Duty Resistance Bands Set,Sports & Outdoors,2026-08-02,1.0,480.0,24.99,8.0,15,11,38
SKU-SPO-403,Heavy-Duty Resistance Bands Set,Sports & Outdoors,2026-08-03,1.0,480.0,24.99,8.0,15,11,38
SKU-SPO-403,Heavy-Duty Resistance Bands Set,Sports & Outdoors,2026-08-04,2.0,480.0,24.99,8.0,15,11,38
SKU-SPO-403,Heavy-Duty Resistance Bands Set,Sports & Outdoors,2026-08-05,3.0,480.0,24.99,8.0,15,11,38
SKU-SPO-403,Heavy-Duty Resistance Bands Set,Sports & Outdoors,2026-08-06,3.0,480.0,24.99,8.0,15,11,38
SKU-SPO-403,Heavy-Duty Resistance Bands Set,Sports & Outdoors,2026-08-07,2.0,480.0,24.99,8.0,15,11,38
SKU-SPO-403,Heavy-Duty Resistance Bands Set,Sports & Outdoors,2026-08-08,3.0,480.0,24.99,8.0,15,11,38
SKU-SPO-403,Heavy-Duty Resistance Bands Set,Sports & Outdoors,2026-08-09,1.0,480.0,24.99,8.0,15,11,38
SKU-SPO-403,Heavy-Duty Resistance Bands Set,Sports & Outdoors,2026-08-10,0.0,480.0,24.99,8.0,15,11,38
SKU-SPO-403,Heavy-Duty Resistance Bands Set,Sports & Outdoors,2026-08-11,2.0,480.0,24.99,8.0,15,11,38
SKU-SPO-403,Heavy-Duty Resistance Bands Set,Sports & Outdoors,2026-08-12,4.0,480.0,24.99,8.0,15,11,38
SKU-SPO-403,Heavy-Duty Resistance Bands Set,Sports & Outdoors,2026-08-13,1.0,480.0,24.99,8.0,15,11,38
SKU-SPO-403,Heavy-Duty Resistance Bands Set,Sports & Outdoors,2026-08-14,1.0,480.0,24.99,8.0,15,11,38
SKU-SPO-403,Heavy-Duty Resistance Bands Set,Sports & Outdoors,2026-08-15,2.0,480.0,24.99,8.0,15,11,38
SKU-SPO-403,Heavy-Duty Resistance Bands Set,Sports & Outdoors,2026-08-16,2.0,480.0,24.99,8.0,15,11,38
SKU-SPO-403,Heavy-Duty Resistance Bands Set,Sports & Outdoors,2026-08-17,1.0,480.0,24.99,8.0,15,11,38
SKU-SPO-403,Heavy-Duty Resistance Bands Set,Sports & Outdoors,2026-08-18,2.0,480.0,24.99,8.0,15,11,38
SKU-SPO-403,Heavy-Duty Resistance Bands Set,Sports & Outdoors,2026-08-19,5.0,480.0,24.99,8.0,15,11,38
SKU-SPO-403,Heavy-Duty Resistance Bands Set,Sports & Outdoors,2026-08-20,2.0,480.0,24.99,8.0,15,11,38
SKU-SPO-403,Heavy-Duty Resistance Bands Set,Sports & Outdoors,2026-08-21,1.0,480.0,24.99,8.0,15,11,38
SKU-SPO-403,Heavy-Duty Resistance Bands Set,Sports & Outdoors,2026-08-22,0.0,480.0,24.99,8.0,15,11,38
SKU-SPO-403,Heavy-Duty Resistance Bands Set,Sports & Outdoors,2026-08-23,1.0,480.0,24.99,8.0,15,11,38
SKU-SPO-403,Heavy-Duty Resistance Bands Set,Sports & Outdoors,2026-08-24,4.0,480.0,24.99,8.0,15,11,38
SKU-SPO-403,Heavy-Duty Resistance Bands Set,Sports & Outdoors,2026-08-25,2.0,480.0,24.99,8.0,15,11,38
SKU-SPO-403,Heavy-Duty Resistance Bands Set,Sports & Outdoors,2026-08-26,0.0,480.0,24.99,8.0,15,11,38
SKU-SPO-403,Heavy-Duty Resistance Bands Set,Sports & Outdoors,2026-08-27,1.0,480.0,24.99,8.0,15,11,38
SKU-SPO-404,Ultralight Backpacking Tent 2-Person,Sports & Outdoors,2026-03-01,0.0,75.0,199.99,98.0,28,4,15
SKU-SPO-404,Ultralight Backpacking Tent 2-Person,Sports & Outdoors,2026-03-02,0.0,75.0,199.99,98.0,28,4,15
SKU-SPO-404,Ultralight Backpacking Tent 2-Person,Sports & Outdoors,2026-03-03,0.0,75.0,199.99,98.0,28,4,15
SKU-SPO-404,Ultralight Backpacking Tent 2-Person,Sports & Outdoors,2026-03-04,0.0,75.0,199.99,98.0,28,4,15
SKU-SPO-404,Ultralight Backpacking Tent 2-Person,Sports & Outdoors,2026-03-05,0.0,75.0,199.99,98.0,28,4,15
SKU-SPO-404,Ultralight Backpacking Tent 2-Person,Sports & Outdoors,2026-03-06,0.0,75.0,199.99,98.0,28,4,15
SKU-SPO-404,Ultralight Backpacking Tent 2-Person,Sports & Outdoors,2026-03-07,1.0,75.0,199.99,98.0,28,4,15
SKU-SPO-404,Ultralight Backpacking Tent 2-Person,Sports & Outdoors,2026-03-08,0.0,75.0,199.99,98.0,28,4,15
SKU-SPO-404,Ultralight Backpacking Tent 2-Person,Sports & Outdoors,2026-03-09,0.0,75.0,199.99,98.0,28,4,15
SKU-SPO-404,Ultralight Backpacking Tent 2-Person,Sports & Outdoors,2026-03-10,0.0,75.0,199.99,98.0,28,4,15
SKU-SPO-404,Ultralight Backpacking Tent 2-Person,Sports & Outdoors,2026-03-11,0.0,75.0,199.99,98.0,28,4,15
SKU-SPO-404,Ultralight Backpacking Tent 2-Person,Sports & Outdoors,2026-03-12,1.0,75.0,199.99,98.0,28,4,15
SKU-SPO-404,Ultralight Backpacking Tent 2-Person,Sports & Outdoors,2026-03-13,0.0,75.0,199.99,98.0,28,4,15
SKU-SPO-404,Ultralight Backpacking Tent 2-Person,Sports & Outdoors,2026-03-14,0.0,75.0,199.99,98.0,28,4,15
SKU-SPO-404,Ultralight Backpacking Tent 2-Person,Sports & Outdoors,2026-03-15,0.0,75.0,199.99,98.0,28,4,15
SKU-SPO-404,Ultralight Backpacking Tent 2-Person,Sports & Outdoors,2026-03-16,0.0,75.0,199.99,98.0,28,4,15
SKU-SPO-404,Ultralight Backpacking Tent 2-Person,Sports & Outdoors,2026-03-17,0.0,75.0,199.99,98.0,28,4,15
SKU-SPO-404,Ultralight Backpacking Tent 2-Person,Sports & Outdoors,2026-03-18,0.0,75.0,199.99,98.0,28,4,15
SKU-SPO-404,Ultralight Backpacking Tent 2-Person,Sports & Outdoors,2026-03-19,0.0,75.0,199.99,98.0,28,4,15
SKU-SPO-404,Ultralight Backpacking Tent 2-Person,Sports & Outdoors,2026-03-20,0.0,75.0,199.99,98.0,28,4,15
SKU-SPO-404,Ultralight Backpacking Tent 2-Person,Sports & Outdoors,2026-03-21,1.0,75.0,199.99,98.0,28,4,15
SKU-SPO-404,Ultralight Backpacking Tent 2-Person,Sports & Outdoors,2026-03-22,0.0,75.0,199.99,98.0,28,4,15
SKU-SPO-404,Ultralight Backpacking Tent 2-Person,Sports & Outdoors,2026-03-23,0.0,75.0,199.99,98.0,28,4,15
SKU-SPO-404,Ultralight Backpacking Tent 2-Person,Sports & Outdoors,2026-03-24,0.0,75.0,199.99,98.0,28,4,15
SKU-SPO-404,Ultralight Backpacking Tent 2-Person,Sports & Outdoors,2026-03-25,0.0,75.0,199.99,98.0,28,4,15
SKU-SPO-404,Ultralight Backpacking Tent 2-Person,Sports & Outdoors,2026-03-26,0.0,75.0,199.99,98.0,28,4,15
SKU-SPO-404,Ultralight Backpacking Tent 2-Person,Sports & Outdoors,2026-03-27,0.0,75.0,199.99,98.0,28,4,15
SKU-SPO-404,Ultralight Backpacking Tent 2-Person,Sports & Outdoors,2026-03-28,0.0,75.0,199.99,98.0,28,4,15
SKU-SPO-404,Ultralight Backpacking Tent 2-Person,Sports & Outdoors,2026-03-29,0.0,75.0,199.99,98.0,28,4,15
SKU-SPO-404,Ultralight Backpacking Tent 2-Person,Sports & Outdoors,2026-03-30,0.0,75.0,199.99,98.0,28,4,15
SKU-SPO-404,Ultralight Backpacking Tent 2-Person,Sports & Outdoors,2026-03-31,0.0,75.0,199.99,98.0,28,4,15
SKU-SPO-404,Ultralight Backpacking Tent 2-Person,Sports & Outdoors,2026-04-01,0.0,75.0,199.99,98.0,28,4,15
SKU-SPO-404,Ultralight Backpacking Tent 2-Person,Sports & Outdoors,2026-04-02,0.0,75.0,199.99,98.0,28,4,15
SKU-SPO-404,Ultralight Backpacking Tent 2-Person,Sports & Outdoors,2026-04-03,0.0,75.0,199.99,98.0,28,4,15
SKU-SPO-404,Ultralight Backpacking Tent 2-Person,Sports & Outdoors,2026-04-04,0.0,75.0,199.99,98.0,28,4,15
SKU-SPO-404,Ultralight Backpacking Tent 2-Person,Sports & Outdoors,2026-04-05,1.0,75.0,199.99,98.0,28,4,15
SKU-SPO-404,Ultralight Backpacking Tent 2-Person,Sports & Outdoors,2026-04-06,0.0,75.0,199.99,98.0,28,4,15
SKU-SPO-404,Ultralight Backpacking Tent 2-Person,Sports & Outdoors,2026-04-07,0.0,75.0,199.99,98.0,28,4,15
SKU-SPO-404,Ultralight Backpacking Tent 2-Person,Sports & Outdoors,2026-04-08,0.0,75.0,199.99,98.0,28,4,15
SKU-SPO-404,Ultralight Backpacking Tent 2-Person,Sports & Outdoors,2026-04-09,0.0,75.0,199.99,98.0,28,4,15
SKU-SPO-404,Ultralight Backpacking Tent 2-Person,Sports & Outdoors,2026-04-10,0.0,75.0,199.99,98.0,28,4,15
SKU-SPO-404,Ultralight Backpacking Tent 2-Person,Sports & Outdoors,2026-04-11,0.0,75.0,199.99,98.0,28,4,15
SKU-SPO-404,Ultralight Backpacking Tent 2-Person,Sports & Outdoors,2026-04-12,0.0,75.0,199.99,98.0,28,4,15
SKU-SPO-404,Ultralight Backpacking Tent 2-Person,Sports & Outdoors,2026-04-13,0.0,75.0,199.99,98.0,28,4,15
SKU-SPO-404,Ultralight Backpacking Tent 2-Person,Sports & Outdoors,2026-04-14,0.0,75.0,199.99,98.0,28,4,15
SKU-SPO-404,Ultralight Backpacking Tent 2-Person,Sports & Outdoors,2026-04-15,0.0,75.0,199.99,98.0,28,4,15
SKU-SPO-404,Ultralight Backpacking Tent 2-Person,Sports & Outdoors,2026-04-16,0.0,75.0,199.99,98.0,28,4,15
SKU-SPO-404,Ultralight Backpacking Tent 2-Person,Sports & Outdoors,2026-04-17,0.0,75.0,199.99,98.0,28,4,15
SKU-SPO-404,Ultralight Backpacking Tent 2-Person,Sports & Outdoors,2026-04-18,0.0,75.0,199.99,98.0,28,4,15
SKU-SPO-404,Ultralight Backpacking Tent 2-Person,Sports & Outdoors,2026-04-19,1.0,75.0,199.99,98.0,28,4,15
SKU-SPO-404,Ultralight Backpacking Tent 2-Person,Sports & Outdoors,2026-04-20,0.0,75.0,199.99,98.0,28,4,15
SKU-SPO-404,Ultralight Backpacking Tent 2-Person,Sports & Outdoors,2026-04-21,0.0,75.0,199.99,98.0,28,4,15
SKU-SPO-404,Ultralight Backpacking Tent 2-Person,Sports & Outdoors,2026-04-22,0.0,75.0,199.99,98.0,28,4,15
SKU-SPO-404,Ultralight Backpacking Tent 2-Person,Sports & Outdoors,2026-04-23,0.0,75.0,199.99,98.0,28,4,15
SKU-SPO-404,Ultralight Backpacking Tent 2-Person,Sports & Outdoors,2026-04-24,0.0,75.0,199.99,98.0,28,4,15
SKU-SPO-404,Ultralight Backpacking Tent 2-Person,Sports & Outdoors,2026-04-25,0.0,75.0,199.99,98.0,28,4,15
SKU-SPO-404,Ultralight Backpacking Tent 2-Person,Sports & Outdoors,2026-04-26,0.0,75.0,199.99,98.0,28,4,15
SKU-SPO-404,Ultralight Backpacking Tent 2-Person,Sports & Outdoors,2026-04-27,1.0,75.0,199.99,98.0,28,4,15
SKU-SPO-404,Ultralight Backpacking Tent 2-Person,Sports & Outdoors,2026-04-28,0.0,75.0,199.99,98.0,28,4,15
SKU-SPO-404,Ultralight Backpacking Tent 2-Person,Sports & Outdoors,2026-04-29,0.0,75.0,199.99,98.0,28,4,15
SKU-SPO-404,Ultralight Backpacking Tent 2-Person,Sports & Outdoors,2026-04-30,0.0,75.0,199.99,98.0,28,4,15
SKU-SPO-404,Ultralight Backpacking Tent 2-Person,Sports & Outdoors,2026-05-01,0.0,75.0,199.99,98.0,28,4,15
SKU-SPO-404,Ultralight Backpacking Tent 2-Person,Sports & Outdoors,2026-05-02,0.0,75.0,199.99,98.0,28,4,15
SKU-SPO-404,Ultralight Backpacking Tent 2-Person,Sports & Outdoors,2026-05-03,0.0,75.0,199.99,98.0,28,4,15
SKU-SPO-404,Ultralight Backpacking Tent 2-Person,Sports & Outdoors,2026-05-04,0.0,75.0,199.99,98.0,28,4,15
SKU-SPO-404,Ultralight Backpacking Tent 2-Person,Sports & Outdoors,2026-05-05,0.0,75.0,199.99,98.0,28,4,15
SKU-SPO-404,Ultralight Backpacking Tent 2-Person,Sports & Outdoors,2026-05-06,0.0,75.0,199.99,98.0,28,4,15
SKU-SPO-404,Ultralight Backpacking Tent 2-Person,Sports & Outdoors,2026-05-07,0.0,75.0,199.99,98.0,28,4,15
SKU-SPO-404,Ultralight Backpacking Tent 2-Person,Sports & Outdoors,2026-05-08,0.0,75.0,199.99,98.0,28,4,15
SKU-SPO-404,Ultralight Backpacking Tent 2-Person,Sports & Outdoors,2026-05-09,0.0,75.0,199.99,98.0,28,4,15
SKU-SPO-404,Ultralight Backpacking Tent 2-Person,Sports & Outdoors,2026-05-10,0.0,75.0,199.99,98.0,28,4,15
SKU-SPO-404,Ultralight Backpacking Tent 2-Person,Sports & Outdoors,2026-05-11,0.0,75.0,199.99,98.0,28,4,15
SKU-SPO-404,Ultralight Backpacking Tent 2-Person,Sports & Outdoors,2026-05-12,0.0,75.0,199.99,98.0,28,4,15
SKU-SPO-404,Ultralight Backpacking Tent 2-Person,Sports & Outdoors,2026-05-13,1.0,75.0,199.99,98.0,28,4,15
SKU-SPO-404,Ultralight Backpacking Tent 2-Person,Sports & Outdoors,2026-05-14,0.0,75.0,199.99,98.0,28,4,15
SKU-SPO-404,Ultralight Backpacking Tent 2-Person,Sports & Outdoors,2026-05-15,1.0,75.0,199.99,98.0,28,4,15
SKU-SPO-404,Ultralight Backpacking Tent 2-Person,Sports & Outdoors,2026-05-16,0.0,75.0,199.99,98.0,28,4,15
SKU-SPO-404,Ultralight Backpacking Tent 2-Person,Sports & Outdoors,2026-05-17,0.0,75.0,199.99,98.0,28,4,15
SKU-SPO-404,Ultralight Backpacking Tent 2-Person,Sports & Outdoors,2026-05-18,0.0,75.0,199.99,98.0,28,4,15
SKU-SPO-404,Ultralight Backpacking Tent 2-Person,Sports & Outdoors,2026-05-19,1.0,75.0,199.99,98.0,28,4,15
SKU-SPO-404,Ultralight Backpacking Tent 2-Person,Sports & Outdoors,2026-05-20,0.0,75.0,199.99,98.0,28,4,15
SKU-SPO-404,Ultralight Backpacking Tent 2-Person,Sports & Outdoors,2026-05-21,0.0,75.0,199.99,98.0,28,4,15
SKU-SPO-404,Ultralight Backpacking Tent 2-Person,Sports & Outdoors,2026-05-22,0.0,75.0,199.99,98.0,28,4,15
SKU-SPO-404,Ultralight Backpacking Tent 2-Person,Sports & Outdoors,2026-05-23,0.0,75.0,199.99,98.0,28,4,15
SKU-SPO-404,Ultralight Backpacking Tent 2-Person,Sports & Outdoors,2026-05-24,0.0,75.0,199.99,98.0,28,4,15
SKU-SPO-404,Ultralight Backpacking Tent 2-Person,Sports & Outdoors,2026-05-25,0.0,75.0,199.99,98.0,28,4,15
SKU-SPO-404,Ultralight Backpacking Tent 2-Person,Sports & Outdoors,2026-05-26,0.0,75.0,199.99,98.0,28,4,15
SKU-SPO-404,Ultralight Backpacking Tent 2-Person,Sports & Outdoors,2026-05-27,0.0,75.0,199.99,98.0,28,4,15
SKU-SPO-404,Ultralight Backpacking Tent 2-Person,Sports & Outdoors,2026-05-28,0.0,75.0,199.99,98.0,28,4,15
SKU-SPO-404,Ultralight Backpacking Tent 2-Person,Sports & Outdoors,2026-05-29,0.0,75.0,199.99,98.0,28,4,15
SKU-SPO-404,Ultralight Backpacking Tent 2-Person,Sports & Outdoors,2026-05-30,0.0,75.0,199.99,98.0,28,4,15
SKU-SPO-404,Ultralight Backpacking Tent 2-Person,Sports & Outdoors,2026-05-31,0.0,75.0,199.99,98.0,28,4,15
SKU-SPO-404,Ultralight Backpacking Tent 2-Person,Sports & Outdoors,2026-06-01,0.0,75.0,199.99,98.0,28,4,15
SKU-SPO-404,Ultralight Backpacking Tent 2-Person,Sports & Outdoors,2026-06-02,0.0,75.0,199.99,98.0,28,4,15
SKU-SPO-404,Ultralight Backpacking Tent 2-Person,Sports & Outdoors,2026-06-03,0.0,75.0,199.99,98.0,28,4,15
SKU-SPO-404,Ultralight Backpacking Tent 2-Person,Sports & Outdoors,2026-06-04,0.0,75.0,199.99,98.0,28,4,15
SKU-SPO-404,Ultralight Backpacking Tent 2-Person,Sports & Outdoors,2026-06-05,0.0,75.0,199.99,98.0,28,4,15
SKU-SPO-404,Ultralight Backpacking Tent 2-Person,Sports & Outdoors,2026-06-06,0.0,75.0,199.99,98.0,28,4,15
SKU-SPO-404,Ultralight Backpacking Tent 2-Person,Sports & Outdoors,2026-06-07,0.0,75.0,199.99,98.0,28,4,15
SKU-SPO-404,Ultralight Backpacking Tent 2-Person,Sports & Outdoors,2026-06-08,0.0,75.0,199.99,98.0,28,4,15
SKU-SPO-404,Ultralight Backpacking Tent 2-Person,Sports & Outdoors,2026-06-09,1.0,75.0,199.99,98.0,28,4,15
SKU-SPO-404,Ultralight Backpacking Tent 2-Person,Sports & Outdoors,2026-06-10,0.0,75.0,199.99,98.0,28,4,15
SKU-SPO-404,Ultralight Backpacking Tent 2-Person,Sports & Outdoors,2026-06-11,0.0,75.0,199.99,98.0,28,4,15
SKU-SPO-404,Ultralight Backpacking Tent 2-Person,Sports & Outdoors,2026-06-12,0.0,75.0,199.99,98.0,28,4,15
SKU-SPO-404,Ultralight Backpacking Tent 2-Person,Sports & Outdoors,2026-06-13,0.0,75.0,199.99,98.0,28,4,15
SKU-SPO-404,Ultralight Backpacking Tent 2-Person,Sports & Outdoors,2026-06-14,0.0,75.0,199.99,98.0,28,4,15
SKU-SPO-404,Ultralight Backpacking Tent 2-Person,Sports & Outdoors,2026-06-15,0.0,75.0,199.99,98.0,28,4,15
SKU-SPO-404,Ultralight Backpacking Tent 2-Person,Sports & Outdoors,2026-06-16,0.0,75.0,199.99,98.0,28,4,15
SKU-SPO-404,Ultralight Backpacking Tent 2-Person,Sports & Outdoors,2026-06-17,0.0,75.0,199.99,98.0,28,4,15
SKU-SPO-404,Ultralight Backpacking Tent 2-Person,Sports & Outdoors,2026-06-18,0.0,75.0,199.99,98.0,28,4,15
SKU-SPO-404,Ultralight Backpacking Tent 2-Person,Sports & Outdoors,2026-06-19,0.0,75.0,199.99,98.0,28,4,15
SKU-SPO-404,Ultralight Backpacking Tent 2-Person,Sports & Outdoors,2026-06-20,0.0,75.0,199.99,98.0,28,4,15
SKU-SPO-404,Ultralight Backpacking Tent 2-Person,Sports & Outdoors,2026-06-21,0.0,75.0,199.99,98.0,28,4,15
SKU-SPO-404,Ultralight Backpacking Tent 2-Person,Sports & Outdoors,2026-06-22,0.0,75.0,199.99,98.0,28,4,15
SKU-SPO-404,Ultralight Backpacking Tent 2-Person,Sports & Outdoors,2026-06-23,0.0,75.0,199.99,98.0,28,4,15
SKU-SPO-404,Ultralight Backpacking Tent 2-Person,Sports & Outdoors,2026-06-24,0.0,75.0,199.99,98.0,28,4,15
SKU-SPO-404,Ultralight Backpacking Tent 2-Person,Sports & Outdoors,2026-06-25,1.0,75.0,199.99,98.0,28,4,15
SKU-SPO-404,Ultralight Backpacking Tent 2-Person,Sports & Outdoors,2026-06-26,0.0,75.0,199.99,98.0,28,4,15
SKU-SPO-404,Ultralight Backpacking Tent 2-Person,Sports & Outdoors,2026-06-27,0.0,75.0,199.99,98.0,28,4,15
SKU-SPO-404,Ultralight Backpacking Tent 2-Person,Sports & Outdoors,2026-06-28,1.0,75.0,199.99,98.0,28,4,15
SKU-SPO-404,Ultralight Backpacking Tent 2-Person,Sports & Outdoors,2026-06-29,0.0,75.0,199.99,98.0,28,4,15
SKU-SPO-404,Ultralight Backpacking Tent 2-Person,Sports & Outdoors,2026-06-30,0.0,75.0,199.99,98.0,28,4,15
SKU-SPO-404,Ultralight Backpacking Tent 2-Person,Sports & Outdoors,2026-07-01,0.0,75.0,199.99,98.0,28,4,15
SKU-SPO-404,Ultralight Backpacking Tent 2-Person,Sports & Outdoors,2026-07-02,0.0,75.0,199.99,98.0,28,4,15
SKU-SPO-404,Ultralight Backpacking Tent 2-Person,Sports & Outdoors,2026-07-03,1.0,75.0,199.99,98.0,28,4,15
SKU-SPO-404,Ultralight Backpacking Tent 2-Person,Sports & Outdoors,2026-07-04,2.0,75.0,199.99,98.0,28,4,15
SKU-SPO-404,Ultralight Backpacking Tent 2-Person,Sports & Outdoors,2026-07-05,0.0,75.0,199.99,98.0,28,4,15
SKU-SPO-404,Ultralight Backpacking Tent 2-Person,Sports & Outdoors,2026-07-06,0.0,75.0,199.99,98.0,28,4,15
SKU-SPO-404,Ultralight Backpacking Tent 2-Person,Sports & Outdoors,2026-07-07,0.0,75.0,199.99,98.0,28,4,15
SKU-SPO-404,Ultralight Backpacking Tent 2-Person,Sports & Outdoors,2026-07-08,1.0,75.0,199.99,98.0,28,4,15
SKU-SPO-404,Ultralight Backpacking Tent 2-Person,Sports & Outdoors,2026-07-09,0.0,75.0,199.99,98.0,28,4,15
SKU-SPO-404,Ultralight Backpacking Tent 2-Person,Sports & Outdoors,2026-07-10,0.0,75.0,199.99,98.0,28,4,15
SKU-SPO-404,Ultralight Backpacking Tent 2-Person,Sports & Outdoors,2026-07-11,0.0,75.0,199.99,98.0,28,4,15
SKU-SPO-404,Ultralight Backpacking Tent 2-Person,Sports & Outdoors,2026-07-12,0.0,75.0,199.99,98.0,28,4,15
SKU-SPO-404,Ultralight Backpacking Tent 2-Person,Sports & Outdoors,2026-07-13,2.0,75.0,199.99,98.0,28,4,15
SKU-SPO-404,Ultralight Backpacking Tent 2-Person,Sports & Outdoors,2026-07-14,0.0,75.0,199.99,98.0,28,4,15
SKU-SPO-404,Ultralight Backpacking Tent 2-Person,Sports & Outdoors,2026-07-15,0.0,75.0,199.99,98.0,28,4,15
SKU-SPO-404,Ultralight Backpacking Tent 2-Person,Sports & Outdoors,2026-07-16,0.0,75.0,199.99,98.0,28,4,15
SKU-SPO-404,Ultralight Backpacking Tent 2-Person,Sports & Outdoors,2026-07-17,0.0,75.0,199.99,98.0,28,4,15
SKU-SPO-404,Ultralight Backpacking Tent 2-Person,Sports & Outdoors,2026-07-18,0.0,75.0,199.99,98.0,28,4,15
SKU-SPO-404,Ultralight Backpacking Tent 2-Person,Sports & Outdoors,2026-07-19,0.0,75.0,199.99,98.0,28,4,15
SKU-SPO-404,Ultralight Backpacking Tent 2-Person,Sports & Outdoors,2026-07-20,0.0,75.0,199.99,98.0,28,4,15
SKU-SPO-404,Ultralight Backpacking Tent 2-Person,Sports & Outdoors,2026-07-21,0.0,75.0,199.99,98.0,28,4,15
SKU-SPO-404,Ultralight Backpacking Tent 2-Person,Sports & Outdoors,2026-07-22,0.0,75.0,199.99,98.0,28,4,15
SKU-SPO-404,Ultralight Backpacking Tent 2-Person,Sports & Outdoors,2026-07-23,0.0,75.0,199.99,98.0,28,4,15
SKU-SPO-404,Ultralight Backpacking Tent 2-Person,Sports & Outdoors,2026-07-24,0.0,75.0,199.99,98.0,28,4,15
SKU-SPO-404,Ultralight Backpacking Tent 2-Person,Sports & Outdoors,2026-07-25,0.0,75.0,199.99,98.0,28,4,15
SKU-SPO-404,Ultralight Backpacking Tent 2-Person,Sports & Outdoors,2026-07-26,0.0,75.0,199.99,98.0,28,4,15
SKU-SPO-404,Ultralight Backpacking Tent 2-Person,Sports & Outdoors,2026-07-27,0.0,75.0,199.99,98.0,28,4,15
SKU-SPO-404,Ultralight Backpacking Tent 2-Person,Sports & Outdoors,2026-07-28,0.0,75.0,199.99,98.0,28,4,15
SKU-SPO-404,Ultralight Backpacking Tent 2-Person,Sports & Outdoors,2026-07-29,0.0,75.0,199.99,98.0,28,4,15
SKU-SPO-404,Ultralight Backpacking Tent 2-Person,Sports & Outdoors,2026-07-30,0.0,75.0,199.99,98.0,28,4,15
SKU-SPO-404,Ultralight Backpacking Tent 2-Person,Sports & Outdoors,2026-07-31,0.0,75.0,199.99,98.0,28,4,15
SKU-SPO-404,Ultralight Backpacking Tent 2-Person,Sports & Outdoors,2026-08-01,0.0,75.0,199.99,98.0,28,4,15
SKU-SPO-404,Ultralight Backpacking Tent 2-Person,Sports & Outdoors,2026-08-02,1.0,75.0,199.99,98.0,28,4,15
SKU-SPO-404,Ultralight Backpacking Tent 2-Person,Sports & Outdoors,2026-08-03,0.0,75.0,199.99,98.0,28,4,15
SKU-SPO-404,Ultralight Backpacking Tent 2-Person,Sports & Outdoors,2026-08-04,0.0,75.0,199.99,98.0,28,4,15
SKU-SPO-404,Ultralight Backpacking Tent 2-Person,Sports & Outdoors,2026-08-05,1.0,75.0,199.99,98.0,28,4,15
SKU-SPO-404,Ultralight Backpacking Tent 2-Person,Sports & Outdoors,2026-08-06,0.0,75.0,199.99,98.0,28,4,15
SKU-SPO-404,Ultralight Backpacking Tent 2-Person,Sports & Outdoors,2026-08-07,0.0,75.0,199.99,98.0,28,4,15
SKU-SPO-404,Ultralight Backpacking Tent 2-Person,Sports & Outdoors,2026-08-08,0.0,75.0,199.99,98.0,28,4,15
SKU-SPO-404,Ultralight Backpacking Tent 2-Person,Sports & Outdoors,2026-08-09,0.0,75.0,199.99,98.0,28,4,15
SKU-SPO-404,Ultralight Backpacking Tent 2-Person,Sports & Outdoors,2026-08-10,0.0,75.0,199.99,98.0,28,4,15
SKU-SPO-404,Ultralight Backpacking Tent 2-Person,Sports & Outdoors,2026-08-11,1.0,75.0,199.99,98.0,28,4,15
SKU-SPO-404,Ultralight Backpacking Tent 2-Person,Sports & Outdoors,2026-08-12,0.0,75.0,199.99,98.0,28,4,15
SKU-SPO-404,Ultralight Backpacking Tent 2-Person,Sports & Outdoors,2026-08-13,0.0,75.0,199.99,98.0,28,4,15
SKU-SPO-404,Ultralight Backpacking Tent 2-Person,Sports & Outdoors,2026-08-14,0.0,75.0,199.99,98.0,28,4,15
SKU-SPO-404,Ultralight Backpacking Tent 2-Person,Sports & Outdoors,2026-08-15,0.0,75.0,199.99,98.0,28,4,15
SKU-SPO-404,Ultralight Backpacking Tent 2-Person,Sports & Outdoors,2026-08-16,0.0,75.0,199.99,98.0,28,4,15
SKU-SPO-404,Ultralight Backpacking Tent 2-Person,Sports & Outdoors,2026-08-17,0.0,75.0,199.99,98.0,28,4,15
SKU-SPO-404,Ultralight Backpacking Tent 2-Person,Sports & Outdoors,2026-08-18,0.0,75.0,199.99,98.0,28,4,15
SKU-SPO-404,Ultralight Backpacking Tent 2-Person,Sports & Outdoors,2026-08-19,0.0,75.0,199.99,98.0,28,4,15
SKU-SPO-404,Ultralight Backpacking Tent 2-Person,Sports & Outdoors,2026-08-20,0.0,75.0,199.99,98.0,28,4,15
SKU-SPO-404,Ultralight Backpacking Tent 2-Person,Sports & Outdoors,2026-08-21,0.0,75.0,199.99,98.0,28,4,15
SKU-SPO-404,Ultralight Backpacking Tent 2-Person,Sports & Outdoors,2026-08-22,0.0,75.0,199.99,98.0,28,4,15
SKU-SPO-404,Ultralight Backpacking Tent 2-Person,Sports & Outdoors,2026-08-23,0.0,75.0,199.99,98.0,28,4,15
SKU-SPO-404,Ultralight Backpacking Tent 2-Person,Sports & Outdoors,2026-08-24,0.0,75.0,199.99,98.0,28,4,15
SKU-SPO-404,Ultralight Backpacking Tent 2-Person,Sports & Outdoors,2026-08-25,0.0,75.0,199.99,98.0,28,4,15
SKU-SPO-404,Ultralight Backpacking Tent 2-Person,Sports & Outdoors,2026-08-26,0.0,75.0,199.99,98.0,28,4,15
SKU-SPO-404,Ultralight Backpacking Tent 2-Person,Sports & Outdoors,2026-08-27,0.0,75.0,199.99,98.0,28,4,15
SKU-SPO-405,Compact Camping Hammock Portable,Sports & Outdoors,2026-03-01,7.0,95.0,34.99,13.0,14,22,78
SKU-SPO-405,Compact Camping Hammock Portable,Sports & Outdoors,2026-03-02,5.0,95.0,34.99,13.0,14,22,78
SKU-SPO-405,Compact Camping Hammock Portable,Sports & Outdoors,2026-03-03,5.0,95.0,34.99,13.0,14,22,78
SKU-SPO-405,Compact Camping Hammock Portable,Sports & Outdoors,2026-03-04,2.0,95.0,34.99,13.0,14,22,78
SKU-SPO-405,Compact Camping Hammock Portable,Sports & Outdoors,2026-03-05,6.0,95.0,34.99,13.0,14,22,78
SKU-SPO-405,Compact Camping Hammock Portable,Sports & Outdoors,2026-03-06,7.0,95.0,34.99,13.0,14,22,78
SKU-SPO-405,Compact Camping Hammock Portable,Sports & Outdoors,2026-03-07,6.0,95.0,34.99,13.0,14,22,78
SKU-SPO-405,Compact Camping Hammock Portable,Sports & Outdoors,2026-03-08,8.0,95.0,34.99,13.0,14,22,78
SKU-SPO-405,Compact Camping Hammock Portable,Sports & Outdoors,2026-03-09,2.0,95.0,34.99,13.0,14,22,78
SKU-SPO-405,Compact Camping Hammock Portable,Sports & Outdoors,2026-03-10,3.0,95.0,34.99,13.0,14,22,78
SKU-SPO-405,Compact Camping Hammock Portable,Sports & Outdoors,2026-03-11,6.0,95.0,34.99,13.0,14,22,78
SKU-SPO-405,Compact Camping Hammock Portable,Sports & Outdoors,2026-03-12,3.0,95.0,34.99,13.0,14,22,78
SKU-SPO-405,Compact Camping Hammock Portable,Sports & Outdoors,2026-03-13,2.0,95.0,34.99,13.0,14,22,78
SKU-SPO-405,Compact Camping Hammock Portable,Sports & Outdoors,2026-03-14,6.0,95.0,34.99,13.0,14,22,78
SKU-SPO-405,Compact Camping Hammock Portable,Sports & Outdoors,2026-03-15,3.0,95.0,34.99,13.0,14,22,78
SKU-SPO-405,Compact Camping Hammock Portable,Sports & Outdoors,2026-03-16,2.0,95.0,34.99,13.0,14,22,78
SKU-SPO-405,Compact Camping Hammock Portable,Sports & Outdoors,2026-03-17,6.0,95.0,34.99,13.0,14,22,78
SKU-SPO-405,Compact Camping Hammock Portable,Sports & Outdoors,2026-03-18,1.0,95.0,34.99,13.0,14,22,78
SKU-SPO-405,Compact Camping Hammock Portable,Sports & Outdoors,2026-03-19,10.0,95.0,34.99,13.0,14,22,78
SKU-SPO-405,Compact Camping Hammock Portable,Sports & Outdoors,2026-03-20,5.0,95.0,34.99,13.0,14,22,78
SKU-SPO-405,Compact Camping Hammock Portable,Sports & Outdoors,2026-03-21,5.0,95.0,34.99,13.0,14,22,78
SKU-SPO-405,Compact Camping Hammock Portable,Sports & Outdoors,2026-03-22,8.0,95.0,34.99,13.0,14,22,78
SKU-SPO-405,Compact Camping Hammock Portable,Sports & Outdoors,2026-03-23,5.0,95.0,34.99,13.0,14,22,78
SKU-SPO-405,Compact Camping Hammock Portable,Sports & Outdoors,2026-03-24,4.0,95.0,34.99,13.0,14,22,78
SKU-SPO-405,Compact Camping Hammock Portable,Sports & Outdoors,2026-03-25,3.0,95.0,34.99,13.0,14,22,78
SKU-SPO-405,Compact Camping Hammock Portable,Sports & Outdoors,2026-03-26,5.0,95.0,34.99,13.0,14,22,78
SKU-SPO-405,Compact Camping Hammock Portable,Sports & Outdoors,2026-03-27,4.0,95.0,34.99,13.0,14,22,78
SKU-SPO-405,Compact Camping Hammock Portable,Sports & Outdoors,2026-03-28,7.0,95.0,34.99,13.0,14,22,78
SKU-SPO-405,Compact Camping Hammock Portable,Sports & Outdoors,2026-03-29,4.0,95.0,34.99,13.0,14,22,78
SKU-SPO-405,Compact Camping Hammock Portable,Sports & Outdoors,2026-03-30,3.0,95.0,34.99,13.0,14,22,78
SKU-SPO-405,Compact Camping Hammock Portable,Sports & Outdoors,2026-03-31,7.0,95.0,34.99,13.0,14,22,78
SKU-SPO-405,Compact Camping Hammock Portable,Sports & Outdoors,2026-04-01,4.0,95.0,34.99,13.0,14,22,78
SKU-SPO-405,Compact Camping Hammock Portable,Sports & Outdoors,2026-04-02,3.0,95.0,34.99,13.0,14,22,78
SKU-SPO-405,Compact Camping Hammock Portable,Sports & Outdoors,2026-04-03,4.0,95.0,34.99,13.0,14,22,78
SKU-SPO-405,Compact Camping Hammock Portable,Sports & Outdoors,2026-04-04,7.0,95.0,34.99,13.0,14,22,78
SKU-SPO-405,Compact Camping Hammock Portable,Sports & Outdoors,2026-04-05,3.0,95.0,34.99,13.0,14,22,78
SKU-SPO-405,Compact Camping Hammock Portable,Sports & Outdoors,2026-04-06,3.0,95.0,34.99,13.0,14,22,78
SKU-SPO-405,Compact Camping Hammock Portable,Sports & Outdoors,2026-04-07,5.0,95.0,34.99,13.0,14,22,78
SKU-SPO-405,Compact Camping Hammock Portable,Sports & Outdoors,2026-04-08,2.0,95.0,34.99,13.0,14,22,78
SKU-SPO-405,Compact Camping Hammock Portable,Sports & Outdoors,2026-04-09,5.0,95.0,34.99,13.0,14,22,78
SKU-SPO-405,Compact Camping Hammock Portable,Sports & Outdoors,2026-04-10,2.0,95.0,34.99,13.0,14,22,78
SKU-SPO-405,Compact Camping Hammock Portable,Sports & Outdoors,2026-04-11,5.0,95.0,34.99,13.0,14,22,78
SKU-SPO-405,Compact Camping Hammock Portable,Sports & Outdoors,2026-04-12,3.0,95.0,34.99,13.0,14,22,78
SKU-SPO-405,Compact Camping Hammock Portable,Sports & Outdoors,2026-04-13,4.0,95.0,34.99,13.0,14,22,78
SKU-SPO-405,Compact Camping Hammock Portable,Sports & Outdoors,2026-04-14,6.0,95.0,34.99,13.0,14,22,78
SKU-SPO-405,Compact Camping Hammock Portable,Sports & Outdoors,2026-04-15,4.0,95.0,34.99,13.0,14,22,78
SKU-SPO-405,Compact Camping Hammock Portable,Sports & Outdoors,2026-04-16,5.0,95.0,34.99,13.0,14,22,78
SKU-SPO-405,Compact Camping Hammock Portable,Sports & Outdoors,2026-04-17,5.0,95.0,34.99,13.0,14,22,78
SKU-SPO-405,Compact Camping Hammock Portable,Sports & Outdoors,2026-04-18,5.0,95.0,34.99,13.0,14,22,78
SKU-SPO-405,Compact Camping Hammock Portable,Sports & Outdoors,2026-04-19,6.0,95.0,34.99,13.0,14,22,78
SKU-SPO-405,Compact Camping Hammock Portable,Sports & Outdoors,2026-04-20,4.0,95.0,34.99,13.0,14,22,78
SKU-SPO-405,Compact Camping Hammock Portable,Sports & Outdoors,2026-04-21,3.0,95.0,34.99,13.0,14,22,78
SKU-SPO-405,Compact Camping Hammock Portable,Sports & Outdoors,2026-04-22,6.0,95.0,34.99,13.0,14,22,78
SKU-SPO-405,Compact Camping Hammock Portable,Sports & Outdoors,2026-04-23,3.0,95.0,34.99,13.0,14,22,78
SKU-SPO-405,Compact Camping Hammock Portable,Sports & Outdoors,2026-04-24,1.0,95.0,34.99,13.0,14,22,78
SKU-SPO-405,Compact Camping Hammock Portable,Sports & Outdoors,2026-04-25,5.0,95.0,34.99,13.0,14,22,78
SKU-SPO-405,Compact Camping Hammock Portable,Sports & Outdoors,2026-04-26,7.0,95.0,34.99,13.0,14,22,78
SKU-SPO-405,Compact Camping Hammock Portable,Sports & Outdoors,2026-04-27,5.0,95.0,34.99,13.0,14,22,78
SKU-SPO-405,Compact Camping Hammock Portable,Sports & Outdoors,2026-04-28,6.0,95.0,34.99,13.0,14,22,78
SKU-SPO-405,Compact Camping Hammock Portable,Sports & Outdoors,2026-04-29,6.0,95.0,34.99,13.0,14,22,78
SKU-SPO-405,Compact Camping Hammock Portable,Sports & Outdoors,2026-04-30,2.0,95.0,34.99,13.0,14,22,78
SKU-SPO-405,Compact Camping Hammock Portable,Sports & Outdoors,2026-05-01,6.0,95.0,34.99,13.0,14,22,78
SKU-SPO-405,Compact Camping Hammock Portable,Sports & Outdoors,2026-05-02,4.0,95.0,34.99,13.0,14,22,78
SKU-SPO-405,Compact Camping Hammock Portable,Sports & Outdoors,2026-05-03,7.0,95.0,34.99,13.0,14,22,78
SKU-SPO-405,Compact Camping Hammock Portable,Sports & Outdoors,2026-05-04,2.0,95.0,34.99,13.0,14,22,78
SKU-SPO-405,Compact Camping Hammock Portable,Sports & Outdoors,2026-05-05,6.0,95.0,34.99,13.0,14,22,78
SKU-SPO-405,Compact Camping Hammock Portable,Sports & Outdoors,2026-05-06,5.0,95.0,34.99,13.0,14,22,78
SKU-SPO-405,Compact Camping Hammock Portable,Sports & Outdoors,2026-05-07,4.0,95.0,34.99,13.0,14,22,78
SKU-SPO-405,Compact Camping Hammock Portable,Sports & Outdoors,2026-05-08,1.0,95.0,34.99,13.0,14,22,78
SKU-SPO-405,Compact Camping Hammock Portable,Sports & Outdoors,2026-05-09,3.0,95.0,34.99,13.0,14,22,78
SKU-SPO-405,Compact Camping Hammock Portable,Sports & Outdoors,2026-05-10,8.0,95.0,34.99,13.0,14,22,78
SKU-SPO-405,Compact Camping Hammock Portable,Sports & Outdoors,2026-05-11,3.0,95.0,34.99,13.0,14,22,78
SKU-SPO-405,Compact Camping Hammock Portable,Sports & Outdoors,2026-05-12,7.0,95.0,34.99,13.0,14,22,78
SKU-SPO-405,Compact Camping Hammock Portable,Sports & Outdoors,2026-05-13,4.0,95.0,34.99,13.0,14,22,78
SKU-SPO-405,Compact Camping Hammock Portable,Sports & Outdoors,2026-05-14,5.0,95.0,34.99,13.0,14,22,78
SKU-SPO-405,Compact Camping Hammock Portable,Sports & Outdoors,2026-05-15,3.0,95.0,34.99,13.0,14,22,78
SKU-SPO-405,Compact Camping Hammock Portable,Sports & Outdoors,2026-05-16,3.0,95.0,34.99,13.0,14,22,78
SKU-SPO-405,Compact Camping Hammock Portable,Sports & Outdoors,2026-05-17,4.0,95.0,34.99,13.0,14,22,78
SKU-SPO-405,Compact Camping Hammock Portable,Sports & Outdoors,2026-05-18,1.0,95.0,34.99,13.0,14,22,78
SKU-SPO-405,Compact Camping Hammock Portable,Sports & Outdoors,2026-05-19,2.0,95.0,34.99,13.0,14,22,78
SKU-SPO-405,Compact Camping Hammock Portable,Sports & Outdoors,2026-05-20,4.0,95.0,34.99,13.0,14,22,78
SKU-SPO-405,Compact Camping Hammock Portable,Sports & Outdoors,2026-05-21,4.0,95.0,34.99,13.0,14,22,78
SKU-SPO-405,Compact Camping Hammock Portable,Sports & Outdoors,2026-05-22,7.0,95.0,34.99,13.0,14,22,78
SKU-SPO-405,Compact Camping Hammock Portable,Sports & Outdoors,2026-05-23,1.0,95.0,34.99,13.0,14,22,78
SKU-SPO-405,Compact Camping Hammock Portable,Sports & Outdoors,2026-05-24,3.0,95.0,34.99,13.0,14,22,78
SKU-SPO-405,Compact Camping Hammock Portable,Sports & Outdoors,2026-05-25,5.0,95.0,34.99,13.0,14,22,78
SKU-SPO-405,Compact Camping Hammock Portable,Sports & Outdoors,2026-05-26,3.0,95.0,34.99,13.0,14,22,78
SKU-SPO-405,Compact Camping Hammock Portable,Sports & Outdoors,2026-05-27,3.0,95.0,34.99,13.0,14,22,78
SKU-SPO-405,Compact Camping Hammock Portable,Sports & Outdoors,2026-05-28,5.0,95.0,34.99,13.0,14,22,78
SKU-SPO-405,Compact Camping Hammock Portable,Sports & Outdoors,2026-05-29,3.0,95.0,34.99,13.0,14,22,78
SKU-SPO-405,Compact Camping Hammock Portable,Sports & Outdoors,2026-05-30,9.0,95.0,34.99,13.0,14,22,78
SKU-SPO-405,Compact Camping Hammock Portable,Sports & Outdoors,2026-05-31,8.0,95.0,34.99,13.0,14,22,78
SKU-SPO-405,Compact Camping Hammock Portable,Sports & Outdoors,2026-06-01,2.0,95.0,34.99,13.0,14,22,78
SKU-SPO-405,Compact Camping Hammock Portable,Sports & Outdoors,2026-06-02,5.0,95.0,34.99,13.0,14,22,78
SKU-SPO-405,Compact Camping Hammock Portable,Sports & Outdoors,2026-06-03,5.0,95.0,34.99,13.0,14,22,78
SKU-SPO-405,Compact Camping Hammock Portable,Sports & Outdoors,2026-06-04,2.0,95.0,34.99,13.0,14,22,78
SKU-SPO-405,Compact Camping Hammock Portable,Sports & Outdoors,2026-06-05,3.0,95.0,34.99,13.0,14,22,78
SKU-SPO-405,Compact Camping Hammock Portable,Sports & Outdoors,2026-06-06,5.0,95.0,34.99,13.0,14,22,78
SKU-SPO-405,Compact Camping Hammock Portable,Sports & Outdoors,2026-06-07,14.0,95.0,34.99,13.0,14,22,78
SKU-SPO-405,Compact Camping Hammock Portable,Sports & Outdoors,2026-06-08,1.0,95.0,34.99,13.0,14,22,78
SKU-SPO-405,Compact Camping Hammock Portable,Sports & Outdoors,2026-06-09,2.0,95.0,34.99,13.0,14,22,78
SKU-SPO-405,Compact Camping Hammock Portable,Sports & Outdoors,2026-06-10,3.0,95.0,34.99,13.0,14,22,78
SKU-SPO-405,Compact Camping Hammock Portable,Sports & Outdoors,2026-06-11,9.0,95.0,34.99,13.0,14,22,78
SKU-SPO-405,Compact Camping Hammock Portable,Sports & Outdoors,2026-06-12,6.0,95.0,34.99,13.0,14,22,78
SKU-SPO-405,Compact Camping Hammock Portable,Sports & Outdoors,2026-06-13,9.0,95.0,34.99,13.0,14,22,78
SKU-SPO-405,Compact Camping Hammock Portable,Sports & Outdoors,2026-06-14,5.0,95.0,34.99,13.0,14,22,78
SKU-SPO-405,Compact Camping Hammock Portable,Sports & Outdoors,2026-06-15,3.0,95.0,34.99,13.0,14,22,78
SKU-SPO-405,Compact Camping Hammock Portable,Sports & Outdoors,2026-06-16,1.0,95.0,34.99,13.0,14,22,78
SKU-SPO-405,Compact Camping Hammock Portable,Sports & Outdoors,2026-06-17,2.0,95.0,34.99,13.0,14,22,78
SKU-SPO-405,Compact Camping Hammock Portable,Sports & Outdoors,2026-06-18,3.0,95.0,34.99,13.0,14,22,78
SKU-SPO-405,Compact Camping Hammock Portable,Sports & Outdoors,2026-06-19,4.0,95.0,34.99,13.0,14,22,78
SKU-SPO-405,Compact Camping Hammock Portable,Sports & Outdoors,2026-06-20,4.0,95.0,34.99,13.0,14,22,78
SKU-SPO-405,Compact Camping Hammock Portable,Sports & Outdoors,2026-06-21,8.0,95.0,34.99,13.0,14,22,78
SKU-SPO-405,Compact Camping Hammock Portable,Sports & Outdoors,2026-06-22,7.0,95.0,34.99,13.0,14,22,78
SKU-SPO-405,Compact Camping Hammock Portable,Sports & Outdoors,2026-06-23,6.0,95.0,34.99,13.0,14,22,78
SKU-SPO-405,Compact Camping Hammock Portable,Sports & Outdoors,2026-06-24,7.0,95.0,34.99,13.0,14,22,78
SKU-SPO-405,Compact Camping Hammock Portable,Sports & Outdoors,2026-06-25,0.0,95.0,34.99,13.0,14,22,78
SKU-SPO-405,Compact Camping Hammock Portable,Sports & Outdoors,2026-06-26,1.0,95.0,34.99,13.0,14,22,78
SKU-SPO-405,Compact Camping Hammock Portable,Sports & Outdoors,2026-06-27,8.0,95.0,34.99,13.0,14,22,78
SKU-SPO-405,Compact Camping Hammock Portable,Sports & Outdoors,2026-06-28,7.0,95.0,34.99,13.0,14,22,78
SKU-SPO-405,Compact Camping Hammock Portable,Sports & Outdoors,2026-06-29,4.0,95.0,34.99,13.0,14,22,78
SKU-SPO-405,Compact Camping Hammock Portable,Sports & Outdoors,2026-06-30,11.0,95.0,34.99,13.0,14,22,78
SKU-SPO-405,Compact Camping Hammock Portable,Sports & Outdoors,2026-07-01,6.0,95.0,34.99,13.0,14,22,78
SKU-SPO-405,Compact Camping Hammock Portable,Sports & Outdoors,2026-07-02,4.0,95.0,34.99,13.0,14,22,78
SKU-SPO-405,Compact Camping Hammock Portable,Sports & Outdoors,2026-07-03,4.0,95.0,34.99,13.0,14,22,78
SKU-SPO-405,Compact Camping Hammock Portable,Sports & Outdoors,2026-07-04,5.0,95.0,34.99,13.0,14,22,78
SKU-SPO-405,Compact Camping Hammock Portable,Sports & Outdoors,2026-07-05,5.0,95.0,34.99,13.0,14,22,78
SKU-SPO-405,Compact Camping Hammock Portable,Sports & Outdoors,2026-07-06,8.0,95.0,34.99,13.0,14,22,78
SKU-SPO-405,Compact Camping Hammock Portable,Sports & Outdoors,2026-07-07,4.0,95.0,34.99,13.0,14,22,78
SKU-SPO-405,Compact Camping Hammock Portable,Sports & Outdoors,2026-07-08,5.0,95.0,34.99,13.0,14,22,78
SKU-SPO-405,Compact Camping Hammock Portable,Sports & Outdoors,2026-07-09,2.0,95.0,34.99,13.0,14,22,78
SKU-SPO-405,Compact Camping Hammock Portable,Sports & Outdoors,2026-07-10,2.0,95.0,34.99,13.0,14,22,78
SKU-SPO-405,Compact Camping Hammock Portable,Sports & Outdoors,2026-07-11,4.0,95.0,34.99,13.0,14,22,78
SKU-SPO-405,Compact Camping Hammock Portable,Sports & Outdoors,2026-07-12,10.0,95.0,34.99,13.0,14,22,78
SKU-SPO-405,Compact Camping Hammock Portable,Sports & Outdoors,2026-07-13,6.0,95.0,34.99,13.0,14,22,78
SKU-SPO-405,Compact Camping Hammock Portable,Sports & Outdoors,2026-07-14,6.0,95.0,34.99,13.0,14,22,78
SKU-SPO-405,Compact Camping Hammock Portable,Sports & Outdoors,2026-07-15,4.0,95.0,34.99,13.0,14,22,78
SKU-SPO-405,Compact Camping Hammock Portable,Sports & Outdoors,2026-07-16,2.0,95.0,34.99,13.0,14,22,78
SKU-SPO-405,Compact Camping Hammock Portable,Sports & Outdoors,2026-07-17,4.0,95.0,34.99,13.0,14,22,78
SKU-SPO-405,Compact Camping Hammock Portable,Sports & Outdoors,2026-07-18,3.0,95.0,34.99,13.0,14,22,78
SKU-SPO-405,Compact Camping Hammock Portable,Sports & Outdoors,2026-07-19,4.0,95.0,34.99,13.0,14,22,78
SKU-SPO-405,Compact Camping Hammock Portable,Sports & Outdoors,2026-07-20,5.0,95.0,34.99,13.0,14,22,78
SKU-SPO-405,Compact Camping Hammock Portable,Sports & Outdoors,2026-07-21,3.0,95.0,34.99,13.0,14,22,78
SKU-SPO-405,Compact Camping Hammock Portable,Sports & Outdoors,2026-07-22,4.0,95.0,34.99,13.0,14,22,78
SKU-SPO-405,Compact Camping Hammock Portable,Sports & Outdoors,2026-07-23,2.0,95.0,34.99,13.0,14,22,78
SKU-SPO-405,Compact Camping Hammock Portable,Sports & Outdoors,2026-07-24,5.0,95.0,34.99,13.0,14,22,78
SKU-SPO-405,Compact Camping Hammock Portable,Sports & Outdoors,2026-07-25,7.0,95.0,34.99,13.0,14,22,78
SKU-SPO-405,Compact Camping Hammock Portable,Sports & Outdoors,2026-07-26,4.0,95.0,34.99,13.0,14,22,78
SKU-SPO-405,Compact Camping Hammock Portable,Sports & Outdoors,2026-07-27,4.0,95.0,34.99,13.0,14,22,78
SKU-SPO-405,Compact Camping Hammock Portable,Sports & Outdoors,2026-07-28,7.0,95.0,34.99,13.0,14,22,78
SKU-SPO-405,Compact Camping Hammock Portable,Sports & Outdoors,2026-07-29,5.0,95.0,34.99,13.0,14,22,78
SKU-SPO-405,Compact Camping Hammock Portable,Sports & Outdoors,2026-07-30,2.0,95.0,34.99,13.0,14,22,78
SKU-SPO-405,Compact Camping Hammock Portable,Sports & Outdoors,2026-07-31,5.0,95.0,34.99,13.0,14,22,78
SKU-SPO-405,Compact Camping Hammock Portable,Sports & Outdoors,2026-08-01,11.0,95.0,34.99,13.0,14,22,78
SKU-SPO-405,Compact Camping Hammock Portable,Sports & Outdoors,2026-08-02,3.0,95.0,34.99,13.0,14,22,78
SKU-SPO-405,Compact Camping Hammock Portable,Sports & Outdoors,2026-08-03,3.0,95.0,34.99,13.0,14,22,78
SKU-SPO-405,Compact Camping Hammock Portable,Sports & Outdoors,2026-08-04,3.0,95.0,34.99,13.0,14,22,78
SKU-SPO-405,Compact Camping Hammock Portable,Sports & Outdoors,2026-08-05,2.0,95.0,34.99,13.0,14,22,78
SKU-SPO-405,Compact Camping Hammock Portable,Sports & Outdoors,2026-08-06,4.0,95.0,34.99,13.0,14,22,78
SKU-SPO-405,Compact Camping Hammock Portable,Sports & Outdoors,2026-08-07,3.0,95.0,34.99,13.0,14,22,78
SKU-SPO-405,Compact Camping Hammock Portable,Sports & Outdoors,2026-08-08,6.0,95.0,34.99,13.0,14,22,78
SKU-SPO-405,Compact Camping Hammock Portable,Sports & Outdoors,2026-08-09,5.0,95.0,34.99,13.0,14,22,78
SKU-SPO-405,Compact Camping Hammock Portable,Sports & Outdoors,2026-08-10,4.0,95.0,34.99,13.0,14,22,78
SKU-SPO-405,Compact Camping Hammock Portable,Sports & Outdoors,2026-08-11,3.0,95.0,34.99,13.0,14,22,78
SKU-SPO-405,Compact Camping Hammock Portable,Sports & Outdoors,2026-08-12,2.0,95.0,34.99,13.0,14,22,78
SKU-SPO-405,Compact Camping Hammock Portable,Sports & Outdoors,2026-08-13,3.0,95.0,34.99,13.0,14,22,78
SKU-SPO-405,Compact Camping Hammock Portable,Sports & Outdoors,2026-08-14,5.0,95.0,34.99,13.0,14,22,78
SKU-SPO-405,Compact Camping Hammock Portable,Sports & Outdoors,2026-08-15,0.0,95.0,34.99,13.0,14,22,78
SKU-SPO-405,Compact Camping Hammock Portable,Sports & Outdoors,2026-08-16,2.0,95.0,34.99,13.0,14,22,78
SKU-SPO-405,Compact Camping Hammock Portable,Sports & Outdoors,2026-08-17,6.0,95.0,34.99,13.0,14,22,78
SKU-SPO-405,Compact Camping Hammock Portable,Sports & Outdoors,2026-08-18,3.0,95.0,34.99,13.0,14,22,78
SKU-SPO-405,Compact Camping Hammock Portable,Sports & Outdoors,2026-08-19,3.0,95.0,34.99,13.0,14,22,78
SKU-SPO-405,Compact Camping Hammock Portable,Sports & Outdoors,2026-08-20,3.0,95.0,34.99,13.0,14,22,78
SKU-SPO-405,Compact Camping Hammock Portable,Sports & Outdoors,2026-08-21,11.0,95.0,34.99,13.0,14,22,78
SKU-SPO-405,Compact Camping Hammock Portable,Sports & Outdoors,2026-08-22,4.0,95.0,34.99,13.0,14,22,78
SKU-SPO-405,Compact Camping Hammock Portable,Sports & Outdoors,2026-08-23,7.0,95.0,34.99,13.0,14,22,78
SKU-SPO-405,Compact Camping Hammock Portable,Sports & Outdoors,2026-08-24,2.0,95.0,34.99,13.0,14,22,78
SKU-SPO-405,Compact Camping Hammock Portable,Sports & Outdoors,2026-08-25,4.0,95.0,34.99,13.0,14,22,78
SKU-SPO-405,Compact Camping Hammock Portable,Sports & Outdoors,2026-08-26,2.0,95.0,34.99,13.0,14,22,78
SKU-SPO-405,Compact Camping Hammock Portable,Sports & Outdoors,2026-08-27,0.0,95.0,34.99,13.0,14,22,78
