Date,SKU,Product_Name,Category,Units_Sold,Unit_Price,Unit_Cost,Current_Stock,Lead_Time_Days,Safety_Stock,Reorder_Point
2026-03-01,SKU-ELC-001,Wireless Noise-Canceling Headphones,Electronics,14,129.99,65.0,12,14,48,167
2026-03-02,SKU-ELC-001,Wireless Noise-Canceling Headphones,Electronics,6,129.99,65.0,12,14,48,167
2026-03-03,SKU-ELC-001,Wireless Noise-Canceling Headphones,Electronics,8,129.99,65.0,12,14,48,167
2026-03-04,SKU-ELC-001,Wireless Noise-Canceling Headphones,Electronics,9,129.99,65.0,12,14,48,167
2026-03-05,SKU-ELC-001,Wireless Noise-Canceling Headphones,Electronics,7,129.99,65.0,12,14,48,167
2026-03-06,SKU-ELC-001,Wireless Noise-Canceling Headphones,Electronics,6,129.99,65.0,12,14,48,167
2026-03-07,SKU-ELC-001,Wireless Noise-Canceling Headphones,Electronics,13,129.99,65.0,12,14,48,167
2026-03-08,SKU-ELC-001,Wireless Noise-Canceling Headphones,Electronics,12,129.99,65.0,12,14,48,167
2026-03-09,SKU-ELC-001,Wireless Noise-Canceling Headphones,  Electronics ,9,129.99,65.0,12,14,48,167
2026-03-10,SKU-ELC-001,Wireless Noise-Canceling Headphones,Electronics,9,129.99,65.0,12,14,48,167
2026-03-11,SKU-ELC-001,Wireless Noise-Canceling Headphones,Electronics,8,129.99,65.0,12,14,48,167
2026-03-12,SKU-ELC-001,Wireless Noise-Canceling Headphones,Electronics,6,129.99,65.0,12,14,48,167
2026-03-13,SKU-ELC-001,Wireless Noise-Canceling Headphones,Electronics,13,129.99,65.0,12,14,48,167
2026-03-14,SKU-ELC-001,Wireless Noise-Canceling Headphones,Electronics,7,129.99,65.0,12,14,48,167
2026-03-15,SKU-ELC-001,Wireless Noise-Canceling Headphones,Electronics,13,129.99,65.0,12,14,48,167
2026-03-16,SKU-ELC-001,Wireless Noise-Canceling Headphones,Electronics,8,129.99,65.0,12,14,48,167
2026-03-17,SKU-ELC-001,Wireless Noise-Canceling Headphones,Electronics,13,129.99,65.0,12,14,48,167
2026-03-18,SKU-ELC-001,Wireless Noise-Canceling Headphones,Electronics,6,129.99,65.0,12,14,48,167
2026-03-19,SKU-ELC-001,Wireless Noise-Canceling Headphones,Electronics,11,129.99,65.0,12,14,48,167
2026-03-20,SKU-ELC-001,Wireless Noise-Canceling Headphones,Electronics,6,129.99,65.0,12,14,48,167
2026-03-21,SKU-ELC-001,Wireless Noise-Canceling Headphones,Electronics,8,129.99,65.0,12,14,48,167
2026-03-22,SKU-ELC-001,Wireless Noise-Canceling Headphones,Electronics,14,129.99,65.0,12,14,48,167
2026-03-23,SKU-ELC-001,Wireless Noise-Canceling Headphones,Electronics,9,129.99,65.0,12,14,48,167
2026-03-24,SKU-ELC-001,Wireless Noise-Canceling Headphones,Electronics,5,129.99,65.0,12,14,48,167
2026-03-25,SKU-ELC-001,Wireless Noise-Canceling Headphones,Electronics,9,129.99,65.0,12,14,48,167
2026-03-26,SKU-ELC-001,Wireless Noise-Canceling Headphones,Electronics,11,129.99,65.0,12,14,48,167
2026-03-27,SKU-ELC-001,Wireless Noise-Canceling Headphones,Electronics,9,129.99,65.0,12,14,48,167
2026-03-28,SKU-ELC-001,Wireless Noise-Canceling Headphones,Electronics,7,129.99,65.0,12,14,48,167
2026-03-29,SKU-ELC-001,Wireless Noise-Canceling Headphones,Electronics,13,129.99,65.0,12,14,48,167
2026-03-30,SKU-ELC-001,Wireless Noise-Canceling Headphones,  Electronics ,10,129.99,65.0,12,14,48,167
2026-03-31,SKU-ELC-001,Wireless Noise-Canceling Headphones,Electronics,11,129.99,65.0,12,14,48,167
2026-04-01,SKU-ELC-001,Wireless Noise-Canceling Headphones,Electronics,9,129.99,65.0,12,14,48,167
2026-04-02,SKU-ELC-001,Wireless Noise-Canceling Headphones,Electronics,14,129.99,65.0,12,14,48,167
2026-04-03,SKU-ELC-001,Wireless Noise-Canceling Headphones,Electronics,17,129.99,65.0,12,14,48,167
2026-04-04,SKU-ELC-001,Wireless Noise-Canceling Headphones,Electronics,17,129.99,65.0,12,14,48,167
2026-04-05,SKU-ELC-001,Wireless Noise-Canceling Headphones,Electronics,11,129.99,65.0,12,14,48,167
2026-04-06,SKU-ELC-001,Wireless Noise-Canceling Headphones,Electronics,6,129.99,65.0,12,14,48,167
2026-04-07,SKU-ELC-001,Wireless Noise-Canceling Headphones,Electronics,7,129.99,65.0,12,14,48,167
2026-04-08,SKU-ELC-001,Wireless Noise-Canceling Headphones,Electronics,8,129.99,65.0,12,14,48,167
2026-04-09,SKU-ELC-001,Wireless Noise-Canceling Headphones,Electronics,8,129.99,65.0,12,14,48,167
2026-04-10,SKU-ELC-001,Wireless Noise-Canceling Headphones,Electronics,11,129.99,65.0,12,14,48,167
2026-04-11,SKU-ELC-001,Wireless Noise-Canceling Headphones,Electronics,10,129.99,65.0,12,14,48,167
2026-04-12,SKU-ELC-001,Wireless Noise-Canceling Headphones,Electronics,15,129.99,65.0,12,14,48,167
2026-04-13,SKU-ELC-001,Wireless Noise-Canceling Headphones,Electronics,5,129.99,65.0,12,14,48,167
2026-04-14,SKU-ELC-001,Wireless Noise-Canceling Headphones,Electronics,8,129.99,65.0,12,14,48,167
2026-04-15,SKU-ELC-001,Wireless Noise-Canceling Headphones,Electronics,8,129.99,65.0,12,14,48,167
2026-04-16,SKU-ELC-001,Wireless Noise-Canceling Headphones,Electronics,12,129.99,65.0,12,14,48,167
2026-04-17,SKU-ELC-001,Wireless Noise-Canceling Headphones,Electronics,4,129.99,65.0,12,14,48,167
2026-04-18,SKU-ELC-001,Wireless Noise-Canceling Headphones,Electronics,11,129.99,65.0,12,14,48,167
2026-04-19,SKU-ELC-001,Wireless Noise-Canceling Headphones,Electronics,10,129.99,65.0,12,14,48,167
2026-04-20,SKU-ELC-001,Wireless Noise-Canceling Headphones,Electronics,17,129.99,65.0,12,14,48,167
2026-04-21,SKU-ELC-001,Wireless Noise-Canceling Headphones,Electronics,8,129.99,65.0,12,14,48,167
2026-04-22,SKU-ELC-001,Wireless Noise-Canceling Headphones,Electronics,14,129.99,65.0,12,14,48,167
2026-04-23,SKU-ELC-001,Wireless Noise-Canceling Headphones,Electronics,7,129.99,65.0,12,14,48,167
2026-04-24,SKU-ELC-001,Wireless Noise-Canceling Headphones,Electronics,8,129.99,65.0,12,14,48,167
2026-04-25,SKU-ELC-001,Wireless Noise-Canceling Headphones,Electronics,11,129.99,65.0,12,14,48,167
2026-04-26,SKU-ELC-001,Wireless Noise-Canceling Headphones,  Electronics ,11,129.99,65.0,12,14,48,167
2026-04-27,SKU-ELC-001,Wireless Noise-Canceling Headphones,Electronics,7,129.99,65.0,12,14,48,167
2026-04-28,SKU-ELC-001,Wireless Noise-Canceling Headphones,Electronics,8,129.99,65.0,12,14,48,167
2026-04-29,SKU-ELC-001,Wireless Noise-Canceling Headphones,Electronics,7,129.99,65.0,12,14,48,167
2026-04-30,SKU-ELC-001,Wireless Noise-Canceling Headphones,Electronics,11,129.99,65.0,12,14,48,167
2026-05-01,SKU-ELC-001,Wireless Noise-Canceling Headphones,Electronics,10,129.99,65.0,12,14,48,167
2026-05-02,SKU-ELC-001,Wireless Noise-Canceling Headphones,Electronics,15,129.99,65.0,12,14,48,167
2026-05-03,SKU-ELC-001,Wireless Noise-Canceling Headphones,Electronics,11,129.99,65.0,12,14,48,167
2026-05-04,SKU-ELC-001,Wireless Noise-Canceling Headphones,Electronics,11,129.99,65.0,12,14,48,167
2026-05-05,SKU-ELC-001,Wireless Noise-Canceling Headphones,Electronics,12,129.99,65.0,12,14,48,167
2026-05-06,SKU-ELC-001,Wireless Noise-Canceling Headphones,  Electronics ,17,129.99,65.0,12,14,48,167
2026-05-07,SKU-ELC-001,Wireless Noise-Canceling Headphones,Electronics,10,129.99,65.0,12,14,48,167
2026-05-08,SKU-ELC-001,Wireless Noise-Canceling Headphones,Electronics,6,129.99,65.0,12,14,48,167
2026-05-09,SKU-ELC-001,Wireless Noise-Canceling Headphones,Electronics,14,129.99,65.0,12,14,48,167
2026-05-10,SKU-ELC-001,Wireless Noise-Canceling Headphones,Electronics,13,129.99,65.0,12,14,48,167
2026-05-11,SKU-ELC-001,Wireless Noise-Canceling Headphones,  Electronics ,14,129.99,65.0,12,14,48,167
2026-05-12,SKU-ELC-001,Wireless Noise-Canceling Headphones,Electronics,5,129.99,65.0,12,14,48,167
2026-05-13,SKU-ELC-001,Wireless Noise-Canceling Headphones,Electronics,9,129.99,65.0,12,14,48,167
2026-05-14,SKU-ELC-001,Wireless Noise-Canceling Headphones,Electronics,5,129.99,65.0,12,14,48,167
2026-05-15,SKU-ELC-001,Wireless Noise-Canceling Headphones,Electronics,7,129.99,65.0,12,14,48,167
2026-05-16,SKU-ELC-001,Wireless Noise-Canceling Headphones,Electronics,6,129.99,65.0,12,14,48,167
2026-05-17,SKU-ELC-001,Wireless Noise-Canceling Headphones,Electronics,9,129.99,65.0,12,14,48,167
2026-05-18,SKU-ELC-001,Wireless Noise-Canceling Headphones,Electronics,10,129.99,65.0,12,14,48,167
2026-05-19,SKU-ELC-001,Wireless Noise-Canceling Headphones,Electronics,7,129.99,65.0,12,14,48,167
2026-05-20,SKU-ELC-001,Wireless Noise-Canceling Headphones,  Electronics ,8,129.99,65.0,12,14,48,167
2026-05-21,SKU-ELC-001,Wireless Noise-Canceling Headphones,Electronics,8,129.99,65.0,12,14,48,167
2026-05-22,SKU-ELC-001,Wireless Noise-Canceling Headphones,Electronics,15,129.99,65.0,12,14,48,167
2026-05-23,SKU-ELC-001,Wireless Noise-Canceling Headphones,Electronics,14,129.99,65.0,12,14,48,167
2026-05-24,SKU-ELC-001,Wireless Noise-Canceling Headphones,Electronics,14,129.99,65.0,12,14,48,167
2026-05-25,SKU-ELC-001,Wireless Noise-Canceling Headphones,Electronics,13,129.99,65.0,12,14,48,167
2026-05-26,SKU-ELC-001,Wireless Noise-Canceling Headphones,Electronics,6,129.99,65.0,12,14,48,167
2026-05-27,SKU-ELC-001,Wireless Noise-Canceling Headphones,Electronics,9,129.99,65.0,12,14,48,167
2026-05-28,SKU-ELC-001,Wireless Noise-Canceling Headphones,Electronics,11,129.99,65.0,12,14,48,167
2026-05-29,SKU-ELC-001,Wireless Noise-Canceling Headphones,Electronics,7,129.99,65.0,12,14,48,167
2026-05-30,SKU-ELC-001,Wireless Noise-Canceling Headphones,Electronics,9,129.99,65.0,12,14,48,167
2026-05-31,SKU-ELC-001,Wireless Noise-Canceling Headphones,  Electronics ,9,129.99,65.0,12,14,48,167
2026-06-01,SKU-ELC-001,Wireless Noise-Canceling Headphones,Electronics,8,129.99,65.0,12,14,48,167
2026-06-02,SKU-ELC-001,Wireless Noise-Canceling Headphones,Electronics,15,129.99,65.0,12,14,48,167
2026-06-03,SKU-ELC-001,Wireless Noise-Canceling Headphones,Electronics,10,129.99,65.0,12,14,48,167
2026-06-04,SKU-ELC-001,Wireless Noise-Canceling Headphones,  Electronics ,8,129.99,65.0,12,14,48,167
2026-06-05,SKU-ELC-001,Wireless Noise-Canceling Headphones,Electronics,11,129.99,65.0,12,14,48,167
2026-06-06,SKU-ELC-001,Wireless Noise-Canceling Headphones,Electronics,11,129.99,65.0,12,14,48,167
2026-06-07,SKU-ELC-001,Wireless Noise-Canceling Headphones,Electronics,10,129.99,65.0,12,14,48,167
2026-06-08,SKU-ELC-001,Wireless Noise-Canceling Headphones,Electronics,10,129.99,65.0,12,14,48,167
2026-06-09,SKU-ELC-001,Wireless Noise-Canceling Headphones,  Electronics ,8,129.99,65.0,12,14,48,167
2026-06-10,SKU-ELC-001,Wireless Noise-Canceling Headphones,Electronics,11,129.99,65.0,12,14,48,167
2026-06-11,SKU-ELC-001,Wireless Noise-Canceling Headphones,Electronics,11,129.99,65.0,12,14,48,167
2026-06-12,SKU-ELC-001,Wireless Noise-Canceling Headphones,Electronics,10,129.99,65.0,12,14,48,167
2026-06-13,SKU-ELC-001,Wireless Noise-Canceling Headphones,Electronics,6,129.99,65.0,12,14,48,167
2026-06-14,SKU-ELC-001,Wireless Noise-Canceling Headphones,Electronics,9,129.99,65.0,12,14,48,167
2026-06-15,SKU-ELC-001,Wireless Noise-Canceling Headphones,Electronics,14,129.99,65.0,12,14,48,167
2026-06-16,SKU-ELC-001,Wireless Noise-Canceling Headphones,Electronics,12,129.99,65.0,12,14,48,167
2026-06-17,SKU-ELC-001,Wireless Noise-Canceling Headphones,Electronics,11,129.99,65.0,12,14,48,167
2026-06-18,SKU-ELC-001,Wireless Noise-Canceling Headphones,Electronics,10,129.99,65.0,12,14,48,167
2026-06-19,SKU-ELC-001,Wireless Noise-Canceling Headphones,Electronics,16,129.99,65.0,12,14,48,167
2026-06-20,SKU-ELC-001,Wireless Noise-Canceling Headphones,Electronics,24,129.99,65.0,12,14,48,167
2026-06-21,SKU-ELC-001,Wireless Noise-Canceling Headphones,Electronics,10,129.99,65.0,12,14,48,167
2026-06-22,SKU-ELC-001,Wireless Noise-Canceling Headphones,  Electronics ,13,129.99,65.0,12,14,48,167
2026-06-23,SKU-ELC-001,Wireless Noise-Canceling Headphones,Electronics,14,129.99,65.0,12,14,48,167
2026-06-24,SKU-ELC-001,Wireless Noise-Canceling Headphones,Electronics,14,129.99,65.0,12,14,48,167
2026-06-25,SKU-ELC-001,Wireless Noise-Canceling Headphones,Electronics,7,129.99,65.0,12,14,48,167
2026-06-26,SKU-ELC-001,Wireless Noise-Canceling Headphones,Electronics,14,129.99,65.0,12,14,48,167
2026-06-27,SKU-ELC-001,Wireless Noise-Canceling Headphones,  Electronics ,15,129.99,65.0,12,14,48,167
2026-06-28,SKU-ELC-001,Wireless Noise-Canceling Headphones,Electronics,20,129.99,65.0,12,14,48,167
2026-06-29,SKU-ELC-001,Wireless Noise-Canceling Headphones,Electronics,14,129.99,65.0,12,14,48,167
2026-06-30,SKU-ELC-001,Wireless Noise-Canceling Headphones,Electronics,9,129.99,65.0,12,14,48,167
2026-07-01,SKU-ELC-001,Wireless Noise-Canceling Headphones,Electronics,9,129.99,65.0,12,14,48,167
2026-07-02,SKU-ELC-001,Wireless Noise-Canceling Headphones,Electronics,11,129.99,65.0,12,14,48,167
2026-07-03,SKU-ELC-001,Wireless Noise-Canceling Headphones,Electronics,16,129.99,65.0,12,14,48,167
2026-07-04,SKU-ELC-001,Wireless Noise-Canceling Headphones,Electronics,15,129.99,65.0,12,14,48,167
2026-07-05,SKU-ELC-001,Wireless Noise-Canceling Headphones,  Electronics ,16,129.99,65.0,12,14,48,167
2026-07-06,SKU-ELC-001,Wireless Noise-Canceling Headphones,Electronics,17,129.99,65.0,12,14,48,167
2026-07-07,SKU-ELC-001,Wireless Noise-Canceling Headphones,Electronics,9,129.99,65.0,12,14,48,167
2026-07-08,SKU-ELC-001,Wireless Noise-Canceling Headphones,Electronics,14,129.99,65.0,12,14,48,167
2026-07-09,SKU-ELC-001,Wireless Noise-Canceling Headphones,Electronics,11,129.99,65.0,12,14,48,167
2026-07-10,SKU-ELC-001,Wireless Noise-Canceling Headphones,Electronics,14,129.99,65.0,12,14,48,167
2026-07-11,SKU-ELC-001,Wireless Noise-Canceling Headphones,Electronics,13,129.99,65.0,12,14,48,167
2026-07-12,SKU-ELC-001,Wireless Noise-Canceling Headphones,  Electronics ,18,129.99,65.0,12,14,48,167
2026-07-13,SKU-ELC-001,Wireless Noise-Canceling Headphones,  Electronics ,12,129.99,65.0,12,14,48,167
2026-07-14,SKU-ELC-001,Wireless Noise-Canceling Headphones,Electronics,16,129.99,65.0,12,14,48,167
2026-07-15,SKU-ELC-001,Wireless Noise-Canceling Headphones,Electronics,15,129.99,65.0,12,14,48,167
2026-07-16,SKU-ELC-001,Wireless Noise-Canceling Headphones,Electronics,15,129.99,65.0,12,14,48,167
2026-07-17,SKU-ELC-001,Wireless Noise-Canceling Headphones,Electronics,10,129.99,65.0,12,14,48,167
2026-07-18,SKU-ELC-001,Wireless Noise-Canceling Headphones,  Electronics ,10,129.99,65.0,12,14,48,167
2026-07-19,SKU-ELC-001,Wireless Noise-Canceling Headphones,Electronics,18,129.99,65.0,12,14,48,167
2026-07-20,SKU-ELC-001,Wireless Noise-Canceling Headphones,Electronics,13,129.99,65.0,12,14,48,167
2026-07-21,SKU-ELC-001,Wireless Noise-Canceling Headphones,Electronics,12,129.99,65.0,12,14,48,167
2026-07-22,SKU-ELC-001,Wireless Noise-Canceling Headphones,Electronics,10,129.99,65.0,12,14,48,167
2026-07-23,SKU-ELC-001,Wireless Noise-Canceling Headphones,Electronics,17,129.99,65.0,12,14,48,167
2026-07-24,SKU-ELC-001,Wireless Noise-Canceling Headphones,Electronics,10,129.99,65.0,12,14,48,167
2026-07-25,SKU-ELC-001,Wireless Noise-Canceling Headphones,Electronics,24,129.99,65.0,12,14,48,167
2026-07-26,SKU-ELC-001,Wireless Noise-Canceling Headphones,Electronics,16,129.99,65.0,12,14,48,167
2026-07-27,SKU-ELC-001,Wireless Noise-Canceling Headphones,Electronics,12,129.99,65.0,12,14,48,167
2026-07-28,SKU-ELC-001,Wireless Noise-Canceling Headphones,  Electronics ,12,129.99,65.0,12,14,48,167
2026-07-29,SKU-ELC-001,Wireless Noise-Canceling Headphones,Electronics,17,129.99,65.0,12,14,48,167
2026-07-30,SKU-ELC-001,Wireless Noise-Canceling Headphones,Electronics,7,129.99,65.0,12,14,48,167
2026-07-31,SKU-ELC-001,Wireless Noise-Canceling Headphones,Electronics,12,129.99,65.0,12,14,48,167
2026-08-01,SKU-ELC-001,Wireless Noise-Canceling Headphones,Electronics,22,129.99,65.0,12,14,48,167
2026-08-02,SKU-ELC-001,Wireless Noise-Canceling Headphones,Electronics,20,129.99,65.0,12,14,48,167
2026-08-03,SKU-ELC-001,Wireless Noise-Canceling Headphones,  Electronics ,12,129.99,65.0,12,14,48,167
2026-08-04,SKU-ELC-001,Wireless Noise-Canceling Headphones,Electronics,10,129.99,65.0,12,14,48,167
2026-08-05,SKU-ELC-001,Wireless Noise-Canceling Headphones,Electronics,10,129.99,65.0,12,14,48,167
2026-08-06,SKU-ELC-001,Wireless Noise-Canceling Headphones,Electronics,10,129.99,65.0,12,14,48,167
2026-08-07,SKU-ELC-001,Wireless Noise-Canceling Headphones,Electronics,17,129.99,65.0,12,14,48,167
2026-08-08,SKU-ELC-001,Wireless Noise-Canceling Headphones,Electronics,14,129.99,65.0,12,14,48,167
2026-08-09,SKU-ELC-001,Wireless Noise-Canceling Headphones,  Electronics ,15,129.99,65.0,12,14,48,167
2026-08-10,SKU-ELC-001,Wireless Noise-Canceling Headphones,  Electronics ,11,129.99,65.0,12,14,48,167
2026-08-11,SKU-ELC-001,Wireless Noise-Canceling Headphones,Electronics,8,129.99,65.0,12,14,48,167
2026-08-12,SKU-ELC-001,Wireless Noise-Canceling Headphones,  Electronics ,11,129.99,65.0,12,14,48,167
2026-08-13,SKU-ELC-001,Wireless Noise-Canceling Headphones,Electronics,10,129.99,65.0,12,14,48,167
2026-08-14,SKU-ELC-001,Wireless Noise-Canceling Headphones,Electronics,13,129.99,65.0,12,14,48,167
2026-08-15,SKU-ELC-001,Wireless Noise-Canceling Headphones,Electronics,18,129.99,65.0,12,14,48,167
2026-08-16,SKU-ELC-001,Wireless Noise-Canceling Headphones,Electronics,26,129.99,65.0,12,14,48,167
2026-08-17,SKU-ELC-001,Wireless Noise-Canceling Headphones,Electronics,11,129.99,65.0,12,14,48,167
2026-08-18,SKU-ELC-001,Wireless Noise-Canceling Headphones,Electronics,13,129.99,65.0,12,14,48,167
2026-08-19,SKU-ELC-001,Wireless Noise-Canceling Headphones,Electronics,14,129.99,65.0,12,14,48,167
2026-08-20,SKU-ELC-001,Wireless Noise-Canceling Headphones,Electronics,17,129.99,65.0,12,14,48,167
2026-08-21,SKU-ELC-001,Wireless Noise-Canceling Headphones,  Electronics ,8,129.99,65.0,12,14,48,167
2026-08-22,SKU-ELC-001,Wireless Noise-Canceling Headphones,Electronics,16,129.99,65.0,12,14,48,167
2026-08-23,SKU-ELC-001,Wireless Noise-Canceling Headphones,Electronics,15,129.99,65.0,12,14,48,167
2026-08-24,SKU-ELC-001,Wireless Noise-Canceling Headphones,Electronics,11,129.99,65.0,12,14,48,167
2026-08-25,SKU-ELC-001,Wireless Noise-Canceling Headphones,Electronics,12,129.99,65.0,12,14,48,167
2026-08-26,SKU-ELC-001,Wireless Noise-Canceling Headphones,Electronics,19,129.99,65.0,12,14,48,167
2026-08-27,SKU-ELC-001,Wireless Noise-Canceling Headphones,Electronics,9,129.99,65.0,12,14,48,167
2026-03-01,SKU-ELC-002,Smart Fitness Watch V2,Electronics,2,189.5,95.0,48,10,16,56
2026-03-02,SKU-ELC-002,Smart Fitness Watch V2,Electronics,2,189.5,95.0,48,10,16,56
2026-03-03,SKU-ELC-002,Smart Fitness Watch V2,Electronics,3,189.5,95.0,48,10,16,56
2026-03-04,SKU-ELC-002,Smart Fitness Watch V2,Electronics,2,189.5,95.0,48,10,16,56
2026-03-05,SKU-ELC-002,Smart Fitness Watch V2,Electronics,2,189.5,95.0,48,10,16,56
2026-03-06,SKU-ELC-002,Smart Fitness Watch V2,  Electronics ,6,189.5,95.0,48,10,16,56
2026-03-07,SKU-ELC-002,Smart Fitness Watch V2,Electronics,3,189.5,95.0,48,10,16,56
2026-03-08,SKU-ELC-002,Smart Fitness Watch V2,Electronics,2,189.5,95.0,48,10,16,56
2026-03-09,SKU-ELC-002,Smart Fitness Watch V2,Electronics,6,189.5,95.0,48,10,16,56
2026-03-10,SKU-ELC-002,Smart Fitness Watch V2,Electronics,5,189.5,95.0,48,10,16,56
2026-03-11,SKU-ELC-002,Smart Fitness Watch V2,Electronics,6,189.5,95.0,48,10,16,56
2026-03-12,SKU-ELC-002,Smart Fitness Watch V2,  Electronics ,2,189.5,95.0,48,10,16,56
2026-03-13,SKU-ELC-002,Smart Fitness Watch V2,Electronics,4,189.5,95.0,48,10,16,56
2026-03-14,SKU-ELC-002,Smart Fitness Watch V2,  Electronics ,5,189.5,95.0,48,10,16,56
2026-03-15,SKU-ELC-002,Smart Fitness Watch V2,  Electronics ,7,189.5,95.0,48,10,16,56
2026-03-16,SKU-ELC-002,Smart Fitness Watch V2,Electronics,0,189.5,95.0,48,10,16,56
2026-03-17,SKU-ELC-002,Smart Fitness Watch V2,Electronics,6,189.5,95.0,48,10,16,56
2026-03-18,SKU-ELC-002,Smart Fitness Watch V2,Electronics,4,189.5,95.0,48,10,16,56
2026-03-19,SKU-ELC-002,Smart Fitness Watch V2,Electronics,2,189.5,95.0,48,10,16,56
2026-03-20,SKU-ELC-002,Smart Fitness Watch V2,Electronics,4,189.5,95.0,48,10,16,56
2026-03-21,SKU-ELC-002,Smart Fitness Watch V2,Electronics,8,189.5,95.0,48,10,16,56
2026-03-22,SKU-ELC-002,Smart Fitness Watch V2,Electronics,5,189.5,95.0,48,10,16,56
2026-03-23,SKU-ELC-002,Smart Fitness Watch V2,Electronics,2,189.5,95.0,48,10,16,56
2026-03-24,SKU-ELC-002,Smart Fitness Watch V2,Electronics,8,189.5,95.0,48,10,16,56
2026-03-25,SKU-ELC-002,Smart Fitness Watch V2,Electronics,4,189.5,95.0,48,10,16,56
2026-03-26,SKU-ELC-002,Smart Fitness Watch V2,Electronics,8,189.5,95.0,48,10,16,56
2026-03-27,SKU-ELC-002,Smart Fitness Watch V2,Electronics,6,189.5,95.0,48,10,16,56
2026-03-28,SKU-ELC-002,Smart Fitness Watch V2,Electronics,6,189.5,95.0,48,10,16,56
2026-03-29,SKU-ELC-002,Smart Fitness Watch V2,Electronics,9,189.5,95.0,48,10,16,56
2026-03-30,SKU-ELC-002,Smart Fitness Watch V2,Electronics,3,189.5,95.0,48,10,16,56
2026-03-31,SKU-ELC-002,Smart Fitness Watch V2,Electronics,4,189.5,95.0,48,10,16,56
2026-04-01,SKU-ELC-002,Smart Fitness Watch V2,Electronics,7,189.5,95.0,48,10,16,56
2026-04-02,SKU-ELC-002,Smart Fitness Watch V2,Electronics,3,189.5,95.0,48,10,16,56
2026-04-03,SKU-ELC-002,Smart Fitness Watch V2,Electronics,11,189.5,95.0,48,10,16,56
2026-04-04,SKU-ELC-002,Smart Fitness Watch V2,Electronics,5,189.5,95.0,48,10,16,56
2026-04-05,SKU-ELC-002,Smart Fitness Watch V2,Electronics,3,189.5,95.0,48,10,16,56
2026-04-06,SKU-ELC-002,Smart Fitness Watch V2,Electronics,7,189.5,95.0,48,10,16,56
2026-04-07,SKU-ELC-002,Smart Fitness Watch V2,Electronics,7,189.5,95.0,48,10,16,56
2026-04-08,SKU-ELC-002,Smart Fitness Watch V2,Electronics,5,189.5,95.0,48,10,16,56
2026-04-09,SKU-ELC-002,Smart Fitness Watch V2,Electronics,3,189.5,95.0,48,10,16,56
2026-04-10,SKU-ELC-002,Smart Fitness Watch V2,Electronics,5,189.5,95.0,48,10,16,56
2026-04-11,SKU-ELC-002,Smart Fitness Watch V2,Electronics,6,189.5,95.0,48,10,16,56
2026-04-12,SKU-ELC-002,Smart Fitness Watch V2,Electronics,6,189.5,95.0,48,10,16,56
2026-04-13,SKU-ELC-002,Smart Fitness Watch V2,Electronics,7,189.5,95.0,48,10,16,56
2026-04-14,SKU-ELC-002,Smart Fitness Watch V2,Electronics,4,189.5,95.0,48,10,16,56
2026-04-15,SKU-ELC-002,Smart Fitness Watch V2,  Electronics ,2,189.5,95.0,48,10,16,56
2026-04-16,SKU-ELC-002,Smart Fitness Watch V2,Electronics,7,189.5,95.0,48,10,16,56
2026-04-17,SKU-ELC-002,Smart Fitness Watch V2,Electronics,10,189.5,95.0,48,10,16,56
2026-04-18,SKU-ELC-002,Smart Fitness Watch V2,Electronics,4,189.5,95.0,48,10,16,56
2026-04-19,SKU-ELC-002,Smart Fitness Watch V2,Electronics,4,189.5,95.0,48,10,16,56
2026-04-20,SKU-ELC-002,Smart Fitness Watch V2,Electronics,3,189.5,95.0,48,10,16,56
2026-04-21,SKU-ELC-002,Smart Fitness Watch V2,Electronics,5,189.5,95.0,48,10,16,56
2026-04-22,SKU-ELC-002,Smart Fitness Watch V2,Electronics,4,189.5,95.0,48,10,16,56
2026-04-23,SKU-ELC-002,Smart Fitness Watch V2,  Electronics ,4,189.5,95.0,48,10,16,56
2026-04-24,SKU-ELC-002,Smart Fitness Watch V2,Electronics,3,189.5,95.0,48,10,16,56
2026-04-25,SKU-ELC-002,Smart Fitness Watch V2,Electronics,4,189.5,95.0,48,10,16,56
2026-04-26,SKU-ELC-002,Smart Fitness Watch V2,Electronics,5,189.5,95.0,48,10,16,56
2026-04-27,SKU-ELC-002,Smart Fitness Watch V2,Electronics,1,189.5,95.0,48,10,16,56
2026-04-28,SKU-ELC-002,Smart Fitness Watch V2,Electronics,0,189.5,95.0,48,10,16,56
2026-04-29,SKU-ELC-002,Smart Fitness Watch V2,  Electronics ,5,189.5,95.0,48,10,16,56
2026-04-30,SKU-ELC-002,Smart Fitness Watch V2,Electronics,4,189.5,95.0,48,10,16,56
2026-05-01,SKU-ELC-002,Smart Fitness Watch V2,Electronics,2,189.5,95.0,48,10,16,56
2026-05-02,SKU-ELC-002,Smart Fitness Watch V2,Electronics,5,189.5,95.0,48,10,16,56
2026-05-03,SKU-ELC-002,Smart Fitness Watch V2,Electronics,8,189.5,95.0,48,10,16,56
2026-05-04,SKU-ELC-002,Smart Fitness Watch V2,Electronics,1,189.5,95.0,48,10,16,56
2026-05-05,SKU-ELC-002,Smart Fitness Watch V2,Electronics,5,189.5,95.0,48,10,16,56
2026-05-06,SKU-ELC-002,Smart Fitness Watch V2,Electronics,6,189.5,95.0,48,10,16,56
2026-05-07,SKU-ELC-002,Smart Fitness Watch V2,Electronics,0,189.5,95.0,48,10,16,56
2026-05-08,SKU-ELC-002,Smart Fitness Watch V2,  Electronics ,4,189.5,95.0,48,10,16,56
2026-05-09,SKU-ELC-002,Smart Fitness Watch V2,  Electronics ,3,189.5,95.0,48,10,16,56
2026-05-10,SKU-ELC-002,Smart Fitness Watch V2,Electronics,3,189.5,95.0,48,10,16,56
2026-05-11,SKU-ELC-002,Smart Fitness Watch V2,Electronics,3,189.5,95.0,48,10,16,56
2026-05-12,SKU-ELC-002,Smart Fitness Watch V2,Electronics,1,189.5,95.0,48,10,16,56
2026-05-13,SKU-ELC-002,Smart Fitness Watch V2,Electronics,6,189.5,95.0,48,10,16,56
2026-05-14,SKU-ELC-002,Smart Fitness Watch V2,Electronics,2,189.5,95.0,48,10,16,56
2026-05-15,SKU-ELC-002,Smart Fitness Watch V2,Electronics,4,189.5,95.0,48,10,16,56
2026-05-16,SKU-ELC-002,Smart Fitness Watch V2,Electronics,1,189.5,95.0,48,10,16,56
2026-05-17,SKU-ELC-002,Smart Fitness Watch V2,Electronics,3,189.5,95.0,48,10,16,56
2026-05-18,SKU-ELC-002,Smart Fitness Watch V2,Electronics,1,189.5,95.0,48,10,16,56
2026-05-19,SKU-ELC-002,Smart Fitness Watch V2,Electronics,2,189.5,95.0,48,10,16,56
2026-05-20,SKU-ELC-002,Smart Fitness Watch V2,Electronics,3,189.5,95.0,48,10,16,56
2026-05-21,SKU-ELC-002,Smart Fitness Watch V2,Electronics,3,189.5,95.0,48,10,16,56
2026-05-22,SKU-ELC-002,Smart Fitness Watch V2,Electronics,2,189.5,95.0,48,10,16,56
2026-05-23,SKU-ELC-002,Smart Fitness Watch V2,Electronics,6,189.5,95.0,48,10,16,56
2026-05-24,SKU-ELC-002,Smart Fitness Watch V2,Electronics,7,189.5,95.0,48,10,16,56
2026-05-25,SKU-ELC-002,Smart Fitness Watch V2,  Electronics ,1,189.5,95.0,48,10,16,56
2026-05-26,SKU-ELC-002,Smart Fitness Watch V2,Electronics,4,189.5,95.0,48,10,16,56
2026-05-27,SKU-ELC-002,Smart Fitness Watch V2,Electronics,5,189.5,95.0,48,10,16,56
2026-05-28,SKU-ELC-002,Smart Fitness Watch V2,  Electronics ,5,189.5,95.0,48,10,16,56
2026-05-29,SKU-ELC-002,Smart Fitness Watch V2,Electronics,1,189.5,95.0,48,10,16,56
2026-05-30,SKU-ELC-002,Smart Fitness Watch V2,Electronics,7,189.5,95.0,48,10,16,56
2026-05-31,SKU-ELC-002,Smart Fitness Watch V2,Electronics,6,189.5,95.0,48,10,16,56
2026-06-01,SKU-ELC-002,Smart Fitness Watch V2,Electronics,6,189.5,95.0,48,10,16,56
2026-06-02,SKU-ELC-002,Smart Fitness Watch V2,Electronics,6,189.5,95.0,48,10,16,56
2026-06-03,SKU-ELC-002,Smart Fitness Watch V2,  Electronics ,4,189.5,95.0,48,10,16,56
2026-06-04,SKU-ELC-002,Smart Fitness Watch V2,Electronics,4,189.5,95.0,48,10,16,56
2026-06-05,SKU-ELC-002,Smart Fitness Watch V2,Electronics,4,189.5,95.0,48,10,16,56
2026-06-06,SKU-ELC-002,Smart Fitness Watch V2,Electronics,6,189.5,95.0,48,10,16,56
2026-06-07,SKU-ELC-002,Smart Fitness Watch V2,Electronics,3,189.5,95.0,48,10,16,56
2026-06-08,SKU-ELC-002,Smart Fitness Watch V2,Electronics,5,189.5,95.0,48,10,16,56
2026-06-09,SKU-ELC-002,Smart Fitness Watch V2,Electronics,1,189.5,95.0,48,10,16,56
2026-06-10,SKU-ELC-002,Smart Fitness Watch V2,Electronics,8,189.5,95.0,48,10,16,56
2026-06-11,SKU-ELC-002,Smart Fitness Watch V2,  Electronics ,2,189.5,95.0,48,10,16,56
2026-06-12,SKU-ELC-002,Smart Fitness Watch V2,Electronics,2,189.5,95.0,48,10,16,56
2026-06-13,SKU-ELC-002,Smart Fitness Watch V2,  Electronics ,5,189.5,95.0,48,10,16,56
2026-06-14,SKU-ELC-002,Smart Fitness Watch V2,  Electronics ,5,189.5,95.0,48,10,16,56
2026-06-15,SKU-ELC-002,Smart Fitness Watch V2,Electronics,4,189.5,95.0,48,10,16,56
2026-06-16,SKU-ELC-002,Smart Fitness Watch V2,Electronics,1,189.5,95.0,48,10,16,56
2026-06-17,SKU-ELC-002,Smart Fitness Watch V2,Electronics,4,189.5,95.0,48,10,16,56
2026-06-18,SKU-ELC-002,Smart Fitness Watch V2,Electronics,8,189.5,95.0,48,10,16,56
2026-06-19,SKU-ELC-002,Smart Fitness Watch V2,Electronics,3,189.5,95.0,48,10,16,56
2026-06-20,SKU-ELC-002,Smart Fitness Watch V2,Electronics,7,189.5,95.0,48,10,16,56
2026-06-21,SKU-ELC-002,Smart Fitness Watch V2,Electronics,10,189.5,95.0,48,10,16,56
2026-06-22,SKU-ELC-002,Smart Fitness Watch V2,  Electronics ,7,189.5,95.0,48,10,16,56
2026-06-23,SKU-ELC-002,Smart Fitness Watch V2,Electronics,1,189.5,95.0,48,10,16,56
2026-06-24,SKU-ELC-002,Smart Fitness Watch V2,Electronics,5,189.5,95.0,48,10,16,56
2026-06-25,SKU-ELC-002,Smart Fitness Watch V2,Electronics,3,189.5,95.0,48,10,16,56
2026-06-26,SKU-ELC-002,Smart Fitness Watch V2,Electronics,7,189.5,95.0,48,10,16,56
2026-06-27,SKU-ELC-002,Smart Fitness Watch V2,Electronics,3,189.5,95.0,48,10,16,56
2026-06-28,SKU-ELC-002,Smart Fitness Watch V2,  Electronics ,7,189.5,95.0,48,10,16,56
2026-06-29,SKU-ELC-002,Smart Fitness Watch V2,Electronics,1,189.5,95.0,48,10,16,56
2026-06-30,SKU-ELC-002,Smart Fitness Watch V2,Electronics,4,189.5,95.0,48,10,16,56
2026-07-01,SKU-ELC-002,Smart Fitness Watch V2,Electronics,4,189.5,95.0,48,10,16,56
2026-07-02,SKU-ELC-002,Smart Fitness Watch V2,Electronics,5,189.5,95.0,48,10,16,56
2026-07-03,SKU-ELC-002,Smart Fitness Watch V2,Electronics,3,189.5,95.0,48,10,16,56
2026-07-04,SKU-ELC-002,Smart Fitness Watch V2,Electronics,5,189.5,95.0,48,10,16,56
2026-07-05,SKU-ELC-002,Smart Fitness Watch V2,Electronics,6,189.5,95.0,48,10,16,56
2026-07-06,SKU-ELC-002,Smart Fitness Watch V2,Electronics,7,189.5,95.0,48,10,16,56
2026-07-07,SKU-ELC-002,Smart Fitness Watch V2,Electronics,6,189.5,95.0,48,10,16,56
2026-07-08,SKU-ELC-002,Smart Fitness Watch V2,Electronics,5,189.5,95.0,48,10,16,56
2026-07-09,SKU-ELC-002,Smart Fitness Watch V2,Electronics,5,189.5,95.0,48,10,16,56
2026-07-10,SKU-ELC-002,Smart Fitness Watch V2,Electronics,2,189.5,95.0,48,10,16,56
2026-07-11,SKU-ELC-002,Smart Fitness Watch V2,Electronics,6,189.5,95.0,48,10,16,56
2026-07-12,SKU-ELC-002,Smart Fitness Watch V2,Electronics,7,189.5,95.0,48,10,16,56
2026-07-13,SKU-ELC-002,Smart Fitness Watch V2,Electronics,3,189.5,95.0,48,10,16,56
2026-07-14,SKU-ELC-002,Smart Fitness Watch V2,Electronics,3,189.5,95.0,48,10,16,56
2026-07-15,SKU-ELC-002,Smart Fitness Watch V2,Electronics,2,189.5,95.0,48,10,16,56
2026-07-16,SKU-ELC-002,Smart Fitness Watch V2,Electronics,3,189.5,95.0,48,10,16,56
2026-07-17,SKU-ELC-002,Smart Fitness Watch V2,Electronics,6,189.5,95.0,48,10,16,56
2026-07-18,SKU-ELC-002,Smart Fitness Watch V2,Electronics,8,189.5,95.0,48,10,16,56
2026-07-19,SKU-ELC-002,Smart Fitness Watch V2,Electronics,4,189.5,95.0,48,10,16,56
2026-07-20,SKU-ELC-002,Smart Fitness Watch V2,Electronics,6,189.5,95.0,48,10,16,56
2026-07-21,SKU-ELC-002,Smart Fitness Watch V2,Electronics,7,189.5,95.0,48,10,16,56
2026-07-22,SKU-ELC-002,Smart Fitness Watch V2,Electronics,5,189.5,95.0,48,10,16,56
2026-07-23,SKU-ELC-002,Smart Fitness Watch V2,Electronics,3,189.5,95.0,48,10,16,56
2026-07-24,SKU-ELC-002,Smart Fitness Watch V2,Electronics,5,189.5,95.0,48,10,16,56
2026-07-25,SKU-ELC-002,Smart Fitness Watch V2,Electronics,7,189.5,95.0,48,10,16,56
2026-07-26,SKU-ELC-002,Smart Fitness Watch V2,Electronics,7,189.5,95.0,48,10,16,56
2026-07-27,SKU-ELC-002,Smart Fitness Watch V2,Electronics,3,189.5,95.0,48,10,16,56
2026-07-28,SKU-ELC-002,Smart Fitness Watch V2,Electronics,7,189.5,95.0,48,10,16,56
2026-07-29,SKU-ELC-002,Smart Fitness Watch V2,Electronics,4,189.5,95.0,48,10,16,56
2026-07-30,SKU-ELC-002,Smart Fitness Watch V2,Electronics,1,189.5,95.0,48,10,16,56
2026-07-31,SKU-ELC-002,Smart Fitness Watch V2,Electronics,0,189.5,95.0,48,10,16,56
2026-08-01,SKU-ELC-002,Smart Fitness Watch V2,Electronics,6,189.5,95.0,48,10,16,56
2026-08-02,SKU-ELC-002,Smart Fitness Watch V2,Electronics,3,189.5,95.0,48,10,16,56
2026-08-03,SKU-ELC-002,Smart Fitness Watch V2,Electronics,3,189.5,95.0,48,10,16,56
2026-08-04,SKU-ELC-002,Smart Fitness Watch V2,  Electronics ,2,189.5,95.0,48,10,16,56
2026-08-05,SKU-ELC-002,Smart Fitness Watch V2,Electronics,4,189.5,95.0,48,10,16,56
2026-08-06,SKU-ELC-002,Smart Fitness Watch V2,Electronics,1,189.5,95.0,48,10,16,56
2026-08-07,SKU-ELC-002,Smart Fitness Watch V2,Electronics,1,189.5,95.0,48,10,16,56
2026-08-08,SKU-ELC-002,Smart Fitness Watch V2,  Electronics ,6,189.5,95.0,48,10,16,56
2026-08-09,SKU-ELC-002,Smart Fitness Watch V2,Electronics,5,189.5,95.0,48,10,16,56
2026-08-10,SKU-ELC-002,Smart Fitness Watch V2,Electronics,2,189.5,95.0,48,10,16,56
2026-08-11,SKU-ELC-002,Smart Fitness Watch V2,Electronics,3,189.5,95.0,48,10,16,56
2026-08-12,SKU-ELC-002,Smart Fitness Watch V2,  Electronics ,2,189.5,95.0,48,10,16,56
2026-08-13,SKU-ELC-002,Smart Fitness Watch V2,Electronics,2,189.5,95.0,48,10,16,56
2026-08-14,SKU-ELC-002,Smart Fitness Watch V2,  Electronics ,2,189.5,95.0,48,10,16,56
2026-08-15,SKU-ELC-002,Smart Fitness Watch V2,Electronics,5,189.5,95.0,48,10,16,56
2026-08-16,SKU-ELC-002,Smart Fitness Watch V2,Electronics,5,189.5,95.0,48,10,16,56
2026-08-17,SKU-ELC-002,Smart Fitness Watch V2,Electronics,4,189.5,95.0,48,10,16,56
2026-08-18,SKU-ELC-002,Smart Fitness Watch V2,Electronics,7,189.5,95.0,48,10,16,56
2026-08-19,SKU-ELC-002,Smart Fitness Watch V2,Electronics,2,189.5,95.0,48,10,16,56
2026-08-20,SKU-ELC-002,Smart Fitness Watch V2,Electronics,7,189.5,95.0,48,10,16,56
2026-08-21,SKU-ELC-002,Smart Fitness Watch V2,Electronics,3,189.5,95.0,48,10,16,56
2026-08-22,SKU-ELC-002,Smart Fitness Watch V2,Electronics,2,189.5,95.0,48,10,16,56
2026-08-23,SKU-ELC-002,Smart Fitness Watch V2,Electronics,2,189.5,95.0,48,10,16,56
2026-08-24,SKU-ELC-002,Smart Fitness Watch V2,Electronics,0,189.5,95.0,48,10,16,56
2026-08-25,SKU-ELC-002,Smart Fitness Watch V2,Electronics,4,189.5,95.0,48,10,16,56
2026-08-26,SKU-ELC-002,Smart Fitness Watch V2,Electronics,3,189.5,95.0,48,10,16,56
2026-08-27,SKU-ELC-002,Smart Fitness Watch V2,Electronics,3,189.5,95.0,48,10,16,56
2026-03-01,SKU-ELC-003,4K Ultra-HD Action Camera,Electronics,0,249.0,130.0,420,21,15,53
2026-03-02,SKU-ELC-003,4K Ultra-HD Action Camera,  Electronics ,0,249.0,130.0,420,21,15,53
2026-03-03,SKU-ELC-003,4K Ultra-HD Action Camera,Electronics,3,249.0,130.0,420,21,15,53
2026-03-04,SKU-ELC-003,4K Ultra-HD Action Camera,Electronics,1,249.0,130.0,420,21,15,53
2026-03-05,SKU-ELC-003,4K Ultra-HD Action Camera,Electronics,0,249.0,130.0,420,21,15,53
2026-03-06,SKU-ELC-003,4K Ultra-HD Action Camera,Electronics,3,249.0,130.0,420,21,15,53
2026-03-07,SKU-ELC-003,4K Ultra-HD Action Camera,Electronics,0,249.0,130.0,420,21,15,53
2026-03-08,SKU-ELC-003,4K Ultra-HD Action Camera,Electronics,5,249.0,130.0,420,21,15,53
2026-03-09,SKU-ELC-003,4K Ultra-HD Action Camera,Electronics,3,249.0,130.0,420,21,15,53
2026-03-10,SKU-ELC-003,4K Ultra-HD Action Camera,Electronics,2,249.0,130.0,420,21,15,53
2026-03-11,SKU-ELC-003,4K Ultra-HD Action Camera,Electronics,1,249.0,130.0,420,21,15,53
2026-03-12,SKU-ELC-003,4K Ultra-HD Action Camera,Electronics,3,249.0,130.0,420,21,15,53
2026-03-13,SKU-ELC-003,4K Ultra-HD Action Camera,Electronics,0,249.0,130.0,420,21,15,53
2026-03-14,SKU-ELC-003,4K Ultra-HD Action Camera,Electronics,3,249.0,130.0,420,21,15,53
2026-03-15,SKU-ELC-003,4K Ultra-HD Action Camera,Electronics,6,249.0,130.0,420,21,15,53
2026-03-16,SKU-ELC-003,4K Ultra-HD Action Camera,Electronics,4,249.0,130.0,420,21,15,53
2026-03-17,SKU-ELC-003,4K Ultra-HD Action Camera,Electronics,3,249.0,130.0,420,21,15,53
2026-03-18,SKU-ELC-003,4K Ultra-HD Action Camera,Electronics,0,249.0,130.0,420,21,15,53
2026-03-19,SKU-ELC-003,4K Ultra-HD Action Camera,Electronics,0,249.0,130.0,420,21,15,53
2026-03-20,SKU-ELC-003,4K Ultra-HD Action Camera,Electronics,2,249.0,130.0,420,21,15,53
2026-03-21,SKU-ELC-003,4K Ultra-HD Action Camera,  Electronics ,5,249.0,130.0,420,21,15,53
2026-03-22,SKU-ELC-003,4K Ultra-HD Action Camera,  Electronics ,4,249.0,130.0,420,21,15,53
2026-03-23,SKU-ELC-003,4K Ultra-HD Action Camera,Electronics,1,249.0,130.0,420,21,15,53
2026-03-24,SKU-ELC-003,4K Ultra-HD Action Camera,Electronics,1,249.0,130.0,420,21,15,53
2026-03-25,SKU-ELC-003,4K Ultra-HD Action Camera,Electronics,3,249.0,130.0,420,21,15,53
2026-03-26,SKU-ELC-003,4K Ultra-HD Action Camera,Electronics,2,249.0,130.0,420,21,15,53
2026-03-27,SKU-ELC-003,4K Ultra-HD Action Camera,Electronics,3,249.0,130.0,420,21,15,53
2026-03-28,SKU-ELC-003,4K Ultra-HD Action Camera,Electronics,3,249.0,130.0,420,21,15,53
2026-03-29,SKU-ELC-003,4K Ultra-HD Action Camera,Electronics,1,249.0,130.0,420,21,15,53
2026-03-30,SKU-ELC-003,4K Ultra-HD Action Camera,Electronics,1,249.0,130.0,420,21,15,53
2026-03-31,SKU-ELC-003,4K Ultra-HD Action Camera,Electronics,2,249.0,130.0,420,21,15,53
2026-04-01,SKU-ELC-003,4K Ultra-HD Action Camera,Electronics,0,249.0,130.0,420,21,15,53
2026-04-02,SKU-ELC-003,4K Ultra-HD Action Camera,Electronics,3,249.0,130.0,420,21,15,53
2026-04-03,SKU-ELC-003,4K Ultra-HD Action Camera,Electronics,3,249.0,130.0,420,21,15,53
2026-04-04,SKU-ELC-003,4K Ultra-HD Action Camera,Electronics,3,249.0,130.0,420,21,15,53
2026-04-05,SKU-ELC-003,4K Ultra-HD Action Camera,Electronics,3,249.0,130.0,420,21,15,53
2026-04-06,SKU-ELC-003,4K Ultra-HD Action Camera,Electronics,3,249.0,130.0,420,21,15,53
2026-04-07,SKU-ELC-003,4K Ultra-HD Action Camera,Electronics,3,249.0,130.0,420,21,15,53
2026-04-08,SKU-ELC-003,4K Ultra-HD Action Camera,Electronics,2,249.0,130.0,420,21,15,53
2026-04-09,SKU-ELC-003,4K Ultra-HD Action Camera,Electronics,2,249.0,130.0,420,21,15,53
2026-04-10,SKU-ELC-003,4K Ultra-HD Action Camera,Electronics,0,249.0,130.0,420,21,15,53
2026-04-11,SKU-ELC-003,4K Ultra-HD Action Camera,Electronics,4,249.0,130.0,420,21,15,53
2026-04-12,SKU-ELC-003,4K Ultra-HD Action Camera,Electronics,1,249.0,130.0,420,21,15,53
2026-04-13,SKU-ELC-003,4K Ultra-HD Action Camera,Electronics,1,249.0,130.0,420,21,15,53
2026-04-14,SKU-ELC-003,4K Ultra-HD Action Camera,Electronics,0,249.0,130.0,420,21,15,53
2026-04-15,SKU-ELC-003,4K Ultra-HD Action Camera,Electronics,1,249.0,130.0,420,21,15,53
2026-04-16,SKU-ELC-003,4K Ultra-HD Action Camera,Electronics,5,249.0,130.0,420,21,15,53
2026-04-17,SKU-ELC-003,4K Ultra-HD Action Camera,Electronics,1,249.0,130.0,420,21,15,53
2026-04-18,SKU-ELC-003,4K Ultra-HD Action Camera,Electronics,3,249.0,130.0,420,21,15,53
2026-04-19,SKU-ELC-003,4K Ultra-HD Action Camera,Electronics,2,249.0,130.0,420,21,15,53
2026-04-20,SKU-ELC-003,4K Ultra-HD Action Camera,Electronics,1,249.0,130.0,420,21,15,53
2026-04-21,SKU-ELC-003,4K Ultra-HD Action Camera,Electronics,0,249.0,130.0,420,21,15,53
2026-04-22,SKU-ELC-003,4K Ultra-HD Action Camera,Electronics,2,249.0,130.0,420,21,15,53
2026-04-23,SKU-ELC-003,4K Ultra-HD Action Camera,Electronics,2,249.0,130.0,420,21,15,53
2026-04-24,SKU-ELC-003,4K Ultra-HD Action Camera,Electronics,3,249.0,130.0,420,21,15,53
2026-04-25,SKU-ELC-003,4K Ultra-HD Action Camera,Electronics,3,249.0,130.0,420,21,15,53
2026-04-26,SKU-ELC-003,4K Ultra-HD Action Camera,  Electronics ,0,249.0,130.0,420,21,15,53
2026-04-27,SKU-ELC-003,4K Ultra-HD Action Camera,Electronics,2,249.0,130.0,420,21,15,53
2026-04-28,SKU-ELC-003,4K Ultra-HD Action Camera,Electronics,2,249.0,130.0,420,21,15,53
2026-04-29,SKU-ELC-003,4K Ultra-HD Action Camera,Electronics,1,249.0,130.0,420,21,15,53
2026-04-30,SKU-ELC-003,4K Ultra-HD Action Camera,Electronics,3,249.0,130.0,420,21,15,53
2026-05-01,SKU-ELC-003,4K Ultra-HD Action Camera,Electronics,0,249.0,130.0,420,21,15,53
2026-05-02,SKU-ELC-003,4K Ultra-HD Action Camera,  Electronics ,1,249.0,130.0,420,21,15,53
2026-05-03,SKU-ELC-003,4K Ultra-HD Action Camera,Electronics,2,249.0,130.0,420,21,15,53
2026-05-04,SKU-ELC-003,4K Ultra-HD Action Camera,Electronics,2,249.0,130.0,420,21,15,53
2026-05-05,SKU-ELC-003,4K Ultra-HD Action Camera,Electronics,1,249.0,130.0,420,21,15,53
2026-05-06,SKU-ELC-003,4K Ultra-HD Action Camera,Electronics,1,249.0,130.0,420,21,15,53
2026-05-07,SKU-ELC-003,4K Ultra-HD Action Camera,Electronics,0,249.0,130.0,420,21,15,53
2026-05-08,SKU-ELC-003,4K Ultra-HD Action Camera,Electronics,1,249.0,130.0,420,21,15,53
2026-05-09,SKU-ELC-003,4K Ultra-HD Action Camera,Electronics,2,249.0,130.0,420,21,15,53
2026-05-10,SKU-ELC-003,4K Ultra-HD Action Camera,Electronics,1,249.0,130.0,420,21,15,53
2026-05-11,SKU-ELC-003,4K Ultra-HD Action Camera,Electronics,4,249.0,130.0,420,21,15,53
2026-05-12,SKU-ELC-003,4K Ultra-HD Action Camera,Electronics,1,249.0,130.0,420,21,15,53
2026-05-13,SKU-ELC-003,4K Ultra-HD Action Camera,Electronics,2,249.0,130.0,420,21,15,53
2026-05-14,SKU-ELC-003,4K Ultra-HD Action Camera,Electronics,1,249.0,130.0,420,21,15,53
2026-05-15,SKU-ELC-003,4K Ultra-HD Action Camera,Electronics,3,249.0,130.0,420,21,15,53
2026-05-16,SKU-ELC-003,4K Ultra-HD Action Camera,Electronics,1,249.0,130.0,420,21,15,53
2026-05-17,SKU-ELC-003,4K Ultra-HD Action Camera,Electronics,1,249.0,130.0,420,21,15,53
2026-05-18,SKU-ELC-003,4K Ultra-HD Action Camera,Electronics,2,249.0,130.0,420,21,15,53
2026-05-19,SKU-ELC-003,4K Ultra-HD Action Camera,Electronics,1,249.0,130.0,420,21,15,53
2026-05-20,SKU-ELC-003,4K Ultra-HD Action Camera,Electronics,2,249.0,130.0,420,21,15,53
2026-05-21,SKU-ELC-003,4K Ultra-HD Action Camera,Electronics,2,249.0,130.0,420,21,15,53
2026-05-22,SKU-ELC-003,4K Ultra-HD Action Camera,Electronics,2,249.0,130.0,420,21,15,53
2026-05-23,SKU-ELC-003,4K Ultra-HD Action Camera,Electronics,4,249.0,130.0,420,21,15,53
2026-05-24,SKU-ELC-003,4K Ultra-HD Action Camera,Electronics,2,249.0,130.0,420,21,15,53
2026-05-25,SKU-ELC-003,4K Ultra-HD Action Camera,Electronics,2,249.0,130.0,420,21,15,53
2026-05-26,SKU-ELC-003,4K Ultra-HD Action Camera,Electronics,0,249.0,130.0,420,21,15,53
2026-05-27,SKU-ELC-003,4K Ultra-HD Action Camera,Electronics,1,249.0,130.0,420,21,15,53
2026-05-28,SKU-ELC-003,4K Ultra-HD Action Camera,Electronics,1,249.0,130.0,420,21,15,53
2026-05-29,SKU-ELC-003,4K Ultra-HD Action Camera,Electronics,2,249.0,130.0,420,21,15,53
2026-05-30,SKU-ELC-003,4K Ultra-HD Action Camera,Electronics,4,249.0,130.0,420,21,15,53
2026-05-31,SKU-ELC-003,4K Ultra-HD Action Camera,Electronics,3,249.0,130.0,420,21,15,53
2026-06-01,SKU-ELC-003,4K Ultra-HD Action Camera,Electronics,0,249.0,130.0,420,21,15,53
2026-06-02,SKU-ELC-003,4K Ultra-HD Action Camera,Electronics,3,249.0,130.0,420,21,15,53
2026-06-03,SKU-ELC-003,4K Ultra-HD Action Camera,Electronics,0,249.0,130.0,420,21,15,53
2026-06-04,SKU-ELC-003,4K Ultra-HD Action Camera,Electronics,2,249.0,130.0,420,21,15,53
2026-06-05,SKU-ELC-003,4K Ultra-HD Action Camera,Electronics,2,249.0,130.0,420,21,15,53
2026-06-06,SKU-ELC-003,4K Ultra-HD Action Camera,Electronics,2,249.0,130.0,420,21,15,53
2026-06-07,SKU-ELC-003,4K Ultra-HD Action Camera,Electronics,3,249.0,130.0,420,21,15,53
2026-06-08,SKU-ELC-003,4K Ultra-HD Action Camera,Electronics,2,249.0,130.0,420,21,15,53
2026-06-09,SKU-ELC-003,4K Ultra-HD Action Camera,Electronics,2,249.0,130.0,420,21,15,53
2026-06-10,SKU-ELC-003,4K Ultra-HD Action Camera,Electronics,3,249.0,130.0,420,21,15,53
2026-06-11,SKU-ELC-003,4K Ultra-HD Action Camera,Electronics,0,249.0,130.0,420,21,15,53
2026-06-12,SKU-ELC-003,4K Ultra-HD Action Camera,Electronics,0,249.0,130.0,420,21,15,53
2026-06-13,SKU-ELC-003,4K Ultra-HD Action Camera,Electronics,2,249.0,130.0,420,21,15,53
2026-06-14,SKU-ELC-003,4K Ultra-HD Action Camera,Electronics,1,249.0,130.0,420,21,15,53
2026-06-15,SKU-ELC-003,4K Ultra-HD Action Camera,Electronics,1,249.0,130.0,420,21,15,53
2026-06-16,SKU-ELC-003,4K Ultra-HD Action Camera,Electronics,4,249.0,130.0,420,21,15,53
2026-06-17,SKU-ELC-003,4K Ultra-HD Action Camera,Electronics,3,249.0,130.0,420,21,15,53
2026-06-18,SKU-ELC-003,4K Ultra-HD Action Camera,Electronics,2,249.0,130.0,420,21,15,53
2026-06-19,SKU-ELC-003,4K Ultra-HD Action Camera,Electronics,0,249.0,130.0,420,21,15,53
2026-06-20,SKU-ELC-003,4K Ultra-HD Action Camera,Electronics,4,249.0,130.0,420,21,15,53
2026-06-21,SKU-ELC-003,4K Ultra-HD Action Camera,Electronics,2,249.0,130.0,420,21,15,53
2026-06-22,SKU-ELC-003,4K Ultra-HD Action Camera,  Electronics ,3,249.0,130.0,420,21,15,53
2026-06-23,SKU-ELC-003,4K Ultra-HD Action Camera,  Electronics ,2,249.0,130.0,420,21,15,53
2026-06-24,SKU-ELC-003,4K Ultra-HD Action Camera,Electronics,1,249.0,130.0,420,21,15,53
2026-06-25,SKU-ELC-003,4K Ultra-HD Action Camera,Electronics,2,249.0,130.0,420,21,15,53
2026-06-26,SKU-ELC-003,4K Ultra-HD Action Camera,Electronics,2,249.0,130.0,420,21,15,53
2026-06-27,SKU-ELC-003,4K Ultra-HD Action Camera,Electronics,1,249.0,130.0,420,21,15,53
2026-06-28,SKU-ELC-003,4K Ultra-HD Action Camera,  Electronics ,2,249.0,130.0,420,21,15,53
2026-06-29,SKU-ELC-003,4K Ultra-HD Action Camera,Electronics,2,249.0,130.0,420,21,15,53
2026-06-30,SKU-ELC-003,4K Ultra-HD Action Camera,Electronics,4,249.0,130.0,420,21,15,53
2026-07-01,SKU-ELC-003,4K Ultra-HD Action Camera,Electronics,1,249.0,130.0,420,21,15,53
2026-07-02,SKU-ELC-003,4K Ultra-HD Action Camera,Electronics,1,249.0,130.0,420,21,15,53
2026-07-03,SKU-ELC-003,4K Ultra-HD Action Camera,Electronics,0,249.0,130.0,420,21,15,53
2026-07-04,SKU-ELC-003,4K Ultra-HD Action Camera,Electronics,3,249.0,130.0,420,21,15,53
2026-07-05,SKU-ELC-003,4K Ultra-HD Action Camera,Electronics,3,249.0,130.0,420,21,15,53
2026-07-06,SKU-ELC-003,4K Ultra-HD Action Camera,Electronics,0,249.0,130.0,420,21,15,53
2026-07-07,SKU-ELC-003,4K Ultra-HD Action Camera,Electronics,0,249.0,130.0,420,21,15,53
2026-07-08,SKU-ELC-003,4K Ultra-HD Action Camera,Electronics,1,249.0,130.0,420,21,15,53
2026-07-09,SKU-ELC-003,4K Ultra-HD Action Camera,Electronics,5,249.0,130.0,420,21,15,53
2026-07-10,SKU-ELC-003,4K Ultra-HD Action Camera,  Electronics ,3,249.0,130.0,420,21,15,53
2026-07-11,SKU-ELC-003,4K Ultra-HD Action Camera,  Electronics ,3,249.0,130.0,420,21,15,53
2026-07-12,SKU-ELC-003,4K Ultra-HD Action Camera,Electronics,2,249.0,130.0,420,21,15,53
2026-07-13,SKU-ELC-003,4K Ultra-HD Action Camera,Electronics,1,249.0,130.0,420,21,15,53
2026-07-14,SKU-ELC-003,4K Ultra-HD Action Camera,Electronics,2,249.0,130.0,420,21,15,53
2026-07-15,SKU-ELC-003,4K Ultra-HD Action Camera,Electronics,2,249.0,130.0,420,21,15,53
2026-07-16,SKU-ELC-003,4K Ultra-HD Action Camera,Electronics,2,249.0,130.0,420,21,15,53
2026-07-17,SKU-ELC-003,4K Ultra-HD Action Camera,Electronics,2,249.0,130.0,420,21,15,53
2026-07-18,SKU-ELC-003,4K Ultra-HD Action Camera,Electronics,3,249.0,130.0,420,21,15,53
2026-07-19,SKU-ELC-003,4K Ultra-HD Action Camera,Electronics,2,249.0,130.0,420,21,15,53
2026-07-20,SKU-ELC-003,4K Ultra-HD Action Camera,  Electronics ,1,249.0,130.0,420,21,15,53
2026-07-21,SKU-ELC-003,4K Ultra-HD Action Camera,Electronics,1,249.0,130.0,420,21,15,53
2026-07-22,SKU-ELC-003,4K Ultra-HD Action Camera,Electronics,1,249.0,130.0,420,21,15,53
2026-07-23,SKU-ELC-003,4K Ultra-HD Action Camera,Electronics,1,249.0,130.0,420,21,15,53
2026-07-24,SKU-ELC-003,4K Ultra-HD Action Camera,Electronics,0,249.0,130.0,420,21,15,53
2026-07-25,SKU-ELC-003,4K Ultra-HD Action Camera,Electronics,5,249.0,130.0,420,21,15,53
2026-07-26,SKU-ELC-003,4K Ultra-HD Action Camera,Electronics,0,249.0,130.0,420,21,15,53
2026-07-27,SKU-ELC-003,4K Ultra-HD Action Camera,  Electronics ,1,249.0,130.0,420,21,15,53
2026-07-28,SKU-ELC-003,4K Ultra-HD Action Camera,Electronics,0,249.0,130.0,420,21,15,53
2026-07-29,SKU-ELC-003,4K Ultra-HD Action Camera,Electronics,4,249.0,130.0,420,21,15,53
2026-07-30,SKU-ELC-003,4K Ultra-HD Action Camera,Electronics,2,249.0,130.0,420,21,15,53
2026-07-31,SKU-ELC-003,4K Ultra-HD Action Camera,Electronics,0,249.0,130.0,420,21,15,53
2026-08-01,SKU-ELC-003,4K Ultra-HD Action Camera,Electronics,5,249.0,130.0,420,21,15,53
2026-08-02,SKU-ELC-003,4K Ultra-HD Action Camera,Electronics,1,249.0,130.0,420,21,15,53
2026-08-03,SKU-ELC-003,4K Ultra-HD Action Camera,Electronics,2,249.0,130.0,420,21,15,53
2026-08-04,SKU-ELC-003,4K Ultra-HD Action Camera,Electronics,2,249.0,130.0,420,21,15,53
2026-08-05,SKU-ELC-003,4K Ultra-HD Action Camera,  Electronics ,3,249.0,130.0,420,21,15,53
2026-08-06,SKU-ELC-003,4K Ultra-HD Action Camera,Electronics,1,249.0,130.0,420,21,15,53
2026-08-07,SKU-ELC-003,4K Ultra-HD Action Camera,  Electronics ,1,249.0,130.0,420,21,15,53
2026-08-08,SKU-ELC-003,4K Ultra-HD Action Camera,Electronics,4,249.0,130.0,420,21,15,53
2026-08-09,SKU-ELC-003,4K Ultra-HD Action Camera,Electronics,1,249.0,130.0,420,21,15,53
2026-08-10,SKU-ELC-003,4K Ultra-HD Action Camera,Electronics,1,249.0,130.0,420,21,15,53
2026-08-11,SKU-ELC-003,4K Ultra-HD Action Camera,Electronics,1,249.0,130.0,420,21,15,53
2026-08-12,SKU-ELC-003,4K Ultra-HD Action Camera,Electronics,0,249.0,130.0,420,21,15,53
2026-08-13,SKU-ELC-003,4K Ultra-HD Action Camera,Electronics,2,249.0,130.0,420,21,15,53
2026-08-14,SKU-ELC-003,4K Ultra-HD Action Camera,Electronics,1,249.0,130.0,420,21,15,53
2026-08-15,SKU-ELC-003,4K Ultra-HD Action Camera,Electronics,2,249.0,130.0,420,21,15,53
2026-08-16,SKU-ELC-003,4K Ultra-HD Action Camera,Electronics,1,249.0,130.0,420,21,15,53
2026-08-17,SKU-ELC-003,4K Ultra-HD Action Camera,  Electronics ,0,249.0,130.0,420,21,15,53
2026-08-18,SKU-ELC-003,4K Ultra-HD Action Camera,Electronics,0,249.0,130.0,420,21,15,53
2026-08-19,SKU-ELC-003,4K Ultra-HD Action Camera,Electronics,0,249.0,130.0,420,21,15,53
2026-08-20,SKU-ELC-003,4K Ultra-HD Action Camera,Electronics,0,249.0,130.0,420,21,15,53
2026-08-21,SKU-ELC-003,4K Ultra-HD Action Camera,Electronics,2,249.0,130.0,420,21,15,53
2026-08-22,SKU-ELC-003,4K Ultra-HD Action Camera,Electronics,1,249.0,130.0,420,21,15,53
2026-08-23,SKU-ELC-003,4K Ultra-HD Action Camera,Electronics,2,249.0,130.0,420,21,15,53
2026-08-24,SKU-ELC-003,4K Ultra-HD Action Camera,Electronics,1,249.0,130.0,420,21,15,53
2026-08-25,SKU-ELC-003,4K Ultra-HD Action Camera,  Electronics ,1,249.0,130.0,420,21,15,53
2026-08-26,SKU-ELC-003,4K Ultra-HD Action Camera,Electronics,4,249.0,130.0,420,21,15,53
2026-08-27,SKU-ELC-003,4K Ultra-HD Action Camera,Electronics,1,249.0,130.0,420,21,15,53
2026-03-01,SKU-ELC-004,USB-C Fast Charging Cable 2M,Electronics,9,14.99,3.2,5,7,20,69
2026-03-02,SKU-ELC-004,USB-C Fast Charging Cable 2M,Electronics,3,14.99,3.2,5,7,20,69
2026-03-03,SKU-ELC-004,USB-C Fast Charging Cable 2M,Electronics,6,14.99,3.2,5,7,20,69
2026-03-04,SKU-ELC-004,USB-C Fast Charging Cable 2M,Electronics,4,14.99,3.2,5,7,20,69
2026-03-05,SKU-ELC-004,USB-C Fast Charging Cable 2M,Electronics,6,14.99,3.2,5,7,20,69
2026-03-06,SKU-ELC-004,USB-C Fast Charging Cable 2M,Electronics,8,14.99,3.2,5,7,20,69
2026-03-07,SKU-ELC-004,USB-C Fast Charging Cable 2M,  Electronics ,5,14.99,3.2,5,7,20,69
2026-03-08,SKU-ELC-004,USB-C Fast Charging Cable 2M,Electronics,12,14.99,3.2,5,7,20,69
2026-03-09,SKU-ELC-004,USB-C Fast Charging Cable 2M,Electronics,12,14.99,3.2,5,7,20,69
2026-03-10,SKU-ELC-004,USB-C Fast Charging Cable 2M,Electronics,5,14.99,3.2,5,7,20,69
2026-03-11,SKU-ELC-004,USB-C Fast Charging Cable 2M,  Electronics ,7,14.99,3.2,5,7,20,69
2026-03-12,SKU-ELC-004,USB-C Fast Charging Cable 2M,Electronics,7,14.99,3.2,5,7,20,69
2026-03-13,SKU-ELC-004,USB-C Fast Charging Cable 2M,  Electronics ,4,14.99,3.2,5,7,20,69
2026-03-14,SKU-ELC-004,USB-C Fast Charging Cable 2M,Electronics,7,14.99,3.2,5,7,20,69
2026-03-15,SKU-ELC-004,USB-C Fast Charging Cable 2M,Electronics,14,14.99,3.2,5,7,20,69
2026-03-16,SKU-ELC-004,USB-C Fast Charging Cable 2M,Electronics,6,14.99,3.2,5,7,20,69
2026-03-17,SKU-ELC-004,USB-C Fast Charging Cable 2M,Electronics,7,14.99,3.2,5,7,20,69
2026-03-18,SKU-ELC-004,USB-C Fast Charging Cable 2M,Electronics,10,14.99,3.2,5,7,20,69
2026-03-19,SKU-ELC-004,USB-C Fast Charging Cable 2M,Electronics,10,14.99,3.2,5,7,20,69
2026-03-20,SKU-ELC-004,USB-C Fast Charging Cable 2M,Electronics,11,14.99,3.2,5,7,20,69
2026-03-21,SKU-ELC-004,USB-C Fast Charging Cable 2M,Electronics,14,14.99,3.2,5,7,20,69
2026-03-22,SKU-ELC-004,USB-C Fast Charging Cable 2M,Electronics,10,14.99,3.2,5,7,20,69
2026-03-23,SKU-ELC-004,USB-C Fast Charging Cable 2M,Electronics,8,14.99,3.2,5,7,20,69
2026-03-24,SKU-ELC-004,USB-C Fast Charging Cable 2M,Electronics,6,14.99,3.2,5,7,20,69
2026-03-25,SKU-ELC-004,USB-C Fast Charging Cable 2M,Electronics,6,14.99,3.2,5,7,20,69
2026-03-26,SKU-ELC-004,USB-C Fast Charging Cable 2M,Electronics,7,14.99,3.2,5,7,20,69
2026-03-27,SKU-ELC-004,USB-C Fast Charging Cable 2M,Electronics,6,14.99,3.2,5,7,20,69
2026-03-28,SKU-ELC-004,USB-C Fast Charging Cable 2M,Electronics,17,14.99,3.2,5,7,20,69
2026-03-29,SKU-ELC-004,USB-C Fast Charging Cable 2M,Electronics,8,14.99,3.2,5,7,20,69
2026-03-30,SKU-ELC-004,USB-C Fast Charging Cable 2M,Electronics,5,14.99,3.2,5,7,20,69
2026-03-31,SKU-ELC-004,USB-C Fast Charging Cable 2M,Electronics,9,14.99,3.2,5,7,20,69
2026-04-01,SKU-ELC-004,USB-C Fast Charging Cable 2M,Electronics,11,14.99,3.2,5,7,20,69
2026-04-02,SKU-ELC-004,USB-C Fast Charging Cable 2M,Electronics,10,14.99,3.2,5,7,20,69
2026-04-03,SKU-ELC-004,USB-C Fast Charging Cable 2M,Electronics,5,14.99,3.2,5,7,20,69
2026-04-04,SKU-ELC-004,USB-C Fast Charging Cable 2M,Electronics,3,14.99,3.2,5,7,20,69
2026-04-05,SKU-ELC-004,USB-C Fast Charging Cable 2M,Electronics,12,14.99,3.2,5,7,20,69
2026-04-06,SKU-ELC-004,USB-C Fast Charging Cable 2M,Electronics,4,14.99,3.2,5,7,20,69
2026-04-07,SKU-ELC-004,USB-C Fast Charging Cable 2M,  Electronics ,9,14.99,3.2,5,7,20,69
2026-04-08,SKU-ELC-004,USB-C Fast Charging Cable 2M,Electronics,7,14.99,3.2,5,7,20,69
2026-04-09,SKU-ELC-004,USB-C Fast Charging Cable 2M,Electronics,11,14.99,3.2,5,7,20,69
2026-04-10,SKU-ELC-004,USB-C Fast Charging Cable 2M,Electronics,8,14.99,3.2,5,7,20,69
2026-04-11,SKU-ELC-004,USB-C Fast Charging Cable 2M,Electronics,13,14.99,3.2,5,7,20,69
2026-04-12,SKU-ELC-004,USB-C Fast Charging Cable 2M,  Electronics ,7,14.99,3.2,5,7,20,69
2026-04-13,SKU-ELC-004,USB-C Fast Charging Cable 2M,Electronics,9,14.99,3.2,5,7,20,69
2026-04-14,SKU-ELC-004,USB-C Fast Charging Cable 2M,Electronics,7,14.99,3.2,5,7,20,69
2026-04-15,SKU-ELC-004,USB-C Fast Charging Cable 2M,Electronics,4,14.99,3.2,5,7,20,69
2026-04-16,SKU-ELC-004,USB-C Fast Charging Cable 2M,Electronics,3,14.99,3.2,5,7,20,69
2026-04-17,SKU-ELC-004,USB-C Fast Charging Cable 2M,Electronics,5,14.99,3.2,5,7,20,69
2026-04-18,SKU-ELC-004,USB-C Fast Charging Cable 2M,Electronics,11,14.99,3.2,5,7,20,69
2026-04-19,SKU-ELC-004,USB-C Fast Charging Cable 2M,  Electronics ,8,14.99,3.2,5,7,20,69
2026-04-20,SKU-ELC-004,USB-C Fast Charging Cable 2M,Electronics,7,14.99,3.2,5,7,20,69
2026-04-21,SKU-ELC-004,USB-C Fast Charging Cable 2M,Electronics,5,14.99,3.2,5,7,20,69
2026-04-22,SKU-ELC-004,USB-C Fast Charging Cable 2M,Electronics,2,14.99,3.2,5,7,20,69
2026-04-23,SKU-ELC-004,USB-C Fast Charging Cable 2M,Electronics,9,14.99,3.2,5,7,20,69
2026-04-24,SKU-ELC-004,USB-C Fast Charging Cable 2M,Electronics,6,14.99,3.2,5,7,20,69
2026-04-25,SKU-ELC-004,USB-C Fast Charging Cable 2M,Electronics,5,14.99,3.2,5,7,20,69
2026-04-26,SKU-ELC-004,USB-C Fast Charging Cable 2M,  Electronics ,8,14.99,3.2,5,7,20,69
2026-04-27,SKU-ELC-004,USB-C Fast Charging Cable 2M,Electronics,9,14.99,3.2,5,7,20,69
2026-04-28,SKU-ELC-004,USB-C Fast Charging Cable 2M,Electronics,7,14.99,3.2,5,7,20,69
2026-04-29,SKU-ELC-004,USB-C Fast Charging Cable 2M,Electronics,3,14.99,3.2,5,7,20,69
2026-04-30,SKU-ELC-004,USB-C Fast Charging Cable 2M,Electronics,8,14.99,3.2,5,7,20,69
2026-05-01,SKU-ELC-004,USB-C Fast Charging Cable 2M,Electronics,5,14.99,3.2,5,7,20,69
2026-05-02,SKU-ELC-004,USB-C Fast Charging Cable 2M,Electronics,15,14.99,3.2,5,7,20,69
2026-05-03,SKU-ELC-004,USB-C Fast Charging Cable 2M,Electronics,19,14.99,3.2,5,7,20,69
2026-05-04,SKU-ELC-004,USB-C Fast Charging Cable 2M,Electronics,11,14.99,3.2,5,7,20,69
2026-05-05,SKU-ELC-004,USB-C Fast Charging Cable 2M,  Electronics ,13,14.99,3.2,5,7,20,69
2026-05-06,SKU-ELC-004,USB-C Fast Charging Cable 2M,  Electronics ,4,14.99,3.2,5,7,20,69
2026-05-07,SKU-ELC-004,USB-C Fast Charging Cable 2M,Electronics,8,14.99,3.2,5,7,20,69
2026-05-08,SKU-ELC-004,USB-C Fast Charging Cable 2M,Electronics,5,14.99,3.2,5,7,20,69
2026-05-09,SKU-ELC-004,USB-C Fast Charging Cable 2M,Electronics,10,14.99,3.2,5,7,20,69
2026-05-10,SKU-ELC-004,USB-C Fast Charging Cable 2M,Electronics,14,14.99,3.2,5,7,20,69
2026-05-11,SKU-ELC-004,USB-C Fast Charging Cable 2M,Electronics,12,14.99,3.2,5,7,20,69
2026-05-12,SKU-ELC-004,USB-C Fast Charging Cable 2M,Electronics,5,14.99,3.2,5,7,20,69
2026-05-13,SKU-ELC-004,USB-C Fast Charging Cable 2M,Electronics,10,14.99,3.2,5,7,20,69
2026-05-14,SKU-ELC-004,USB-C Fast Charging Cable 2M,Electronics,12,14.99,3.2,5,7,20,69
2026-05-15,SKU-ELC-004,USB-C Fast Charging Cable 2M,Electronics,7,14.99,3.2,5,7,20,69
2026-05-16,SKU-ELC-004,USB-C Fast Charging Cable 2M,Electronics,13,14.99,3.2,5,7,20,69
2026-05-17,SKU-ELC-004,USB-C Fast Charging Cable 2M,Electronics,13,14.99,3.2,5,7,20,69
2026-05-18,SKU-ELC-004,USB-C Fast Charging Cable 2M,Electronics,6,14.99,3.2,5,7,20,69
2026-05-19,SKU-ELC-004,USB-C Fast Charging Cable 2M,Electronics,0,14.99,3.2,5,7,20,69
2026-05-20,SKU-ELC-004,USB-C Fast Charging Cable 2M,Electronics,6,14.99,3.2,5,7,20,69
2026-05-21,SKU-ELC-004,USB-C Fast Charging Cable 2M,Electronics,2,14.99,3.2,5,7,20,69
2026-05-22,SKU-ELC-004,USB-C Fast Charging Cable 2M,Electronics,11,14.99,3.2,5,7,20,69
2026-05-23,SKU-ELC-004,USB-C Fast Charging Cable 2M,Electronics,16,14.99,3.2,5,7,20,69
2026-05-24,SKU-ELC-004,USB-C Fast Charging Cable 2M,Electronics,10,14.99,3.2,5,7,20,69
2026-05-25,SKU-ELC-004,USB-C Fast Charging Cable 2M,Electronics,8,14.99,3.2,5,7,20,69
2026-05-26,SKU-ELC-004,USB-C Fast Charging Cable 2M,Electronics,9,14.99,3.2,5,7,20,69
2026-05-27,SKU-ELC-004,USB-C Fast Charging Cable 2M,Electronics,15,14.99,3.2,5,7,20,69
2026-05-28,SKU-ELC-004,USB-C Fast Charging Cable 2M,Electronics,9,14.99,3.2,5,7,20,69
2026-05-29,SKU-ELC-004,USB-C Fast Charging Cable 2M,Electronics,8,14.99,3.2,5,7,20,69
2026-05-30,SKU-ELC-004,USB-C Fast Charging Cable 2M,Electronics,21,14.99,3.2,5,7,20,69
2026-05-31,SKU-ELC-004,USB-C Fast Charging Cable 2M,Electronics,11,14.99,3.2,5,7,20,69
2026-06-01,SKU-ELC-004,USB-C Fast Charging Cable 2M,Electronics,8,14.99,3.2,5,7,20,69
2026-06-02,SKU-ELC-004,USB-C Fast Charging Cable 2M,Electronics,9,14.99,3.2,5,7,20,69
2026-06-03,SKU-ELC-004,USB-C Fast Charging Cable 2M,Electronics,7,14.99,3.2,5,7,20,69
2026-06-04,SKU-ELC-004,USB-C Fast Charging Cable 2M,Electronics,8,14.99,3.2,5,7,20,69
2026-06-05,SKU-ELC-004,USB-C Fast Charging Cable 2M,Electronics,9,14.99,3.2,5,7,20,69
2026-06-06,SKU-ELC-004,USB-C Fast Charging Cable 2M,Electronics,9,14.99,3.2,5,7,20,69
2026-06-07,SKU-ELC-004,USB-C Fast Charging Cable 2M,  Electronics ,25,14.99,3.2,5,7,20,69
2026-06-08,SKU-ELC-004,USB-C Fast Charging Cable 2M,Electronics,9,14.99,3.2,5,7,20,69
2026-06-09,SKU-ELC-004,USB-C Fast Charging Cable 2M,Electronics,8,14.99,3.2,5,7,20,69
2026-06-10,SKU-ELC-004,USB-C Fast Charging Cable 2M,Electronics,7,14.99,3.2,5,7,20,69
2026-06-11,SKU-ELC-004,USB-C Fast Charging Cable 2M,Electronics,7,14.99,3.2,5,7,20,69
2026-06-12,SKU-ELC-004,USB-C Fast Charging Cable 2M,  Electronics ,12,14.99,3.2,5,7,20,69
2026-06-13,SKU-ELC-004,USB-C Fast Charging Cable 2M,Electronics,9,14.99,3.2,5,7,20,69
2026-06-14,SKU-ELC-004,USB-C Fast Charging Cable 2M,Electronics,20,14.99,3.2,5,7,20,69
2026-06-15,SKU-ELC-004,USB-C Fast Charging Cable 2M,Electronics,5,14.99,3.2,5,7,20,69
2026-06-16,SKU-ELC-004,USB-C Fast Charging Cable 2M,Electronics,8,14.99,3.2,5,7,20,69
2026-06-17,SKU-ELC-004,USB-C Fast Charging Cable 2M,Electronics,9,14.99,3.2,5,7,20,69
2026-06-18,SKU-ELC-004,USB-C Fast Charging Cable 2M,Electronics,5,14.99,3.2,5,7,20,69
2026-06-19,SKU-ELC-004,USB-C Fast Charging Cable 2M,Electronics,15,14.99,3.2,5,7,20,69
2026-06-20,SKU-ELC-004,USB-C Fast Charging Cable 2M,Electronics,13,14.99,3.2,5,7,20,69
2026-06-21,SKU-ELC-004,USB-C Fast Charging Cable 2M,Electronics,9,14.99,3.2,5,7,20,69
2026-06-22,SKU-ELC-004,USB-C Fast Charging Cable 2M,Electronics,12,14.99,3.2,5,7,20,69
2026-06-23,SKU-ELC-004,USB-C Fast Charging Cable 2M,Electronics,5,14.99,3.2,5,7,20,69
2026-06-24,SKU-ELC-004,USB-C Fast Charging Cable 2M,Electronics,8,14.99,3.2,5,7,20,69
2026-06-25,SKU-ELC-004,USB-C Fast Charging Cable 2M,  Electronics ,7,14.99,3.2,5,7,20,69
2026-06-26,SKU-ELC-004,USB-C Fast Charging Cable 2M,Electronics,12,14.99,3.2,5,7,20,69
2026-06-27,SKU-ELC-004,USB-C Fast Charging Cable 2M,Electronics,17,14.99,3.2,5,7,20,69
2026-06-28,SKU-ELC-004,USB-C Fast Charging Cable 2M,Electronics,11,14.99,3.2,5,7,20,69
2026-06-29,SKU-ELC-004,USB-C Fast Charging Cable 2M,Electronics,12,14.99,3.2,5,7,20,69
2026-06-30,SKU-ELC-004,USB-C Fast Charging Cable 2M,Electronics,3,14.99,3.2,5,7,20,69
2026-07-01,SKU-ELC-004,USB-C Fast Charging Cable 2M,  Electronics ,5,14.99,3.2,5,7,20,69
2026-07-02,SKU-ELC-004,USB-C Fast Charging Cable 2M,Electronics,7,14.99,3.2,5,7,20,69
2026-07-03,SKU-ELC-004,USB-C Fast Charging Cable 2M,Electronics,7,14.99,3.2,5,7,20,69
2026-07-04,SKU-ELC-004,USB-C Fast Charging Cable 2M,Electronics,11,14.99,3.2,5,7,20,69
2026-07-05,SKU-ELC-004,USB-C Fast Charging Cable 2M,Electronics,12,14.99,3.2,5,7,20,69
2026-07-06,SKU-ELC-004,USB-C Fast Charging Cable 2M,Electronics,9,14.99,3.2,5,7,20,69
2026-07-07,SKU-ELC-004,USB-C Fast Charging Cable 2M,Electronics,8,14.99,3.2,5,7,20,69
2026-07-08,SKU-ELC-004,USB-C Fast Charging Cable 2M,  Electronics ,6,14.99,3.2,5,7,20,69
2026-07-09,SKU-ELC-004,USB-C Fast Charging Cable 2M,Electronics,8,14.99,3.2,5,7,20,69
2026-07-10,SKU-ELC-004,USB-C Fast Charging Cable 2M,Electronics,10,14.99,3.2,5,7,20,69
2026-07-11,SKU-ELC-004,USB-C Fast Charging Cable 2M,Electronics,6,14.99,3.2,5,7,20,69
2026-07-12,SKU-ELC-004,USB-C Fast Charging Cable 2M,Electronics,11,14.99,3.2,5,7,20,69
2026-07-13,SKU-ELC-004,USB-C Fast Charging Cable 2M,Electronics,9,14.99,3.2,5,7,20,69
2026-07-14,SKU-ELC-004,USB-C Fast Charging Cable 2M,Electronics,9,14.99,3.2,5,7,20,69
2026-07-15,SKU-ELC-004,USB-C Fast Charging Cable 2M,Electronics,7,14.99,3.2,5,7,20,69
2026-07-16,SKU-ELC-004,USB-C Fast Charging Cable 2M,Electronics,13,14.99,3.2,5,7,20,69
2026-07-17,SKU-ELC-004,USB-C Fast Charging Cable 2M,Electronics,12,14.99,3.2,5,7,20,69
2026-07-18,SKU-ELC-004,USB-C Fast Charging Cable 2M,Electronics,9,14.99,3.2,5,7,20,69
2026-07-19,SKU-ELC-004,USB-C Fast Charging Cable 2M,Electronics,12,14.99,3.2,5,7,20,69
2026-07-20,SKU-ELC-004,USB-C Fast Charging Cable 2M,Electronics,10,14.99,3.2,5,7,20,69
2026-07-21,SKU-ELC-004,USB-C Fast Charging Cable 2M,  Electronics ,12,14.99,3.2,5,7,20,69
2026-07-22,SKU-ELC-004,USB-C Fast Charging Cable 2M,Electronics,5,14.99,3.2,5,7,20,69
2026-07-23,SKU-ELC-004,USB-C Fast Charging Cable 2M,Electronics,5,14.99,3.2,5,7,20,69
2026-07-24,SKU-ELC-004,USB-C Fast Charging Cable 2M,Electronics,12,14.99,3.2,5,7,20,69
2026-07-25,SKU-ELC-004,USB-C Fast Charging Cable 2M,Electronics,9,14.99,3.2,5,7,20,69
2026-07-26,SKU-ELC-004,USB-C Fast Charging Cable 2M,Electronics,12,14.99,3.2,5,7,20,69
2026-07-27,SKU-ELC-004,USB-C Fast Charging Cable 2M,Electronics,7,14.99,3.2,5,7,20,69
2026-07-28,SKU-ELC-004,USB-C Fast Charging Cable 2M,Electronics,15,14.99,3.2,5,7,20,69
2026-07-29,SKU-ELC-004,USB-C Fast Charging Cable 2M,Electronics,13,14.99,3.2,5,7,20,69
2026-07-30,SKU-ELC-004,USB-C Fast Charging Cable 2M,Electronics,11,14.99,3.2,5,7,20,69
2026-07-31,SKU-ELC-004,USB-C Fast Charging Cable 2M,Electronics,8,14.99,3.2,5,7,20,69
2026-08-01,SKU-ELC-004,USB-C Fast Charging Cable 2M,Electronics,16,14.99,3.2,5,7,20,69
2026-08-02,SKU-ELC-004,USB-C Fast Charging Cable 2M,Electronics,13,14.99,3.2,5,7,20,69
2026-08-03,SKU-ELC-004,USB-C Fast Charging Cable 2M,Electronics,8,14.99,3.2,5,7,20,69
2026-08-04,SKU-ELC-004,USB-C Fast Charging Cable 2M,Electronics,7,14.99,3.2,5,7,20,69
2026-08-05,SKU-ELC-004,USB-C Fast Charging Cable 2M,Electronics,13,14.99,3.2,5,7,20,69
2026-08-06,SKU-ELC-004,USB-C Fast Charging Cable 2M,Electronics,8,14.99,3.2,5,7,20,69
2026-08-07,SKU-ELC-004,USB-C Fast Charging Cable 2M,Electronics,6,14.99,3.2,5,7,20,69
2026-08-08,SKU-ELC-004,USB-C Fast Charging Cable 2M,Electronics,23,14.99,3.2,5,7,20,69
2026-08-09,SKU-ELC-004,USB-C Fast Charging Cable 2M,Electronics,10,14.99,3.2,5,7,20,69
2026-08-10,SKU-ELC-004,USB-C Fast Charging Cable 2M,Electronics,7,14.99,3.2,5,7,20,69
2026-08-11,SKU-ELC-004,USB-C Fast Charging Cable 2M,Electronics,7,14.99,3.2,5,7,20,69
2026-08-12,SKU-ELC-004,USB-C Fast Charging Cable 2M,Electronics,9,14.99,3.2,5,7,20,69
2026-08-13,SKU-ELC-004,USB-C Fast Charging Cable 2M,Electronics,8,14.99,3.2,5,7,20,69
2026-08-14,SKU-ELC-004,USB-C Fast Charging Cable 2M,Electronics,17,14.99,3.2,5,7,20,69
2026-08-15,SKU-ELC-004,USB-C Fast Charging Cable 2M,Electronics,11,14.99,3.2,5,7,20,69
2026-08-16,SKU-ELC-004,USB-C Fast Charging Cable 2M,  Electronics ,16,14.99,3.2,5,7,20,69
2026-08-17,SKU-ELC-004,USB-C Fast Charging Cable 2M,  Electronics ,11,14.99,3.2,5,7,20,69
2026-08-18,SKU-ELC-004,USB-C Fast Charging Cable 2M,Electronics,10,14.99,3.2,5,7,20,69
2026-08-19,SKU-ELC-004,USB-C Fast Charging Cable 2M,Electronics,10,14.99,3.2,5,7,20,69
2026-08-20,SKU-ELC-004,USB-C Fast Charging Cable 2M,Electronics,3,14.99,3.2,5,7,20,69
2026-08-21,SKU-ELC-004,USB-C Fast Charging Cable 2M,Electronics,10,14.99,3.2,5,7,20,69
2026-08-22,SKU-ELC-004,USB-C Fast Charging Cable 2M,Electronics,11,14.99,3.2,5,7,20,69
2026-08-23,SKU-ELC-004,USB-C Fast Charging Cable 2M,Electronics,13,14.99,3.2,5,7,20,69
2026-08-24,SKU-ELC-004,USB-C Fast Charging Cable 2M,Electronics,10,14.99,3.2,5,7,20,69
2026-08-25,SKU-ELC-004,USB-C Fast Charging Cable 2M,Electronics,8,14.99,3.2,5,7,20,69
2026-08-26,SKU-ELC-004,USB-C Fast Charging Cable 2M,Electronics,7,14.99,3.2,5,7,20,69
2026-08-27,SKU-ELC-004,USB-C Fast Charging Cable 2M,Electronics,9,14.99,3.2,5,7,20,69
2026-03-01,SKU-ELC-005,Vintage Stereo Turntable,Electronics,0,319.0,180.0,85,28,4,15
2026-03-02,SKU-ELC-005,Vintage Stereo Turntable,Electronics,0,319.0,180.0,85,28,4,15
2026-03-03,SKU-ELC-005,Vintage Stereo Turntable,Electronics,0,319.0,180.0,85,28,4,15
2026-03-04,SKU-ELC-005,Vintage Stereo Turntable,Electronics,0,319.0,180.0,85,28,4,15
2026-03-05,SKU-ELC-005,Vintage Stereo Turntable,  Electronics ,1,319.0,180.0,85,28,4,15
2026-03-06,SKU-ELC-005,Vintage Stereo Turntable,  Electronics ,1,319.0,180.0,85,28,4,15
2026-03-07,SKU-ELC-005,Vintage Stereo Turntable,Electronics,1,319.0,180.0,85,28,4,15
2026-03-08,SKU-ELC-005,Vintage Stereo Turntable,Electronics,0,319.0,180.0,85,28,4,15
2026-03-09,SKU-ELC-005,Vintage Stereo Turntable,Electronics,0,319.0,180.0,85,28,4,15
2026-03-10,SKU-ELC-005,Vintage Stereo Turntable,Electronics,0,319.0,180.0,85,28,4,15
2026-03-11,SKU-ELC-005,Vintage Stereo Turntable,Electronics,0,319.0,180.0,85,28,4,15
2026-03-12,SKU-ELC-005,Vintage Stereo Turntable,Electronics,0,319.0,180.0,85,28,4,15
2026-03-13,SKU-ELC-005,Vintage Stereo Turntable,Electronics,0,319.0,180.0,85,28,4,15
2026-03-14,SKU-ELC-005,Vintage Stereo Turntable,Electronics,0,319.0,180.0,85,28,4,15
2026-03-15,SKU-ELC-005,Vintage Stereo Turntable,Electronics,0,319.0,180.0,85,28,4,15
2026-03-16,SKU-ELC-005,Vintage Stereo Turntable,Electronics,0,319.0,180.0,85,28,4,15
2026-03-17,SKU-ELC-005,Vintage Stereo Turntable,Electronics,0,319.0,180.0,85,28,4,15
2026-03-18,SKU-ELC-005,Vintage Stereo Turntable,Electronics,0,319.0,180.0,85,28,4,15
2026-03-19,SKU-ELC-005,Vintage Stereo Turntable,Electronics,0,319.0,180.0,85,28,4,15
2026-03-20,SKU-ELC-005,Vintage Stereo Turntable,Electronics,0,319.0,180.0,85,28,4,15
2026-03-21,SKU-ELC-005,Vintage Stereo Turntable,Electronics,0,319.0,180.0,85,28,4,15
2026-03-22,SKU-ELC-005,Vintage Stereo Turntable,Electronics,1,319.0,180.0,85,28,4,15
2026-03-23,SKU-ELC-005,Vintage Stereo Turntable,  Electronics ,0,319.0,180.0,85,28,4,15
2026-03-24,SKU-ELC-005,Vintage Stereo Turntable,Electronics,0,319.0,180.0,85,28,4,15
2026-03-25,SKU-ELC-005,Vintage Stereo Turntable,Electronics,1,319.0,180.0,85,28,4,15
2026-03-26,SKU-ELC-005,Vintage Stereo Turntable,Electronics,0,319.0,180.0,85,28,4,15
2026-03-27,SKU-ELC-005,Vintage Stereo Turntable,Electronics,0,319.0,180.0,85,28,4,15
2026-03-28,SKU-ELC-005,Vintage Stereo Turntable,Electronics,0,319.0,180.0,85,28,4,15
2026-03-29,SKU-ELC-005,Vintage Stereo Turntable,Electronics,0,319.0,180.0,85,28,4,15
2026-03-30,SKU-ELC-005,Vintage Stereo Turntable,Electronics,0,319.0,180.0,85,28,4,15
2026-03-31,SKU-ELC-005,Vintage Stereo Turntable,Electronics,0,319.0,180.0,85,28,4,15
2026-04-01,SKU-ELC-005,Vintage Stereo Turntable,Electronics,1,319.0,180.0,85,28,4,15
2026-04-02,SKU-ELC-005,Vintage Stereo Turntable,Electronics,0,319.0,180.0,85,28,4,15
2026-04-03,SKU-ELC-005,Vintage Stereo Turntable,Electronics,1,319.0,180.0,85,28,4,15
2026-04-04,SKU-ELC-005,Vintage Stereo Turntable,Electronics,0,319.0,180.0,85,28,4,15
2026-04-05,SKU-ELC-005,Vintage Stereo Turntable,Electronics,0,319.0,180.0,85,28,4,15
2026-04-06,SKU-ELC-005,Vintage Stereo Turntable,Electronics,0,319.0,180.0,85,28,4,15
2026-04-07,SKU-ELC-005,Vintage Stereo Turntable,  Electronics ,0,319.0,180.0,85,28,4,15
2026-04-08,SKU-ELC-005,Vintage Stereo Turntable,Electronics,0,319.0,180.0,85,28,4,15
2026-04-09,SKU-ELC-005,Vintage Stereo Turntable,Electronics,0,319.0,180.0,85,28,4,15
2026-04-10,SKU-ELC-005,Vintage Stereo Turntable,Electronics,0,319.0,180.0,85,28,4,15
2026-04-11,SKU-ELC-005,Vintage Stereo Turntable,Electronics,0,319.0,180.0,85,28,4,15
2026-04-12,SKU-ELC-005,Vintage Stereo Turntable,Electronics,0,319.0,180.0,85,28,4,15
2026-04-13,SKU-ELC-005,Vintage Stereo Turntable,  Electronics ,0,319.0,180.0,85,28,4,15
2026-04-14,SKU-ELC-005,Vintage Stereo Turntable,Electronics,0,319.0,180.0,85,28,4,15
2026-04-15,SKU-ELC-005,Vintage Stereo Turntable,Electronics,0,319.0,180.0,85,28,4,15
2026-04-16,SKU-ELC-005,Vintage Stereo Turntable,Electronics,0,319.0,180.0,85,28,4,15
2026-04-17,SKU-ELC-005,Vintage Stereo Turntable,Electronics,0,319.0,180.0,85,28,4,15
2026-04-18,SKU-ELC-005,Vintage Stereo Turntable,Electronics,0,319.0,180.0,85,28,4,15
2026-04-19,SKU-ELC-005,Vintage Stereo Turntable,Electronics,0,319.0,180.0,85,28,4,15
2026-04-20,SKU-ELC-005,Vintage Stereo Turntable,Electronics,0,319.0,180.0,85,28,4,15
2026-04-21,SKU-ELC-005,Vintage Stereo Turntable,Electronics,0,319.0,180.0,85,28,4,15
2026-04-22,SKU-ELC-005,Vintage Stereo Turntable,Electronics,0,319.0,180.0,85,28,4,15
2026-04-23,SKU-ELC-005,Vintage Stereo Turntable,Electronics,3,319.0,180.0,85,28,4,15
2026-04-24,SKU-ELC-005,Vintage Stereo Turntable,Electronics,0,319.0,180.0,85,28,4,15
2026-04-25,SKU-ELC-005,Vintage Stereo Turntable,Electronics,0,319.0,180.0,85,28,4,15
2026-04-26,SKU-ELC-005,Vintage Stereo Turntable,Electronics,0,319.0,180.0,85,28,4,15
2026-04-27,SKU-ELC-005,Vintage Stereo Turntable,Electronics,0,319.0,180.0,85,28,4,15
2026-04-28,SKU-ELC-005,Vintage Stereo Turntable,Electronics,0,319.0,180.0,85,28,4,15
2026-04-29,SKU-ELC-005,Vintage Stereo Turntable,  Electronics ,0,319.0,180.0,85,28,4,15
2026-04-30,SKU-ELC-005,Vintage Stereo Turntable,Electronics,0,319.0,180.0,85,28,4,15
2026-05-01,SKU-ELC-005,Vintage Stereo Turntable,Electronics,0,319.0,180.0,85,28,4,15
2026-05-02,SKU-ELC-005,Vintage Stereo Turntable,Electronics,0,319.0,180.0,85,28,4,15
2026-05-03,SKU-ELC-005,Vintage Stereo Turntable,Electronics,1,319.0,180.0,85,28,4,15
2026-05-04,SKU-ELC-005,Vintage Stereo Turntable,Electronics,1,319.0,180.0,85,28,4,15
2026-05-05,SKU-ELC-005,Vintage Stereo Turntable,Electronics,0,319.0,180.0,85,28,4,15
2026-05-06,SKU-ELC-005,Vintage Stereo Turntable,Electronics,0,319.0,180.0,85,28,4,15
2026-05-07,SKU-ELC-005,Vintage Stereo Turntable,Electronics,0,319.0,180.0,85,28,4,15
2026-05-08,SKU-ELC-005,Vintage Stereo Turntable,Electronics,0,319.0,180.0,85,28,4,15
2026-05-09,SKU-ELC-005,Vintage Stereo Turntable,Electronics,0,319.0,180.0,85,28,4,15
2026-05-10,SKU-ELC-005,Vintage Stereo Turntable,Electronics,0,319.0,180.0,85,28,4,15
2026-05-11,SKU-ELC-005,Vintage Stereo Turntable,Electronics,1,319.0,180.0,85,28,4,15
2026-05-12,SKU-ELC-005,Vintage Stereo Turntable,Electronics,0,319.0,180.0,85,28,4,15
2026-05-13,SKU-ELC-005,Vintage Stereo Turntable,Electronics,0,319.0,180.0,85,28,4,15
2026-05-14,SKU-ELC-005,Vintage Stereo Turntable,Electronics,0,319.0,180.0,85,28,4,15
2026-05-15,SKU-ELC-005,Vintage Stereo Turntable,  Electronics ,0,319.0,180.0,85,28,4,15
2026-05-16,SKU-ELC-005,Vintage Stereo Turntable,Electronics,0,319.0,180.0,85,28,4,15
2026-05-17,SKU-ELC-005,Vintage Stereo Turntable,Electronics,0,319.0,180.0,85,28,4,15
2026-05-18,SKU-ELC-005,Vintage Stereo Turntable,Electronics,0,319.0,180.0,85,28,4,15
2026-05-19,SKU-ELC-005,Vintage Stereo Turntable,Electronics,0,319.0,180.0,85,28,4,15
2026-05-20,SKU-ELC-005,Vintage Stereo Turntable,Electronics,0,319.0,180.0,85,28,4,15
2026-05-21,SKU-ELC-005,Vintage Stereo Turntable,Electronics,0,319.0,180.0,85,28,4,15
2026-05-22,SKU-ELC-005,Vintage Stereo Turntable,Electronics,0,319.0,180.0,85,28,4,15
2026-05-23,SKU-ELC-005,Vintage Stereo Turntable,Electronics,0,319.0,180.0,85,28,4,15
2026-05-24,SKU-ELC-005,Vintage Stereo Turntable,Electronics,0,319.0,180.0,85,28,4,15
2026-05-25,SKU-ELC-005,Vintage Stereo Turntable,Electronics,0,319.0,180.0,85,28,4,15
2026-05-26,SKU-ELC-005,Vintage Stereo Turntable,Electronics,0,319.0,180.0,85,28,4,15
2026-05-27,SKU-ELC-005,Vintage Stereo Turntable,Electronics,0,319.0,180.0,85,28,4,15
2026-05-28,SKU-ELC-005,Vintage Stereo Turntable,Electronics,0,319.0,180.0,85,28,4,15
2026-05-29,SKU-ELC-005,Vintage Stereo Turntable,Electronics,0,319.0,180.0,85,28,4,15
2026-05-30,SKU-ELC-005,Vintage Stereo Turntable,Electronics,0,319.0,180.0,85,28,4,15
2026-05-31,SKU-ELC-005,Vintage Stereo Turntable,Electronics,0,319.0,180.0,85,28,4,15
2026-06-01,SKU-ELC-005,Vintage Stereo Turntable,Electronics,2,319.0,180.0,85,28,4,15
2026-06-02,SKU-ELC-005,Vintage Stereo Turntable,Electronics,0,319.0,180.0,85,28,4,15
2026-06-03,SKU-ELC-005,Vintage Stereo Turntable,Electronics,0,319.0,180.0,85,28,4,15
2026-06-04,SKU-ELC-005,Vintage Stereo Turntable,Electronics,0,319.0,180.0,85,28,4,15
2026-06-05,SKU-ELC-005,Vintage Stereo Turntable,Electronics,0,319.0,180.0,85,28,4,15
2026-06-06,SKU-ELC-005,Vintage Stereo Turntable,Electronics,0,319.0,180.0,85,28,4,15
2026-06-07,SKU-ELC-005,Vintage Stereo Turntable,Electronics,1,319.0,180.0,85,28,4,15
2026-06-08,SKU-ELC-005,Vintage Stereo Turntable,Electronics,0,319.0,180.0,85,28,4,15
2026-06-09,SKU-ELC-005,Vintage Stereo Turntable,Electronics,0,319.0,180.0,85,28,4,15
2026-06-10,SKU-ELC-005,Vintage Stereo Turntable,  Electronics ,0,319.0,180.0,85,28,4,15
2026-06-11,SKU-ELC-005,Vintage Stereo Turntable,Electronics,0,319.0,180.0,85,28,4,15
2026-06-12,SKU-ELC-005,Vintage Stereo Turntable,Electronics,0,319.0,180.0,85,28,4,15
2026-06-13,SKU-ELC-005,Vintage Stereo Turntable,Electronics,0,319.0,180.0,85,28,4,15
2026-06-14,SKU-ELC-005,Vintage Stereo Turntable,Electronics,0,319.0,180.0,85,28,4,15
2026-06-15,SKU-ELC-005,Vintage Stereo Turntable,Electronics,0,319.0,180.0,85,28,4,15
2026-06-16,SKU-ELC-005,Vintage Stereo Turntable,Electronics,0,319.0,180.0,85,28,4,15
2026-06-17,SKU-ELC-005,Vintage Stereo Turntable,Electronics,0,319.0,180.0,85,28,4,15
2026-06-18,SKU-ELC-005,Vintage Stereo Turntable,Electronics,0,319.0,180.0,85,28,4,15
2026-06-19,SKU-ELC-005,Vintage Stereo Turntable,Electronics,1,319.0,180.0,85,28,4,15
2026-06-20,SKU-ELC-005,Vintage Stereo Turntable,Electronics,0,319.0,180.0,85,28,4,15
2026-06-21,SKU-ELC-005,Vintage Stereo Turntable,Electronics,0,319.0,180.0,85,28,4,15
2026-06-22,SKU-ELC-005,Vintage Stereo Turntable,Electronics,0,319.0,180.0,85,28,4,15
2026-06-23,SKU-ELC-005,Vintage Stereo Turntable,Electronics,0,319.0,180.0,85,28,4,15
2026-06-24,SKU-ELC-005,Vintage Stereo Turntable,  Electronics ,0,319.0,180.0,85,28,4,15
2026-06-25,SKU-ELC-005,Vintage Stereo Turntable,Electronics,0,319.0,180.0,85,28,4,15
2026-06-26,SKU-ELC-005,Vintage Stereo Turntable,Electronics,0,319.0,180.0,85,28,4,15
2026-06-27,SKU-ELC-005,Vintage Stereo Turntable,  Electronics ,0,319.0,180.0,85,28,4,15
2026-06-28,SKU-ELC-005,Vintage Stereo Turntable,Electronics,0,319.0,180.0,85,28,4,15
2026-06-29,SKU-ELC-005,Vintage Stereo Turntable,Electronics,0,319.0,180.0,85,28,4,15
2026-06-30,SKU-ELC-005,Vintage Stereo Turntable,Electronics,0,319.0,180.0,85,28,4,15
2026-07-01,SKU-ELC-005,Vintage Stereo Turntable,Electronics,0,319.0,180.0,85,28,4,15
2026-07-02,SKU-ELC-005,Vintage Stereo Turntable,Electronics,0,319.0,180.0,85,28,4,15
2026-07-03,SKU-ELC-005,Vintage Stereo Turntable,Electronics,0,319.0,180.0,85,28,4,15
2026-07-04,SKU-ELC-005,Vintage Stereo Turntable,Electronics,0,319.0,180.0,85,28,4,15
2026-07-05,SKU-ELC-005,Vintage Stereo Turntable,Electronics,0,319.0,180.0,85,28,4,15
2026-07-06,SKU-ELC-005,Vintage Stereo Turntable,  Electronics ,1,319.0,180.0,85,28,4,15
2026-07-07,SKU-ELC-005,Vintage Stereo Turntable,Electronics,0,319.0,180.0,85,28,4,15
2026-07-08,SKU-ELC-005,Vintage Stereo Turntable,Electronics,2,319.0,180.0,85,28,4,15
2026-07-09,SKU-ELC-005,Vintage Stereo Turntable,Electronics,0,319.0,180.0,85,28,4,15
2026-07-10,SKU-ELC-005,Vintage Stereo Turntable,Electronics,0,319.0,180.0,85,28,4,15
2026-07-11,SKU-ELC-005,Vintage Stereo Turntable,Electronics,0,319.0,180.0,85,28,4,15
2026-07-12,SKU-ELC-005,Vintage Stereo Turntable,Electronics,0,319.0,180.0,85,28,4,15
2026-07-13,SKU-ELC-005,Vintage Stereo Turntable,Electronics,0,319.0,180.0,85,28,4,15
2026-07-14,SKU-ELC-005,Vintage Stereo Turntable,Electronics,0,319.0,180.0,85,28,4,15
2026-07-15,SKU-ELC-005,Vintage Stereo Turntable,Electronics,0,319.0,180.0,85,28,4,15
2026-07-16,SKU-ELC-005,Vintage Stereo Turntable,Electronics,0,319.0,180.0,85,28,4,15
2026-07-17,SKU-ELC-005,Vintage Stereo Turntable,Electronics,0,319.0,180.0,85,28,4,15
2026-07-18,SKU-ELC-005,Vintage Stereo Turntable,Electronics,0,319.0,180.0,85,28,4,15
2026-07-19,SKU-ELC-005,Vintage Stereo Turntable,Electronics,0,319.0,180.0,85,28,4,15
2026-07-20,SKU-ELC-005,Vintage Stereo Turntable,Electronics,0,319.0,180.0,85,28,4,15
2026-07-21,SKU-ELC-005,Vintage Stereo Turntable,Electronics,0,319.0,180.0,85,28,4,15
2026-07-22,SKU-ELC-005,Vintage Stereo Turntable,Electronics,0,319.0,180.0,85,28,4,15
2026-07-23,SKU-ELC-005,Vintage Stereo Turntable,Electronics,0,319.0,180.0,85,28,4,15
2026-07-24,SKU-ELC-005,Vintage Stereo Turntable,Electronics,0,319.0,180.0,85,28,4,15
2026-07-25,SKU-ELC-005,Vintage Stereo Turntable,Electronics,0,319.0,180.0,85,28,4,15
2026-07-26,SKU-ELC-005,Vintage Stereo Turntable,Electronics,0,319.0,180.0,85,28,4,15
2026-07-27,SKU-ELC-005,Vintage Stereo Turntable,Electronics,0,319.0,180.0,85,28,4,15
2026-07-28,SKU-ELC-005,Vintage Stereo Turntable,Electronics,0,319.0,180.0,85,28,4,15
2026-07-29,SKU-ELC-005,Vintage Stereo Turntable,Electronics,2,319.0,180.0,85,28,4,15
2026-07-30,SKU-ELC-005,Vintage Stereo Turntable,Electronics,0,319.0,180.0,85,28,4,15
2026-07-31,SKU-ELC-005,Vintage Stereo Turntable,Electronics,0,319.0,180.0,85,28,4,15
2026-08-01,SKU-ELC-005,Vintage Stereo Turntable,Electronics,0,319.0,180.0,85,28,4,15
2026-08-02,SKU-ELC-005,Vintage Stereo Turntable,Electronics,0,319.0,180.0,85,28,4,15
2026-08-03,SKU-ELC-005,Vintage Stereo Turntable,Electronics,0,319.0,180.0,85,28,4,15
2026-08-04,SKU-ELC-005,Vintage Stereo Turntable,Electronics,0,319.0,180.0,85,28,4,15
2026-08-05,SKU-ELC-005,Vintage Stereo Turntable,Electronics,0,319.0,180.0,85,28,4,15
2026-08-06,SKU-ELC-005,Vintage Stereo Turntable,Electronics,0,319.0,180.0,85,28,4,15
2026-08-07,SKU-ELC-005,Vintage Stereo Turntable,Electronics,0,319.0,180.0,85,28,4,15
2026-08-08,SKU-ELC-005,Vintage Stereo Turntable,Electronics,0,319.0,180.0,85,28,4,15
2026-08-09,SKU-ELC-005,Vintage Stereo Turntable,Electronics,0,319.0,180.0,85,28,4,15
2026-08-10,SKU-ELC-005,Vintage Stereo Turntable,Electronics,0,319.0,180.0,85,28,4,15
2026-08-11,SKU-ELC-005,Vintage Stereo Turntable,Electronics,0,319.0,180.0,85,28,4,15
2026-08-12,SKU-ELC-005,Vintage Stereo Turntable,Electronics,0,319.0,180.0,85,28,4,15
2026-08-13,SKU-ELC-005,Vintage Stereo Turntable,Electronics,0,319.0,180.0,85,28,4,15
2026-08-14,SKU-ELC-005,Vintage Stereo Turntable,Electronics,0,319.0,180.0,85,28,4,15
2026-08-15,SKU-ELC-005,Vintage Stereo Turntable,Electronics,0,319.0,180.0,85,28,4,15
2026-08-16,SKU-ELC-005,Vintage Stereo Turntable,Electronics,0,319.0,180.0,85,28,4,15
2026-08-17,SKU-ELC-005,Vintage Stereo Turntable,Electronics,0,319.0,180.0,85,28,4,15
2026-08-18,SKU-ELC-005,Vintage Stereo Turntable,Electronics,0,319.0,180.0,85,28,4,15
2026-08-19,SKU-ELC-005,Vintage Stereo Turntable,Electronics,0,319.0,180.0,85,28,4,15
2026-08-20,SKU-ELC-005,Vintage Stereo Turntable,Electronics,0,319.0,180.0,85,28,4,15
2026-08-21,SKU-ELC-005,Vintage Stereo Turntable,Electronics,0,319.0,180.0,85,28,4,15
2026-08-22,SKU-ELC-005,Vintage Stereo Turntable,Electronics,0,319.0,180.0,85,28,4,15
2026-08-23,SKU-ELC-005,Vintage Stereo Turntable,Electronics,0,319.0,180.0,85,28,4,15
2026-08-24,SKU-ELC-005,Vintage Stereo Turntable,Electronics,0,319.0,180.0,85,28,4,15
2026-08-25,SKU-ELC-005,Vintage Stereo Turntable,Electronics,0,319.0,180.0,85,28,4,15
2026-08-26,SKU-ELC-005,Vintage Stereo Turntable,Electronics,0,319.0,180.0,85,28,4,15
2026-08-27,SKU-ELC-005,Vintage Stereo Turntable,Electronics,0,319.0,180.0,85,28,4,15
2026-03-01,SKU-ELC-006,Bluetooth Conference Speaker,Electronics,6,89.99,42.0,65,14,22,78
2026-03-02,SKU-ELC-006,Bluetooth Conference Speaker,Electronics,3,89.99,42.0,65,14,22,78
2026-03-03,SKU-ELC-006,Bluetooth Conference Speaker,  Electronics ,4,89.99,42.0,65,14,22,78
2026-03-04,SKU-ELC-006,Bluetooth Conference Speaker,Electronics,8,89.99,42.0,65,14,22,78
2026-03-05,SKU-ELC-006,Bluetooth Conference Speaker,Electronics,5,89.99,42.0,65,14,22,78
2026-03-06,SKU-ELC-006,Bluetooth Conference Speaker,Electronics,2,89.99,42.0,65,14,22,78
2026-03-07,SKU-ELC-006,Bluetooth Conference Speaker,Electronics,5,89.99,42.0,65,14,22,78
2026-03-08,SKU-ELC-006,Bluetooth Conference Speaker,  Electronics ,8,89.99,42.0,65,14,22,78
2026-03-09,SKU-ELC-006,Bluetooth Conference Speaker,Electronics,2,89.99,42.0,65,14,22,78
2026-03-10,SKU-ELC-006,Bluetooth Conference Speaker,Electronics,4,89.99,42.0,65,14,22,78
2026-03-11,SKU-ELC-006,Bluetooth Conference Speaker,Electronics,6,89.99,42.0,65,14,22,78
2026-03-12,SKU-ELC-006,Bluetooth Conference Speaker,Electronics,3,89.99,42.0,65,14,22,78
2026-03-13,SKU-ELC-006,Bluetooth Conference Speaker,Electronics,6,89.99,42.0,65,14,22,78
2026-03-14,SKU-ELC-006,Bluetooth Conference Speaker,Electronics,7,89.99,42.0,65,14,22,78
2026-03-15,SKU-ELC-006,Bluetooth Conference Speaker,Electronics,3,89.99,42.0,65,14,22,78
2026-03-16,SKU-ELC-006,Bluetooth Conference Speaker,Electronics,5,89.99,42.0,65,14,22,78
2026-03-17,SKU-ELC-006,Bluetooth Conference Speaker,Electronics,4,89.99,42.0,65,14,22,78
2026-03-18,SKU-ELC-006,Bluetooth Conference Speaker,Electronics,7,89.99,42.0,65,14,22,78
2026-03-19,SKU-ELC-006,Bluetooth Conference Speaker,Electronics,4,89.99,42.0,65,14,22,78
2026-03-20,SKU-ELC-006,Bluetooth Conference Speaker,  Electronics ,2,89.99,42.0,65,14,22,78
2026-03-21,SKU-ELC-006,Bluetooth Conference Speaker,Electronics,4,89.99,42.0,65,14,22,78
2026-03-22,SKU-ELC-006,Bluetooth Conference Speaker,Electronics,12,89.99,42.0,65,14,22,78
2026-03-23,SKU-ELC-006,Bluetooth Conference Speaker,Electronics,7,89.99,42.0,65,14,22,78
2026-03-24,SKU-ELC-006,Bluetooth Conference Speaker,Electronics,7,89.99,42.0,65,14,22,78
2026-03-25,SKU-ELC-006,Bluetooth Conference Speaker,Electronics,4,89.99,42.0,65,14,22,78
2026-03-26,SKU-ELC-006,Bluetooth Conference Speaker,Electronics,1,89.99,42.0,65,14,22,78
2026-03-27,SKU-ELC-006,Bluetooth Conference Speaker,Electronics,10,89.99,42.0,65,14,22,78
2026-03-28,SKU-ELC-006,Bluetooth Conference Speaker,Electronics,5,89.99,42.0,65,14,22,78
2026-03-29,SKU-ELC-006,Bluetooth Conference Speaker,Electronics,6,89.99,42.0,65,14,22,78
2026-03-30,SKU-ELC-006,Bluetooth Conference Speaker,Electronics,3,89.99,42.0,65,14,22,78
2026-03-31,SKU-ELC-006,Bluetooth Conference Speaker,Electronics,3,89.99,42.0,65,14,22,78
2026-04-01,SKU-ELC-006,Bluetooth Conference Speaker,Electronics,2,89.99,42.0,65,14,22,78
2026-04-02,SKU-ELC-006,Bluetooth Conference Speaker,Electronics,2,89.99,42.0,65,14,22,78
2026-04-03,SKU-ELC-006,Bluetooth Conference Speaker,Electronics,6,89.99,42.0,65,14,22,78
2026-04-04,SKU-ELC-006,Bluetooth Conference Speaker,Electronics,1,89.99,42.0,65,14,22,78
2026-04-05,SKU-ELC-006,Bluetooth Conference Speaker,Electronics,4,89.99,42.0,65,14,22,78
2026-04-06,SKU-ELC-006,Bluetooth Conference Speaker,  Electronics ,2,89.99,42.0,65,14,22,78
2026-04-07,SKU-ELC-006,Bluetooth Conference Speaker,Electronics,6,89.99,42.0,65,14,22,78
2026-04-08,SKU-ELC-006,Bluetooth Conference Speaker,Electronics,3,89.99,42.0,65,14,22,78
2026-04-09,SKU-ELC-006,Bluetooth Conference Speaker,Electronics,5,89.99,42.0,65,14,22,78
2026-04-10,SKU-ELC-006,Bluetooth Conference Speaker,Electronics,3,89.99,42.0,65,14,22,78
2026-04-11,SKU-ELC-006,Bluetooth Conference Speaker,Electronics,4,89.99,42.0,65,14,22,78
2026-04-12,SKU-ELC-006,Bluetooth Conference Speaker,Electronics,5,89.99,42.0,65,14,22,78
2026-04-13,SKU-ELC-006,Bluetooth Conference Speaker,Electronics,4,89.99,42.0,65,14,22,78
2026-04-14,SKU-ELC-006,Bluetooth Conference Speaker,Electronics,4,89.99,42.0,65,14,22,78
2026-04-15,SKU-ELC-006,Bluetooth Conference Speaker,Electronics,1,89.99,42.0,65,14,22,78
2026-04-16,SKU-ELC-006,Bluetooth Conference Speaker,Electronics,6,89.99,42.0,65,14,22,78
2026-04-17,SKU-ELC-006,Bluetooth Conference Speaker,Electronics,3,89.99,42.0,65,14,22,78
2026-04-18,SKU-ELC-006,Bluetooth Conference Speaker,Electronics,8,89.99,42.0,65,14,22,78
2026-04-19,SKU-ELC-006,Bluetooth Conference Speaker,Electronics,7,89.99,42.0,65,14,22,78
2026-04-20,SKU-ELC-006,Bluetooth Conference Speaker,Electronics,5,89.99,42.0,65,14,22,78
2026-04-21,SKU-ELC-006,Bluetooth Conference Speaker,Electronics,5,89.99,42.0,65,14,22,78
2026-04-22,SKU-ELC-006,Bluetooth Conference Speaker,Electronics,3,89.99,42.0,65,14,22,78
2026-04-23,SKU-ELC-006,Bluetooth Conference Speaker,Electronics,4,89.99,42.0,65,14,22,78
2026-04-24,SKU-ELC-006,Bluetooth Conference Speaker,Electronics,4,89.99,42.0,65,14,22,78
2026-04-25,SKU-ELC-006,Bluetooth Conference Speaker,Electronics,7,89.99,42.0,65,14,22,78
2026-04-26,SKU-ELC-006,Bluetooth Conference Speaker,Electronics,6,89.99,42.0,65,14,22,78
2026-04-27,SKU-ELC-006,Bluetooth Conference Speaker,Electronics,3,89.99,42.0,65,14,22,78
2026-04-28,SKU-ELC-006,Bluetooth Conference Speaker,Electronics,1,89.99,42.0,65,14,22,78
2026-04-29,SKU-ELC-006,Bluetooth Conference Speaker,Electronics,2,89.99,42.0,65,14,22,78
2026-04-30,SKU-ELC-006,Bluetooth Conference Speaker,Electronics,5,89.99,42.0,65,14,22,78
2026-05-01,SKU-ELC-006,Bluetooth Conference Speaker,Electronics,0,89.99,42.0,65,14,22,78
2026-05-02,SKU-ELC-006,Bluetooth Conference Speaker,  Electronics ,2,89.99,42.0,65,14,22,78
2026-05-03,SKU-ELC-006,Bluetooth Conference Speaker,Electronics,4,89.99,42.0,65,14,22,78
2026-05-04,SKU-ELC-006,Bluetooth Conference Speaker,Electronics,3,89.99,42.0,65,14,22,78
2026-05-05,SKU-ELC-006,Bluetooth Conference Speaker,Electronics,3,89.99,42.0,65,14,22,78
2026-05-06,SKU-ELC-006,Bluetooth Conference Speaker,Electronics,2,89.99,42.0,65,14,22,78
2026-05-07,SKU-ELC-006,Bluetooth Conference Speaker,Electronics,4,89.99,42.0,65,14,22,78
2026-05-08,SKU-ELC-006,Bluetooth Conference Speaker,Electronics,8,89.99,42.0,65,14,22,78
2026-05-09,SKU-ELC-006,Bluetooth Conference Speaker,Electronics,5,89.99,42.0,65,14,22,78
2026-05-10,SKU-ELC-006,Bluetooth Conference Speaker,Electronics,5,89.99,42.0,65,14,22,78
2026-05-11,SKU-ELC-006,Bluetooth Conference Speaker,Electronics,4,89.99,42.0,65,14,22,78
2026-05-12,SKU-ELC-006,Bluetooth Conference Speaker,Electronics,3,89.99,42.0,65,14,22,78
2026-05-13,SKU-ELC-006,Bluetooth Conference Speaker,Electronics,0,89.99,42.0,65,14,22,78
2026-05-14,SKU-ELC-006,Bluetooth Conference Speaker,  Electronics ,3,89.99,42.0,65,14,22,78
2026-05-15,SKU-ELC-006,Bluetooth Conference Speaker,Electronics,5,89.99,42.0,65,14,22,78
2026-05-16,SKU-ELC-006,Bluetooth Conference Speaker,Electronics,5,89.99,42.0,65,14,22,78
2026-05-17,SKU-ELC-006,Bluetooth Conference Speaker,  Electronics ,2,89.99,42.0,65,14,22,78
2026-05-18,SKU-ELC-006,Bluetooth Conference Speaker,Electronics,8,89.99,42.0,65,14,22,78
2026-05-19,SKU-ELC-006,Bluetooth Conference Speaker,Electronics,4,89.99,42.0,65,14,22,78
2026-05-20,SKU-ELC-006,Bluetooth Conference Speaker,Electronics,4,89.99,42.0,65,14,22,78
2026-05-21,SKU-ELC-006,Bluetooth Conference Speaker,Electronics,5,89.99,42.0,65,14,22,78
2026-05-22,SKU-ELC-006,Bluetooth Conference Speaker,Electronics,0,89.99,42.0,65,14,22,78
2026-05-23,SKU-ELC-006,Bluetooth Conference Speaker,Electronics,5,89.99,42.0,65,14,22,78
2026-05-24,SKU-ELC-006,Bluetooth Conference Speaker,Electronics,5,89.99,42.0,65,14,22,78
2026-05-25,SKU-ELC-006,Bluetooth Conference Speaker,Electronics,1,89.99,42.0,65,14,22,78
2026-05-26,SKU-ELC-006,Bluetooth Conference Speaker,Electronics,5,89.99,42.0,65,14,22,78
2026-05-27,SKU-ELC-006,Bluetooth Conference Speaker,Electronics,4,89.99,42.0,65,14,22,78
2026-05-28,SKU-ELC-006,Bluetooth Conference Speaker,Electronics,7,89.99,42.0,65,14,22,78
2026-05-29,SKU-ELC-006,Bluetooth Conference Speaker,Electronics,4,89.99,42.0,65,14,22,78
2026-05-30,SKU-ELC-006,Bluetooth Conference Speaker,Electronics,4,89.99,42.0,65,14,22,78
2026-05-31,SKU-ELC-006,Bluetooth Conference Speaker,Electronics,7,89.99,42.0,65,14,22,78
2026-06-01,SKU-ELC-006,Bluetooth Conference Speaker,Electronics,3,89.99,42.0,65,14,22,78
2026-06-02,SKU-ELC-006,Bluetooth Conference Speaker,Electronics,3,89.99,42.0,65,14,22,78
2026-06-03,SKU-ELC-006,Bluetooth Conference Speaker,Electronics,4,89.99,42.0,65,14,22,78
2026-06-04,SKU-ELC-006,Bluetooth Conference Speaker,Electronics,6,89.99,42.0,65,14,22,78
2026-06-05,SKU-ELC-006,Bluetooth Conference Speaker,Electronics,7,89.99,42.0,65,14,22,78
2026-06-06,SKU-ELC-006,Bluetooth Conference Speaker,Electronics,4,89.99,42.0,65,14,22,78
2026-06-07,SKU-ELC-006,Bluetooth Conference Speaker,Electronics,4,89.99,42.0,65,14,22,78
2026-06-08,SKU-ELC-006,Bluetooth Conference Speaker,Electronics,5,89.99,42.0,65,14,22,78
2026-06-09,SKU-ELC-006,Bluetooth Conference Speaker,Electronics,4,89.99,42.0,65,14,22,78
2026-06-10,SKU-ELC-006,Bluetooth Conference Speaker,Electronics,3,89.99,42.0,65,14,22,78
2026-06-11,SKU-ELC-006,Bluetooth Conference Speaker,Electronics,5,89.99,42.0,65,14,22,78
2026-06-12,SKU-ELC-006,Bluetooth Conference Speaker,  Electronics ,6,89.99,42.0,65,14,22,78
2026-06-13,SKU-ELC-006,Bluetooth Conference Speaker,Electronics,4,89.99,42.0,65,14,22,78
2026-06-14,SKU-ELC-006,Bluetooth Conference Speaker,Electronics,7,89.99,42.0,65,14,22,78
2026-06-15,SKU-ELC-006,Bluetooth Conference Speaker,  Electronics ,4,89.99,42.0,65,14,22,78
2026-06-16,SKU-ELC-006,Bluetooth Conference Speaker,Electronics,3,89.99,42.0,65,14,22,78
2026-06-17,SKU-ELC-006,Bluetooth Conference Speaker,  Electronics ,5,89.99,42.0,65,14,22,78
2026-06-18,SKU-ELC-006,Bluetooth Conference Speaker,Electronics,10,89.99,42.0,65,14,22,78
2026-06-19,SKU-ELC-006,Bluetooth Conference Speaker,Electronics,6,89.99,42.0,65,14,22,78
2026-06-20,SKU-ELC-006,Bluetooth Conference Speaker,Electronics,5,89.99,42.0,65,14,22,78
2026-06-21,SKU-ELC-006,Bluetooth Conference Speaker,Electronics,3,89.99,42.0,65,14,22,78
2026-06-22,SKU-ELC-006,Bluetooth Conference Speaker,Electronics,2,89.99,42.0,65,14,22,78
2026-06-23,SKU-ELC-006,Bluetooth Conference Speaker,Electronics,5,89.99,42.0,65,14,22,78
2026-06-24,SKU-ELC-006,Bluetooth Conference Speaker,Electronics,2,89.99,42.0,65,14,22,78
2026-06-25,SKU-ELC-006,Bluetooth Conference Speaker,Electronics,5,89.99,42.0,65,14,22,78
2026-06-26,SKU-ELC-006,Bluetooth Conference Speaker,Electronics,1,89.99,42.0,65,14,22,78
2026-06-27,SKU-ELC-006,Bluetooth Conference Speaker,  Electronics ,6,89.99,42.0,65,14,22,78
2026-06-28,SKU-ELC-006,Bluetooth Conference Speaker,Electronics,2,89.99,42.0,65,14,22,78
2026-06-29,SKU-ELC-006,Bluetooth Conference Speaker,Electronics,3,89.99,42.0,65,14,22,78
2026-06-30,SKU-ELC-006,Bluetooth Conference Speaker,Electronics,6,89.99,42.0,65,14,22,78
2026-07-01,SKU-ELC-006,Bluetooth Conference Speaker,Electronics,0,89.99,42.0,65,14,22,78
2026-07-02,SKU-ELC-006,Bluetooth Conference Speaker,Electronics,5,89.99,42.0,65,14,22,78
2026-07-03,SKU-ELC-006,Bluetooth Conference Speaker,  Electronics ,2,89.99,42.0,65,14,22,78
2026-07-04,SKU-ELC-006,Bluetooth Conference Speaker,Electronics,6,89.99,42.0,65,14,22,78
2026-07-05,SKU-ELC-006,Bluetooth Conference Speaker,Electronics,6,89.99,42.0,65,14,22,78
2026-07-06,SKU-ELC-006,Bluetooth Conference Speaker,Electronics,7,89.99,42.0,65,14,22,78
2026-07-07,SKU-ELC-006,Bluetooth Conference Speaker,Electronics,5,89.99,42.0,65,14,22,78
2026-07-08,SKU-ELC-006,Bluetooth Conference Speaker,Electronics,6,89.99,42.0,65,14,22,78
2026-07-09,SKU-ELC-006,Bluetooth Conference Speaker,Electronics,4,89.99,42.0,65,14,22,78
2026-07-10,SKU-ELC-006,Bluetooth Conference Speaker,Electronics,5,89.99,42.0,65,14,22,78
2026-07-11,SKU-ELC-006,Bluetooth Conference Speaker,  Electronics ,9,89.99,42.0,65,14,22,78
2026-07-12,SKU-ELC-006,Bluetooth Conference Speaker,Electronics,6,89.99,42.0,65,14,22,78
2026-07-13,SKU-ELC-006,Bluetooth Conference Speaker,  Electronics ,2,89.99,42.0,65,14,22,78
2026-07-14,SKU-ELC-006,Bluetooth Conference Speaker,Electronics,6,89.99,42.0,65,14,22,78
2026-07-15,SKU-ELC-006,Bluetooth Conference Speaker,Electronics,4,89.99,42.0,65,14,22,78
2026-07-16,SKU-ELC-006,Bluetooth Conference Speaker,  Electronics ,4,89.99,42.0,65,14,22,78
2026-07-17,SKU-ELC-006,Bluetooth Conference Speaker,Electronics,3,89.99,42.0,65,14,22,78
2026-07-18,SKU-ELC-006,Bluetooth Conference Speaker,  Electronics ,5,89.99,42.0,65,14,22,78
2026-07-19,SKU-ELC-006,Bluetooth Conference Speaker,Electronics,5,89.99,42.0,65,14,22,78
2026-07-20,SKU-ELC-006,Bluetooth Conference Speaker,Electronics,9,89.99,42.0,65,14,22,78
2026-07-21,SKU-ELC-006,Bluetooth Conference Speaker,Electronics,2,89.99,42.0,65,14,22,78
2026-07-22,SKU-ELC-006,Bluetooth Conference Speaker,Electronics,5,89.99,42.0,65,14,22,78
2026-07-23,SKU-ELC-006,Bluetooth Conference Speaker,Electronics,1,89.99,42.0,65,14,22,78
2026-07-24,SKU-ELC-006,Bluetooth Conference Speaker,Electronics,3,89.99,42.0,65,14,22,78
2026-07-25,SKU-ELC-006,Bluetooth Conference Speaker,Electronics,3,89.99,42.0,65,14,22,78
2026-07-26,SKU-ELC-006,Bluetooth Conference Speaker,Electronics,3,89.99,42.0,65,14,22,78
2026-07-27,SKU-ELC-006,Bluetooth Conference Speaker,Electronics,8,89.99,42.0,65,14,22,78
2026-07-28,SKU-ELC-006,Bluetooth Conference Speaker,Electronics,2,89.99,42.0,65,14,22,78
2026-07-29,SKU-ELC-006,Bluetooth Conference Speaker,Electronics,3,89.99,42.0,65,14,22,78
2026-07-30,SKU-ELC-006,Bluetooth Conference Speaker,Electronics,6,89.99,42.0,65,14,22,78
2026-07-31,SKU-ELC-006,Bluetooth Conference Speaker,Electronics,5,89.99,42.0,65,14,22,78
2026-08-01,SKU-ELC-006,Bluetooth Conference Speaker,Electronics,8,89.99,42.0,65,14,22,78
2026-08-02,SKU-ELC-006,Bluetooth Conference Speaker,Electronics,5,89.99,42.0,65,14,22,78
2026-08-03,SKU-ELC-006,Bluetooth Conference Speaker,Electronics,2,89.99,42.0,65,14,22,78
2026-08-04,SKU-ELC-006,Bluetooth Conference Speaker,Electronics,6,89.99,42.0,65,14,22,78
2026-08-05,SKU-ELC-006,Bluetooth Conference Speaker,Electronics,3,89.99,42.0,65,14,22,78
2026-08-06,SKU-ELC-006,Bluetooth Conference Speaker,Electronics,1,89.99,42.0,65,14,22,78
2026-08-07,SKU-ELC-006,Bluetooth Conference Speaker,Electronics,1,89.99,42.0,65,14,22,78
2026-08-08,SKU-ELC-006,Bluetooth Conference Speaker,Electronics,7,89.99,42.0,65,14,22,78
2026-08-09,SKU-ELC-006,Bluetooth Conference Speaker,  Electronics ,7,89.99,42.0,65,14,22,78
2026-08-10,SKU-ELC-006,Bluetooth Conference Speaker,  Electronics ,3,89.99,42.0,65,14,22,78
2026-08-11,SKU-ELC-006,Bluetooth Conference Speaker,Electronics,7,89.99,42.0,65,14,22,78
2026-08-12,SKU-ELC-006,Bluetooth Conference Speaker,Electronics,4,89.99,42.0,65,14,22,78
2026-08-13,SKU-ELC-006,Bluetooth Conference Speaker,Electronics,2,89.99,42.0,65,14,22,78
2026-08-14,SKU-ELC-006,Bluetooth Conference Speaker,Electronics,4,89.99,42.0,65,14,22,78
2026-08-15,SKU-ELC-006,Bluetooth Conference Speaker,Electronics,6,89.99,42.0,65,14,22,78
2026-08-16,SKU-ELC-006,Bluetooth Conference Speaker,Electronics,7,89.99,42.0,65,14,22,78
2026-08-17,SKU-ELC-006,Bluetooth Conference Speaker,Electronics,3,89.99,42.0,65,14,22,78
2026-08-18,SKU-ELC-006,Bluetooth Conference Speaker,Electronics,3,89.99,42.0,65,14,22,78
2026-08-19,SKU-ELC-006,Bluetooth Conference Speaker,Electronics,4,89.99,42.0,65,14,22,78
2026-08-20,SKU-ELC-006,Bluetooth Conference Speaker,Electronics,3,89.99,42.0,65,14,22,78
2026-08-21,SKU-ELC-006,Bluetooth Conference Speaker,Electronics,4,89.99,42.0,65,14,22,78
2026-08-22,SKU-ELC-006,Bluetooth Conference Speaker,Electronics,5,89.99,42.0,65,14,22,78
2026-08-23,SKU-ELC-006,Bluetooth Conference Speaker,Electronics,4,89.99,42.0,65,14,22,78
2026-08-24,SKU-ELC-006,Bluetooth Conference Speaker,Electronics,3,89.99,42.0,65,14,22,78
2026-08-25,SKU-ELC-006,Bluetooth Conference Speaker,Electronics,4,89.99,42.0,65,14,22,78
2026-08-26,SKU-ELC-006,Bluetooth Conference Speaker,  Electronics ,7,89.99,42.0,65,14,22,78
2026-08-27,SKU-ELC-006,Bluetooth Conference Speaker,Electronics,1,89.99,42.0,65,14,22,78
2026-03-01,SKU-ELC-007,Ergonomic Mechanical Keyboard,Electronics,2,119.0,58.0,18,12,25,87
2026-03-02,SKU-ELC-007,Ergonomic Mechanical Keyboard,  Electronics ,5,119.0,58.0,18,12,25,87
2026-03-03,SKU-ELC-007,Ergonomic Mechanical Keyboard,Electronics,6,119.0,58.0,18,12,25,87
2026-03-04,SKU-ELC-007,Ergonomic Mechanical Keyboard,Electronics,3,119.0,58.0,18,12,25,87
2026-03-05,SKU-ELC-007,Ergonomic Mechanical Keyboard,  Electronics ,3,119.0,58.0,18,12,25,87
2026-03-06,SKU-ELC-007,Ergonomic Mechanical Keyboard,Electronics,3,119.0,58.0,18,12,25,87
2026-03-07,SKU-ELC-007,Ergonomic Mechanical Keyboard,Electronics,7,119.0,58.0,18,12,25,87
2026-03-08,SKU-ELC-007,Ergonomic Mechanical Keyboard,Electronics,11,119.0,58.0,18,12,25,87
2026-03-09,SKU-ELC-007,Ergonomic Mechanical Keyboard,Electronics,5,119.0,58.0,18,12,25,87
2026-03-10,SKU-ELC-007,Ergonomic Mechanical Keyboard,Electronics,3,119.0,58.0,18,12,25,87
2026-03-11,SKU-ELC-007,Ergonomic Mechanical Keyboard,  Electronics ,7,119.0,58.0,18,12,25,87
2026-03-12,SKU-ELC-007,Ergonomic Mechanical Keyboard,Electronics,3,119.0,58.0,18,12,25,87
2026-03-13,SKU-ELC-007,Ergonomic Mechanical Keyboard,Electronics,5,119.0,58.0,18,12,25,87
2026-03-14,SKU-ELC-007,Ergonomic Mechanical Keyboard,Electronics,7,119.0,58.0,18,12,25,87
2026-03-15,SKU-ELC-007,Ergonomic Mechanical Keyboard,Electronics,6,119.0,58.0,18,12,25,87
2026-03-16,SKU-ELC-007,Ergonomic Mechanical Keyboard,Electronics,9,119.0,58.0,18,12,25,87
2026-03-17,SKU-ELC-007,Ergonomic Mechanical Keyboard,Electronics,5,119.0,58.0,18,12,25,87
2026-03-18,SKU-ELC-007,Ergonomic Mechanical Keyboard,Electronics,6,119.0,58.0,18,12,25,87
2026-03-19,SKU-ELC-007,Ergonomic Mechanical Keyboard,Electronics,5,119.0,58.0,18,12,25,87
2026-03-20,SKU-ELC-007,Ergonomic Mechanical Keyboard,Electronics,4,119.0,58.0,18,12,25,87
2026-03-21,SKU-ELC-007,Ergonomic Mechanical Keyboard,Electronics,8,119.0,58.0,18,12,25,87
2026-03-22,SKU-ELC-007,Ergonomic Mechanical Keyboard,Electronics,10,119.0,58.0,18,12,25,87
2026-03-23,SKU-ELC-007,Ergonomic Mechanical Keyboard,Electronics,5,119.0,58.0,18,12,25,87
2026-03-24,SKU-ELC-007,Ergonomic Mechanical Keyboard,Electronics,7,119.0,58.0,18,12,25,87
2026-03-25,SKU-ELC-007,Ergonomic Mechanical Keyboard,  Electronics ,6,119.0,58.0,18,12,25,87
2026-03-26,SKU-ELC-007,Ergonomic Mechanical Keyboard,Electronics,4,119.0,58.0,18,12,25,87
2026-03-27,SKU-ELC-007,Ergonomic Mechanical Keyboard,Electronics,3,119.0,58.0,18,12,25,87
2026-03-28,SKU-ELC-007,Ergonomic Mechanical Keyboard,Electronics,3,119.0,58.0,18,12,25,87
2026-03-29,SKU-ELC-007,Ergonomic Mechanical Keyboard,Electronics,9,119.0,58.0,18,12,25,87
2026-03-30,SKU-ELC-007,Ergonomic Mechanical Keyboard,Electronics,5,119.0,58.0,18,12,25,87
2026-03-31,SKU-ELC-007,Ergonomic Mechanical Keyboard,Electronics,7,119.0,58.0,18,12,25,87
2026-04-01,SKU-ELC-007,Ergonomic Mechanical Keyboard,Electronics,8,119.0,58.0,18,12,25,87
2026-04-02,SKU-ELC-007,Ergonomic Mechanical Keyboard,Electronics,11,119.0,58.0,18,12,25,87
2026-04-03,SKU-ELC-007,Ergonomic Mechanical Keyboard,Electronics,6,119.0,58.0,18,12,25,87
2026-04-04,SKU-ELC-007,Ergonomic Mechanical Keyboard,Electronics,8,119.0,58.0,18,12,25,87
2026-04-05,SKU-ELC-007,Ergonomic Mechanical Keyboard,Electronics,12,119.0,58.0,18,12,25,87
2026-04-06,SKU-ELC-007,Ergonomic Mechanical Keyboard,Electronics,2,119.0,58.0,18,12,25,87
2026-04-07,SKU-ELC-007,Ergonomic Mechanical Keyboard,Electronics,5,119.0,58.0,18,12,25,87
2026-04-08,SKU-ELC-007,Ergonomic Mechanical Keyboard,Electronics,9,119.0,58.0,18,12,25,87
2026-04-09,SKU-ELC-007,Ergonomic Mechanical Keyboard,Electronics,6,119.0,58.0,18,12,25,87
2026-04-10,SKU-ELC-007,Ergonomic Mechanical Keyboard,Electronics,6,119.0,58.0,18,12,25,87
2026-04-11,SKU-ELC-007,Ergonomic Mechanical Keyboard,Electronics,7,119.0,58.0,18,12,25,87
2026-04-12,SKU-ELC-007,Ergonomic Mechanical Keyboard,Electronics,10,119.0,58.0,18,12,25,87
2026-04-13,SKU-ELC-007,Ergonomic Mechanical Keyboard,Electronics,6,119.0,58.0,18,12,25,87
2026-04-14,SKU-ELC-007,Ergonomic Mechanical Keyboard,Electronics,10,119.0,58.0,18,12,25,87
2026-04-15,SKU-ELC-007,Ergonomic Mechanical Keyboard,Electronics,6,119.0,58.0,18,12,25,87
2026-04-16,SKU-ELC-007,Ergonomic Mechanical Keyboard,Electronics,4,119.0,58.0,18,12,25,87
2026-04-17,SKU-ELC-007,Ergonomic Mechanical Keyboard,Electronics,7,119.0,58.0,18,12,25,87
2026-04-18,SKU-ELC-007,Ergonomic Mechanical Keyboard,Electronics,5,119.0,58.0,18,12,25,87
2026-04-19,SKU-ELC-007,Ergonomic Mechanical Keyboard,Electronics,7,119.0,58.0,18,12,25,87
2026-04-20,SKU-ELC-007,Ergonomic Mechanical Keyboard,Electronics,3,119.0,58.0,18,12,25,87
2026-04-21,SKU-ELC-007,Ergonomic Mechanical Keyboard,Electronics,3,119.0,58.0,18,12,25,87
2026-04-22,SKU-ELC-007,Ergonomic Mechanical Keyboard,Electronics,2,119.0,58.0,18,12,25,87
2026-04-23,SKU-ELC-007,Ergonomic Mechanical Keyboard,Electronics,2,119.0,58.0,18,12,25,87
2026-04-24,SKU-ELC-007,Ergonomic Mechanical Keyboard,Electronics,3,119.0,58.0,18,12,25,87
2026-04-25,SKU-ELC-007,Ergonomic Mechanical Keyboard,  Electronics ,5,119.0,58.0,18,12,25,87
2026-04-26,SKU-ELC-007,Ergonomic Mechanical Keyboard,Electronics,3,119.0,58.0,18,12,25,87
2026-04-27,SKU-ELC-007,Ergonomic Mechanical Keyboard,Electronics,10,119.0,58.0,18,12,25,87
2026-04-28,SKU-ELC-007,Ergonomic Mechanical Keyboard,Electronics,3,119.0,58.0,18,12,25,87
2026-04-29,SKU-ELC-007,Ergonomic Mechanical Keyboard,Electronics,7,119.0,58.0,18,12,25,87
2026-04-30,SKU-ELC-007,Ergonomic Mechanical Keyboard,Electronics,2,119.0,58.0,18,12,25,87
2026-05-01,SKU-ELC-007,Ergonomic Mechanical Keyboard,Electronics,6,119.0,58.0,18,12,25,87
2026-05-02,SKU-ELC-007,Ergonomic Mechanical Keyboard,Electronics,8,119.0,58.0,18,12,25,87
2026-05-03,SKU-ELC-007,Ergonomic Mechanical Keyboard,Electronics,6,119.0,58.0,18,12,25,87
2026-05-04,SKU-ELC-007,Ergonomic Mechanical Keyboard,Electronics,4,119.0,58.0,18,12,25,87
2026-05-05,SKU-ELC-007,Ergonomic Mechanical Keyboard,Electronics,4,119.0,58.0,18,12,25,87
2026-05-06,SKU-ELC-007,Ergonomic Mechanical Keyboard,Electronics,3,119.0,58.0,18,12,25,87
2026-05-07,SKU-ELC-007,Ergonomic Mechanical Keyboard,Electronics,2,119.0,58.0,18,12,25,87
2026-05-08,SKU-ELC-007,Ergonomic Mechanical Keyboard,Electronics,6,119.0,58.0,18,12,25,87
2026-05-09,SKU-ELC-007,Ergonomic Mechanical Keyboard,Electronics,9,119.0,58.0,18,12,25,87
2026-05-10,SKU-ELC-007,Ergonomic Mechanical Keyboard,  Electronics ,7,119.0,58.0,18,12,25,87
2026-05-11,SKU-ELC-007,Ergonomic Mechanical Keyboard,Electronics,7,119.0,58.0,18,12,25,87
2026-05-12,SKU-ELC-007,Ergonomic Mechanical Keyboard,Electronics,5,119.0,58.0,18,12,25,87
2026-05-13,SKU-ELC-007,Ergonomic Mechanical Keyboard,Electronics,6,119.0,58.0,18,12,25,87
2026-05-14,SKU-ELC-007,Ergonomic Mechanical Keyboard,Electronics,3,119.0,58.0,18,12,25,87
2026-05-15,SKU-ELC-007,Ergonomic Mechanical Keyboard,Electronics,4,119.0,58.0,18,12,25,87
2026-05-16,SKU-ELC-007,Ergonomic Mechanical Keyboard,Electronics,6,119.0,58.0,18,12,25,87
2026-05-17,SKU-ELC-007,Ergonomic Mechanical Keyboard,Electronics,6,119.0,58.0,18,12,25,87
2026-05-18,SKU-ELC-007,Ergonomic Mechanical Keyboard,Electronics,10,119.0,58.0,18,12,25,87
2026-05-19,SKU-ELC-007,Ergonomic Mechanical Keyboard,Electronics,4,119.0,58.0,18,12,25,87
2026-05-20,SKU-ELC-007,Ergonomic Mechanical Keyboard,Electronics,4,119.0,58.0,18,12,25,87
2026-05-21,SKU-ELC-007,Ergonomic Mechanical Keyboard,Electronics,6,119.0,58.0,18,12,25,87
2026-05-22,SKU-ELC-007,Ergonomic Mechanical Keyboard,Electronics,4,119.0,58.0,18,12,25,87
2026-05-23,SKU-ELC-007,Ergonomic Mechanical Keyboard,Electronics,6,119.0,58.0,18,12,25,87
2026-05-24,SKU-ELC-007,Ergonomic Mechanical Keyboard,Electronics,5,119.0,58.0,18,12,25,87
2026-05-25,SKU-ELC-007,Ergonomic Mechanical Keyboard,Electronics,3,119.0,58.0,18,12,25,87
2026-05-26,SKU-ELC-007,Ergonomic Mechanical Keyboard,Electronics,2,119.0,58.0,18,12,25,87
2026-05-27,SKU-ELC-007,Ergonomic Mechanical Keyboard,Electronics,3,119.0,58.0,18,12,25,87
2026-05-28,SKU-ELC-007,Ergonomic Mechanical Keyboard,  Electronics ,2,119.0,58.0,18,12,25,87
2026-05-29,SKU-ELC-007,Ergonomic Mechanical Keyboard,Electronics,8,119.0,58.0,18,12,25,87
2026-05-30,SKU-ELC-007,Ergonomic Mechanical Keyboard,Electronics,9,119.0,58.0,18,12,25,87
2026-05-31,SKU-ELC-007,Ergonomic Mechanical Keyboard,Electronics,4,119.0,58.0,18,12,25,87
2026-06-01,SKU-ELC-007,Ergonomic Mechanical Keyboard,Electronics,4,119.0,58.0,18,12,25,87
2026-06-02,SKU-ELC-007,Ergonomic Mechanical Keyboard,Electronics,5,119.0,58.0,18,12,25,87
2026-06-03,SKU-ELC-007,Ergonomic Mechanical Keyboard,Electronics,2,119.0,58.0,18,12,25,87
2026-06-04,SKU-ELC-007,Ergonomic Mechanical Keyboard,Electronics,5,119.0,58.0,18,12,25,87
2026-06-05,SKU-ELC-007,Ergonomic Mechanical Keyboard,Electronics,7,119.0,58.0,18,12,25,87
2026-06-06,SKU-ELC-007,Ergonomic Mechanical Keyboard,Electronics,11,119.0,58.0,18,12,25,87
2026-06-07,SKU-ELC-007,Ergonomic Mechanical Keyboard,Electronics,9,119.0,58.0,18,12,25,87
2026-06-08,SKU-ELC-007,Ergonomic Mechanical Keyboard,Electronics,5,119.0,58.0,18,12,25,87
2026-06-09,SKU-ELC-007,Ergonomic Mechanical Keyboard,Electronics,2,119.0,58.0,18,12,25,87
2026-06-10,SKU-ELC-007,Ergonomic Mechanical Keyboard,Electronics,9,119.0,58.0,18,12,25,87
2026-06-11,SKU-ELC-007,Ergonomic Mechanical Keyboard,Electronics,4,119.0,58.0,18,12,25,87
2026-06-12,SKU-ELC-007,Ergonomic Mechanical Keyboard,Electronics,9,119.0,58.0,18,12,25,87
2026-06-13,SKU-ELC-007,Ergonomic Mechanical Keyboard,Electronics,4,119.0,58.0,18,12,25,87
2026-06-14,SKU-ELC-007,Ergonomic Mechanical Keyboard,Electronics,7,119.0,58.0,18,12,25,87
2026-06-15,SKU-ELC-007,Ergonomic Mechanical Keyboard,Electronics,7,119.0,58.0,18,12,25,87
2026-06-16,SKU-ELC-007,Ergonomic Mechanical Keyboard,Electronics,6,119.0,58.0,18,12,25,87
2026-06-17,SKU-ELC-007,Ergonomic Mechanical Keyboard,Electronics,5,119.0,58.0,18,12,25,87
2026-06-18,SKU-ELC-007,Ergonomic Mechanical Keyboard,Electronics,5,119.0,58.0,18,12,25,87
2026-06-19,SKU-ELC-007,Ergonomic Mechanical Keyboard,Electronics,5,119.0,58.0,18,12,25,87
2026-06-20,SKU-ELC-007,Ergonomic Mechanical Keyboard,Electronics,8,119.0,58.0,18,12,25,87
2026-06-21,SKU-ELC-007,Ergonomic Mechanical Keyboard,Electronics,8,119.0,58.0,18,12,25,87
2026-06-22,SKU-ELC-007,Ergonomic Mechanical Keyboard,Electronics,7,119.0,58.0,18,12,25,87
2026-06-23,SKU-ELC-007,Ergonomic Mechanical Keyboard,Electronics,10,119.0,58.0,18,12,25,87
2026-06-24,SKU-ELC-007,Ergonomic Mechanical Keyboard,Electronics,7,119.0,58.0,18,12,25,87
2026-06-25,SKU-ELC-007,Ergonomic Mechanical Keyboard,Electronics,5,119.0,58.0,18,12,25,87
2026-06-26,SKU-ELC-007,Ergonomic Mechanical Keyboard,Electronics,6,119.0,58.0,18,12,25,87
2026-06-27,SKU-ELC-007,Ergonomic Mechanical Keyboard,Electronics,10,119.0,58.0,18,12,25,87
2026-06-28,SKU-ELC-007,Ergonomic Mechanical Keyboard,Electronics,7,119.0,58.0,18,12,25,87
2026-06-29,SKU-ELC-007,Ergonomic Mechanical Keyboard,Electronics,2,119.0,58.0,18,12,25,87
2026-06-30,SKU-ELC-007,Ergonomic Mechanical Keyboard,Electronics,8,119.0,58.0,18,12,25,87
2026-07-01,SKU-ELC-007,Ergonomic Mechanical Keyboard,  Electronics ,2,119.0,58.0,18,12,25,87
2026-07-02,SKU-ELC-007,Ergonomic Mechanical Keyboard,  Electronics ,7,119.0,58.0,18,12,25,87
2026-07-03,SKU-ELC-007,Ergonomic Mechanical Keyboard,Electronics,8,119.0,58.0,18,12,25,87
2026-07-04,SKU-ELC-007,Ergonomic Mechanical Keyboard,Electronics,13,119.0,58.0,18,12,25,87
2026-07-05,SKU-ELC-007,Ergonomic Mechanical Keyboard,Electronics,5,119.0,58.0,18,12,25,87
2026-07-06,SKU-ELC-007,Ergonomic Mechanical Keyboard,Electronics,6,119.0,58.0,18,12,25,87
2026-07-07,SKU-ELC-007,Ergonomic Mechanical Keyboard,Electronics,8,119.0,58.0,18,12,25,87
2026-07-08,SKU-ELC-007,Ergonomic Mechanical Keyboard,Electronics,3,119.0,58.0,18,12,25,87
2026-07-09,SKU-ELC-007,Ergonomic Mechanical Keyboard,Electronics,7,119.0,58.0,18,12,25,87
2026-07-10,SKU-ELC-007,Ergonomic Mechanical Keyboard,Electronics,6,119.0,58.0,18,12,25,87
2026-07-11,SKU-ELC-007,Ergonomic Mechanical Keyboard,  Electronics ,8,119.0,58.0,18,12,25,87
2026-07-12,SKU-ELC-007,Ergonomic Mechanical Keyboard,Electronics,5,119.0,58.0,18,12,25,87
2026-07-13,SKU-ELC-007,Ergonomic Mechanical Keyboard,Electronics,3,119.0,58.0,18,12,25,87
2026-07-14,SKU-ELC-007,Ergonomic Mechanical Keyboard,Electronics,6,119.0,58.0,18,12,25,87
2026-07-15,SKU-ELC-007,Ergonomic Mechanical Keyboard,Electronics,7,119.0,58.0,18,12,25,87
2026-07-16,SKU-ELC-007,Ergonomic Mechanical Keyboard,Electronics,6,119.0,58.0,18,12,25,87
2026-07-17,SKU-ELC-007,Ergonomic Mechanical Keyboard,Electronics,9,119.0,58.0,18,12,25,87
2026-07-18,SKU-ELC-007,Ergonomic Mechanical Keyboard,Electronics,5,119.0,58.0,18,12,25,87
2026-07-19,SKU-ELC-007,Ergonomic Mechanical Keyboard,  Electronics ,6,119.0,58.0,18,12,25,87
2026-07-20,SKU-ELC-007,Ergonomic Mechanical Keyboard,Electronics,6,119.0,58.0,18,12,25,87
2026-07-21,SKU-ELC-007,Ergonomic Mechanical Keyboard,  Electronics ,7,119.0,58.0,18,12,25,87
2026-07-22,SKU-ELC-007,Ergonomic Mechanical Keyboard,Electronics,5,119.0,58.0,18,12,25,87
2026-07-23,SKU-ELC-007,Ergonomic Mechanical Keyboard,Electronics,6,119.0,58.0,18,12,25,87
2026-07-24,SKU-ELC-007,Ergonomic Mechanical Keyboard,Electronics,5,119.0,58.0,18,12,25,87
2026-07-25,SKU-ELC-007,Ergonomic Mechanical Keyboard,  Electronics ,4,119.0,58.0,18,12,25,87
2026-07-26,SKU-ELC-007,Ergonomic Mechanical Keyboard,Electronics,4,119.0,58.0,18,12,25,87
2026-07-27,SKU-ELC-007,Ergonomic Mechanical Keyboard,Electronics,8,119.0,58.0,18,12,25,87
2026-07-28,SKU-ELC-007,Ergonomic Mechanical Keyboard,Electronics,4,119.0,58.0,18,12,25,87
2026-07-29,SKU-ELC-007,Ergonomic Mechanical Keyboard,Electronics,9,119.0,58.0,18,12,25,87
2026-07-30,SKU-ELC-007,Ergonomic Mechanical Keyboard,Electronics,7,119.0,58.0,18,12,25,87
2026-07-31,SKU-ELC-007,Ergonomic Mechanical Keyboard,  Electronics ,6,119.0,58.0,18,12,25,87
2026-08-01,SKU-ELC-007,Ergonomic Mechanical Keyboard,Electronics,6,119.0,58.0,18,12,25,87
2026-08-02,SKU-ELC-007,Ergonomic Mechanical Keyboard,Electronics,6,119.0,58.0,18,12,25,87
2026-08-03,SKU-ELC-007,Ergonomic Mechanical Keyboard,Electronics,2,119.0,58.0,18,12,25,87
2026-08-04,SKU-ELC-007,Ergonomic Mechanical Keyboard,Electronics,6,119.0,58.0,18,12,25,87
2026-08-05,SKU-ELC-007,Ergonomic Mechanical Keyboard,Electronics,7,119.0,58.0,18,12,25,87
2026-08-06,SKU-ELC-007,Ergonomic Mechanical Keyboard,Electronics,2,119.0,58.0,18,12,25,87
2026-08-07,SKU-ELC-007,Ergonomic Mechanical Keyboard,Electronics,3,119.0,58.0,18,12,25,87
2026-08-08,SKU-ELC-007,Ergonomic Mechanical Keyboard,Electronics,7,119.0,58.0,18,12,25,87
2026-08-09,SKU-ELC-007,Ergonomic Mechanical Keyboard,Electronics,4,119.0,58.0,18,12,25,87
2026-08-10,SKU-ELC-007,Ergonomic Mechanical Keyboard,Electronics,6,119.0,58.0,18,12,25,87
2026-08-11,SKU-ELC-007,Ergonomic Mechanical Keyboard,Electronics,4,119.0,58.0,18,12,25,87
2026-08-12,SKU-ELC-007,Ergonomic Mechanical Keyboard,Electronics,8,119.0,58.0,18,12,25,87
2026-08-13,SKU-ELC-007,Ergonomic Mechanical Keyboard,Electronics,2,119.0,58.0,18,12,25,87
2026-08-14,SKU-ELC-007,Ergonomic Mechanical Keyboard,Electronics,4,119.0,58.0,18,12,25,87
2026-08-15,SKU-ELC-007,Ergonomic Mechanical Keyboard,Electronics,8,119.0,58.0,18,12,25,87
2026-08-16,SKU-ELC-007,Ergonomic Mechanical Keyboard,Electronics,4,119.0,58.0,18,12,25,87
2026-08-17,SKU-ELC-007,Ergonomic Mechanical Keyboard,  Electronics ,6,119.0,58.0,18,12,25,87
2026-08-18,SKU-ELC-007,Ergonomic Mechanical Keyboard,Electronics,4,119.0,58.0,18,12,25,87
2026-08-19,SKU-ELC-007,Ergonomic Mechanical Keyboard,Electronics,5,119.0,58.0,18,12,25,87
2026-08-20,SKU-ELC-007,Ergonomic Mechanical Keyboard,  Electronics ,8,119.0,58.0,18,12,25,87
2026-08-21,SKU-ELC-007,Ergonomic Mechanical Keyboard,  Electronics ,5,119.0,58.0,18,12,25,87
2026-08-22,SKU-ELC-007,Ergonomic Mechanical Keyboard,Electronics,8,119.0,58.0,18,12,25,87
2026-08-23,SKU-ELC-007,Ergonomic Mechanical Keyboard,Electronics,8,119.0,58.0,18,12,25,87
2026-08-24,SKU-ELC-007,Ergonomic Mechanical Keyboard,Electronics,4,119.0,58.0,18,12,25,87
2026-08-25,SKU-ELC-007,Ergonomic Mechanical Keyboard,Electronics,4,119.0,58.0,18,12,25,87
2026-08-26,SKU-ELC-007,Ergonomic Mechanical Keyboard,Electronics,6,119.0,58.0,18,12,25,87
2026-08-27,SKU-ELC-007,Ergonomic Mechanical Keyboard,Electronics,6,119.0,58.0,18,12,25,87
2026-03-01,SKU-HMK-101,Digital Air Fryer Oven 6Qt,Home & Kitchen,9,99.99,48.0,14,14,48,167
2026-03-02,SKU-HMK-101,Digital Air Fryer Oven 6Qt,Home & Kitchen,6,99.99,48.0,14,14,48,167
2026-03-03,SKU-HMK-101,Digital Air Fryer Oven 6Qt,home & kitchen,4,99.99,48.0,14,14,48,167
2026-03-04,SKU-HMK-101,Digital Air Fryer Oven 6Qt,Home & Kitchen,10,99.99,48.0,14,14,48,167
2026-03-05,SKU-HMK-101,Digital Air Fryer Oven 6Qt,Home & Kitchen,13,99.99,48.0,14,14,48,167
2026-03-06,SKU-HMK-101,Digital Air Fryer Oven 6Qt,Home & Kitchen,6,99.99,48.0,14,14,48,167
2026-03-07,SKU-HMK-101,Digital Air Fryer Oven 6Qt,Home & Kitchen,7,99.99,48.0,14,14,48,167
2026-03-08,SKU-HMK-101,Digital Air Fryer Oven 6Qt,home & kitchen,13,99.99,48.0,14,14,48,167
2026-03-09,SKU-HMK-101,Digital Air Fryer Oven 6Qt,home & kitchen,4,99.99,48.0,14,14,48,167
2026-03-10,SKU-HMK-101,Digital Air Fryer Oven 6Qt,Home & Kitchen,11,99.99,48.0,14,14,48,167
2026-03-11,SKU-HMK-101,Digital Air Fryer Oven 6Qt,Home & Kitchen,10,99.99,48.0,14,14,48,167
2026-03-12,SKU-HMK-101,Digital Air Fryer Oven 6Qt,Home & Kitchen,6,99.99,48.0,14,14,48,167
2026-03-13,SKU-HMK-101,Digital Air Fryer Oven 6Qt,home & kitchen,8,99.99,48.0,14,14,48,167
2026-03-14,SKU-HMK-101,Digital Air Fryer Oven 6Qt,Home & Kitchen,13,99.99,48.0,14,14,48,167
2026-03-15,SKU-HMK-101,Digital Air Fryer Oven 6Qt,Home & Kitchen,13,99.99,48.0,14,14,48,167
2026-03-16,SKU-HMK-101,Digital Air Fryer Oven 6Qt,Home & Kitchen,12,99.99,48.0,14,14,48,167
2026-03-17,SKU-HMK-101,Digital Air Fryer Oven 6Qt,Home & Kitchen,12,99.99,48.0,14,14,48,167
2026-03-18,SKU-HMK-101,Digital Air Fryer Oven 6Qt,Home & Kitchen,7,99.99,48.0,14,14,48,167
2026-03-19,SKU-HMK-101,Digital Air Fryer Oven 6Qt,Home & Kitchen,10,99.99,48.0,14,14,48,167
2026-03-20,SKU-HMK-101,Digital Air Fryer Oven 6Qt,Home & Kitchen,7,99.99,48.0,14,14,48,167
2026-03-21,SKU-HMK-101,Digital Air Fryer Oven 6Qt,home & kitchen,15,99.99,48.0,14,14,48,167
2026-03-22,SKU-HMK-101,Digital Air Fryer Oven 6Qt,Home & Kitchen,16,99.99,48.0,14,14,48,167
2026-03-23,SKU-HMK-101,Digital Air Fryer Oven 6Qt,Home & Kitchen,8,99.99,48.0,14,14,48,167
2026-03-24,SKU-HMK-101,Digital Air Fryer Oven 6Qt,Home & Kitchen,12,99.99,48.0,14,14,48,167
2026-03-25,SKU-HMK-101,Digital Air Fryer Oven 6Qt,Home & Kitchen,6,99.99,48.0,14,14,48,167
2026-03-26,SKU-HMK-101,Digital Air Fryer Oven 6Qt,Home & Kitchen,6,99.99,48.0,14,14,48,167
2026-03-27,SKU-HMK-101,Digital Air Fryer Oven 6Qt,Home & Kitchen,10,99.99,48.0,14,14,48,167
2026-03-28,SKU-HMK-101,Digital Air Fryer Oven 6Qt,Home & Kitchen,12,99.99,48.0,14,14,48,167
2026-03-29,SKU-HMK-101,Digital Air Fryer Oven 6Qt,Home & Kitchen,13,99.99,48.0,14,14,48,167
2026-03-30,SKU-HMK-101,Digital Air Fryer Oven 6Qt,Home & Kitchen,3,99.99,48.0,14,14,48,167
2026-03-31,SKU-HMK-101,Digital Air Fryer Oven 6Qt,Home & Kitchen,8,99.99,48.0,14,14,48,167
2026-04-01,SKU-HMK-101,Digital Air Fryer Oven 6Qt,Home & Kitchen,5,99.99,48.0,14,14,48,167
2026-04-02,SKU-HMK-101,Digital Air Fryer Oven 6Qt,Home & Kitchen,8,99.99,48.0,14,14,48,167
2026-04-03,SKU-HMK-101,Digital Air Fryer Oven 6Qt,home & kitchen,7,99.99,48.0,14,14,48,167
2026-04-04,SKU-HMK-101,Digital Air Fryer Oven 6Qt,Home & Kitchen,8,99.99,48.0,14,14,48,167
2026-04-05,SKU-HMK-101,Digital Air Fryer Oven 6Qt,Home & Kitchen,14,99.99,48.0,14,14,48,167
2026-04-06,SKU-HMK-101,Digital Air Fryer Oven 6Qt,Home & Kitchen,9,99.99,48.0,14,14,48,167
2026-04-07,SKU-HMK-101,Digital Air Fryer Oven 6Qt,Home & Kitchen,7,99.99,48.0,14,14,48,167
2026-04-08,SKU-HMK-101,Digital Air Fryer Oven 6Qt,Home & Kitchen,9,99.99,48.0,14,14,48,167
2026-04-09,SKU-HMK-101,Digital Air Fryer Oven 6Qt,Home & Kitchen,9,99.99,48.0,14,14,48,167
2026-04-10,SKU-HMK-101,Digital Air Fryer Oven 6Qt,Home & Kitchen,15,99.99,48.0,14,14,48,167
2026-04-11,SKU-HMK-101,Digital Air Fryer Oven 6Qt,home & kitchen,15,99.99,48.0,14,14,48,167
2026-04-12,SKU-HMK-101,Digital Air Fryer Oven 6Qt,Home & Kitchen,-1,99.99,48.0,14,14,48,167
2026-04-13,SKU-HMK-101,Digital Air Fryer Oven 6Qt,Home & Kitchen,8,99.99,48.0,14,14,48,167
2026-04-14,SKU-HMK-101,Digital Air Fryer Oven 6Qt,Home & Kitchen,11,99.99,48.0,14,14,48,167
2026-04-15,SKU-HMK-101,Digital Air Fryer Oven 6Qt,Home & Kitchen,13,99.99,48.0,14,14,48,167
2026-04-16,SKU-HMK-101,Digital Air Fryer Oven 6Qt,Home & Kitchen,10,99.99,48.0,14,14,48,167
2026-04-17,SKU-HMK-101,Digital Air Fryer Oven 6Qt,Home & Kitchen,13,99.99,48.0,14,14,48,167
2026-04-18,SKU-HMK-101,Digital Air Fryer Oven 6Qt,Home & Kitchen,15,99.99,48.0,14,14,48,167
2026-04-19,SKU-HMK-101,Digital Air Fryer Oven 6Qt,Home & Kitchen,15,99.99,48.0,14,14,48,167
2026-04-20,SKU-HMK-101,Digital Air Fryer Oven 6Qt,Home & Kitchen,7,99.99,48.0,14,14,48,167
2026-04-21,SKU-HMK-101,Digital Air Fryer Oven 6Qt,Home & Kitchen,7,99.99,48.0,14,14,48,167
2026-04-22,SKU-HMK-101,Digital Air Fryer Oven 6Qt,Home & Kitchen,9,99.99,48.0,14,14,48,167
2026-04-23,SKU-HMK-101,Digital Air Fryer Oven 6Qt,Home & Kitchen,6,99.99,48.0,14,14,48,167
2026-04-24,SKU-HMK-101,Digital Air Fryer Oven 6Qt,Home & Kitchen,10,99.99,48.0,14,14,48,167
2026-04-25,SKU-HMK-101,Digital Air Fryer Oven 6Qt,Home & Kitchen,10,99.99,48.0,14,14,48,167
2026-04-26,SKU-HMK-101,Digital Air Fryer Oven 6Qt,Home & Kitchen,12,99.99,48.0,14,14,48,167
2026-04-27,SKU-HMK-101,Digital Air Fryer Oven 6Qt,Home & Kitchen,9,99.99,48.0,14,14,48,167
2026-04-28,SKU-HMK-101,Digital Air Fryer Oven 6Qt,Home & Kitchen,12,99.99,48.0,14,14,48,167
2026-04-29,SKU-HMK-101,Digital Air Fryer Oven 6Qt,Home & Kitchen,13,99.99,48.0,14,14,48,167
2026-04-30,SKU-HMK-101,Digital Air Fryer Oven 6Qt,Home & Kitchen,8,99.99,48.0,14,14,48,167
2026-05-01,SKU-HMK-101,Digital Air Fryer Oven 6Qt,home & kitchen,11,99.99,48.0,14,14,48,167
2026-05-02,SKU-HMK-101,Digital Air Fryer Oven 6Qt,Home & Kitchen,12,99.99,48.0,14,14,48,167
2026-05-03,SKU-HMK-101,Digital Air Fryer Oven 6Qt,Home & Kitchen,10,99.99,48.0,14,14,48,167
2026-05-04,SKU-HMK-101,Digital Air Fryer Oven 6Qt,Home & Kitchen,11,99.99,48.0,14,14,48,167
2026-05-05,SKU-HMK-101,Digital Air Fryer Oven 6Qt,Home & Kitchen,10,99.99,48.0,14,14,48,167
2026-05-06,SKU-HMK-101,Digital Air Fryer Oven 6Qt,Home & Kitchen,7,99.99,48.0,14,14,48,167
2026-05-07,SKU-HMK-101,Digital Air Fryer Oven 6Qt,Home & Kitchen,13,99.99,48.0,14,14,48,167
2026-05-08,SKU-HMK-101,Digital Air Fryer Oven 6Qt,Home & Kitchen,8,99.99,48.0,14,14,48,167
2026-05-09,SKU-HMK-101,Digital Air Fryer Oven 6Qt,Home & Kitchen,9,99.99,48.0,14,14,48,167
2026-05-10,SKU-HMK-101,Digital Air Fryer Oven 6Qt,home & kitchen,21,99.99,48.0,14,14,48,167
2026-05-11,SKU-HMK-101,Digital Air Fryer Oven 6Qt,Home & Kitchen,9,99.99,48.0,14,14,48,167
2026-05-12,SKU-HMK-101,Digital Air Fryer Oven 6Qt,Home & Kitchen,5,99.99,48.0,14,14,48,167
2026-05-13,SKU-HMK-101,Digital Air Fryer Oven 6Qt,Home & Kitchen,15,99.99,48.0,14,14,48,167
2026-05-14,SKU-HMK-101,Digital Air Fryer Oven 6Qt,Home & Kitchen,6,99.99,48.0,14,14,48,167
2026-05-15,SKU-HMK-101,Digital Air Fryer Oven 6Qt,Home & Kitchen,8,99.99,48.0,14,14,48,167
2026-05-16,SKU-HMK-101,Digital Air Fryer Oven 6Qt,Home & Kitchen,13,99.99,48.0,14,14,48,167
2026-05-17,SKU-HMK-101,Digital Air Fryer Oven 6Qt,Home & Kitchen,10,99.99,48.0,14,14,48,167
2026-05-18,SKU-HMK-101,Digital Air Fryer Oven 6Qt,Home & Kitchen,9,99.99,48.0,14,14,48,167
2026-05-19,SKU-HMK-101,Digital Air Fryer Oven 6Qt,Home & Kitchen,6,99.99,48.0,14,14,48,167
2026-05-20,SKU-HMK-101,Digital Air Fryer Oven 6Qt,Home & Kitchen,17,99.99,48.0,14,14,48,167
2026-05-21,SKU-HMK-101,Digital Air Fryer Oven 6Qt,Home & Kitchen,8,99.99,48.0,14,14,48,167
2026-05-22,SKU-HMK-101,Digital Air Fryer Oven 6Qt,Home & Kitchen,11,99.99,48.0,14,14,48,167
2026-05-23,SKU-HMK-101,Digital Air Fryer Oven 6Qt,Home & Kitchen,12,99.99,48.0,14,14,48,167
2026-05-24,SKU-HMK-101,Digital Air Fryer Oven 6Qt,Home & Kitchen,14,99.99,48.0,14,14,48,167
2026-05-25,SKU-HMK-101,Digital Air Fryer Oven 6Qt,Home & Kitchen,9,99.99,48.0,14,14,48,167
2026-05-26,SKU-HMK-101,Digital Air Fryer Oven 6Qt,Home & Kitchen,15,99.99,48.0,14,14,48,167
2026-05-27,SKU-HMK-101,Digital Air Fryer Oven 6Qt,Home & Kitchen,8,99.99,48.0,14,14,48,167
2026-05-28,SKU-HMK-101,Digital Air Fryer Oven 6Qt,home & kitchen,5,99.99,48.0,14,14,48,167
2026-05-29,SKU-HMK-101,Digital Air Fryer Oven 6Qt,Home & Kitchen,9,99.99,48.0,14,14,48,167
2026-05-30,SKU-HMK-101,Digital Air Fryer Oven 6Qt,Home & Kitchen,5,99.99,48.0,14,14,48,167
2026-05-31,SKU-HMK-101,Digital Air Fryer Oven 6Qt,Home & Kitchen,17,99.99,48.0,14,14,48,167
2026-06-01,SKU-HMK-101,Digital Air Fryer Oven 6Qt,home & kitchen,8,99.99,48.0,14,14,48,167
2026-06-02,SKU-HMK-101,Digital Air Fryer Oven 6Qt,Home & Kitchen,8,99.99,48.0,14,14,48,167
2026-06-03,SKU-HMK-101,Digital Air Fryer Oven 6Qt,Home & Kitchen,8,99.99,48.0,14,14,48,167
2026-06-04,SKU-HMK-101,Digital Air Fryer Oven 6Qt,Home & Kitchen,11,99.99,48.0,14,14,48,167
2026-06-05,SKU-HMK-101,Digital Air Fryer Oven 6Qt,Home & Kitchen,11,99.99,48.0,14,14,48,167
2026-06-06,SKU-HMK-101,Digital Air Fryer Oven 6Qt,Home & Kitchen,18,99.99,48.0,14,14,48,167
2026-06-07,SKU-HMK-101,Digital Air Fryer Oven 6Qt,Home & Kitchen,9,99.99,48.0,14,14,48,167
2026-06-08,SKU-HMK-101,Digital Air Fryer Oven 6Qt,Home & Kitchen,13,99.99,48.0,14,14,48,167
2026-06-09,SKU-HMK-101,Digital Air Fryer Oven 6Qt,Home & Kitchen,2,99.99,48.0,14,14,48,167
2026-06-10,SKU-HMK-101,Digital Air Fryer Oven 6Qt,Home & Kitchen,13,99.99,48.0,14,14,48,167
2026-06-11,SKU-HMK-101,Digital Air Fryer Oven 6Qt,Home & Kitchen,9,99.99,48.0,14,14,48,167
2026-06-12,SKU-HMK-101,Digital Air Fryer Oven 6Qt,Home & Kitchen,13,99.99,48.0,14,14,48,167
2026-06-13,SKU-HMK-101,Digital Air Fryer Oven 6Qt,Home & Kitchen,13,99.99,48.0,14,14,48,167
2026-06-14,SKU-HMK-101,Digital Air Fryer Oven 6Qt,Home & Kitchen,15,99.99,48.0,14,14,48,167
2026-06-15,SKU-HMK-101,Digital Air Fryer Oven 6Qt,Home & Kitchen,7,99.99,48.0,14,14,48,167
2026-06-16,SKU-HMK-101,Digital Air Fryer Oven 6Qt,Home & Kitchen,12,99.99,48.0,14,14,48,167
2026-06-17,SKU-HMK-101,Digital Air Fryer Oven 6Qt,Home & Kitchen,13,99.99,48.0,14,14,48,167
2026-06-18,SKU-HMK-101,Digital Air Fryer Oven 6Qt,Home & Kitchen,6,99.99,48.0,14,14,48,167
2026-06-19,SKU-HMK-101,Digital Air Fryer Oven 6Qt,Home & Kitchen,11,99.99,48.0,14,14,48,167
2026-06-20,SKU-HMK-101,Digital Air Fryer Oven 6Qt,Home & Kitchen,15,99.99,48.0,14,14,48,167
2026-06-21,SKU-HMK-101,Digital Air Fryer Oven 6Qt,Home & Kitchen,14,99.99,48.0,14,14,48,167
2026-06-22,SKU-HMK-101,Digital Air Fryer Oven 6Qt,Home & Kitchen,14,99.99,48.0,14,14,48,167
2026-06-23,SKU-HMK-101,Digital Air Fryer Oven 6Qt,Home & Kitchen,15,99.99,48.0,14,14,48,167
2026-06-24,SKU-HMK-101,Digital Air Fryer Oven 6Qt,Home & Kitchen,10,99.99,48.0,14,14,48,167
2026-06-25,SKU-HMK-101,Digital Air Fryer Oven 6Qt,Home & Kitchen,15,99.99,48.0,14,14,48,167
2026-06-26,SKU-HMK-101,Digital Air Fryer Oven 6Qt,Home & Kitchen,15,99.99,48.0,14,14,48,167
2026-06-27,SKU-HMK-101,Digital Air Fryer Oven 6Qt,Home & Kitchen,10,99.99,48.0,14,14,48,167
2026-06-28,SKU-HMK-101,Digital Air Fryer Oven 6Qt,Home & Kitchen,13,99.99,48.0,14,14,48,167
2026-06-29,SKU-HMK-101,Digital Air Fryer Oven 6Qt,Home & Kitchen,9,99.99,48.0,14,14,48,167
2026-06-30,SKU-HMK-101,Digital Air Fryer Oven 6Qt,Home & Kitchen,9,99.99,48.0,14,14,48,167
2026-07-01,SKU-HMK-101,Digital Air Fryer Oven 6Qt,Home & Kitchen,10,99.99,48.0,14,14,48,167
2026-07-02,SKU-HMK-101,Digital Air Fryer Oven 6Qt,Home & Kitchen,13,99.99,48.0,14,14,48,167
2026-07-03,SKU-HMK-101,Digital Air Fryer Oven 6Qt,Home & Kitchen,13,99.99,48.0,14,14,48,167
2026-07-04,SKU-HMK-101,Digital Air Fryer Oven 6Qt,Home & Kitchen,10,99.99,48.0,14,14,48,167
2026-07-05,SKU-HMK-101,Digital Air Fryer Oven 6Qt,Home & Kitchen,19,99.99,48.0,14,14,48,167
2026-07-06,SKU-HMK-101,Digital Air Fryer Oven 6Qt,Home & Kitchen,4,99.99,48.0,14,14,48,167
2026-07-07,SKU-HMK-101,Digital Air Fryer Oven 6Qt,Home & Kitchen,15,99.99,48.0,14,14,48,167
2026-07-08,SKU-HMK-101,Digital Air Fryer Oven 6Qt,Home & Kitchen,8,99.99,48.0,14,14,48,167
2026-07-09,SKU-HMK-101,Digital Air Fryer Oven 6Qt,Home & Kitchen,11,99.99,48.0,14,14,48,167
2026-07-10,SKU-HMK-101,Digital Air Fryer Oven 6Qt,Home & Kitchen,9,99.99,48.0,14,14,48,167
2026-07-11,SKU-HMK-101,Digital Air Fryer Oven 6Qt,Home & Kitchen,13,99.99,48.0,14,14,48,167
2026-07-12,SKU-HMK-101,Digital Air Fryer Oven 6Qt,Home & Kitchen,8,99.99,48.0,14,14,48,167
2026-07-13,SKU-HMK-101,Digital Air Fryer Oven 6Qt,Home & Kitchen,8,99.99,48.0,14,14,48,167
2026-07-14,SKU-HMK-101,Digital Air Fryer Oven 6Qt,Home & Kitchen,14,99.99,48.0,14,14,48,167
2026-07-15,SKU-HMK-101,Digital Air Fryer Oven 6Qt,Home & Kitchen,14,99.99,48.0,14,14,48,167
2026-07-16,SKU-HMK-101,Digital Air Fryer Oven 6Qt,Home & Kitchen,10,99.99,48.0,14,14,48,167
2026-07-17,SKU-HMK-101,Digital Air Fryer Oven 6Qt,Home & Kitchen,9,99.99,48.0,14,14,48,167
2026-07-18,SKU-HMK-101,Digital Air Fryer Oven 6Qt,Home & Kitchen,18,99.99,48.0,14,14,48,167
2026-07-19,SKU-HMK-101,Digital Air Fryer Oven 6Qt,Home & Kitchen,13,99.99,48.0,14,14,48,167
2026-07-20,SKU-HMK-101,Digital Air Fryer Oven 6Qt,Home & Kitchen,12,99.99,48.0,14,14,48,167
2026-07-21,SKU-HMK-101,Digital Air Fryer Oven 6Qt,Home & Kitchen,16,99.99,48.0,14,14,48,167
2026-07-22,SKU-HMK-101,Digital Air Fryer Oven 6Qt,Home & Kitchen,8,99.99,48.0,14,14,48,167
2026-07-23,SKU-HMK-101,Digital Air Fryer Oven 6Qt,Home & Kitchen,10,99.99,48.0,14,14,48,167
2026-07-24,SKU-HMK-101,Digital Air Fryer Oven 6Qt,home & kitchen,11,99.99,48.0,14,14,48,167
2026-07-25,SKU-HMK-101,Digital Air Fryer Oven 6Qt,Home & Kitchen,13,99.99,48.0,14,14,48,167
2026-07-26,SKU-HMK-101,Digital Air Fryer Oven 6Qt,Home & Kitchen,14,99.99,48.0,14,14,48,167
2026-07-27,SKU-HMK-101,Digital Air Fryer Oven 6Qt,Home & Kitchen,6,99.99,48.0,14,14,48,167
2026-07-28,SKU-HMK-101,Digital Air Fryer Oven 6Qt,Home & Kitchen,15,99.99,48.0,14,14,48,167
2026-07-29,SKU-HMK-101,Digital Air Fryer Oven 6Qt,Home & Kitchen,10,99.99,48.0,14,14,48,167
2026-07-30,SKU-HMK-101,Digital Air Fryer Oven 6Qt,Home & Kitchen,18,99.99,48.0,14,14,48,167
2026-07-31,SKU-HMK-101,Digital Air Fryer Oven 6Qt,Home & Kitchen,6,99.99,48.0,14,14,48,167
2026-08-01,SKU-HMK-101,Digital Air Fryer Oven 6Qt,Home & Kitchen,20,99.99,48.0,14,14,48,167
2026-08-02,SKU-HMK-101,Digital Air Fryer Oven 6Qt,Home & Kitchen,14,99.99,48.0,14,14,48,167
2026-08-03,SKU-HMK-101,Digital Air Fryer Oven 6Qt,Home & Kitchen,12,99.99,48.0,14,14,48,167
2026-08-04,SKU-HMK-101,Digital Air Fryer Oven 6Qt,Home & Kitchen,6,99.99,48.0,14,14,48,167
2026-08-05,SKU-HMK-101,Digital Air Fryer Oven 6Qt,Home & Kitchen,11,99.99,48.0,14,14,48,167
2026-08-06,SKU-HMK-101,Digital Air Fryer Oven 6Qt,Home & Kitchen,9,99.99,48.0,14,14,48,167
2026-08-07,SKU-HMK-101,Digital Air Fryer Oven 6Qt,Home & Kitchen,7,99.99,48.0,14,14,48,167
2026-08-08,SKU-HMK-101,Digital Air Fryer Oven 6Qt,Home & Kitchen,13,99.99,48.0,14,14,48,167
2026-08-09,SKU-HMK-101,Digital Air Fryer Oven 6Qt,Home & Kitchen,13,99.99,48.0,14,14,48,167
2026-08-10,SKU-HMK-101,Digital Air Fryer Oven 6Qt,Home & Kitchen,16,99.99,48.0,14,14,48,167
2026-08-11,SKU-HMK-101,Digital Air Fryer Oven 6Qt,home & kitchen,8,99.99,48.0,14,14,48,167
2026-08-12,SKU-HMK-101,Digital Air Fryer Oven 6Qt,Home & Kitchen,9,99.99,48.0,14,14,48,167
2026-08-13,SKU-HMK-101,Digital Air Fryer Oven 6Qt,Home & Kitchen,4,99.99,48.0,14,14,48,167
2026-08-14,SKU-HMK-101,Digital Air Fryer Oven 6Qt,Home & Kitchen,11,99.99,48.0,14,14,48,167
2026-08-15,SKU-HMK-101,Digital Air Fryer Oven 6Qt,Home & Kitchen,13,99.99,48.0,14,14,48,167
2026-08-16,SKU-HMK-101,Digital Air Fryer Oven 6Qt,Home & Kitchen,16,99.99,48.0,14,14,48,167
2026-08-17,SKU-HMK-101,Digital Air Fryer Oven 6Qt,Home & Kitchen,10,99.99,48.0,14,14,48,167
2026-08-18,SKU-HMK-101,Digital Air Fryer Oven 6Qt,home & kitchen,10,99.99,48.0,14,14,48,167
2026-08-19,SKU-HMK-101,Digital Air Fryer Oven 6Qt,Home & Kitchen,10,99.99,48.0,14,14,48,167
2026-08-20,SKU-HMK-101,Digital Air Fryer Oven 6Qt,Home & Kitchen,12,99.99,48.0,14,14,48,167
2026-08-21,SKU-HMK-101,Digital Air Fryer Oven 6Qt,Home & Kitchen,7,99.99,48.0,14,14,48,167
2026-08-22,SKU-HMK-101,Digital Air Fryer Oven 6Qt,Home & Kitchen,15,99.99,48.0,14,14,48,167
2026-08-23,SKU-HMK-101,Digital Air Fryer Oven 6Qt,Home & Kitchen,15,99.99,48.0,14,14,48,167
2026-08-24,SKU-HMK-101,Digital Air Fryer Oven 6Qt,Home & Kitchen,10,99.99,48.0,14,14,48,167
2026-08-25,SKU-HMK-101,Digital Air Fryer Oven 6Qt,Home & Kitchen,4,99.99,48.0,14,14,48,167
2026-08-26,SKU-HMK-101,Digital Air Fryer Oven 6Qt,Home & Kitchen,15,99.99,48.0,14,14,48,167
2026-08-27,SKU-HMK-101,Digital Air Fryer Oven 6Qt,Home & Kitchen,7,99.99,48.0,14,14,48,167
2026-03-01,SKU-HMK-102,Stainless Steel French Press,Home & Kitchen,10,34.5,14.0,110,10,16,56
2026-03-02,SKU-HMK-102,Stainless Steel French Press,Home & Kitchen,4,34.5,14.0,110,10,16,56
2026-03-03,SKU-HMK-102,Stainless Steel French Press,home & kitchen,5,34.5,14.0,110,10,16,56
2026-03-04,SKU-HMK-102,Stainless Steel French Press,Home & Kitchen,4,34.5,14.0,110,10,16,56
2026-03-05,SKU-HMK-102,Stainless Steel French Press,Home & Kitchen,5,34.5,14.0,110,10,16,56
2026-03-06,SKU-HMK-102,Stainless Steel French Press,Home & Kitchen,4,34.5,14.0,110,10,16,56
2026-03-07,SKU-HMK-102,Stainless Steel French Press,Home & Kitchen,5,34.5,14.0,110,10,16,56
2026-03-08,SKU-HMK-102,Stainless Steel French Press,Home & Kitchen,6,34.5,14.0,110,10,16,56
2026-03-09,SKU-HMK-102,Stainless Steel French Press,Home & Kitchen,5,34.5,14.0,110,10,16,56
2026-03-10,SKU-HMK-102,Stainless Steel French Press,Home & Kitchen,4,34.5,14.0,110,10,16,56
2026-03-11,SKU-HMK-102,Stainless Steel French Press,Home & Kitchen,4,34.5,14.0,110,10,16,56
2026-03-12,SKU-HMK-102,Stainless Steel French Press,Home & Kitchen,4,34.5,14.0,110,10,16,56
2026-03-13,SKU-HMK-102,Stainless Steel French Press,Home & Kitchen,8,34.5,14.0,110,10,16,56
2026-03-14,SKU-HMK-102,Stainless Steel French Press,Home & Kitchen,4,34.5,14.0,110,10,16,56
2026-03-15,SKU-HMK-102,Stainless Steel French Press,Home & Kitchen,3,34.5,14.0,110,10,16,56
2026-03-16,SKU-HMK-102,Stainless Steel French Press,Home & Kitchen,6,34.5,14.0,110,10,16,56
2026-03-17,SKU-HMK-102,Stainless Steel French Press,Home & Kitchen,4,34.5,14.0,110,10,16,56
2026-03-18,SKU-HMK-102,Stainless Steel French Press,Home & Kitchen,3,34.5,14.0,110,10,16,56
2026-03-19,SKU-HMK-102,Stainless Steel French Press,Home & Kitchen,3,34.5,14.0,110,10,16,56
2026-03-20,SKU-HMK-102,Stainless Steel French Press,Home & Kitchen,4,34.5,14.0,110,10,16,56
2026-03-21,SKU-HMK-102,Stainless Steel French Press,Home & Kitchen,7,34.5,14.0,110,10,16,56
2026-03-22,SKU-HMK-102,Stainless Steel French Press,Home & Kitchen,6,34.5,14.0,110,10,16,56
2026-03-23,SKU-HMK-102,Stainless Steel French Press,Home & Kitchen,2,34.5,14.0,110,10,16,56
2026-03-24,SKU-HMK-102,Stainless Steel French Press,Home & Kitchen,3,34.5,14.0,110,10,16,56
2026-03-25,SKU-HMK-102,Stainless Steel French Press,Home & Kitchen,9,34.5,14.0,110,10,16,56
2026-03-26,SKU-HMK-102,Stainless Steel French Press,Home & Kitchen,4,34.5,14.0,110,10,16,56
2026-03-27,SKU-HMK-102,Stainless Steel French Press,Home & Kitchen,3,34.5,14.0,110,10,16,56
2026-03-28,SKU-HMK-102,Stainless Steel French Press,Home & Kitchen,6,34.5,14.0,110,10,16,56
2026-03-29,SKU-HMK-102,Stainless Steel French Press,Home & Kitchen,8,34.5,14.0,110,10,16,56
2026-03-30,SKU-HMK-102,Stainless Steel French Press,Home & Kitchen,2,34.5,14.0,110,10,16,56
2026-03-31,SKU-HMK-102,Stainless Steel French Press,Home & Kitchen,4,34.5,14.0,110,10,16,56
2026-04-01,SKU-HMK-102,Stainless Steel French Press,Home & Kitchen,3,34.5,14.0,110,10,16,56
2026-04-02,SKU-HMK-102,Stainless Steel French Press,Home & Kitchen,5,34.5,14.0,110,10,16,56
2026-04-03,SKU-HMK-102,Stainless Steel French Press,Home & Kitchen,0,34.5,14.0,110,10,16,56
2026-04-04,SKU-HMK-102,Stainless Steel French Press,Home & Kitchen,5,34.5,14.0,110,10,16,56
2026-04-05,SKU-HMK-102,Stainless Steel French Press,home & kitchen,5,34.5,14.0,110,10,16,56
2026-04-06,SKU-HMK-102,Stainless Steel French Press,Home & Kitchen,6,34.5,14.0,110,10,16,56
2026-04-07,SKU-HMK-102,Stainless Steel French Press,Home & Kitchen,4,34.5,14.0,110,10,16,56
2026-04-08,SKU-HMK-102,Stainless Steel French Press,Home & Kitchen,6,34.5,14.0,110,10,16,56
2026-04-09,SKU-HMK-102,Stainless Steel French Press,Home & Kitchen,6,34.5,14.0,110,10,16,56
2026-04-10,SKU-HMK-102,Stainless Steel French Press,Home & Kitchen,2,34.5,14.0,110,10,16,56
2026-04-11,SKU-HMK-102,Stainless Steel French Press,Home & Kitchen,8,34.5,14.0,110,10,16,56
2026-04-12,SKU-HMK-102,Stainless Steel French Press,Home & Kitchen,8,34.5,14.0,110,10,16,56
2026-04-13,SKU-HMK-102,Stainless Steel French Press,Home & Kitchen,2,34.5,14.0,110,10,16,56
2026-04-14,SKU-HMK-102,Stainless Steel French Press,home & kitchen,3,34.5,14.0,110,10,16,56
2026-04-15,SKU-HMK-102,Stainless Steel French Press,Home & Kitchen,5,34.5,14.0,110,10,16,56
2026-04-16,SKU-HMK-102,Stainless Steel French Press,Home & Kitchen,5,34.5,14.0,110,10,16,56
2026-04-17,SKU-HMK-102,Stainless Steel French Press,Home & Kitchen,3,34.5,14.0,110,10,16,56
2026-04-18,SKU-HMK-102,Stainless Steel French Press,Home & Kitchen,4,34.5,14.0,110,10,16,56
2026-04-19,SKU-HMK-102,Stainless Steel French Press,Home & Kitchen,4,34.5,14.0,110,10,16,56
2026-04-20,SKU-HMK-102,Stainless Steel French Press,Home & Kitchen,0,34.5,14.0,110,10,16,56
2026-04-21,SKU-HMK-102,Stainless Steel French Press,Home & Kitchen,4,34.5,14.0,110,10,16,56
2026-04-22,SKU-HMK-102,Stainless Steel French Press,Home & Kitchen,1,34.5,14.0,110,10,16,56
2026-04-23,SKU-HMK-102,Stainless Steel French Press,Home & Kitchen,5,34.5,14.0,110,10,16,56
2026-04-24,SKU-HMK-102,Stainless Steel French Press,Home & Kitchen,4,34.5,14.0,110,10,16,56
2026-04-25,SKU-HMK-102,Stainless Steel French Press,Home & Kitchen,6,34.5,14.0,110,10,16,56
2026-04-26,SKU-HMK-102,Stainless Steel French Press,Home & Kitchen,2,34.5,14.0,110,10,16,56
2026-04-27,SKU-HMK-102,Stainless Steel French Press,Home & Kitchen,4,34.5,14.0,110,10,16,56
2026-04-28,SKU-HMK-102,Stainless Steel French Press,Home & Kitchen,5,34.5,14.0,110,10,16,56
2026-04-29,SKU-HMK-102,Stainless Steel French Press,Home & Kitchen,3,34.5,14.0,110,10,16,56
2026-04-30,SKU-HMK-102,Stainless Steel French Press,Home & Kitchen,6,34.5,14.0,110,10,16,56
2026-05-01,SKU-HMK-102,Stainless Steel French Press,Home & Kitchen,3,34.5,14.0,110,10,16,56
2026-05-02,SKU-HMK-102,Stainless Steel French Press,Home & Kitchen,7,34.5,14.0,110,10,16,56
2026-05-03,SKU-HMK-102,Stainless Steel French Press,Home & Kitchen,5,34.5,14.0,110,10,16,56
2026-05-04,SKU-HMK-102,Stainless Steel French Press,Home & Kitchen,4,34.5,14.0,110,10,16,56
2026-05-05,SKU-HMK-102,Stainless Steel French Press,Home & Kitchen,4,34.5,14.0,110,10,16,56
2026-05-06,SKU-HMK-102,Stainless Steel French Press,Home & Kitchen,4,34.5,14.0,110,10,16,56
2026-05-07,SKU-HMK-102,Stainless Steel French Press,Home & Kitchen,4,34.5,14.0,110,10,16,56
2026-05-08,SKU-HMK-102,Stainless Steel French Press,Home & Kitchen,4,34.5,14.0,110,10,16,56
2026-05-09,SKU-HMK-102,Stainless Steel French Press,Home & Kitchen,7,34.5,14.0,110,10,16,56
2026-05-10,SKU-HMK-102,Stainless Steel French Press,Home & Kitchen,3,34.5,14.0,110,10,16,56
2026-05-11,SKU-HMK-102,Stainless Steel French Press,Home & Kitchen,3,34.5,14.0,110,10,16,56
2026-05-12,SKU-HMK-102,Stainless Steel French Press,Home & Kitchen,2,34.5,14.0,110,10,16,56
2026-05-13,SKU-HMK-102,Stainless Steel French Press,Home & Kitchen,3,34.5,14.0,110,10,16,56
2026-05-14,SKU-HMK-102,Stainless Steel French Press,Home & Kitchen,5,34.5,14.0,110,10,16,56
2026-05-15,SKU-HMK-102,Stainless Steel French Press,Home & Kitchen,4,34.5,14.0,110,10,16,56
2026-05-16,SKU-HMK-102,Stainless Steel French Press,Home & Kitchen,2,34.5,14.0,110,10,16,56
2026-05-17,SKU-HMK-102,Stainless Steel French Press,Home & Kitchen,3,34.5,14.0,110,10,16,56
2026-05-18,SKU-HMK-102,Stainless Steel French Press,Home & Kitchen,7,34.5,14.0,110,10,16,56
2026-05-19,SKU-HMK-102,Stainless Steel French Press,Home & Kitchen,2,34.5,14.0,110,10,16,56
2026-05-20,SKU-HMK-102,Stainless Steel French Press,Home & Kitchen,6,34.5,14.0,110,10,16,56
2026-05-21,SKU-HMK-102,Stainless Steel French Press,Home & Kitchen,3,34.5,14.0,110,10,16,56
2026-05-22,SKU-HMK-102,Stainless Steel French Press,Home & Kitchen,2,34.5,14.0,110,10,16,56
2026-05-23,SKU-HMK-102,Stainless Steel French Press,Home & Kitchen,3,34.5,14.0,110,10,16,56
2026-05-24,SKU-HMK-102,Stainless Steel French Press,home & kitchen,3,34.5,14.0,110,10,16,56
2026-05-25,SKU-HMK-102,Stainless Steel French Press,Home & Kitchen,5,34.5,14.0,110,10,16,56
2026-05-26,SKU-HMK-102,Stainless Steel French Press,home & kitchen,3,34.5,14.0,110,10,16,56
2026-05-27,SKU-HMK-102,Stainless Steel French Press,Home & Kitchen,3,34.5,14.0,110,10,16,56
2026-05-28,SKU-HMK-102,Stainless Steel French Press,Home & Kitchen,2,34.5,14.0,110,10,16,56
2026-05-29,SKU-HMK-102,Stainless Steel French Press,Home & Kitchen,6,34.5,14.0,110,10,16,56
2026-05-30,SKU-HMK-102,Stainless Steel French Press,Home & Kitchen,4,34.5,14.0,110,10,16,56
2026-05-31,SKU-HMK-102,Stainless Steel French Press,Home & Kitchen,5,34.5,14.0,110,10,16,56
2026-06-01,SKU-HMK-102,Stainless Steel French Press,Home & Kitchen,4,34.5,14.0,110,10,16,56
2026-06-02,SKU-HMK-102,Stainless Steel French Press,Home & Kitchen,3,34.5,14.0,110,10,16,56
2026-06-03,SKU-HMK-102,Stainless Steel French Press,Home & Kitchen,2,34.5,14.0,110,10,16,56
2026-06-04,SKU-HMK-102,Stainless Steel French Press,Home & Kitchen,3,34.5,14.0,110,10,16,56
2026-06-05,SKU-HMK-102,Stainless Steel French Press,Home & Kitchen,5,34.5,14.0,110,10,16,56
2026-06-06,SKU-HMK-102,Stainless Steel French Press,home & kitchen,4,34.5,14.0,110,10,16,56
2026-06-07,SKU-HMK-102,Stainless Steel French Press,Home & Kitchen,6,34.5,14.0,110,10,16,56
2026-06-08,SKU-HMK-102,Stainless Steel French Press,Home & Kitchen,6,34.5,14.0,110,10,16,56
2026-06-09,SKU-HMK-102,Stainless Steel French Press,Home & Kitchen,6,34.5,14.0,110,10,16,56
2026-06-10,SKU-HMK-102,Stainless Steel French Press,Home & Kitchen,2,34.5,14.0,110,10,16,56
2026-06-11,SKU-HMK-102,Stainless Steel French Press,Home & Kitchen,7,34.5,14.0,110,10,16,56
2026-06-12,SKU-HMK-102,Stainless Steel French Press,Home & Kitchen,6,34.5,14.0,110,10,16,56
2026-06-13,SKU-HMK-102,Stainless Steel French Press,Home & Kitchen,6,34.5,14.0,110,10,16,56
2026-06-14,SKU-HMK-102,Stainless Steel French Press,Home & Kitchen,5,34.5,14.0,110,10,16,56
2026-06-15,SKU-HMK-102,Stainless Steel French Press,Home & Kitchen,4,34.5,14.0,110,10,16,56
2026-06-16,SKU-HMK-102,Stainless Steel French Press,Home & Kitchen,4,34.5,14.0,110,10,16,56
2026-06-17,SKU-HMK-102,Stainless Steel French Press,Home & Kitchen,3,34.5,14.0,110,10,16,56
2026-06-18,SKU-HMK-102,Stainless Steel French Press,Home & Kitchen,4,34.5,14.0,110,10,16,56
2026-06-19,SKU-HMK-102,Stainless Steel French Press,Home & Kitchen,5,34.5,14.0,110,10,16,56
2026-06-20,SKU-HMK-102,Stainless Steel French Press,Home & Kitchen,7,34.5,14.0,110,10,16,56
2026-06-21,SKU-HMK-102,Stainless Steel French Press,Home & Kitchen,4,34.5,14.0,110,10,16,56
2026-06-22,SKU-HMK-102,Stainless Steel French Press,home & kitchen,4,34.5,14.0,110,10,16,56
2026-06-23,SKU-HMK-102,Stainless Steel French Press,Home & Kitchen,3,34.5,14.0,110,10,16,56
2026-06-24,SKU-HMK-102,Stainless Steel French Press,Home & Kitchen,4,34.5,14.0,110,10,16,56
2026-06-25,SKU-HMK-102,Stainless Steel French Press,Home & Kitchen,2,34.5,14.0,110,10,16,56
2026-06-26,SKU-HMK-102,Stainless Steel French Press,Home & Kitchen,2,34.5,14.0,110,10,16,56
2026-06-27,SKU-HMK-102,Stainless Steel French Press,Home & Kitchen,4,34.5,14.0,110,10,16,56
2026-06-28,SKU-HMK-102,Stainless Steel French Press,Home & Kitchen,6,34.5,14.0,110,10,16,56
2026-06-29,SKU-HMK-102,Stainless Steel French Press,Home & Kitchen,6,34.5,14.0,110,10,16,56
2026-06-30,SKU-HMK-102,Stainless Steel French Press,Home & Kitchen,5,34.5,14.0,110,10,16,56
2026-07-01,SKU-HMK-102,Stainless Steel French Press,Home & Kitchen,6,34.5,14.0,110,10,16,56
2026-07-02,SKU-HMK-102,Stainless Steel French Press,Home & Kitchen,5,34.5,14.0,110,10,16,56
2026-07-03,SKU-HMK-102,Stainless Steel French Press,Home & Kitchen,4,34.5,14.0,110,10,16,56
2026-07-04,SKU-HMK-102,Stainless Steel French Press,Home & Kitchen,8,34.5,14.0,110,10,16,56
2026-07-05,SKU-HMK-102,Stainless Steel French Press,Home & Kitchen,4,34.5,14.0,110,10,16,56
2026-07-06,SKU-HMK-102,Stainless Steel French Press,Home & Kitchen,5,34.5,14.0,110,10,16,56
2026-07-07,SKU-HMK-102,Stainless Steel French Press,Home & Kitchen,4,34.5,14.0,110,10,16,56
2026-07-08,SKU-HMK-102,Stainless Steel French Press,Home & Kitchen,4,34.5,14.0,110,10,16,56
2026-07-09,SKU-HMK-102,Stainless Steel French Press,Home & Kitchen,4,34.5,14.0,110,10,16,56
2026-07-10,SKU-HMK-102,Stainless Steel French Press,Home & Kitchen,3,34.5,14.0,110,10,16,56
2026-07-11,SKU-HMK-102,Stainless Steel French Press,Home & Kitchen,8,34.5,14.0,110,10,16,56
2026-07-12,SKU-HMK-102,Stainless Steel French Press,Home & Kitchen,6,34.5,14.0,110,10,16,56
2026-07-13,SKU-HMK-102,Stainless Steel French Press,Home & Kitchen,3,34.5,14.0,110,10,16,56
2026-07-14,SKU-HMK-102,Stainless Steel French Press,Home & Kitchen,3,34.5,14.0,110,10,16,56
2026-07-15,SKU-HMK-102,Stainless Steel French Press,Home & Kitchen,7,34.5,14.0,110,10,16,56
2026-07-16,SKU-HMK-102,Stainless Steel French Press,Home & Kitchen,4,34.5,14.0,110,10,16,56
2026-07-17,SKU-HMK-102,Stainless Steel French Press,home & kitchen,6,34.5,14.0,110,10,16,56
2026-07-18,SKU-HMK-102,Stainless Steel French Press,Home & Kitchen,3,34.5,14.0,110,10,16,56
2026-07-19,SKU-HMK-102,Stainless Steel French Press,Home & Kitchen,4,34.5,14.0,110,10,16,56
2026-07-20,SKU-HMK-102,Stainless Steel French Press,Home & Kitchen,6,34.5,14.0,110,10,16,56
2026-07-21,SKU-HMK-102,Stainless Steel French Press,Home & Kitchen,0,34.5,14.0,110,10,16,56
2026-07-22,SKU-HMK-102,Stainless Steel French Press,Home & Kitchen,3,34.5,14.0,110,10,16,56
2026-07-23,SKU-HMK-102,Stainless Steel French Press,Home & Kitchen,3,34.5,14.0,110,10,16,56
2026-07-24,SKU-HMK-102,Stainless Steel French Press,Home & Kitchen,5,34.5,14.0,110,10,16,56
2026-07-25,SKU-HMK-102,Stainless Steel French Press,Home & Kitchen,2,34.5,14.0,110,10,16,56
2026-07-26,SKU-HMK-102,Stainless Steel French Press,Home & Kitchen,6,34.5,14.0,110,10,16,56
2026-07-27,SKU-HMK-102,Stainless Steel French Press,Home & Kitchen,3,34.5,14.0,110,10,16,56
2026-07-28,SKU-HMK-102,Stainless Steel French Press,Home & Kitchen,3,34.5,14.0,110,10,16,56
2026-07-29,SKU-HMK-102,Stainless Steel French Press,Home & Kitchen,6,34.5,14.0,110,10,16,56
2026-07-30,SKU-HMK-102,Stainless Steel French Press,Home & Kitchen,5,34.5,14.0,110,10,16,56
2026-07-31,SKU-HMK-102,Stainless Steel French Press,Home & Kitchen,7,34.5,14.0,110,10,16,56
2026-08-01,SKU-HMK-102,Stainless Steel French Press,Home & Kitchen,3,34.5,14.0,110,10,16,56
2026-08-02,SKU-HMK-102,Stainless Steel French Press,Home & Kitchen,4,34.5,14.0,110,10,16,56
2026-08-03,SKU-HMK-102,Stainless Steel French Press,Home & Kitchen,3,34.5,14.0,110,10,16,56
2026-08-04,SKU-HMK-102,Stainless Steel French Press,Home & Kitchen,2,34.5,14.0,110,10,16,56
2026-08-05,SKU-HMK-102,Stainless Steel French Press,Home & Kitchen,4,34.5,14.0,110,10,16,56
2026-08-06,SKU-HMK-102,Stainless Steel French Press,Home & Kitchen,3,34.5,14.0,110,10,16,56
2026-08-07,SKU-HMK-102,Stainless Steel French Press,Home & Kitchen,4,34.5,14.0,110,10,16,56
2026-08-08,SKU-HMK-102,Stainless Steel French Press,Home & Kitchen,9,34.5,14.0,110,10,16,56
2026-08-09,SKU-HMK-102,Stainless Steel French Press,Home & Kitchen,3,34.5,14.0,110,10,16,56
2026-08-10,SKU-HMK-102,Stainless Steel French Press,Home & Kitchen,4,34.5,14.0,110,10,16,56
2026-08-11,SKU-HMK-102,Stainless Steel French Press,Home & Kitchen,5,34.5,14.0,110,10,16,56
2026-08-12,SKU-HMK-102,Stainless Steel French Press,Home & Kitchen,6,34.5,14.0,110,10,16,56
2026-08-13,SKU-HMK-102,Stainless Steel French Press,Home & Kitchen,5,34.5,14.0,110,10,16,56
2026-08-14,SKU-HMK-102,Stainless Steel French Press,Home & Kitchen,1,34.5,14.0,110,10,16,56
2026-08-15,SKU-HMK-102,Stainless Steel French Press,Home & Kitchen,4,34.5,14.0,110,10,16,56
2026-08-16,SKU-HMK-102,Stainless Steel French Press,Home & Kitchen,3,34.5,14.0,110,10,16,56
2026-08-17,SKU-HMK-102,Stainless Steel French Press,Home & Kitchen,7,34.5,14.0,110,10,16,56
2026-08-18,SKU-HMK-102,Stainless Steel French Press,Home & Kitchen,3,34.5,14.0,110,10,16,56
2026-08-19,SKU-HMK-102,Stainless Steel French Press,Home & Kitchen,4,34.5,14.0,110,10,16,56
2026-08-20,SKU-HMK-102,Stainless Steel French Press,Home & Kitchen,0,34.5,14.0,110,10,16,56
2026-08-21,SKU-HMK-102,Stainless Steel French Press,Home & Kitchen,4,34.5,14.0,110,10,16,56
2026-08-22,SKU-HMK-102,Stainless Steel French Press,Home & Kitchen,3,34.5,14.0,110,10,16,56
2026-08-23,SKU-HMK-102,Stainless Steel French Press,Home & Kitchen,5,34.5,14.0,110,10,16,56
2026-08-24,SKU-HMK-102,Stainless Steel French Press,home & kitchen,3,34.5,14.0,110,10,16,56
2026-08-25,SKU-HMK-102,Stainless Steel French Press,Home & Kitchen,2,34.5,14.0,110,10,16,56
2026-08-26,SKU-HMK-102,Stainless Steel French Press,Home & Kitchen,5,34.5,14.0,110,10,16,56
2026-08-27,SKU-HMK-102,Stainless Steel French Press,Home & Kitchen,2,34.5,14.0,110,10,16,56
2026-03-01,SKU-HMK-103,Cold Brew Iced Coffee Pitcher,Home & Kitchen,3,27.99,11.5,390,15,11,38
2026-03-02,SKU-HMK-103,Cold Brew Iced Coffee Pitcher,Home & Kitchen,0,27.99,11.5,390,15,11,38
2026-03-03,SKU-HMK-103,Cold Brew Iced Coffee Pitcher,Home & Kitchen,3,27.99,11.5,390,15,11,38
2026-03-04,SKU-HMK-103,Cold Brew Iced Coffee Pitcher,home & kitchen,1,27.99,11.5,390,15,11,38
2026-03-05,SKU-HMK-103,Cold Brew Iced Coffee Pitcher,Home & Kitchen,0,27.99,11.5,390,15,11,38
2026-03-06,SKU-HMK-103,Cold Brew Iced Coffee Pitcher,Home & Kitchen,3,27.99,11.5,390,15,11,38
2026-03-07,SKU-HMK-103,Cold Brew Iced Coffee Pitcher,Home & Kitchen,1,27.99,11.5,390,15,11,38
2026-03-08,SKU-HMK-103,Cold Brew Iced Coffee Pitcher,Home & Kitchen,1,27.99,11.5,390,15,11,38
2026-03-09,SKU-HMK-103,Cold Brew Iced Coffee Pitcher,Home & Kitchen,2,27.99,11.5,390,15,11,38
2026-03-10,SKU-HMK-103,Cold Brew Iced Coffee Pitcher,Home & Kitchen,1,27.99,11.5,390,15,11,38
2026-03-11,SKU-HMK-103,Cold Brew Iced Coffee Pitcher,Home & Kitchen,2,27.99,11.5,390,15,11,38
2026-03-12,SKU-HMK-103,Cold Brew Iced Coffee Pitcher,Home & Kitchen,3,27.99,11.5,390,15,11,38
2026-03-13,SKU-HMK-103,Cold Brew Iced Coffee Pitcher,Home & Kitchen,1,27.99,11.5,390,15,11,38
2026-03-14,SKU-HMK-103,Cold Brew Iced Coffee Pitcher,Home & Kitchen,1,27.99,11.5,390,15,11,38
2026-03-15,SKU-HMK-103,Cold Brew Iced Coffee Pitcher,Home & Kitchen,0,27.99,11.5,390,15,11,38
2026-03-16,SKU-HMK-103,Cold Brew Iced Coffee Pitcher,Home & Kitchen,0,27.99,11.5,390,15,11,38
2026-03-17,SKU-HMK-103,Cold Brew Iced Coffee Pitcher,home & kitchen,2,27.99,11.5,390,15,11,38
2026-03-18,SKU-HMK-103,Cold Brew Iced Coffee Pitcher,Home & Kitchen,0,27.99,11.5,390,15,11,38
2026-03-19,SKU-HMK-103,Cold Brew Iced Coffee Pitcher,Home & Kitchen,2,27.99,11.5,390,15,11,38
2026-03-20,SKU-HMK-103,Cold Brew Iced Coffee Pitcher,Home & Kitchen,0,27.99,11.5,390,15,11,38
2026-03-21,SKU-HMK-103,Cold Brew Iced Coffee Pitcher,Home & Kitchen,1,27.99,11.5,390,15,11,38
2026-03-22,SKU-HMK-103,Cold Brew Iced Coffee Pitcher,Home & Kitchen,1,27.99,11.5,390,15,11,38
2026-03-23,SKU-HMK-103,Cold Brew Iced Coffee Pitcher,Home & Kitchen,1,27.99,11.5,390,15,11,38
2026-03-24,SKU-HMK-103,Cold Brew Iced Coffee Pitcher,home & kitchen,3,27.99,11.5,390,15,11,38
2026-03-25,SKU-HMK-103,Cold Brew Iced Coffee Pitcher,Home & Kitchen,1,27.99,11.5,390,15,11,38
2026-03-26,SKU-HMK-103,Cold Brew Iced Coffee Pitcher,Home & Kitchen,2,27.99,11.5,390,15,11,38
2026-03-27,SKU-HMK-103,Cold Brew Iced Coffee Pitcher,Home & Kitchen,3,27.99,11.5,390,15,11,38
2026-03-28,SKU-HMK-103,Cold Brew Iced Coffee Pitcher,Home & Kitchen,0,27.99,11.5,390,15,11,38
2026-03-29,SKU-HMK-103,Cold Brew Iced Coffee Pitcher,Home & Kitchen,1,27.99,11.5,390,15,11,38
2026-03-30,SKU-HMK-103,Cold Brew Iced Coffee Pitcher,Home & Kitchen,2,27.99,11.5,390,15,11,38
2026-03-31,SKU-HMK-103,Cold Brew Iced Coffee Pitcher,Home & Kitchen,3,27.99,11.5,390,15,11,38
2026-04-01,SKU-HMK-103,Cold Brew Iced Coffee Pitcher,Home & Kitchen,3,27.99,11.5,390,15,11,38
2026-04-02,SKU-HMK-103,Cold Brew Iced Coffee Pitcher,Home & Kitchen,4,27.99,11.5,390,15,11,38
2026-04-03,SKU-HMK-103,Cold Brew Iced Coffee Pitcher,Home & Kitchen,0,27.99,11.5,390,15,11,38
2026-04-04,SKU-HMK-103,Cold Brew Iced Coffee Pitcher,Home & Kitchen,0,27.99,11.5,390,15,11,38
2026-04-05,SKU-HMK-103,Cold Brew Iced Coffee Pitcher,Home & Kitchen,3,27.99,11.5,390,15,11,38
2026-04-06,SKU-HMK-103,Cold Brew Iced Coffee Pitcher,Home & Kitchen,2,27.99,11.5,390,15,11,38
2026-04-07,SKU-HMK-103,Cold Brew Iced Coffee Pitcher,Home & Kitchen,1,27.99,11.5,390,15,11,38
2026-04-08,SKU-HMK-103,Cold Brew Iced Coffee Pitcher,Home & Kitchen,1,27.99,11.5,390,15,11,38
2026-04-09,SKU-HMK-103,Cold Brew Iced Coffee Pitcher,Home & Kitchen,1,27.99,11.5,390,15,11,38
2026-04-10,SKU-HMK-103,Cold Brew Iced Coffee Pitcher,Home & Kitchen,3,27.99,11.5,390,15,11,38
2026-04-11,SKU-HMK-103,Cold Brew Iced Coffee Pitcher,Home & Kitchen,2,27.99,11.5,390,15,11,38
2026-04-12,SKU-HMK-103,Cold Brew Iced Coffee Pitcher,Home & Kitchen,1,27.99,11.5,390,15,11,38
2026-04-13,SKU-HMK-103,Cold Brew Iced Coffee Pitcher,home & kitchen,4,27.99,11.5,390,15,11,38
2026-04-14,SKU-HMK-103,Cold Brew Iced Coffee Pitcher,Home & Kitchen,2,27.99,11.5,390,15,11,38
2026-04-15,SKU-HMK-103,Cold Brew Iced Coffee Pitcher,Home & Kitchen,0,27.99,11.5,390,15,11,38
2026-04-16,SKU-HMK-103,Cold Brew Iced Coffee Pitcher,Home & Kitchen,3,27.99,11.5,390,15,11,38
2026-04-17,SKU-HMK-103,Cold Brew Iced Coffee Pitcher,Home & Kitchen,1,27.99,11.5,390,15,11,38
2026-04-18,SKU-HMK-103,Cold Brew Iced Coffee Pitcher,home & kitchen,2,27.99,11.5,390,15,11,38
2026-04-19,SKU-HMK-103,Cold Brew Iced Coffee Pitcher,Home & Kitchen,1,27.99,11.5,390,15,11,38
2026-04-20,SKU-HMK-103,Cold Brew Iced Coffee Pitcher,Home & Kitchen,2,27.99,11.5,390,15,11,38
2026-04-21,SKU-HMK-103,Cold Brew Iced Coffee Pitcher,Home & Kitchen,3,27.99,11.5,390,15,11,38
2026-04-22,SKU-HMK-103,Cold Brew Iced Coffee Pitcher,Home & Kitchen,2,27.99,11.5,390,15,11,38
2026-04-23,SKU-HMK-103,Cold Brew Iced Coffee Pitcher,Home & Kitchen,2,27.99,11.5,390,15,11,38
2026-04-24,SKU-HMK-103,Cold Brew Iced Coffee Pitcher,home & kitchen,1,27.99,11.5,390,15,11,38
2026-04-25,SKU-HMK-103,Cold Brew Iced Coffee Pitcher,Home & Kitchen,4,27.99,11.5,390,15,11,38
2026-04-26,SKU-HMK-103,Cold Brew Iced Coffee Pitcher,Home & Kitchen,1,27.99,11.5,390,15,11,38
2026-04-27,SKU-HMK-103,Cold Brew Iced Coffee Pitcher,Home & Kitchen,0,27.99,11.5,390,15,11,38
2026-04-28,SKU-HMK-103,Cold Brew Iced Coffee Pitcher,Home & Kitchen,1,27.99,11.5,390,15,11,38
2026-04-29,SKU-HMK-103,Cold Brew Iced Coffee Pitcher,Home & Kitchen,0,27.99,11.5,390,15,11,38
2026-04-30,SKU-HMK-103,Cold Brew Iced Coffee Pitcher,Home & Kitchen,0,27.99,11.5,390,15,11,38
2026-05-01,SKU-HMK-103,Cold Brew Iced Coffee Pitcher,Home & Kitchen,2,27.99,11.5,390,15,11,38
2026-05-02,SKU-HMK-103,Cold Brew Iced Coffee Pitcher,Home & Kitchen,1,27.99,11.5,390,15,11,38
2026-05-03,SKU-HMK-103,Cold Brew Iced Coffee Pitcher,Home & Kitchen,5,27.99,11.5,390,15,11,38
2026-05-04,SKU-HMK-103,Cold Brew Iced Coffee Pitcher,Home & Kitchen,3,27.99,11.5,390,15,11,38
2026-05-05,SKU-HMK-103,Cold Brew Iced Coffee Pitcher,Home & Kitchen,1,27.99,11.5,390,15,11,38
2026-05-06,SKU-HMK-103,Cold Brew Iced Coffee Pitcher,Home & Kitchen,2,27.99,11.5,390,15,11,38
2026-05-07,SKU-HMK-103,Cold Brew Iced Coffee Pitcher,home & kitchen,1,27.99,11.5,390,15,11,38
2026-05-08,SKU-HMK-103,Cold Brew Iced Coffee Pitcher,Home & Kitchen,2,27.99,11.5,390,15,11,38
2026-05-09,SKU-HMK-103,Cold Brew Iced Coffee Pitcher,Home & Kitchen,1,27.99,11.5,390,15,11,38
2026-05-10,SKU-HMK-103,Cold Brew Iced Coffee Pitcher,Home & Kitchen,5,27.99,11.5,390,15,11,38
2026-05-11,SKU-HMK-103,Cold Brew Iced Coffee Pitcher,Home & Kitchen,1,27.99,11.5,390,15,11,38
2026-05-12,SKU-HMK-103,Cold Brew Iced Coffee Pitcher,Home & Kitchen,4,27.99,11.5,390,15,11,38
2026-05-13,SKU-HMK-103,Cold Brew Iced Coffee Pitcher,Home & Kitchen,0,27.99,11.5,390,15,11,38
2026-05-14,SKU-HMK-103,Cold Brew Iced Coffee Pitcher,Home & Kitchen,2,27.99,11.5,390,15,11,38
2026-05-15,SKU-HMK-103,Cold Brew Iced Coffee Pitcher,Home & Kitchen,2,27.99,11.5,390,15,11,38
2026-05-16,SKU-HMK-103,Cold Brew Iced Coffee Pitcher,Home & Kitchen,1,27.99,11.5,390,15,11,38
2026-05-17,SKU-HMK-103,Cold Brew Iced Coffee Pitcher,Home & Kitchen,4,27.99,11.5,390,15,11,38
2026-05-18,SKU-HMK-103,Cold Brew Iced Coffee Pitcher,Home & Kitchen,2,27.99,11.5,390,15,11,38
2026-05-19,SKU-HMK-103,Cold Brew Iced Coffee Pitcher,Home & Kitchen,4,27.99,11.5,390,15,11,38
2026-05-20,SKU-HMK-103,Cold Brew Iced Coffee Pitcher,Home & Kitchen,1,27.99,11.5,390,15,11,38
2026-05-21,SKU-HMK-103,Cold Brew Iced Coffee Pitcher,Home & Kitchen,1,27.99,11.5,390,15,11,38
2026-05-22,SKU-HMK-103,Cold Brew Iced Coffee Pitcher,Home & Kitchen,4,27.99,11.5,390,15,11,38
2026-05-23,SKU-HMK-103,Cold Brew Iced Coffee Pitcher,Home & Kitchen,2,27.99,11.5,390,15,11,38
2026-05-24,SKU-HMK-103,Cold Brew Iced Coffee Pitcher,Home & Kitchen,1,27.99,11.5,390,15,11,38
2026-05-25,SKU-HMK-103,Cold Brew Iced Coffee Pitcher,Home & Kitchen,1,27.99,11.5,390,15,11,38
2026-05-26,SKU-HMK-103,Cold Brew Iced Coffee Pitcher,Home & Kitchen,2,27.99,11.5,390,15,11,38
2026-05-27,SKU-HMK-103,Cold Brew Iced Coffee Pitcher,Home & Kitchen,2,27.99,11.5,390,15,11,38
2026-05-28,SKU-HMK-103,Cold Brew Iced Coffee Pitcher,Home & Kitchen,2,27.99,11.5,390,15,11,38
2026-05-29,SKU-HMK-103,Cold Brew Iced Coffee Pitcher,Home & Kitchen,1,27.99,11.5,390,15,11,38
2026-05-30,SKU-HMK-103,Cold Brew Iced Coffee Pitcher,Home & Kitchen,1,27.99,11.5,390,15,11,38
2026-05-31,SKU-HMK-103,Cold Brew Iced Coffee Pitcher,Home & Kitchen,3,27.99,11.5,390,15,11,38
2026-06-01,SKU-HMK-103,Cold Brew Iced Coffee Pitcher,Home & Kitchen,3,27.99,11.5,390,15,11,38
2026-06-02,SKU-HMK-103,Cold Brew Iced Coffee Pitcher,Home & Kitchen,2,27.99,11.5,390,15,11,38
2026-06-03,SKU-HMK-103,Cold Brew Iced Coffee Pitcher,Home & Kitchen,3,27.99,11.5,390,15,11,38
2026-06-04,SKU-HMK-103,Cold Brew Iced Coffee Pitcher,Home & Kitchen,2,27.99,11.5,390,15,11,38
2026-06-05,SKU-HMK-103,Cold Brew Iced Coffee Pitcher,Home & Kitchen,2,27.99,11.5,390,15,11,38
2026-06-06,SKU-HMK-103,Cold Brew Iced Coffee Pitcher,Home & Kitchen,2,27.99,11.5,390,15,11,38
2026-06-07,SKU-HMK-103,Cold Brew Iced Coffee Pitcher,home & kitchen,1,27.99,11.5,390,15,11,38
2026-06-08,SKU-HMK-103,Cold Brew Iced Coffee Pitcher,Home & Kitchen,2,27.99,11.5,390,15,11,38
2026-06-09,SKU-HMK-103,Cold Brew Iced Coffee Pitcher,Home & Kitchen,3,27.99,11.5,390,15,11,38
2026-06-10,SKU-HMK-103,Cold Brew Iced Coffee Pitcher,Home & Kitchen,2,27.99,11.5,390,15,11,38
2026-06-11,SKU-HMK-103,Cold Brew Iced Coffee Pitcher,Home & Kitchen,1,27.99,11.5,390,15,11,38
2026-06-12,SKU-HMK-103,Cold Brew Iced Coffee Pitcher,Home & Kitchen,1,27.99,11.5,390,15,11,38
2026-06-13,SKU-HMK-103,Cold Brew Iced Coffee Pitcher,Home & Kitchen,1,27.99,11.5,390,15,11,38
2026-06-14,SKU-HMK-103,Cold Brew Iced Coffee Pitcher,Home & Kitchen,4,27.99,11.5,390,15,11,38
2026-06-15,SKU-HMK-103,Cold Brew Iced Coffee Pitcher,Home & Kitchen,1,27.99,11.5,390,15,11,38
2026-06-16,SKU-HMK-103,Cold Brew Iced Coffee Pitcher,Home & Kitchen,2,27.99,11.5,390,15,11,38
2026-06-17,SKU-HMK-103,Cold Brew Iced Coffee Pitcher,Home & Kitchen,1,27.99,11.5,390,15,11,38
2026-06-18,SKU-HMK-103,Cold Brew Iced Coffee Pitcher,Home & Kitchen,1,27.99,11.5,390,15,11,38
2026-06-19,SKU-HMK-103,Cold Brew Iced Coffee Pitcher,Home & Kitchen,1,27.99,11.5,390,15,11,38
2026-06-20,SKU-HMK-103,Cold Brew Iced Coffee Pitcher,Home & Kitchen,2,27.99,11.5,390,15,11,38
2026-06-21,SKU-HMK-103,Cold Brew Iced Coffee Pitcher,Home & Kitchen,4,27.99,11.5,390,15,11,38
2026-06-22,SKU-HMK-103,Cold Brew Iced Coffee Pitcher,Home & Kitchen,2,27.99,11.5,390,15,11,38
2026-06-23,SKU-HMK-103,Cold Brew Iced Coffee Pitcher,Home & Kitchen,1,27.99,11.5,390,15,11,38
2026-06-24,SKU-HMK-103,Cold Brew Iced Coffee Pitcher,Home & Kitchen,0,27.99,11.5,390,15,11,38
2026-06-25,SKU-HMK-103,Cold Brew Iced Coffee Pitcher,Home & Kitchen,0,27.99,11.5,390,15,11,38
2026-06-26,SKU-HMK-103,Cold Brew Iced Coffee Pitcher,home & kitchen,0,27.99,11.5,390,15,11,38
2026-06-27,SKU-HMK-103,Cold Brew Iced Coffee Pitcher,home & kitchen,4,27.99,11.5,390,15,11,38
2026-06-28,SKU-HMK-103,Cold Brew Iced Coffee Pitcher,Home & Kitchen,5,27.99,11.5,390,15,11,38
2026-06-29,SKU-HMK-103,Cold Brew Iced Coffee Pitcher,home & kitchen,1,27.99,11.5,390,15,11,38
2026-06-30,SKU-HMK-103,Cold Brew Iced Coffee Pitcher,home & kitchen,0,27.99,11.5,390,15,11,38
2026-07-01,SKU-HMK-103,Cold Brew Iced Coffee Pitcher,Home & Kitchen,2,27.99,11.5,390,15,11,38
2026-07-02,SKU-HMK-103,Cold Brew Iced Coffee Pitcher,Home & Kitchen,2,27.99,11.5,390,15,11,38
2026-07-03,SKU-HMK-103,Cold Brew Iced Coffee Pitcher,Home & Kitchen,2,27.99,11.5,390,15,11,38
2026-07-04,SKU-HMK-103,Cold Brew Iced Coffee Pitcher,Home & Kitchen,4,27.99,11.5,390,15,11,38
2026-07-05,SKU-HMK-103,Cold Brew Iced Coffee Pitcher,Home & Kitchen,3,27.99,11.5,390,15,11,38
2026-07-06,SKU-HMK-103,Cold Brew Iced Coffee Pitcher,Home & Kitchen,1,27.99,11.5,390,15,11,38
2026-07-07,SKU-HMK-103,Cold Brew Iced Coffee Pitcher,Home & Kitchen,0,27.99,11.5,390,15,11,38
2026-07-08,SKU-HMK-103,Cold Brew Iced Coffee Pitcher,Home & Kitchen,1,27.99,11.5,390,15,11,38
2026-07-09,SKU-HMK-103,Cold Brew Iced Coffee Pitcher,Home & Kitchen,1,27.99,11.5,390,15,11,38
2026-07-10,SKU-HMK-103,Cold Brew Iced Coffee Pitcher,Home & Kitchen,1,27.99,11.5,390,15,11,38
2026-07-11,SKU-HMK-103,Cold Brew Iced Coffee Pitcher,Home & Kitchen,0,27.99,11.5,390,15,11,38
2026-07-12,SKU-HMK-103,Cold Brew Iced Coffee Pitcher,Home & Kitchen,0,27.99,11.5,390,15,11,38
2026-07-13,SKU-HMK-103,Cold Brew Iced Coffee Pitcher,Home & Kitchen,2,27.99,11.5,390,15,11,38
2026-07-14,SKU-HMK-103,Cold Brew Iced Coffee Pitcher,Home & Kitchen,3,27.99,11.5,390,15,11,38
2026-07-15,SKU-HMK-103,Cold Brew Iced Coffee Pitcher,Home & Kitchen,1,27.99,11.5,390,15,11,38
2026-07-16,SKU-HMK-103,Cold Brew Iced Coffee Pitcher,Home & Kitchen,2,27.99,11.5,390,15,11,38
2026-07-17,SKU-HMK-103,Cold Brew Iced Coffee Pitcher,Home & Kitchen,1,27.99,11.5,390,15,11,38
2026-07-18,SKU-HMK-103,Cold Brew Iced Coffee Pitcher,Home & Kitchen,4,27.99,11.5,390,15,11,38
2026-07-19,SKU-HMK-103,Cold Brew Iced Coffee Pitcher,Home & Kitchen,2,27.99,11.5,390,15,11,38
2026-07-20,SKU-HMK-103,Cold Brew Iced Coffee Pitcher,home & kitchen,1,27.99,11.5,390,15,11,38
2026-07-21,SKU-HMK-103,Cold Brew Iced Coffee Pitcher,Home & Kitchen,1,27.99,11.5,390,15,11,38
2026-07-22,SKU-HMK-103,Cold Brew Iced Coffee Pitcher,Home & Kitchen,2,27.99,11.5,390,15,11,38
2026-07-23,SKU-HMK-103,Cold Brew Iced Coffee Pitcher,Home & Kitchen,2,27.99,11.5,390,15,11,38
2026-07-24,SKU-HMK-103,Cold Brew Iced Coffee Pitcher,home & kitchen,2,27.99,11.5,390,15,11,38
2026-07-25,SKU-HMK-103,Cold Brew Iced Coffee Pitcher,Home & Kitchen,2,27.99,11.5,390,15,11,38
2026-07-26,SKU-HMK-103,Cold Brew Iced Coffee Pitcher,Home & Kitchen,1,27.99,11.5,390,15,11,38
2026-07-27,SKU-HMK-103,Cold Brew Iced Coffee Pitcher,Home & Kitchen,2,27.99,11.5,390,15,11,38
2026-07-28,SKU-HMK-103,Cold Brew Iced Coffee Pitcher,Home & Kitchen,3,27.99,11.5,390,15,11,38
2026-07-29,SKU-HMK-103,Cold Brew Iced Coffee Pitcher,Home & Kitchen,1,27.99,11.5,390,15,11,38
2026-07-30,SKU-HMK-103,Cold Brew Iced Coffee Pitcher,Home & Kitchen,0,27.99,11.5,390,15,11,38
2026-07-31,SKU-HMK-103,Cold Brew Iced Coffee Pitcher,Home & Kitchen,1,27.99,11.5,390,15,11,38
2026-08-01,SKU-HMK-103,Cold Brew Iced Coffee Pitcher,Home & Kitchen,0,27.99,11.5,390,15,11,38
2026-08-02,SKU-HMK-103,Cold Brew Iced Coffee Pitcher,Home & Kitchen,0,27.99,11.5,390,15,11,38
2026-08-03,SKU-HMK-103,Cold Brew Iced Coffee Pitcher,Home & Kitchen,0,27.99,11.5,390,15,11,38
2026-08-04,SKU-HMK-103,Cold Brew Iced Coffee Pitcher,Home & Kitchen,0,27.99,11.5,390,15,11,38
2026-08-05,SKU-HMK-103,Cold Brew Iced Coffee Pitcher,Home & Kitchen,2,27.99,11.5,390,15,11,38
2026-08-06,SKU-HMK-103,Cold Brew Iced Coffee Pitcher,Home & Kitchen,0,27.99,11.5,390,15,11,38
2026-08-07,SKU-HMK-103,Cold Brew Iced Coffee Pitcher,Home & Kitchen,2,27.99,11.5,390,15,11,38
2026-08-08,SKU-HMK-103,Cold Brew Iced Coffee Pitcher,Home & Kitchen,2,27.99,11.5,390,15,11,38
2026-08-09,SKU-HMK-103,Cold Brew Iced Coffee Pitcher,Home & Kitchen,1,27.99,11.5,390,15,11,38
2026-08-10,SKU-HMK-103,Cold Brew Iced Coffee Pitcher,Home & Kitchen,1,27.99,11.5,390,15,11,38
2026-08-11,SKU-HMK-103,Cold Brew Iced Coffee Pitcher,Home & Kitchen,1,27.99,11.5,390,15,11,38
2026-08-12,SKU-HMK-103,Cold Brew Iced Coffee Pitcher,Home & Kitchen,0,27.99,11.5,390,15,11,38
2026-08-13,SKU-HMK-103,Cold Brew Iced Coffee Pitcher,Home & Kitchen,0,27.99,11.5,390,15,11,38
2026-08-14,SKU-HMK-103,Cold Brew Iced Coffee Pitcher,Home & Kitchen,2,27.99,11.5,390,15,11,38
2026-08-15,SKU-HMK-103,Cold Brew Iced Coffee Pitcher,home & kitchen,2,27.99,11.5,390,15,11,38
2026-08-16,SKU-HMK-103,Cold Brew Iced Coffee Pitcher,Home & Kitchen,0,27.99,11.5,390,15,11,38
2026-08-17,SKU-HMK-103,Cold Brew Iced Coffee Pitcher,Home & Kitchen,1,27.99,11.5,390,15,11,38
2026-08-18,SKU-HMK-103,Cold Brew Iced Coffee Pitcher,home & kitchen,0,27.99,11.5,390,15,11,38
2026-08-19,SKU-HMK-103,Cold Brew Iced Coffee Pitcher,Home & Kitchen,1,27.99,11.5,390,15,11,38
2026-08-20,SKU-HMK-103,Cold Brew Iced Coffee Pitcher,Home & Kitchen,1,27.99,11.5,390,15,11,38
2026-08-21,SKU-HMK-103,Cold Brew Iced Coffee Pitcher,home & kitchen,2,27.99,11.5,390,15,11,38
2026-08-22,SKU-HMK-103,Cold Brew Iced Coffee Pitcher,Home & Kitchen,3,27.99,11.5,390,15,11,38
2026-08-23,SKU-HMK-103,Cold Brew Iced Coffee Pitcher,Home & Kitchen,0,27.99,11.5,390,15,11,38
2026-08-24,SKU-HMK-103,Cold Brew Iced Coffee Pitcher,Home & Kitchen,2,27.99,11.5,390,15,11,38
2026-08-25,SKU-HMK-103,Cold Brew Iced Coffee Pitcher,Home & Kitchen,1,27.99,11.5,390,15,11,38
2026-08-26,SKU-HMK-103,Cold Brew Iced Coffee Pitcher,Home & Kitchen,2,27.99,11.5,390,15,11,38
2026-08-27,SKU-HMK-103,Cold Brew Iced Coffee Pitcher,Home & Kitchen,2,27.99,11.5,390,15,11,38
2026-03-01,SKU-HMK-104,Electric Precision Milk Frother,Home & Kitchen,8,19.99,6.5,0,7,20,69
2026-03-02,SKU-HMK-104,Electric Precision Milk Frother,Home & Kitchen,9,19.99,6.5,0,7,20,69
2026-03-03,SKU-HMK-104,Electric Precision Milk Frother,Home & Kitchen,8,19.99,6.5,0,7,20,69
2026-03-04,SKU-HMK-104,Electric Precision Milk Frother,Home & Kitchen,3,19.99,6.5,0,7,20,69
2026-03-05,SKU-HMK-104,Electric Precision Milk Frother,Home & Kitchen,6,19.99,6.5,0,7,20,69
2026-03-06,SKU-HMK-104,Electric Precision Milk Frother,home & kitchen,6,19.99,6.5,0,7,20,69
2026-03-07,SKU-HMK-104,Electric Precision Milk Frother,Home & Kitchen,8,19.99,6.5,0,7,20,69
2026-03-08,SKU-HMK-104,Electric Precision Milk Frother,Home & Kitchen,9,19.99,6.5,0,7,20,69
2026-03-09,SKU-HMK-104,Electric Precision Milk Frother,Home & Kitchen,6,19.99,6.5,0,7,20,69
2026-03-10,SKU-HMK-104,Electric Precision Milk Frother,Home & Kitchen,6,19.99,6.5,0,7,20,69
2026-03-11,SKU-HMK-104,Electric Precision Milk Frother,Home & Kitchen,9,19.99,6.5,0,7,20,69
2026-03-12,SKU-HMK-104,Electric Precision Milk Frother,Home & Kitchen,8,19.99,6.5,0,7,20,69
2026-03-13,SKU-HMK-104,Electric Precision Milk Frother,Home & Kitchen,13,19.99,6.5,0,7,20,69
2026-03-14,SKU-HMK-104,Electric Precision Milk Frother,Home & Kitchen,8,19.99,6.5,0,7,20,69
2026-03-15,SKU-HMK-104,Electric Precision Milk Frother,Home & Kitchen,6,19.99,6.5,0,7,20,69
2026-03-16,SKU-HMK-104,Electric Precision Milk Frother,Home & Kitchen,8,19.99,6.5,0,7,20,69
2026-03-17,SKU-HMK-104,Electric Precision Milk Frother,Home & Kitchen,7,19.99,6.5,0,7,20,69
2026-03-18,SKU-HMK-104,Electric Precision Milk Frother,Home & Kitchen,9,19.99,6.5,0,7,20,69
2026-03-19,SKU-HMK-104,Electric Precision Milk Frother,Home & Kitchen,8,19.99,6.5,0,7,20,69
2026-03-20,SKU-HMK-104,Electric Precision Milk Frother,Home & Kitchen,8,19.99,6.5,0,7,20,69
2026-03-21,SKU-HMK-104,Electric Precision Milk Frother,Home & Kitchen,8,19.99,6.5,0,7,20,69
2026-03-22,SKU-HMK-104,Electric Precision Milk Frother,home & kitchen,7,19.99,6.5,0,7,20,69
2026-03-23,SKU-HMK-104,Electric Precision Milk Frother,Home & Kitchen,5,19.99,6.5,0,7,20,69
2026-03-24,SKU-HMK-104,Electric Precision Milk Frother,Home & Kitchen,7,19.99,6.5,0,7,20,69
2026-03-25,SKU-HMK-104,Electric Precision Milk Frother,Home & Kitchen,7,19.99,6.5,0,7,20,69
2026-03-26,SKU-HMK-104,Electric Precision Milk Frother,Home & Kitchen,9,19.99,6.5,0,7,20,69
2026-03-27,SKU-HMK-104,Electric Precision Milk Frother,Home & Kitchen,12,19.99,6.5,0,7,20,69
2026-03-28,SKU-HMK-104,Electric Precision Milk Frother,Home & Kitchen,8,19.99,6.5,0,7,20,69
2026-03-29,SKU-HMK-104,Electric Precision Milk Frother,Home & Kitchen,12,19.99,6.5,0,7,20,69
2026-03-30,SKU-HMK-104,Electric Precision Milk Frother,home & kitchen,4,19.99,6.5,0,7,20,69
2026-03-31,SKU-HMK-104,Electric Precision Milk Frother,Home & Kitchen,9,19.99,6.5,0,7,20,69
2026-04-01,SKU-HMK-104,Electric Precision Milk Frother,Home & Kitchen,9,19.99,6.5,0,7,20,69
2026-04-02,SKU-HMK-104,Electric Precision Milk Frother,Home & Kitchen,4,19.99,6.5,0,7,20,69
2026-04-03,SKU-HMK-104,Electric Precision Milk Frother,Home & Kitchen,11,19.99,6.5,0,7,20,69
2026-04-04,SKU-HMK-104,Electric Precision Milk Frother,Home & Kitchen,14,19.99,6.5,0,7,20,69
2026-04-05,SKU-HMK-104,Electric Precision Milk Frother,home & kitchen,9,19.99,6.5,0,7,20,69
2026-04-06,SKU-HMK-104,Electric Precision Milk Frother,Home & Kitchen,8,19.99,6.5,0,7,20,69
2026-04-07,SKU-HMK-104,Electric Precision Milk Frother,Home & Kitchen,12,19.99,6.5,0,7,20,69
2026-04-08,SKU-HMK-104,Electric Precision Milk Frother,Home & Kitchen,6,19.99,6.5,0,7,20,69
2026-04-09,SKU-HMK-104,Electric Precision Milk Frother,Home & Kitchen,8,19.99,6.5,0,7,20,69
2026-04-10,SKU-HMK-104,Electric Precision Milk Frother,Home & Kitchen,12,19.99,6.5,0,7,20,69
2026-04-11,SKU-HMK-104,Electric Precision Milk Frother,Home & Kitchen,14,19.99,6.5,0,7,20,69
2026-04-12,SKU-HMK-104,Electric Precision Milk Frother,Home & Kitchen,12,19.99,6.5,0,7,20,69
2026-04-13,SKU-HMK-104,Electric Precision Milk Frother,Home & Kitchen,6,19.99,6.5,0,7,20,69
2026-04-14,SKU-HMK-104,Electric Precision Milk Frother,Home & Kitchen,7,19.99,6.5,0,7,20,69
2026-04-15,SKU-HMK-104,Electric Precision Milk Frother,Home & Kitchen,11,19.99,6.5,0,7,20,69
2026-04-16,SKU-HMK-104,Electric Precision Milk Frother,Home & Kitchen,9,19.99,6.5,0,7,20,69
2026-04-17,SKU-HMK-104,Electric Precision Milk Frother,Home & Kitchen,4,19.99,6.5,0,7,20,69
2026-04-18,SKU-HMK-104,Electric Precision Milk Frother,home & kitchen,10,19.99,6.5,0,7,20,69
2026-04-19,SKU-HMK-104,Electric Precision Milk Frother,Home & Kitchen,8,19.99,6.5,0,7,20,69
2026-04-20,SKU-HMK-104,Electric Precision Milk Frother,Home & Kitchen,5,19.99,6.5,0,7,20,69
2026-04-21,SKU-HMK-104,Electric Precision Milk Frother,Home & Kitchen,11,19.99,6.5,0,7,20,69
2026-04-22,SKU-HMK-104,Electric Precision Milk Frother,Home & Kitchen,6,19.99,6.5,0,7,20,69
2026-04-23,SKU-HMK-104,Electric Precision Milk Frother,Home & Kitchen,8,19.99,6.5,0,7,20,69
2026-04-24,SKU-HMK-104,Electric Precision Milk Frother,Home & Kitchen,6,19.99,6.5,0,7,20,69
2026-04-25,SKU-HMK-104,Electric Precision Milk Frother,home & kitchen,6,19.99,6.5,0,7,20,69
2026-04-26,SKU-HMK-104,Electric Precision Milk Frother,Home & Kitchen,7,19.99,6.5,0,7,20,69
2026-04-27,SKU-HMK-104,Electric Precision Milk Frother,Home & Kitchen,5,19.99,6.5,0,7,20,69
2026-04-28,SKU-HMK-104,Electric Precision Milk Frother,Home & Kitchen,7,19.99,6.5,0,7,20,69
2026-04-29,SKU-HMK-104,Electric Precision Milk Frother,Home & Kitchen,4,19.99,6.5,0,7,20,69
2026-04-30,SKU-HMK-104,Electric Precision Milk Frother,Home & Kitchen,12,19.99,6.5,0,7,20,69
2026-05-01,SKU-HMK-104,Electric Precision Milk Frother,Home & Kitchen,12,19.99,6.5,0,7,20,69
2026-05-02,SKU-HMK-104,Electric Precision Milk Frother,Home & Kitchen,9,19.99,6.5,0,7,20,69
2026-05-03,SKU-HMK-104,Electric Precision Milk Frother,home & kitchen,8,19.99,6.5,0,7,20,69
2026-05-04,SKU-HMK-104,Electric Precision Milk Frother,Home & Kitchen,8,19.99,6.5,0,7,20,69
2026-05-05,SKU-HMK-104,Electric Precision Milk Frother,Home & Kitchen,6,19.99,6.5,0,7,20,69
2026-05-06,SKU-HMK-104,Electric Precision Milk Frother,Home & Kitchen,6,19.99,6.5,0,7,20,69
2026-05-07,SKU-HMK-104,Electric Precision Milk Frother,Home & Kitchen,4,19.99,6.5,0,7,20,69
2026-05-08,SKU-HMK-104,Electric Precision Milk Frother,Home & Kitchen,7,19.99,6.5,0,7,20,69
2026-05-09,SKU-HMK-104,Electric Precision Milk Frother,Home & Kitchen,11,19.99,6.5,0,7,20,69
2026-05-10,SKU-HMK-104,Electric Precision Milk Frother,Home & Kitchen,14,19.99,6.5,0,7,20,69
2026-05-11,SKU-HMK-104,Electric Precision Milk Frother,Home & Kitchen,7,19.99,6.5,0,7,20,69
2026-05-12,SKU-HMK-104,Electric Precision Milk Frother,Home & Kitchen,10,19.99,6.5,0,7,20,69
2026-05-13,SKU-HMK-104,Electric Precision Milk Frother,Home & Kitchen,6,19.99,6.5,0,7,20,69
2026-05-14,SKU-HMK-104,Electric Precision Milk Frother,Home & Kitchen,7,19.99,6.5,0,7,20,69
2026-05-15,SKU-HMK-104,Electric Precision Milk Frother,Home & Kitchen,8,19.99,6.5,0,7,20,69
2026-05-16,SKU-HMK-104,Electric Precision Milk Frother,Home & Kitchen,10,19.99,6.5,0,7,20,69
2026-05-17,SKU-HMK-104,Electric Precision Milk Frother,home & kitchen,9,19.99,6.5,0,7,20,69
2026-05-18,SKU-HMK-104,Electric Precision Milk Frother,Home & Kitchen,8,19.99,6.5,0,7,20,69
2026-05-19,SKU-HMK-104,Electric Precision Milk Frother,Home & Kitchen,11,19.99,6.5,0,7,20,69
2026-05-20,SKU-HMK-104,Electric Precision Milk Frother,Home & Kitchen,8,19.99,6.5,0,7,20,69
2026-05-21,SKU-HMK-104,Electric Precision Milk Frother,Home & Kitchen,7,19.99,6.5,0,7,20,69
2026-05-22,SKU-HMK-104,Electric Precision Milk Frother,Home & Kitchen,6,19.99,6.5,0,7,20,69
2026-05-23,SKU-HMK-104,Electric Precision Milk Frother,Home & Kitchen,11,19.99,6.5,0,7,20,69
2026-05-24,SKU-HMK-104,Electric Precision Milk Frother,Home & Kitchen,15,19.99,6.5,0,7,20,69
2026-05-25,SKU-HMK-104,Electric Precision Milk Frother,Home & Kitchen,7,19.99,6.5,0,7,20,69
2026-05-26,SKU-HMK-104,Electric Precision Milk Frother,Home & Kitchen,4,19.99,6.5,0,7,20,69
2026-05-27,SKU-HMK-104,Electric Precision Milk Frother,Home & Kitchen,6,19.99,6.5,0,7,20,69
2026-05-28,SKU-HMK-104,Electric Precision Milk Frother,Home & Kitchen,10,19.99,6.5,0,7,20,69
2026-05-29,SKU-HMK-104,Electric Precision Milk Frother,home & kitchen,9,19.99,6.5,0,7,20,69
2026-05-30,SKU-HMK-104,Electric Precision Milk Frother,Home & Kitchen,13,19.99,6.5,0,7,20,69
2026-05-31,SKU-HMK-104,Electric Precision Milk Frother,Home & Kitchen,13,19.99,6.5,0,7,20,69
2026-06-01,SKU-HMK-104,Electric Precision Milk Frother,Home & Kitchen,12,19.99,6.5,0,7,20,69
2026-06-02,SKU-HMK-104,Electric Precision Milk Frother,Home & Kitchen,9,19.99,6.5,0,7,20,69
2026-06-03,SKU-HMK-104,Electric Precision Milk Frother,Home & Kitchen,8,19.99,6.5,0,7,20,69
2026-06-04,SKU-HMK-104,Electric Precision Milk Frother,Home & Kitchen,11,19.99,6.5,0,7,20,69
2026-06-05,SKU-HMK-104,Electric Precision Milk Frother,Home & Kitchen,10,19.99,6.5,0,7,20,69
2026-06-06,SKU-HMK-104,Electric Precision Milk Frother,Home & Kitchen,12,19.99,6.5,0,7,20,69
2026-06-07,SKU-HMK-104,Electric Precision Milk Frother,Home & Kitchen,12,19.99,6.5,0,7,20,69
2026-06-08,SKU-HMK-104,Electric Precision Milk Frother,Home & Kitchen,5,19.99,6.5,0,7,20,69
2026-06-09,SKU-HMK-104,Electric Precision Milk Frother,Home & Kitchen,10,19.99,6.5,0,7,20,69
2026-06-10,SKU-HMK-104,Electric Precision Milk Frother,Home & Kitchen,10,19.99,6.5,0,7,20,69
2026-06-11,SKU-HMK-104,Electric Precision Milk Frother,Home & Kitchen,10,19.99,6.5,0,7,20,69
2026-06-12,SKU-HMK-104,Electric Precision Milk Frother,Home & Kitchen,6,19.99,6.5,0,7,20,69
2026-06-13,SKU-HMK-104,Electric Precision Milk Frother,Home & Kitchen,9,19.99,6.5,0,7,20,69
2026-06-14,SKU-HMK-104,Electric Precision Milk Frother,Home & Kitchen,11,19.99,6.5,0,7,20,69
2026-06-15,SKU-HMK-104,Electric Precision Milk Frother,Home & Kitchen,11,19.99,6.5,0,7,20,69
2026-06-16,SKU-HMK-104,Electric Precision Milk Frother,home & kitchen,7,19.99,6.5,0,7,20,69
2026-06-17,SKU-HMK-104,Electric Precision Milk Frother,Home & Kitchen,8,19.99,6.5,0,7,20,69
2026-06-18,SKU-HMK-104,Electric Precision Milk Frother,Home & Kitchen,12,19.99,6.5,0,7,20,69
2026-06-19,SKU-HMK-104,Electric Precision Milk Frother,Home & Kitchen,6,19.99,6.5,0,7,20,69
2026-06-20,SKU-HMK-104,Electric Precision Milk Frother,Home & Kitchen,12,19.99,6.5,0,7,20,69
2026-06-21,SKU-HMK-104,Electric Precision Milk Frother,Home & Kitchen,14,19.99,6.5,0,7,20,69
2026-06-22,SKU-HMK-104,Electric Precision Milk Frother,Home & Kitchen,9,19.99,6.5,0,7,20,69
2026-06-23,SKU-HMK-104,Electric Precision Milk Frother,Home & Kitchen,10,19.99,6.5,0,7,20,69
2026-06-24,SKU-HMK-104,Electric Precision Milk Frother,Home & Kitchen,10,19.99,6.5,0,7,20,69
2026-06-25,SKU-HMK-104,Electric Precision Milk Frother,Home & Kitchen,19,19.99,6.5,0,7,20,69
2026-06-26,SKU-HMK-104,Electric Precision Milk Frother,home & kitchen,12,19.99,6.5,0,7,20,69
2026-06-27,SKU-HMK-104,Electric Precision Milk Frother,Home & Kitchen,21,19.99,6.5,0,7,20,69
2026-06-28,SKU-HMK-104,Electric Precision Milk Frother,Home & Kitchen,14,19.99,6.5,0,7,20,69
2026-06-29,SKU-HMK-104,Electric Precision Milk Frother,Home & Kitchen,8,19.99,6.5,0,7,20,69
2026-06-30,SKU-HMK-104,Electric Precision Milk Frother,Home & Kitchen,13,19.99,6.5,0,7,20,69
2026-07-01,SKU-HMK-104,Electric Precision Milk Frother,Home & Kitchen,5,19.99,6.5,0,7,20,69
2026-07-02,SKU-HMK-104,Electric Precision Milk Frother,Home & Kitchen,4,19.99,6.5,0,7,20,69
2026-07-03,SKU-HMK-104,Electric Precision Milk Frother,Home & Kitchen,7,19.99,6.5,0,7,20,69
2026-07-04,SKU-HMK-104,Electric Precision Milk Frother,home & kitchen,17,19.99,6.5,0,7,20,69
2026-07-05,SKU-HMK-104,Electric Precision Milk Frother,Home & Kitchen,16,19.99,6.5,0,7,20,69
2026-07-06,SKU-HMK-104,Electric Precision Milk Frother,Home & Kitchen,16,19.99,6.5,0,7,20,69
2026-07-07,SKU-HMK-104,Electric Precision Milk Frother,Home & Kitchen,7,19.99,6.5,0,7,20,69
2026-07-08,SKU-HMK-104,Electric Precision Milk Frother,Home & Kitchen,14,19.99,6.5,0,7,20,69
2026-07-09,SKU-HMK-104,Electric Precision Milk Frother,Home & Kitchen,6,19.99,6.5,0,7,20,69
2026-07-10,SKU-HMK-104,Electric Precision Milk Frother,Home & Kitchen,8,19.99,6.5,0,7,20,69
2026-07-11,SKU-HMK-104,Electric Precision Milk Frother,Home & Kitchen,9,19.99,6.5,0,7,20,69
2026-07-12,SKU-HMK-104,Electric Precision Milk Frother,Home & Kitchen,15,19.99,6.5,0,7,20,69
2026-07-13,SKU-HMK-104,Electric Precision Milk Frother,Home & Kitchen,9,19.99,6.5,0,7,20,69
2026-07-14,SKU-HMK-104,Electric Precision Milk Frother,Home & Kitchen,8,19.99,6.5,0,7,20,69
2026-07-15,SKU-HMK-104,Electric Precision Milk Frother,home & kitchen,4,19.99,6.5,0,7,20,69
2026-07-16,SKU-HMK-104,Electric Precision Milk Frother,home & kitchen,12,19.99,6.5,0,7,20,69
2026-07-17,SKU-HMK-104,Electric Precision Milk Frother,Home & Kitchen,13,19.99,6.5,0,7,20,69
2026-07-18,SKU-HMK-104,Electric Precision Milk Frother,Home & Kitchen,15,19.99,6.5,0,7,20,69
2026-07-19,SKU-HMK-104,Electric Precision Milk Frother,Home & Kitchen,11,19.99,6.5,0,7,20,69
2026-07-20,SKU-HMK-104,Electric Precision Milk Frother,Home & Kitchen,11,19.99,6.5,0,7,20,69
2026-07-21,SKU-HMK-104,Electric Precision Milk Frother,Home & Kitchen,12,19.99,6.5,0,7,20,69
2026-07-22,SKU-HMK-104,Electric Precision Milk Frother,Home & Kitchen,14,19.99,6.5,0,7,20,69
2026-07-23,SKU-HMK-104,Electric Precision Milk Frother,home & kitchen,11,19.99,6.5,0,7,20,69
2026-07-24,SKU-HMK-104,Electric Precision Milk Frother,Home & Kitchen,9,19.99,6.5,0,7,20,69
2026-07-25,SKU-HMK-104,Electric Precision Milk Frother,Home & Kitchen,17,19.99,6.5,0,7,20,69
2026-07-26,SKU-HMK-104,Electric Precision Milk Frother,Home & Kitchen,10,19.99,6.5,0,7,20,69
2026-07-27,SKU-HMK-104,Electric Precision Milk Frother,Home & Kitchen,6,19.99,6.5,0,7,20,69
2026-07-28,SKU-HMK-104,Electric Precision Milk Frother,Home & Kitchen,11,19.99,6.5,0,7,20,69
2026-07-29,SKU-HMK-104,Electric Precision Milk Frother,home & kitchen,3,19.99,6.5,0,7,20,69
2026-07-30,SKU-HMK-104,Electric Precision Milk Frother,Home & Kitchen,8,19.99,6.5,0,7,20,69
2026-07-31,SKU-HMK-104,Electric Precision Milk Frother,Home & Kitchen,8,19.99,6.5,0,7,20,69
2026-08-01,SKU-HMK-104,Electric Precision Milk Frother,Home & Kitchen,13,19.99,6.5,0,7,20,69
2026-08-02,SKU-HMK-104,Electric Precision Milk Frother,Home & Kitchen,19,19.99,6.5,0,7,20,69
2026-08-03,SKU-HMK-104,Electric Precision Milk Frother,Home & Kitchen,13,19.99,6.5,0,7,20,69
2026-08-04,SKU-HMK-104,Electric Precision Milk Frother,Home & Kitchen,4,19.99,6.5,0,7,20,69
2026-08-05,SKU-HMK-104,Electric Precision Milk Frother,home & kitchen,7,19.99,6.5,0,7,20,69
2026-08-06,SKU-HMK-104,Electric Precision Milk Frother,Home & Kitchen,10,19.99,6.5,0,7,20,69
2026-08-07,SKU-HMK-104,Electric Precision Milk Frother,Home & Kitchen,13,19.99,6.5,0,7,20,69
2026-08-08,SKU-HMK-104,Electric Precision Milk Frother,Home & Kitchen,10,19.99,6.5,0,7,20,69
2026-08-09,SKU-HMK-104,Electric Precision Milk Frother,Home & Kitchen,8,19.99,6.5,0,7,20,69
2026-08-10,SKU-HMK-104,Electric Precision Milk Frother,Home & Kitchen,6,19.99,6.5,0,7,20,69
2026-08-11,SKU-HMK-104,Electric Precision Milk Frother,home & kitchen,8,19.99,6.5,0,7,20,69
2026-08-12,SKU-HMK-104,Electric Precision Milk Frother,Home & Kitchen,11,19.99,6.5,0,7,20,69
2026-08-13,SKU-HMK-104,Electric Precision Milk Frother,Home & Kitchen,10,19.99,6.5,0,7,20,69
2026-08-14,SKU-HMK-104,Electric Precision Milk Frother,Home & Kitchen,11,19.99,6.5,0,7,20,69
2026-08-15,SKU-HMK-104,Electric Precision Milk Frother,Home & Kitchen,17,19.99,6.5,0,7,20,69
2026-08-16,SKU-HMK-104,Electric Precision Milk Frother,Home & Kitchen,12,19.99,6.5,0,7,20,69
2026-08-17,SKU-HMK-104,Electric Precision Milk Frother,Home & Kitchen,7,19.99,6.5,0,7,20,69
2026-08-18,SKU-HMK-104,Electric Precision Milk Frother,Home & Kitchen,5,19.99,6.5,0,7,20,69
2026-08-19,SKU-HMK-104,Electric Precision Milk Frother,Home & Kitchen,13,19.99,6.5,0,7,20,69
2026-08-20,SKU-HMK-104,Electric Precision Milk Frother,Home & Kitchen,8,19.99,6.5,0,7,20,69
2026-08-21,SKU-HMK-104,Electric Precision Milk Frother,Home & Kitchen,8,19.99,6.5,0,7,20,69
2026-08-22,SKU-HMK-104,Electric Precision Milk Frother,Home & Kitchen,17,19.99,6.5,0,7,20,69
2026-08-23,SKU-HMK-104,Electric Precision Milk Frother,Home & Kitchen,12,19.99,6.5,0,7,20,69
2026-08-24,SKU-HMK-104,Electric Precision Milk Frother,Home & Kitchen,10,19.99,6.5,0,7,20,69
2026-08-25,SKU-HMK-104,Electric Precision Milk Frother,Home & Kitchen,5,19.99,6.5,0,7,20,69
2026-08-26,SKU-HMK-104,Electric Precision Milk Frother,Home & Kitchen,14,19.99,6.5,0,7,20,69
2026-08-27,SKU-HMK-104,Electric Precision Milk Frother,Home & Kitchen,8,19.99,6.5,0,7,20,69
2026-03-01,SKU-HMK-105,Cast Iron Dutch Oven 5.5Qt,Home & Kitchen,0,84.99,41.0,140,21,3,11
2026-03-02,SKU-HMK-105,Cast Iron Dutch Oven 5.5Qt,Home & Kitchen,1,84.99,41.0,140,21,3,11
2026-03-03,SKU-HMK-105,Cast Iron Dutch Oven 5.5Qt,Home & Kitchen,0,84.99,41.0,140,21,3,11
2026-03-04,SKU-HMK-105,Cast Iron Dutch Oven 5.5Qt,Home & Kitchen,0,84.99,41.0,140,21,3,11
2026-03-05,SKU-HMK-105,Cast Iron Dutch Oven 5.5Qt,Home & Kitchen,0,84.99,41.0,140,21,3,11
2026-03-06,SKU-HMK-105,Cast Iron Dutch Oven 5.5Qt,home & kitchen,0,84.99,41.0,140,21,3,11
2026-03-07,SKU-HMK-105,Cast Iron Dutch Oven 5.5Qt,Home & Kitchen,0,84.99,41.0,140,21,3,11
2026-03-08,SKU-HMK-105,Cast Iron Dutch Oven 5.5Qt,Home & Kitchen,0,84.99,41.0,140,21,3,11
2026-03-09,SKU-HMK-105,Cast Iron Dutch Oven 5.5Qt,Home & Kitchen,0,84.99,41.0,140,21,3,11
2026-03-10,SKU-HMK-105,Cast Iron Dutch Oven 5.5Qt,Home & Kitchen,0,84.99,41.0,140,21,3,11
2026-03-11,SKU-HMK-105,Cast Iron Dutch Oven 5.5Qt,Home & Kitchen,0,84.99,41.0,140,21,3,11
2026-03-12,SKU-HMK-105,Cast Iron Dutch Oven 5.5Qt,Home & Kitchen,0,84.99,41.0,140,21,3,11
2026-03-13,SKU-HMK-105,Cast Iron Dutch Oven 5.5Qt,Home & Kitchen,0,84.99,41.0,140,21,3,11
2026-03-14,SKU-HMK-105,Cast Iron Dutch Oven 5.5Qt,Home & Kitchen,0,84.99,41.0,140,21,3,11
2026-03-15,SKU-HMK-105,Cast Iron Dutch Oven 5.5Qt,Home & Kitchen,0,84.99,41.0,140,21,3,11
2026-03-16,SKU-HMK-105,Cast Iron Dutch Oven 5.5Qt,Home & Kitchen,1,84.99,41.0,140,21,3,11
2026-03-17,SKU-HMK-105,Cast Iron Dutch Oven 5.5Qt,home & kitchen,0,84.99,41.0,140,21,3,11
2026-03-18,SKU-HMK-105,Cast Iron Dutch Oven 5.5Qt,Home & Kitchen,0,84.99,41.0,140,21,3,11
2026-03-19,SKU-HMK-105,Cast Iron Dutch Oven 5.5Qt,Home & Kitchen,0,84.99,41.0,140,21,3,11
2026-03-20,SKU-HMK-105,Cast Iron Dutch Oven 5.5Qt,Home & Kitchen,0,84.99,41.0,140,21,3,11
2026-03-21,SKU-HMK-105,Cast Iron Dutch Oven 5.5Qt,Home & Kitchen,0,84.99,41.0,140,21,3,11
2026-03-22,SKU-HMK-105,Cast Iron Dutch Oven 5.5Qt,Home & Kitchen,0,84.99,41.0,140,21,3,11
2026-03-23,SKU-HMK-105,Cast Iron Dutch Oven 5.5Qt,Home & Kitchen,0,84.99,41.0,140,21,3,11
2026-03-24,SKU-HMK-105,Cast Iron Dutch Oven 5.5Qt,Home & Kitchen,0,84.99,41.0,140,21,3,11
2026-03-25,SKU-HMK-105,Cast Iron Dutch Oven 5.5Qt,Home & Kitchen,0,84.99,41.0,140,21,3,11
2026-03-26,SKU-HMK-105,Cast Iron Dutch Oven 5.5Qt,Home & Kitchen,0,84.99,41.0,140,21,3,11
2026-03-27,SKU-HMK-105,Cast Iron Dutch Oven 5.5Qt,Home & Kitchen,0,84.99,41.0,140,21,3,11
2026-03-28,SKU-HMK-105,Cast Iron Dutch Oven 5.5Qt,Home & Kitchen,0,84.99,41.0,140,21,3,11
2026-03-29,SKU-HMK-105,Cast Iron Dutch Oven 5.5Qt,Home & Kitchen,0,84.99,41.0,140,21,3,11
2026-03-30,SKU-HMK-105,Cast Iron Dutch Oven 5.5Qt,home & kitchen,0,84.99,41.0,140,21,3,11
2026-03-31,SKU-HMK-105,Cast Iron Dutch Oven 5.5Qt,Home & Kitchen,0,84.99,41.0,140,21,3,11
2026-04-01,SKU-HMK-105,Cast Iron Dutch Oven 5.5Qt,Home & Kitchen,0,84.99,41.0,140,21,3,11
2026-04-02,SKU-HMK-105,Cast Iron Dutch Oven 5.5Qt,Home & Kitchen,0,84.99,41.0,140,21,3,11
2026-04-03,SKU-HMK-105,Cast Iron Dutch Oven 5.5Qt,Home & Kitchen,0,84.99,41.0,140,21,3,11
2026-04-04,SKU-HMK-105,Cast Iron Dutch Oven 5.5Qt,Home & Kitchen,1,84.99,41.0,140,21,3,11
2026-04-05,SKU-HMK-105,Cast Iron Dutch Oven 5.5Qt,Home & Kitchen,0,84.99,41.0,140,21,3,11
2026-04-06,SKU-HMK-105,Cast Iron Dutch Oven 5.5Qt,Home & Kitchen,0,84.99,41.0,140,21,3,11
2026-04-07,SKU-HMK-105,Cast Iron Dutch Oven 5.5Qt,Home & Kitchen,0,84.99,41.0,140,21,3,11
2026-04-08,SKU-HMK-105,Cast Iron Dutch Oven 5.5Qt,Home & Kitchen,0,84.99,41.0,140,21,3,11
2026-04-09,SKU-HMK-105,Cast Iron Dutch Oven 5.5Qt,Home & Kitchen,0,84.99,41.0,140,21,3,11
2026-04-10,SKU-HMK-105,Cast Iron Dutch Oven 5.5Qt,Home & Kitchen,0,84.99,41.0,140,21,3,11
2026-04-11,SKU-HMK-105,Cast Iron Dutch Oven 5.5Qt,Home & Kitchen,0,84.99,41.0,140,21,3,11
2026-04-12,SKU-HMK-105,Cast Iron Dutch Oven 5.5Qt,Home & Kitchen,0,84.99,41.0,140,21,3,11
2026-04-13,SKU-HMK-105,Cast Iron Dutch Oven 5.5Qt,Home & Kitchen,0,84.99,41.0,140,21,3,11
2026-04-14,SKU-HMK-105,Cast Iron Dutch Oven 5.5Qt,home & kitchen,0,84.99,41.0,140,21,3,11
2026-04-15,SKU-HMK-105,Cast Iron Dutch Oven 5.5Qt,Home & Kitchen,0,84.99,41.0,140,21,3,11
2026-04-16,SKU-HMK-105,Cast Iron Dutch Oven 5.5Qt,Home & Kitchen,0,84.99,41.0,140,21,3,11
2026-04-17,SKU-HMK-105,Cast Iron Dutch Oven 5.5Qt,Home & Kitchen,0,84.99,41.0,140,21,3,11
2026-04-18,SKU-HMK-105,Cast Iron Dutch Oven 5.5Qt,Home & Kitchen,0,84.99,41.0,140,21,3,11
2026-04-19,SKU-HMK-105,Cast Iron Dutch Oven 5.5Qt,Home & Kitchen,0,84.99,41.0,140,21,3,11
2026-04-20,SKU-HMK-105,Cast Iron Dutch Oven 5.5Qt,Home & Kitchen,0,84.99,41.0,140,21,3,11
2026-04-21,SKU-HMK-105,Cast Iron Dutch Oven 5.5Qt,Home & Kitchen,0,84.99,41.0,140,21,3,11
2026-04-22,SKU-HMK-105,Cast Iron Dutch Oven 5.5Qt,home & kitchen,0,84.99,41.0,140,21,3,11
2026-04-23,SKU-HMK-105,Cast Iron Dutch Oven 5.5Qt,Home & Kitchen,0,84.99,41.0,140,21,3,11
2026-04-24,SKU-HMK-105,Cast Iron Dutch Oven 5.5Qt,Home & Kitchen,0,84.99,41.0,140,21,3,11
2026-04-25,SKU-HMK-105,Cast Iron Dutch Oven 5.5Qt,Home & Kitchen,0,84.99,41.0,140,21,3,11
2026-04-26,SKU-HMK-105,Cast Iron Dutch Oven 5.5Qt,Home & Kitchen,0,84.99,41.0,140,21,3,11
2026-04-27,SKU-HMK-105,Cast Iron Dutch Oven 5.5Qt,Home & Kitchen,0,84.99,41.0,140,21,3,11
2026-04-28,SKU-HMK-105,Cast Iron Dutch Oven 5.5Qt,Home & Kitchen,0,84.99,41.0,140,21,3,11
2026-04-29,SKU-HMK-105,Cast Iron Dutch Oven 5.5Qt,Home & Kitchen,0,84.99,41.0,140,21,3,11
2026-04-30,SKU-HMK-105,Cast Iron Dutch Oven 5.5Qt,Home & Kitchen,0,84.99,41.0,140,21,3,11
2026-05-01,SKU-HMK-105,Cast Iron Dutch Oven 5.5Qt,Home & Kitchen,0,84.99,41.0,140,21,3,11
2026-05-02,SKU-HMK-105,Cast Iron Dutch Oven 5.5Qt,Home & Kitchen,0,84.99,41.0,140,21,3,11
2026-05-03,SKU-HMK-105,Cast Iron Dutch Oven 5.5Qt,Home & Kitchen,0,84.99,41.0,140,21,3,11
2026-05-04,SKU-HMK-105,Cast Iron Dutch Oven 5.5Qt,Home & Kitchen,0,84.99,41.0,140,21,3,11
2026-05-05,SKU-HMK-105,Cast Iron Dutch Oven 5.5Qt,Home & Kitchen,1,84.99,41.0,140,21,3,11
2026-05-06,SKU-HMK-105,Cast Iron Dutch Oven 5.5Qt,Home & Kitchen,0,84.99,41.0,140,21,3,11
2026-05-07,SKU-HMK-105,Cast Iron Dutch Oven 5.5Qt,Home & Kitchen,0,84.99,41.0,140,21,3,11
2026-05-08,SKU-HMK-105,Cast Iron Dutch Oven 5.5Qt,Home & Kitchen,0,84.99,41.0,140,21,3,11
2026-05-09,SKU-HMK-105,Cast Iron Dutch Oven 5.5Qt,Home & Kitchen,0,84.99,41.0,140,21,3,11
2026-05-10,SKU-HMK-105,Cast Iron Dutch Oven 5.5Qt,Home & Kitchen,0,84.99,41.0,140,21,3,11
2026-05-11,SKU-HMK-105,Cast Iron Dutch Oven 5.5Qt,Home & Kitchen,1,84.99,41.0,140,21,3,11
2026-05-12,SKU-HMK-105,Cast Iron Dutch Oven 5.5Qt,Home & Kitchen,0,84.99,41.0,140,21,3,11
2026-05-13,SKU-HMK-105,Cast Iron Dutch Oven 5.5Qt,Home & Kitchen,0,84.99,41.0,140,21,3,11
2026-05-14,SKU-HMK-105,Cast Iron Dutch Oven 5.5Qt,Home & Kitchen,0,84.99,41.0,140,21,3,11
2026-05-15,SKU-HMK-105,Cast Iron Dutch Oven 5.5Qt,Home & Kitchen,0,84.99,41.0,140,21,3,11
2026-05-16,SKU-HMK-105,Cast Iron Dutch Oven 5.5Qt,Home & Kitchen,0,84.99,41.0,140,21,3,11
2026-05-17,SKU-HMK-105,Cast Iron Dutch Oven 5.5Qt,Home & Kitchen,0,84.99,41.0,140,21,3,11
2026-05-18,SKU-HMK-105,Cast Iron Dutch Oven 5.5Qt,Home & Kitchen,0,84.99,41.0,140,21,3,11
2026-05-19,SKU-HMK-105,Cast Iron Dutch Oven 5.5Qt,Home & Kitchen,0,84.99,41.0,140,21,3,11
2026-05-20,SKU-HMK-105,Cast Iron Dutch Oven 5.5Qt,Home & Kitchen,0,84.99,41.0,140,21,3,11
2026-05-21,SKU-HMK-105,Cast Iron Dutch Oven 5.5Qt,Home & Kitchen,1,84.99,41.0,140,21,3,11
2026-05-22,SKU-HMK-105,Cast Iron Dutch Oven 5.5Qt,Home & Kitchen,0,84.99,41.0,140,21,3,11
2026-05-23,SKU-HMK-105,Cast Iron Dutch Oven 5.5Qt,Home & Kitchen,0,84.99,41.0,140,21,3,11
2026-05-24,SKU-HMK-105,Cast Iron Dutch Oven 5.5Qt,Home & Kitchen,0,84.99,41.0,140,21,3,11
2026-05-25,SKU-HMK-105,Cast Iron Dutch Oven 5.5Qt,Home & Kitchen,1,84.99,41.0,140,21,3,11
2026-05-26,SKU-HMK-105,Cast Iron Dutch Oven 5.5Qt,Home & Kitchen,0,84.99,41.0,140,21,3,11
2026-05-27,SKU-HMK-105,Cast Iron Dutch Oven 5.5Qt,home & kitchen,0,84.99,41.0,140,21,3,11
2026-05-28,SKU-HMK-105,Cast Iron Dutch Oven 5.5Qt,Home & Kitchen,0,84.99,41.0,140,21,3,11
2026-05-29,SKU-HMK-105,Cast Iron Dutch Oven 5.5Qt,Home & Kitchen,0,84.99,41.0,140,21,3,11
2026-05-30,SKU-HMK-105,Cast Iron Dutch Oven 5.5Qt,Home & Kitchen,0,84.99,41.0,140,21,3,11
2026-05-31,SKU-HMK-105,Cast Iron Dutch Oven 5.5Qt,Home & Kitchen,0,84.99,41.0,140,21,3,11
2026-06-01,SKU-HMK-105,Cast Iron Dutch Oven 5.5Qt,Home & Kitchen,0,84.99,41.0,140,21,3,11
2026-06-02,SKU-HMK-105,Cast Iron Dutch Oven 5.5Qt,Home & Kitchen,0,84.99,41.0,140,21,3,11
2026-06-03,SKU-HMK-105,Cast Iron Dutch Oven 5.5Qt,Home & Kitchen,0,84.99,41.0,140,21,3,11
2026-06-04,SKU-HMK-105,Cast Iron Dutch Oven 5.5Qt,Home & Kitchen,0,84.99,41.0,140,21,3,11
2026-06-05,SKU-HMK-105,Cast Iron Dutch Oven 5.5Qt,Home & Kitchen,0,84.99,41.0,140,21,3,11
2026-06-06,SKU-HMK-105,Cast Iron Dutch Oven 5.5Qt,Home & Kitchen,0,84.99,41.0,140,21,3,11
2026-06-07,SKU-HMK-105,Cast Iron Dutch Oven 5.5Qt,Home & Kitchen,0,84.99,41.0,140,21,3,11
2026-06-08,SKU-HMK-105,Cast Iron Dutch Oven 5.5Qt,Home & Kitchen,0,84.99,41.0,140,21,3,11
2026-06-09,SKU-HMK-105,Cast Iron Dutch Oven 5.5Qt,Home & Kitchen,0,84.99,41.0,140,21,3,11
2026-06-10,SKU-HMK-105,Cast Iron Dutch Oven 5.5Qt,Home & Kitchen,0,84.99,41.0,140,21,3,11
2026-06-11,SKU-HMK-105,Cast Iron Dutch Oven 5.5Qt,Home & Kitchen,0,84.99,41.0,140,21,3,11
2026-06-12,SKU-HMK-105,Cast Iron Dutch Oven 5.5Qt,Home & Kitchen,0,84.99,41.0,140,21,3,11
2026-06-13,SKU-HMK-105,Cast Iron Dutch Oven 5.5Qt,Home & Kitchen,0,84.99,41.0,140,21,3,11
2026-06-14,SKU-HMK-105,Cast Iron Dutch Oven 5.5Qt,Home & Kitchen,1,84.99,41.0,140,21,3,11
2026-06-15,SKU-HMK-105,Cast Iron Dutch Oven 5.5Qt,Home & Kitchen,0,84.99,41.0,140,21,3,11
2026-06-16,SKU-HMK-105,Cast Iron Dutch Oven 5.5Qt,home & kitchen,0,84.99,41.0,140,21,3,11
2026-06-17,SKU-HMK-105,Cast Iron Dutch Oven 5.5Qt,Home & Kitchen,0,84.99,41.0,140,21,3,11
2026-06-18,SKU-HMK-105,Cast Iron Dutch Oven 5.5Qt,Home & Kitchen,0,84.99,41.0,140,21,3,11
2026-06-19,SKU-HMK-105,Cast Iron Dutch Oven 5.5Qt,home & kitchen,0,84.99,41.0,140,21,3,11
2026-06-20,SKU-HMK-105,Cast Iron Dutch Oven 5.5Qt,Home & Kitchen,0,84.99,41.0,140,21,3,11
2026-06-21,SKU-HMK-105,Cast Iron Dutch Oven 5.5Qt,Home & Kitchen,0,84.99,41.0,140,21,3,11
2026-06-22,SKU-HMK-105,Cast Iron Dutch Oven 5.5Qt,Home & Kitchen,0,84.99,41.0,140,21,3,11
2026-06-23,SKU-HMK-105,Cast Iron Dutch Oven 5.5Qt,Home & Kitchen,0,84.99,41.0,140,21,3,11
2026-06-24,SKU-HMK-105,Cast Iron Dutch Oven 5.5Qt,Home & Kitchen,0,84.99,41.0,140,21,3,11
2026-06-25,SKU-HMK-105,Cast Iron Dutch Oven 5.5Qt,Home & Kitchen,0,84.99,41.0,140,21,3,11
2026-06-26,SKU-HMK-105,Cast Iron Dutch Oven 5.5Qt,Home & Kitchen,0,84.99,41.0,140,21,3,11
2026-06-27,SKU-HMK-105,Cast Iron Dutch Oven 5.5Qt,Home & Kitchen,0,84.99,41.0,140,21,3,11
2026-06-28,SKU-HMK-105,Cast Iron Dutch Oven 5.5Qt,Home & Kitchen,0,84.99,41.0,140,21,3,11
2026-06-29,SKU-HMK-105,Cast Iron Dutch Oven 5.5Qt,Home & Kitchen,0,84.99,41.0,140,21,3,11
2026-06-30,SKU-HMK-105,Cast Iron Dutch Oven 5.5Qt,Home & Kitchen,0,84.99,41.0,140,21,3,11
2026-07-01,SKU-HMK-105,Cast Iron Dutch Oven 5.5Qt,Home & Kitchen,1,84.99,41.0,140,21,3,11
2026-07-02,SKU-HMK-105,Cast Iron Dutch Oven 5.5Qt,Home & Kitchen,0,84.99,41.0,140,21,3,11
2026-07-03,SKU-HMK-105,Cast Iron Dutch Oven 5.5Qt,home & kitchen,0,84.99,41.0,140,21,3,11
2026-07-04,SKU-HMK-105,Cast Iron Dutch Oven 5.5Qt,Home & Kitchen,0,84.99,41.0,140,21,3,11
2026-07-05,SKU-HMK-105,Cast Iron Dutch Oven 5.5Qt,Home & Kitchen,0,84.99,41.0,140,21,3,11
2026-07-06,SKU-HMK-105,Cast Iron Dutch Oven 5.5Qt,Home & Kitchen,0,84.99,41.0,140,21,3,11
2026-07-07,SKU-HMK-105,Cast Iron Dutch Oven 5.5Qt,Home & Kitchen,0,84.99,41.0,140,21,3,11
2026-07-08,SKU-HMK-105,Cast Iron Dutch Oven 5.5Qt,home & kitchen,0,84.99,41.0,140,21,3,11
2026-07-09,SKU-HMK-105,Cast Iron Dutch Oven 5.5Qt,Home & Kitchen,0,84.99,41.0,140,21,3,11
2026-07-10,SKU-HMK-105,Cast Iron Dutch Oven 5.5Qt,Home & Kitchen,0,84.99,41.0,140,21,3,11
2026-07-11,SKU-HMK-105,Cast Iron Dutch Oven 5.5Qt,Home & Kitchen,0,84.99,41.0,140,21,3,11
2026-07-12,SKU-HMK-105,Cast Iron Dutch Oven 5.5Qt,Home & Kitchen,0,84.99,41.0,140,21,3,11
2026-07-13,SKU-HMK-105,Cast Iron Dutch Oven 5.5Qt,Home & Kitchen,2,84.99,41.0,140,21,3,11
2026-07-14,SKU-HMK-105,Cast Iron Dutch Oven 5.5Qt,Home & Kitchen,0,84.99,41.0,140,21,3,11
2026-07-15,SKU-HMK-105,Cast Iron Dutch Oven 5.5Qt,Home & Kitchen,0,84.99,41.0,140,21,3,11
2026-07-16,SKU-HMK-105,Cast Iron Dutch Oven 5.5Qt,Home & Kitchen,0,84.99,41.0,140,21,3,11
2026-07-17,SKU-HMK-105,Cast Iron Dutch Oven 5.5Qt,Home & Kitchen,0,84.99,41.0,140,21,3,11
2026-07-18,SKU-HMK-105,Cast Iron Dutch Oven 5.5Qt,home & kitchen,1,84.99,41.0,140,21,3,11
2026-07-19,SKU-HMK-105,Cast Iron Dutch Oven 5.5Qt,Home & Kitchen,0,84.99,41.0,140,21,3,11
2026-07-20,SKU-HMK-105,Cast Iron Dutch Oven 5.5Qt,Home & Kitchen,0,84.99,41.0,140,21,3,11
2026-07-21,SKU-HMK-105,Cast Iron Dutch Oven 5.5Qt,Home & Kitchen,1,84.99,41.0,140,21,3,11
2026-07-22,SKU-HMK-105,Cast Iron Dutch Oven 5.5Qt,Home & Kitchen,1,84.99,41.0,140,21,3,11
2026-07-23,SKU-HMK-105,Cast Iron Dutch Oven 5.5Qt,Home & Kitchen,0,84.99,41.0,140,21,3,11
2026-07-24,SKU-HMK-105,Cast Iron Dutch Oven 5.5Qt,Home & Kitchen,0,84.99,41.0,140,21,3,11
2026-07-25,SKU-HMK-105,Cast Iron Dutch Oven 5.5Qt,Home & Kitchen,0,84.99,41.0,140,21,3,11
2026-07-26,SKU-HMK-105,Cast Iron Dutch Oven 5.5Qt,Home & Kitchen,1,84.99,41.0,140,21,3,11
2026-07-27,SKU-HMK-105,Cast Iron Dutch Oven 5.5Qt,Home & Kitchen,0,84.99,41.0,140,21,3,11
2026-07-28,SKU-HMK-105,Cast Iron Dutch Oven 5.5Qt,Home & Kitchen,0,84.99,41.0,140,21,3,11
2026-07-29,SKU-HMK-105,Cast Iron Dutch Oven 5.5Qt,Home & Kitchen,0,84.99,41.0,140,21,3,11
2026-07-30,SKU-HMK-105,Cast Iron Dutch Oven 5.5Qt,Home & Kitchen,0,84.99,41.0,140,21,3,11
2026-07-31,SKU-HMK-105,Cast Iron Dutch Oven 5.5Qt,Home & Kitchen,0,84.99,41.0,140,21,3,11
2026-08-01,SKU-HMK-105,Cast Iron Dutch Oven 5.5Qt,home & kitchen,0,84.99,41.0,140,21,3,11
2026-08-02,SKU-HMK-105,Cast Iron Dutch Oven 5.5Qt,Home & Kitchen,0,84.99,41.0,140,21,3,11
2026-08-03,SKU-HMK-105,Cast Iron Dutch Oven 5.5Qt,Home & Kitchen,0,84.99,41.0,140,21,3,11
2026-08-04,SKU-HMK-105,Cast Iron Dutch Oven 5.5Qt,Home & Kitchen,0,84.99,41.0,140,21,3,11
2026-08-05,SKU-HMK-105,Cast Iron Dutch Oven 5.5Qt,Home & Kitchen,0,84.99,41.0,140,21,3,11
2026-08-06,SKU-HMK-105,Cast Iron Dutch Oven 5.5Qt,Home & Kitchen,0,84.99,41.0,140,21,3,11
2026-08-07,SKU-HMK-105,Cast Iron Dutch Oven 5.5Qt,Home & Kitchen,0,84.99,41.0,140,21,3,11
2026-08-08,SKU-HMK-105,Cast Iron Dutch Oven 5.5Qt,Home & Kitchen,1,84.99,41.0,140,21,3,11
2026-08-09,SKU-HMK-105,Cast Iron Dutch Oven 5.5Qt,Home & Kitchen,0,84.99,41.0,140,21,3,11
2026-08-10,SKU-HMK-105,Cast Iron Dutch Oven 5.5Qt,Home & Kitchen,0,84.99,41.0,140,21,3,11
2026-08-11,SKU-HMK-105,Cast Iron Dutch Oven 5.5Qt,home & kitchen,0,84.99,41.0,140,21,3,11
2026-08-12,SKU-HMK-105,Cast Iron Dutch Oven 5.5Qt,Home & Kitchen,0,84.99,41.0,140,21,3,11
2026-08-13,SKU-HMK-105,Cast Iron Dutch Oven 5.5Qt,Home & Kitchen,0,84.99,41.0,140,21,3,11
2026-08-14,SKU-HMK-105,Cast Iron Dutch Oven 5.5Qt,Home & Kitchen,0,84.99,41.0,140,21,3,11
2026-08-15,SKU-HMK-105,Cast Iron Dutch Oven 5.5Qt,Home & Kitchen,0,84.99,41.0,140,21,3,11
2026-08-16,SKU-HMK-105,Cast Iron Dutch Oven 5.5Qt,Home & Kitchen,0,84.99,41.0,140,21,3,11
2026-08-17,SKU-HMK-105,Cast Iron Dutch Oven 5.5Qt,Home & Kitchen,0,84.99,41.0,140,21,3,11
2026-08-18,SKU-HMK-105,Cast Iron Dutch Oven 5.5Qt,Home & Kitchen,0,84.99,41.0,140,21,3,11
2026-08-19,SKU-HMK-105,Cast Iron Dutch Oven 5.5Qt,Home & Kitchen,0,84.99,41.0,140,21,3,11
2026-08-20,SKU-HMK-105,Cast Iron Dutch Oven 5.5Qt,Home & Kitchen,0,84.99,41.0,140,21,3,11
2026-08-21,SKU-HMK-105,Cast Iron Dutch Oven 5.5Qt,Home & Kitchen,0,84.99,41.0,140,21,3,11
2026-08-22,SKU-HMK-105,Cast Iron Dutch Oven 5.5Qt,Home & Kitchen,0,84.99,41.0,140,21,3,11
2026-08-23,SKU-HMK-105,Cast Iron Dutch Oven 5.5Qt,Home & Kitchen,0,84.99,41.0,140,21,3,11
2026-08-24,SKU-HMK-105,Cast Iron Dutch Oven 5.5Qt,Home & Kitchen,0,84.99,41.0,140,21,3,11
2026-08-25,SKU-HMK-105,Cast Iron Dutch Oven 5.5Qt,Home & Kitchen,0,84.99,41.0,140,21,3,11
2026-08-26,SKU-HMK-105,Cast Iron Dutch Oven 5.5Qt,Home & Kitchen,0,84.99,41.0,140,21,3,11
2026-08-27,SKU-HMK-105,Cast Iron Dutch Oven 5.5Qt,Home & Kitchen,0,84.99,41.0,140,21,3,11
2026-03-01,SKU-HMK-106,Smart WiFi Food Scale,Home & Kitchen,8,39.99,17.5,92,12,19,67
2026-03-02,SKU-HMK-106,Smart WiFi Food Scale,Home & Kitchen,2,39.99,17.5,92,12,19,67
2026-03-03,SKU-HMK-106,Smart WiFi Food Scale,home & kitchen,6,39.99,17.5,92,12,19,67
2026-03-04,SKU-HMK-106,Smart WiFi Food Scale,Home & Kitchen,2,39.99,17.5,92,12,19,67
2026-03-05,SKU-HMK-106,Smart WiFi Food Scale,Home & Kitchen,3,39.99,17.5,92,12,19,67
2026-03-06,SKU-HMK-106,Smart WiFi Food Scale,Home & Kitchen,3,39.99,17.5,92,12,19,67
2026-03-07,SKU-HMK-106,Smart WiFi Food Scale,Home & Kitchen,5,39.99,17.5,92,12,19,67
2026-03-08,SKU-HMK-106,Smart WiFi Food Scale,Home & Kitchen,6,39.99,17.5,92,12,19,67
2026-03-09,SKU-HMK-106,Smart WiFi Food Scale,Home & Kitchen,8,39.99,17.5,92,12,19,67
2026-03-10,SKU-HMK-106,Smart WiFi Food Scale,Home & Kitchen,4,39.99,17.5,92,12,19,67
2026-03-11,SKU-HMK-106,Smart WiFi Food Scale,Home & Kitchen,7,39.99,17.5,92,12,19,67
2026-03-12,SKU-HMK-106,Smart WiFi Food Scale,Home & Kitchen,3,39.99,17.5,92,12,19,67
2026-03-13,SKU-HMK-106,Smart WiFi Food Scale,Home & Kitchen,1,39.99,17.5,92,12,19,67
2026-03-14,SKU-HMK-106,Smart WiFi Food Scale,Home & Kitchen,2,39.99,17.5,92,12,19,67
2026-03-15,SKU-HMK-106,Smart WiFi Food Scale,Home & Kitchen,9,39.99,17.5,92,12,19,67
2026-03-16,SKU-HMK-106,Smart WiFi Food Scale,Home & Kitchen,7,39.99,17.5,92,12,19,67
2026-03-17,SKU-HMK-106,Smart WiFi Food Scale,Home & Kitchen,7,39.99,17.5,92,12,19,67
2026-03-18,SKU-HMK-106,Smart WiFi Food Scale,Home & Kitchen,6,39.99,17.5,92,12,19,67
2026-03-19,SKU-HMK-106,Smart WiFi Food Scale,Home & Kitchen,6,39.99,17.5,92,12,19,67
2026-03-20,SKU-HMK-106,Smart WiFi Food Scale,home & kitchen,2,39.99,17.5,92,12,19,67
2026-03-21,SKU-HMK-106,Smart WiFi Food Scale,Home & Kitchen,9,39.99,17.5,92,12,19,67
2026-03-22,SKU-HMK-106,Smart WiFi Food Scale,Home & Kitchen,7,39.99,17.5,92,12,19,67
2026-03-23,SKU-HMK-106,Smart WiFi Food Scale,Home & Kitchen,4,39.99,17.5,92,12,19,67
2026-03-24,SKU-HMK-106,Smart WiFi Food Scale,Home & Kitchen,6,39.99,17.5,92,12,19,67
2026-03-25,SKU-HMK-106,Smart WiFi Food Scale,Home & Kitchen,4,39.99,17.5,92,12,19,67
2026-03-26,SKU-HMK-106,Smart WiFi Food Scale,Home & Kitchen,4,39.99,17.5,92,12,19,67
2026-03-27,SKU-HMK-106,Smart WiFi Food Scale,Home & Kitchen,3,39.99,17.5,92,12,19,67
2026-03-28,SKU-HMK-106,Smart WiFi Food Scale,Home & Kitchen,8,39.99,17.5,92,12,19,67
2026-03-29,SKU-HMK-106,Smart WiFi Food Scale,Home & Kitchen,6,39.99,17.5,92,12,19,67
2026-03-30,SKU-HMK-106,Smart WiFi Food Scale,Home & Kitchen,4,39.99,17.5,92,12,19,67
2026-03-31,SKU-HMK-106,Smart WiFi Food Scale,Home & Kitchen,5,39.99,17.5,92,12,19,67
2026-04-01,SKU-HMK-106,Smart WiFi Food Scale,Home & Kitchen,0,39.99,17.5,92,12,19,67
2026-04-02,SKU-HMK-106,Smart WiFi Food Scale,Home & Kitchen,1,39.99,17.5,92,12,19,67
2026-04-03,SKU-HMK-106,Smart WiFi Food Scale,Home & Kitchen,4,39.99,17.5,92,12,19,67
2026-04-04,SKU-HMK-106,Smart WiFi Food Scale,Home & Kitchen,3,39.99,17.5,92,12,19,67
2026-04-05,SKU-HMK-106,Smart WiFi Food Scale,Home & Kitchen,6,39.99,17.5,92,12,19,67
2026-04-06,SKU-HMK-106,Smart WiFi Food Scale,Home & Kitchen,6,39.99,17.5,92,12,19,67
2026-04-07,SKU-HMK-106,Smart WiFi Food Scale,Home & Kitchen,0,39.99,17.5,92,12,19,67
2026-04-08,SKU-HMK-106,Smart WiFi Food Scale,Home & Kitchen,3,39.99,17.5,92,12,19,67
2026-04-09,SKU-HMK-106,Smart WiFi Food Scale,Home & Kitchen,4,39.99,17.5,92,12,19,67
2026-04-10,SKU-HMK-106,Smart WiFi Food Scale,Home & Kitchen,4,39.99,17.5,92,12,19,67
2026-04-11,SKU-HMK-106,Smart WiFi Food Scale,Home & Kitchen,6,39.99,17.5,92,12,19,67
2026-04-12,SKU-HMK-106,Smart WiFi Food Scale,Home & Kitchen,8,39.99,17.5,92,12,19,67
2026-04-13,SKU-HMK-106,Smart WiFi Food Scale,home & kitchen,5,39.99,17.5,92,12,19,67
2026-04-14,SKU-HMK-106,Smart WiFi Food Scale,Home & Kitchen,3,39.99,17.5,92,12,19,67
2026-04-15,SKU-HMK-106,Smart WiFi Food Scale,Home & Kitchen,6,39.99,17.5,92,12,19,67
2026-04-16,SKU-HMK-106,Smart WiFi Food Scale,Home & Kitchen,6,39.99,17.5,92,12,19,67
2026-04-17,SKU-HMK-106,Smart WiFi Food Scale,Home & Kitchen,2,39.99,17.5,92,12,19,67
2026-04-18,SKU-HMK-106,Smart WiFi Food Scale,Home & Kitchen,7,39.99,17.5,92,12,19,67
2026-04-19,SKU-HMK-106,Smart WiFi Food Scale,Home & Kitchen,3,39.99,17.5,92,12,19,67
2026-04-20,SKU-HMK-106,Smart WiFi Food Scale,Home & Kitchen,3,39.99,17.5,92,12,19,67
2026-04-21,SKU-HMK-106,Smart WiFi Food Scale,Home & Kitchen,8,39.99,17.5,92,12,19,67
2026-04-22,SKU-HMK-106,Smart WiFi Food Scale,Home & Kitchen,0,39.99,17.5,92,12,19,67
2026-04-23,SKU-HMK-106,Smart WiFi Food Scale,Home & Kitchen,2,39.99,17.5,92,12,19,67
2026-04-24,SKU-HMK-106,Smart WiFi Food Scale,Home & Kitchen,1,39.99,17.5,92,12,19,67
2026-04-25,SKU-HMK-106,Smart WiFi Food Scale,Home & Kitchen,2,39.99,17.5,92,12,19,67
2026-04-26,SKU-HMK-106,Smart WiFi Food Scale,Home & Kitchen,5,39.99,17.5,92,12,19,67
2026-04-27,SKU-HMK-106,Smart WiFi Food Scale,Home & Kitchen,7,39.99,17.5,92,12,19,67
2026-04-28,SKU-HMK-106,Smart WiFi Food Scale,Home & Kitchen,2,39.99,17.5,92,12,19,67
2026-04-29,SKU-HMK-106,Smart WiFi Food Scale,Home & Kitchen,4,39.99,17.5,92,12,19,67
2026-04-30,SKU-HMK-106,Smart WiFi Food Scale,Home & Kitchen,0,39.99,17.5,92,12,19,67
2026-05-01,SKU-HMK-106,Smart WiFi Food Scale,Home & Kitchen,7,39.99,17.5,92,12,19,67
2026-05-02,SKU-HMK-106,Smart WiFi Food Scale,Home & Kitchen,5,39.99,17.5,92,12,19,67
2026-05-03,SKU-HMK-106,Smart WiFi Food Scale,Home & Kitchen,4,39.99,17.5,92,12,19,67
2026-05-04,SKU-HMK-106,Smart WiFi Food Scale,Home & Kitchen,8,39.99,17.5,92,12,19,67
2026-05-05,SKU-HMK-106,Smart WiFi Food Scale,Home & Kitchen,2,39.99,17.5,92,12,19,67
2026-05-06,SKU-HMK-106,Smart WiFi Food Scale,Home & Kitchen,5,39.99,17.5,92,12,19,67
2026-05-07,SKU-HMK-106,Smart WiFi Food Scale,Home & Kitchen,4,39.99,17.5,92,12,19,67
2026-05-08,SKU-HMK-106,Smart WiFi Food Scale,Home & Kitchen,2,39.99,17.5,92,12,19,67
2026-05-09,SKU-HMK-106,Smart WiFi Food Scale,home & kitchen,6,39.99,17.5,92,12,19,67
2026-05-10,SKU-HMK-106,Smart WiFi Food Scale,Home & Kitchen,6,39.99,17.5,92,12,19,67
2026-05-11,SKU-HMK-106,Smart WiFi Food Scale,Home & Kitchen,2,39.99,17.5,92,12,19,67
2026-05-12,SKU-HMK-106,Smart WiFi Food Scale,Home & Kitchen,1,39.99,17.5,92,12,19,67
2026-05-13,SKU-HMK-106,Smart WiFi Food Scale,Home & Kitchen,2,39.99,17.5,92,12,19,67
2026-05-14,SKU-HMK-106,Smart WiFi Food Scale,home & kitchen,1,39.99,17.5,92,12,19,67
2026-05-15,SKU-HMK-106,Smart WiFi Food Scale,Home & Kitchen,3,39.99,17.5,92,12,19,67
2026-05-16,SKU-HMK-106,Smart WiFi Food Scale,Home & Kitchen,4,39.99,17.5,92,12,19,67
2026-05-17,SKU-HMK-106,Smart WiFi Food Scale,Home & Kitchen,8,39.99,17.5,92,12,19,67
2026-05-18,SKU-HMK-106,Smart WiFi Food Scale,Home & Kitchen,0,39.99,17.5,92,12,19,67
2026-05-19,SKU-HMK-106,Smart WiFi Food Scale,Home & Kitchen,3,39.99,17.5,92,12,19,67
2026-05-20,SKU-HMK-106,Smart WiFi Food Scale,Home & Kitchen,1,39.99,17.5,92,12,19,67
2026-05-21,SKU-HMK-106,Smart WiFi Food Scale,home & kitchen,7,39.99,17.5,92,12,19,67
2026-05-22,SKU-HMK-106,Smart WiFi Food Scale,Home & Kitchen,3,39.99,17.5,92,12,19,67
2026-05-23,SKU-HMK-106,Smart WiFi Food Scale,Home & Kitchen,6,39.99,17.5,92,12,19,67
2026-05-24,SKU-HMK-106,Smart WiFi Food Scale,Home & Kitchen,5,39.99,17.5,92,12,19,67
2026-05-25,SKU-HMK-106,Smart WiFi Food Scale,Home & Kitchen,4,39.99,17.5,92,12,19,67
2026-05-26,SKU-HMK-106,Smart WiFi Food Scale,Home & Kitchen,2,39.99,17.5,92,12,19,67
2026-05-27,SKU-HMK-106,Smart WiFi Food Scale,Home & Kitchen,2,39.99,17.5,92,12,19,67
2026-05-28,SKU-HMK-106,Smart WiFi Food Scale,Home & Kitchen,5,39.99,17.5,92,12,19,67
2026-05-29,SKU-HMK-106,Smart WiFi Food Scale,Home & Kitchen,5,39.99,17.5,92,12,19,67
2026-05-30,SKU-HMK-106,Smart WiFi Food Scale,Home & Kitchen,2,39.99,17.5,92,12,19,67
2026-05-31,SKU-HMK-106,Smart WiFi Food Scale,Home & Kitchen,6,39.99,17.5,92,12,19,67
2026-06-01,SKU-HMK-106,Smart WiFi Food Scale,Home & Kitchen,3,39.99,17.5,92,12,19,67
2026-06-02,SKU-HMK-106,Smart WiFi Food Scale,Home & Kitchen,3,39.99,17.5,92,12,19,67
2026-06-03,SKU-HMK-106,Smart WiFi Food Scale,Home & Kitchen,1,39.99,17.5,92,12,19,67
2026-06-04,SKU-HMK-106,Smart WiFi Food Scale,Home & Kitchen,5,39.99,17.5,92,12,19,67
2026-06-05,SKU-HMK-106,Smart WiFi Food Scale,Home & Kitchen,3,39.99,17.5,92,12,19,67
2026-06-06,SKU-HMK-106,Smart WiFi Food Scale,Home & Kitchen,4,39.99,17.5,92,12,19,67
2026-06-07,SKU-HMK-106,Smart WiFi Food Scale,Home & Kitchen,6,39.99,17.5,92,12,19,67
2026-06-08,SKU-HMK-106,Smart WiFi Food Scale,Home & Kitchen,7,39.99,17.5,92,12,19,67
2026-06-09,SKU-HMK-106,Smart WiFi Food Scale,Home & Kitchen,4,39.99,17.5,92,12,19,67
2026-06-10,SKU-HMK-106,Smart WiFi Food Scale,Home & Kitchen,4,39.99,17.5,92,12,19,67
2026-06-11,SKU-HMK-106,Smart WiFi Food Scale,Home & Kitchen,2,39.99,17.5,92,12,19,67
2026-06-12,SKU-HMK-106,Smart WiFi Food Scale,Home & Kitchen,2,39.99,17.5,92,12,19,67
2026-06-13,SKU-HMK-106,Smart WiFi Food Scale,Home & Kitchen,9,39.99,17.5,92,12,19,67
2026-06-14,SKU-HMK-106,Smart WiFi Food Scale,Home & Kitchen,7,39.99,17.5,92,12,19,67
2026-06-15,SKU-HMK-106,Smart WiFi Food Scale,Home & Kitchen,7,39.99,17.5,92,12,19,67
2026-06-16,SKU-HMK-106,Smart WiFi Food Scale,Home & Kitchen,3,39.99,17.5,92,12,19,67
2026-06-17,SKU-HMK-106,Smart WiFi Food Scale,Home & Kitchen,3,39.99,17.5,92,12,19,67
2026-06-18,SKU-HMK-106,Smart WiFi Food Scale,Home & Kitchen,1,39.99,17.5,92,12,19,67
2026-06-19,SKU-HMK-106,Smart WiFi Food Scale,home & kitchen,6,39.99,17.5,92,12,19,67
2026-06-20,SKU-HMK-106,Smart WiFi Food Scale,Home & Kitchen,10,39.99,17.5,92,12,19,67
2026-06-21,SKU-HMK-106,Smart WiFi Food Scale,Home & Kitchen,7,39.99,17.5,92,12,19,67
2026-06-22,SKU-HMK-106,Smart WiFi Food Scale,Home & Kitchen,5,39.99,17.5,92,12,19,67
2026-06-23,SKU-HMK-106,Smart WiFi Food Scale,Home & Kitchen,3,39.99,17.5,92,12,19,67
2026-06-24,SKU-HMK-106,Smart WiFi Food Scale,Home & Kitchen,6,39.99,17.5,92,12,19,67
2026-06-25,SKU-HMK-106,Smart WiFi Food Scale,Home & Kitchen,5,39.99,17.5,92,12,19,67
2026-06-26,SKU-HMK-106,Smart WiFi Food Scale,Home & Kitchen,7,39.99,17.5,92,12,19,67
2026-06-27,SKU-HMK-106,Smart WiFi Food Scale,Home & Kitchen,6,39.99,17.5,92,12,19,67
2026-06-28,SKU-HMK-106,Smart WiFi Food Scale,Home & Kitchen,8,39.99,17.5,92,12,19,67
2026-06-29,SKU-HMK-106,Smart WiFi Food Scale,Home & Kitchen,7,39.99,17.5,92,12,19,67
2026-06-30,SKU-HMK-106,Smart WiFi Food Scale,Home & Kitchen,8,39.99,17.5,92,12,19,67
2026-07-01,SKU-HMK-106,Smart WiFi Food Scale,Home & Kitchen,4,39.99,17.5,92,12,19,67
2026-07-02,SKU-HMK-106,Smart WiFi Food Scale,home & kitchen,7,39.99,17.5,92,12,19,67
2026-07-03,SKU-HMK-106,Smart WiFi Food Scale,Home & Kitchen,5,39.99,17.5,92,12,19,67
2026-07-04,SKU-HMK-106,Smart WiFi Food Scale,Home & Kitchen,4,39.99,17.5,92,12,19,67
2026-07-05,SKU-HMK-106,Smart WiFi Food Scale,Home & Kitchen,6,39.99,17.5,92,12,19,67
2026-07-06,SKU-HMK-106,Smart WiFi Food Scale,Home & Kitchen,5,39.99,17.5,92,12,19,67
2026-07-07,SKU-HMK-106,Smart WiFi Food Scale,Home & Kitchen,4,39.99,17.5,92,12,19,67
2026-07-08,SKU-HMK-106,Smart WiFi Food Scale,Home & Kitchen,6,39.99,17.5,92,12,19,67
2026-07-09,SKU-HMK-106,Smart WiFi Food Scale,Home & Kitchen,4,39.99,17.5,92,12,19,67
2026-07-10,SKU-HMK-106,Smart WiFi Food Scale,Home & Kitchen,5,39.99,17.5,92,12,19,67
2026-07-11,SKU-HMK-106,Smart WiFi Food Scale,Home & Kitchen,14,39.99,17.5,92,12,19,67
2026-07-12,SKU-HMK-106,Smart WiFi Food Scale,Home & Kitchen,3,39.99,17.5,92,12,19,67
2026-07-13,SKU-HMK-106,Smart WiFi Food Scale,Home & Kitchen,5,39.99,17.5,92,12,19,67
2026-07-14,SKU-HMK-106,Smart WiFi Food Scale,Home & Kitchen,6,39.99,17.5,92,12,19,67
2026-07-15,SKU-HMK-106,Smart WiFi Food Scale,Home & Kitchen,3,39.99,17.5,92,12,19,67
2026-07-16,SKU-HMK-106,Smart WiFi Food Scale,Home & Kitchen,5,39.99,17.5,92,12,19,67
2026-07-17,SKU-HMK-106,Smart WiFi Food Scale,Home & Kitchen,2,39.99,17.5,92,12,19,67
2026-07-18,SKU-HMK-106,Smart WiFi Food Scale,Home & Kitchen,4,39.99,17.5,92,12,19,67
2026-07-19,SKU-HMK-106,Smart WiFi Food Scale,Home & Kitchen,3,39.99,17.5,92,12,19,67
2026-07-20,SKU-HMK-106,Smart WiFi Food Scale,Home & Kitchen,3,39.99,17.5,92,12,19,67
2026-07-21,SKU-HMK-106,Smart WiFi Food Scale,Home & Kitchen,1,39.99,17.5,92,12,19,67
2026-07-22,SKU-HMK-106,Smart WiFi Food Scale,Home & Kitchen,5,39.99,17.5,92,12,19,67
2026-07-23,SKU-HMK-106,Smart WiFi Food Scale,home & kitchen,3,39.99,17.5,92,12,19,67
2026-07-24,SKU-HMK-106,Smart WiFi Food Scale,Home & Kitchen,5,39.99,17.5,92,12,19,67
2026-07-25,SKU-HMK-106,Smart WiFi Food Scale,Home & Kitchen,9,39.99,17.5,92,12,19,67
2026-07-26,SKU-HMK-106,Smart WiFi Food Scale,home & kitchen,5,39.99,17.5,92,12,19,67
2026-07-27,SKU-HMK-106,Smart WiFi Food Scale,Home & Kitchen,3,39.99,17.5,92,12,19,67
2026-07-28,SKU-HMK-106,Smart WiFi Food Scale,Home & Kitchen,3,39.99,17.5,92,12,19,67
2026-07-29,SKU-HMK-106,Smart WiFi Food Scale,Home & Kitchen,7,39.99,17.5,92,12,19,67
2026-07-30,SKU-HMK-106,Smart WiFi Food Scale,home & kitchen,5,39.99,17.5,92,12,19,67
2026-07-31,SKU-HMK-106,Smart WiFi Food Scale,Home & Kitchen,4,39.99,17.5,92,12,19,67
2026-08-01,SKU-HMK-106,Smart WiFi Food Scale,Home & Kitchen,3,39.99,17.5,92,12,19,67
2026-08-02,SKU-HMK-106,Smart WiFi Food Scale,Home & Kitchen,8,39.99,17.5,92,12,19,67
2026-08-03,SKU-HMK-106,Smart WiFi Food Scale,Home & Kitchen,8,39.99,17.5,92,12,19,67
2026-08-04,SKU-HMK-106,Smart WiFi Food Scale,Home & Kitchen,3,39.99,17.5,92,12,19,67
2026-08-05,SKU-HMK-106,Smart WiFi Food Scale,Home & Kitchen,5,39.99,17.5,92,12,19,67
2026-08-06,SKU-HMK-106,Smart WiFi Food Scale,Home & Kitchen,5,39.99,17.5,92,12,19,67
2026-08-07,SKU-HMK-106,Smart WiFi Food Scale,Home & Kitchen,2,39.99,17.5,92,12,19,67
2026-08-08,SKU-HMK-106,Smart WiFi Food Scale,Home & Kitchen,9,39.99,17.5,92,12,19,67
2026-08-09,SKU-HMK-106,Smart WiFi Food Scale,Home & Kitchen,3,39.99,17.5,92,12,19,67
2026-08-10,SKU-HMK-106,Smart WiFi Food Scale,Home & Kitchen,3,39.99,17.5,92,12,19,67
2026-08-11,SKU-HMK-106,Smart WiFi Food Scale,Home & Kitchen,6,39.99,17.5,92,12,19,67
2026-08-12,SKU-HMK-106,Smart WiFi Food Scale,Home & Kitchen,3,39.99,17.5,92,12,19,67
2026-08-13,SKU-HMK-106,Smart WiFi Food Scale,Home & Kitchen,3,39.99,17.5,92,12,19,67
2026-08-14,SKU-HMK-106,Smart WiFi Food Scale,Home & Kitchen,6,39.99,17.5,92,12,19,67
2026-08-15,SKU-HMK-106,Smart WiFi Food Scale,Home & Kitchen,3,39.99,17.5,92,12,19,67
2026-08-16,SKU-HMK-106,Smart WiFi Food Scale,Home & Kitchen,12,39.99,17.5,92,12,19,67
2026-08-17,SKU-HMK-106,Smart WiFi Food Scale,Home & Kitchen,2,39.99,17.5,92,12,19,67
2026-08-18,SKU-HMK-106,Smart WiFi Food Scale,Home & Kitchen,3,39.99,17.5,92,12,19,67
2026-08-19,SKU-HMK-106,Smart WiFi Food Scale,Home & Kitchen,0,39.99,17.5,92,12,19,67
2026-08-20,SKU-HMK-106,Smart WiFi Food Scale,Home & Kitchen,2,39.99,17.5,92,12,19,67
2026-08-21,SKU-HMK-106,Smart WiFi Food Scale,Home & Kitchen,3,39.99,17.5,92,12,19,67
2026-08-22,SKU-HMK-106,Smart WiFi Food Scale,home & kitchen,3,39.99,17.5,92,12,19,67
2026-08-23,SKU-HMK-106,Smart WiFi Food Scale,Home & Kitchen,4,39.99,17.5,92,12,19,67
2026-08-24,SKU-HMK-106,Smart WiFi Food Scale,Home & Kitchen,4,39.99,17.5,92,12,19,67
2026-08-25,SKU-HMK-106,Smart WiFi Food Scale,Home & Kitchen,3,39.99,17.5,92,12,19,67
2026-08-26,SKU-HMK-106,Smart WiFi Food Scale,Home & Kitchen,7,39.99,17.5,92,12,19,67
2026-08-27,SKU-HMK-106,Smart WiFi Food Scale,Home & Kitchen,2,39.99,17.5,92,12,19,67
2026-03-01,SKU-HMK-107,Silicone Baking Mat Set,Home & Kitchen,7,18.5,6.0,22,10,21,73
2026-03-02,SKU-HMK-107,Silicone Baking Mat Set,Home & Kitchen,5,18.5,6.0,22,10,21,73
2026-03-03,SKU-HMK-107,Silicone Baking Mat Set,Home & Kitchen,1,18.5,6.0,22,10,21,73
2026-03-04,SKU-HMK-107,Silicone Baking Mat Set,Home & Kitchen,6,18.5,6.0,22,10,21,73
2026-03-05,SKU-HMK-107,Silicone Baking Mat Set,Home & Kitchen,6,18.5,6.0,22,10,21,73
2026-03-06,SKU-HMK-107,Silicone Baking Mat Set,Home & Kitchen,5,18.5,6.0,22,10,21,73
2026-03-07,SKU-HMK-107,Silicone Baking Mat Set,Home & Kitchen,9,18.5,6.0,22,10,21,73
2026-03-08,SKU-HMK-107,Silicone Baking Mat Set,Home & Kitchen,5,18.5,6.0,22,10,21,73
2026-03-09,SKU-HMK-107,Silicone Baking Mat Set,Home & Kitchen,5,18.5,6.0,22,10,21,73
2026-03-10,SKU-HMK-107,Silicone Baking Mat Set,Home & Kitchen,7,18.5,6.0,22,10,21,73
2026-03-11,SKU-HMK-107,Silicone Baking Mat Set,Home & Kitchen,6,18.5,6.0,22,10,21,73
2026-03-12,SKU-HMK-107,Silicone Baking Mat Set,Home & Kitchen,9,18.5,6.0,22,10,21,73
2026-03-13,SKU-HMK-107,Silicone Baking Mat Set,Home & Kitchen,1,18.5,6.0,22,10,21,73
2026-03-14,SKU-HMK-107,Silicone Baking Mat Set,Home & Kitchen,8,18.5,6.0,22,10,21,73
2026-03-15,SKU-HMK-107,Silicone Baking Mat Set,Home & Kitchen,8,18.5,6.0,22,10,21,73
2026-03-16,SKU-HMK-107,Silicone Baking Mat Set,Home & Kitchen,7,18.5,6.0,22,10,21,73
2026-03-17,SKU-HMK-107,Silicone Baking Mat Set,home & kitchen,7,18.5,6.0,22,10,21,73
2026-03-18,SKU-HMK-107,Silicone Baking Mat Set,Home & Kitchen,4,18.5,6.0,22,10,21,73
2026-03-19,SKU-HMK-107,Silicone Baking Mat Set,Home & Kitchen,6,18.5,6.0,22,10,21,73
2026-03-20,SKU-HMK-107,Silicone Baking Mat Set,Home & Kitchen,10,18.5,6.0,22,10,21,73
2026-03-21,SKU-HMK-107,Silicone Baking Mat Set,Home & Kitchen,11,18.5,6.0,22,10,21,73
2026-03-22,SKU-HMK-107,Silicone Baking Mat Set,Home & Kitchen,7,18.5,6.0,22,10,21,73
2026-03-23,SKU-HMK-107,Silicone Baking Mat Set,Home & Kitchen,5,18.5,6.0,22,10,21,73
2026-03-24,SKU-HMK-107,Silicone Baking Mat Set,Home & Kitchen,7,18.5,6.0,22,10,21,73
2026-03-25,SKU-HMK-107,Silicone Baking Mat Set,Home & Kitchen,6,18.5,6.0,22,10,21,73
2026-03-26,SKU-HMK-107,Silicone Baking Mat Set,Home & Kitchen,3,18.5,6.0,22,10,21,73
2026-03-27,SKU-HMK-107,Silicone Baking Mat Set,Home & Kitchen,5,18.5,6.0,22,10,21,73
2026-03-28,SKU-HMK-107,Silicone Baking Mat Set,Home & Kitchen,4,18.5,6.0,22,10,21,73
2026-03-29,SKU-HMK-107,Silicone Baking Mat Set,Home & Kitchen,9,18.5,6.0,22,10,21,73
2026-03-30,SKU-HMK-107,Silicone Baking Mat Set,Home & Kitchen,5,18.5,6.0,22,10,21,73
2026-03-31,SKU-HMK-107,Silicone Baking Mat Set,Home & Kitchen,6,18.5,6.0,22,10,21,73
2026-04-01,SKU-HMK-107,Silicone Baking Mat Set,Home & Kitchen,8,18.5,6.0,22,10,21,73
2026-04-02,SKU-HMK-107,Silicone Baking Mat Set,Home & Kitchen,5,18.5,6.0,22,10,21,73
2026-04-03,SKU-HMK-107,Silicone Baking Mat Set,Home & Kitchen,3,18.5,6.0,22,10,21,73
2026-04-04,SKU-HMK-107,Silicone Baking Mat Set,Home & Kitchen,7,18.5,6.0,22,10,21,73
2026-04-05,SKU-HMK-107,Silicone Baking Mat Set,Home & Kitchen,10,18.5,6.0,22,10,21,73
2026-04-06,SKU-HMK-107,Silicone Baking Mat Set,Home & Kitchen,5,18.5,6.0,22,10,21,73
2026-04-07,SKU-HMK-107,Silicone Baking Mat Set,Home & Kitchen,7,18.5,6.0,22,10,21,73
2026-04-08,SKU-HMK-107,Silicone Baking Mat Set,Home & Kitchen,9,18.5,6.0,22,10,21,73
2026-04-09,SKU-HMK-107,Silicone Baking Mat Set,Home & Kitchen,1,18.5,6.0,22,10,21,73
2026-04-10,SKU-HMK-107,Silicone Baking Mat Set,Home & Kitchen,11,18.5,6.0,22,10,21,73
2026-04-11,SKU-HMK-107,Silicone Baking Mat Set,Home & Kitchen,6,18.5,6.0,22,10,21,73
2026-04-12,SKU-HMK-107,Silicone Baking Mat Set,Home & Kitchen,14,18.5,6.0,22,10,21,73
2026-04-13,SKU-HMK-107,Silicone Baking Mat Set,Home & Kitchen,7,18.5,6.0,22,10,21,73
2026-04-14,SKU-HMK-107,Silicone Baking Mat Set,Home & Kitchen,1,18.5,6.0,22,10,21,73
2026-04-15,SKU-HMK-107,Silicone Baking Mat Set,Home & Kitchen,12,18.5,6.0,22,10,21,73
2026-04-16,SKU-HMK-107,Silicone Baking Mat Set,Home & Kitchen,3,18.5,6.0,22,10,21,73
2026-04-17,SKU-HMK-107,Silicone Baking Mat Set,Home & Kitchen,1,18.5,6.0,22,10,21,73
2026-04-18,SKU-HMK-107,Silicone Baking Mat Set,Home & Kitchen,10,18.5,6.0,22,10,21,73
2026-04-19,SKU-HMK-107,Silicone Baking Mat Set,Home & Kitchen,4,18.5,6.0,22,10,21,73
2026-04-20,SKU-HMK-107,Silicone Baking Mat Set,Home & Kitchen,6,18.5,6.0,22,10,21,73
2026-04-21,SKU-HMK-107,Silicone Baking Mat Set,Home & Kitchen,4,18.5,6.0,22,10,21,73
2026-04-22,SKU-HMK-107,Silicone Baking Mat Set,home & kitchen,9,18.5,6.0,22,10,21,73
2026-04-23,SKU-HMK-107,Silicone Baking Mat Set,Home & Kitchen,4,18.5,6.0,22,10,21,73
2026-04-24,SKU-HMK-107,Silicone Baking Mat Set,Home & Kitchen,9,18.5,6.0,22,10,21,73
2026-04-25,SKU-HMK-107,Silicone Baking Mat Set,Home & Kitchen,7,18.5,6.0,22,10,21,73
2026-04-26,SKU-HMK-107,Silicone Baking Mat Set,Home & Kitchen,7,18.5,6.0,22,10,21,73
2026-04-27,SKU-HMK-107,Silicone Baking Mat Set,Home & Kitchen,4,18.5,6.0,22,10,21,73
2026-04-28,SKU-HMK-107,Silicone Baking Mat Set,home & kitchen,7,18.5,6.0,22,10,21,73
2026-04-29,SKU-HMK-107,Silicone Baking Mat Set,Home & Kitchen,7,18.5,6.0,22,10,21,73
2026-04-30,SKU-HMK-107,Silicone Baking Mat Set,Home & Kitchen,3,18.5,6.0,22,10,21,73
2026-05-01,SKU-HMK-107,Silicone Baking Mat Set,Home & Kitchen,5,18.5,6.0,22,10,21,73
2026-05-02,SKU-HMK-107,Silicone Baking Mat Set,Home & Kitchen,8,18.5,6.0,22,10,21,73
2026-05-03,SKU-HMK-107,Silicone Baking Mat Set,Home & Kitchen,6,18.5,6.0,22,10,21,73
2026-05-04,SKU-HMK-107,Silicone Baking Mat Set,Home & Kitchen,2,18.5,6.0,22,10,21,73
2026-05-05,SKU-HMK-107,Silicone Baking Mat Set,Home & Kitchen,9,18.5,6.0,22,10,21,73
2026-05-06,SKU-HMK-107,Silicone Baking Mat Set,Home & Kitchen,8,18.5,6.0,22,10,21,73
2026-05-07,SKU-HMK-107,Silicone Baking Mat Set,Home & Kitchen,4,18.5,6.0,22,10,21,73
2026-05-08,SKU-HMK-107,Silicone Baking Mat Set,Home & Kitchen,3,18.5,6.0,22,10,21,73
2026-05-09,SKU-HMK-107,Silicone Baking Mat Set,Home & Kitchen,10,18.5,6.0,22,10,21,73
2026-05-10,SKU-HMK-107,Silicone Baking Mat Set,Home & Kitchen,4,18.5,6.0,22,10,21,73
2026-05-11,SKU-HMK-107,Silicone Baking Mat Set,Home & Kitchen,5,18.5,6.0,22,10,21,73
2026-05-12,SKU-HMK-107,Silicone Baking Mat Set,Home & Kitchen,4,18.5,6.0,22,10,21,73
2026-05-13,SKU-HMK-107,Silicone Baking Mat Set,home & kitchen,7,18.5,6.0,22,10,21,73
2026-05-14,SKU-HMK-107,Silicone Baking Mat Set,Home & Kitchen,6,18.5,6.0,22,10,21,73
2026-05-15,SKU-HMK-107,Silicone Baking Mat Set,Home & Kitchen,4,18.5,6.0,22,10,21,73
2026-05-16,SKU-HMK-107,Silicone Baking Mat Set,Home & Kitchen,11,18.5,6.0,22,10,21,73
2026-05-17,SKU-HMK-107,Silicone Baking Mat Set,Home & Kitchen,6,18.5,6.0,22,10,21,73
2026-05-18,SKU-HMK-107,Silicone Baking Mat Set,Home & Kitchen,6,18.5,6.0,22,10,21,73
2026-05-19,SKU-HMK-107,Silicone Baking Mat Set,Home & Kitchen,2,18.5,6.0,22,10,21,73
2026-05-20,SKU-HMK-107,Silicone Baking Mat Set,Home & Kitchen,3,18.5,6.0,22,10,21,73
2026-05-21,SKU-HMK-107,Silicone Baking Mat Set,Home & Kitchen,5,18.5,6.0,22,10,21,73
2026-05-22,SKU-HMK-107,Silicone Baking Mat Set,Home & Kitchen,7,18.5,6.0,22,10,21,73
2026-05-23,SKU-HMK-107,Silicone Baking Mat Set,Home & Kitchen,3,18.5,6.0,22,10,21,73
2026-05-24,SKU-HMK-107,Silicone Baking Mat Set,Home & Kitchen,5,18.5,6.0,22,10,21,73
2026-05-25,SKU-HMK-107,Silicone Baking Mat Set,Home & Kitchen,2,18.5,6.0,22,10,21,73
2026-05-26,SKU-HMK-107,Silicone Baking Mat Set,home & kitchen,2,18.5,6.0,22,10,21,73
2026-05-27,SKU-HMK-107,Silicone Baking Mat Set,Home & Kitchen,2,18.5,6.0,22,10,21,73
2026-05-28,SKU-HMK-107,Silicone Baking Mat Set,Home & Kitchen,10,18.5,6.0,22,10,21,73
2026-05-29,SKU-HMK-107,Silicone Baking Mat Set,home & kitchen,3,18.5,6.0,22,10,21,73
2026-05-30,SKU-HMK-107,Silicone Baking Mat Set,Home & Kitchen,3,18.5,6.0,22,10,21,73
2026-05-31,SKU-HMK-107,Silicone Baking Mat Set,Home & Kitchen,7,18.5,6.0,22,10,21,73
2026-06-01,SKU-HMK-107,Silicone Baking Mat Set,Home & Kitchen,6,18.5,6.0,22,10,21,73
2026-06-02,SKU-HMK-107,Silicone Baking Mat Set,Home & Kitchen,6,18.5,6.0,22,10,21,73
2026-06-03,SKU-HMK-107,Silicone Baking Mat Set,Home & Kitchen,4,18.5,6.0,22,10,21,73
2026-06-04,SKU-HMK-107,Silicone Baking Mat Set,Home & Kitchen,9,18.5,6.0,22,10,21,73
2026-06-05,SKU-HMK-107,Silicone Baking Mat Set,Home & Kitchen,10,18.5,6.0,22,10,21,73
2026-06-06,SKU-HMK-107,Silicone Baking Mat Set,Home & Kitchen,8,18.5,6.0,22,10,21,73
2026-06-07,SKU-HMK-107,Silicone Baking Mat Set,Home & Kitchen,4,18.5,6.0,22,10,21,73
2026-06-08,SKU-HMK-107,Silicone Baking Mat Set,Home & Kitchen,8,18.5,6.0,22,10,21,73
2026-06-09,SKU-HMK-107,Silicone Baking Mat Set,Home & Kitchen,8,18.5,6.0,22,10,21,73
2026-06-10,SKU-HMK-107,Silicone Baking Mat Set,Home & Kitchen,2,18.5,6.0,22,10,21,73
2026-06-11,SKU-HMK-107,Silicone Baking Mat Set,Home & Kitchen,5,18.5,6.0,22,10,21,73
2026-06-12,SKU-HMK-107,Silicone Baking Mat Set,Home & Kitchen,7,18.5,6.0,22,10,21,73
2026-06-13,SKU-HMK-107,Silicone Baking Mat Set,Home & Kitchen,4,18.5,6.0,22,10,21,73
2026-06-14,SKU-HMK-107,Silicone Baking Mat Set,Home & Kitchen,13,18.5,6.0,22,10,21,73
2026-06-15,SKU-HMK-107,Silicone Baking Mat Set,Home & Kitchen,4,18.5,6.0,22,10,21,73
2026-06-16,SKU-HMK-107,Silicone Baking Mat Set,Home & Kitchen,4,18.5,6.0,22,10,21,73
2026-06-17,SKU-HMK-107,Silicone Baking Mat Set,Home & Kitchen,5,18.5,6.0,22,10,21,73
2026-06-18,SKU-HMK-107,Silicone Baking Mat Set,Home & Kitchen,4,18.5,6.0,22,10,21,73
2026-06-19,SKU-HMK-107,Silicone Baking Mat Set,Home & Kitchen,4,18.5,6.0,22,10,21,73
2026-06-20,SKU-HMK-107,Silicone Baking Mat Set,Home & Kitchen,12,18.5,6.0,22,10,21,73
2026-06-21,SKU-HMK-107,Silicone Baking Mat Set,Home & Kitchen,11,18.5,6.0,22,10,21,73
2026-06-22,SKU-HMK-107,Silicone Baking Mat Set,Home & Kitchen,10,18.5,6.0,22,10,21,73
2026-06-23,SKU-HMK-107,Silicone Baking Mat Set,Home & Kitchen,4,18.5,6.0,22,10,21,73
2026-06-24,SKU-HMK-107,Silicone Baking Mat Set,Home & Kitchen,8,18.5,6.0,22,10,21,73
2026-06-25,SKU-HMK-107,Silicone Baking Mat Set,Home & Kitchen,4,18.5,6.0,22,10,21,73
2026-06-26,SKU-HMK-107,Silicone Baking Mat Set,Home & Kitchen,7,18.5,6.0,22,10,21,73
2026-06-27,SKU-HMK-107,Silicone Baking Mat Set,Home & Kitchen,14,18.5,6.0,22,10,21,73
2026-06-28,SKU-HMK-107,Silicone Baking Mat Set,Home & Kitchen,11,18.5,6.0,22,10,21,73
2026-06-29,SKU-HMK-107,Silicone Baking Mat Set,Home & Kitchen,4,18.5,6.0,22,10,21,73
2026-06-30,SKU-HMK-107,Silicone Baking Mat Set,Home & Kitchen,5,18.5,6.0,22,10,21,73
2026-07-01,SKU-HMK-107,Silicone Baking Mat Set,Home & Kitchen,7,18.5,6.0,22,10,21,73
2026-07-02,SKU-HMK-107,Silicone Baking Mat Set,Home & Kitchen,6,18.5,6.0,22,10,21,73
2026-07-03,SKU-HMK-107,Silicone Baking Mat Set,Home & Kitchen,9,18.5,6.0,22,10,21,73
2026-07-04,SKU-HMK-107,Silicone Baking Mat Set,home & kitchen,10,18.5,6.0,22,10,21,73
2026-07-05,SKU-HMK-107,Silicone Baking Mat Set,Home & Kitchen,6,18.5,6.0,22,10,21,73
2026-07-06,SKU-HMK-107,Silicone Baking Mat Set,Home & Kitchen,3,18.5,6.0,22,10,21,73
2026-07-07,SKU-HMK-107,Silicone Baking Mat Set,Home & Kitchen,3,18.5,6.0,22,10,21,73
2026-07-08,SKU-HMK-107,Silicone Baking Mat Set,home & kitchen,3,18.5,6.0,22,10,21,73
2026-07-09,SKU-HMK-107,Silicone Baking Mat Set,Home & Kitchen,10,18.5,6.0,22,10,21,73
2026-07-10,SKU-HMK-107,Silicone Baking Mat Set,Home & Kitchen,6,18.5,6.0,22,10,21,73
2026-07-11,SKU-HMK-107,Silicone Baking Mat Set,Home & Kitchen,5,18.5,6.0,22,10,21,73
2026-07-12,SKU-HMK-107,Silicone Baking Mat Set,home & kitchen,10,18.5,6.0,22,10,21,73
2026-07-13,SKU-HMK-107,Silicone Baking Mat Set,Home & Kitchen,6,18.5,6.0,22,10,21,73
2026-07-14,SKU-HMK-107,Silicone Baking Mat Set,Home & Kitchen,4,18.5,6.0,22,10,21,73
2026-07-15,SKU-HMK-107,Silicone Baking Mat Set,Home & Kitchen,5,18.5,6.0,22,10,21,73
2026-07-16,SKU-HMK-107,Silicone Baking Mat Set,Home & Kitchen,5,18.5,6.0,22,10,21,73
2026-07-17,SKU-HMK-107,Silicone Baking Mat Set,Home & Kitchen,8,18.5,6.0,22,10,21,73
2026-07-18,SKU-HMK-107,Silicone Baking Mat Set,Home & Kitchen,6,18.5,6.0,22,10,21,73
2026-07-19,SKU-HMK-107,Silicone Baking Mat Set,Home & Kitchen,8,18.5,6.0,22,10,21,73
2026-07-20,SKU-HMK-107,Silicone Baking Mat Set,Home & Kitchen,4,18.5,6.0,22,10,21,73
2026-07-21,SKU-HMK-107,Silicone Baking Mat Set,Home & Kitchen,5,18.5,6.0,22,10,21,73
2026-07-22,SKU-HMK-107,Silicone Baking Mat Set,Home & Kitchen,5,18.5,6.0,22,10,21,73
2026-07-23,SKU-HMK-107,Silicone Baking Mat Set,Home & Kitchen,3,18.5,6.0,22,10,21,73
2026-07-24,SKU-HMK-107,Silicone Baking Mat Set,Home & Kitchen,7,18.5,6.0,22,10,21,73
2026-07-25,SKU-HMK-107,Silicone Baking Mat Set,Home & Kitchen,5,18.5,6.0,22,10,21,73
2026-07-26,SKU-HMK-107,Silicone Baking Mat Set,Home & Kitchen,2,18.5,6.0,22,10,21,73
2026-07-27,SKU-HMK-107,Silicone Baking Mat Set,Home & Kitchen,9,18.5,6.0,22,10,21,73
2026-07-28,SKU-HMK-107,Silicone Baking Mat Set,Home & Kitchen,4,18.5,6.0,22,10,21,73
2026-07-29,SKU-HMK-107,Silicone Baking Mat Set,Home & Kitchen,3,18.5,6.0,22,10,21,73
2026-07-30,SKU-HMK-107,Silicone Baking Mat Set,Home & Kitchen,1,18.5,6.0,22,10,21,73
2026-07-31,SKU-HMK-107,Silicone Baking Mat Set,Home & Kitchen,2,18.5,6.0,22,10,21,73
2026-08-01,SKU-HMK-107,Silicone Baking Mat Set,Home & Kitchen,8,18.5,6.0,22,10,21,73
2026-08-02,SKU-HMK-107,Silicone Baking Mat Set,Home & Kitchen,8,18.5,6.0,22,10,21,73
2026-08-03,SKU-HMK-107,Silicone Baking Mat Set,Home & Kitchen,5,18.5,6.0,22,10,21,73
2026-08-04,SKU-HMK-107,Silicone Baking Mat Set,Home & Kitchen,2,18.5,6.0,22,10,21,73
2026-08-05,SKU-HMK-107,Silicone Baking Mat Set,Home & Kitchen,6,18.5,6.0,22,10,21,73
2026-08-06,SKU-HMK-107,Silicone Baking Mat Set,Home & Kitchen,1,18.5,6.0,22,10,21,73
2026-08-07,SKU-HMK-107,Silicone Baking Mat Set,Home & Kitchen,4,18.5,6.0,22,10,21,73
2026-08-08,SKU-HMK-107,Silicone Baking Mat Set,Home & Kitchen,10,18.5,6.0,22,10,21,73
2026-08-09,SKU-HMK-107,Silicone Baking Mat Set,home & kitchen,3,18.5,6.0,22,10,21,73
2026-08-10,SKU-HMK-107,Silicone Baking Mat Set,Home & Kitchen,6,18.5,6.0,22,10,21,73
2026-08-11,SKU-HMK-107,Silicone Baking Mat Set,Home & Kitchen,3,18.5,6.0,22,10,21,73
2026-08-12,SKU-HMK-107,Silicone Baking Mat Set,Home & Kitchen,7,18.5,6.0,22,10,21,73
2026-08-13,SKU-HMK-107,Silicone Baking Mat Set,Home & Kitchen,6,18.5,6.0,22,10,21,73
2026-08-14,SKU-HMK-107,Silicone Baking Mat Set,home & kitchen,5,18.5,6.0,22,10,21,73
2026-08-15,SKU-HMK-107,Silicone Baking Mat Set,Home & Kitchen,5,18.5,6.0,22,10,21,73
2026-08-16,SKU-HMK-107,Silicone Baking Mat Set,Home & Kitchen,12,18.5,6.0,22,10,21,73
2026-08-17,SKU-HMK-107,Silicone Baking Mat Set,Home & Kitchen,2,18.5,6.0,22,10,21,73
2026-08-18,SKU-HMK-107,Silicone Baking Mat Set,Home & Kitchen,3,18.5,6.0,22,10,21,73
2026-08-19,SKU-HMK-107,Silicone Baking Mat Set,Home & Kitchen,3,18.5,6.0,22,10,21,73
2026-08-20,SKU-HMK-107,Silicone Baking Mat Set,Home & Kitchen,3,18.5,6.0,22,10,21,73
2026-08-21,SKU-HMK-107,Silicone Baking Mat Set,Home & Kitchen,3,18.5,6.0,22,10,21,73
2026-08-22,SKU-HMK-107,Silicone Baking Mat Set,Home & Kitchen,8,18.5,6.0,22,10,21,73
2026-08-23,SKU-HMK-107,Silicone Baking Mat Set,Home & Kitchen,3,18.5,6.0,22,10,21,73
2026-08-24,SKU-HMK-107,Silicone Baking Mat Set,Home & Kitchen,9,18.5,6.0,22,10,21,73
2026-08-25,SKU-HMK-107,Silicone Baking Mat Set,Home & Kitchen,3,18.5,6.0,22,10,21,73
2026-08-26,SKU-HMK-107,Silicone Baking Mat Set,Home & Kitchen,2,18.5,6.0,22,10,21,73
2026-08-27,SKU-HMK-107,Silicone Baking Mat Set,Home & Kitchen,3,18.5,6.0,22,10,21,73
2026-03-01,SKU-APP-201,Thermal Fleece Running Hoodie,Apparel,10,59.99,24.0,16,14,48,167
2026-03-02,SKU-APP-201,Thermal Fleece Running Hoodie,Apparel,5,59.99,24.0,16,14,48,167
2026-03-03,SKU-APP-201,Thermal Fleece Running Hoodie,Apparel,10,59.99,24.0,16,14,48,167
2026-03-04,SKU-APP-201,Thermal Fleece Running Hoodie,Apparel,14,59.99,24.0,16,14,48,167
2026-03-05,SKU-APP-201,Thermal Fleece Running Hoodie,Apparel,8,59.99,24.0,16,14,48,167
2026-03-06,SKU-APP-201,Thermal Fleece Running Hoodie,Apparel,4,59.99,24.0,16,14,48,167
2026-03-07,SKU-APP-201,Thermal Fleece Running Hoodie,Apparel,12,59.99,24.0,16,14,48,167
2026-03-08,SKU-APP-201,Thermal Fleece Running Hoodie,Apparel,10,59.99,24.0,16,14,48,167
2026-03-09,SKU-APP-201,Thermal Fleece Running Hoodie,Apparel,7,59.99,24.0,16,14,48,167
2026-03-10,SKU-APP-201,Thermal Fleece Running Hoodie,Apparel,7,59.99,24.0,16,14,48,167
2026-03-11,SKU-APP-201,Thermal Fleece Running Hoodie,Apparel,14,59.99,24.0,16,14,48,167
2026-03-12,SKU-APP-201,Thermal Fleece Running Hoodie,Apparel,8,59.99,24.0,16,14,48,167
2026-03-13,SKU-APP-201,Thermal Fleece Running Hoodie,Apparel,13,59.99,24.0,16,14,48,167
2026-03-14,SKU-APP-201,Thermal Fleece Running Hoodie,Apparel,13,59.99,24.0,16,14,48,167
2026-03-15,SKU-APP-201,Thermal Fleece Running Hoodie,Apparel,16,59.99,24.0,16,14,48,167
2026-03-16,SKU-APP-201,Thermal Fleece Running Hoodie,Apparel,10,59.99,24.0,16,14,48,167
2026-03-17,SKU-APP-201,Thermal Fleece Running Hoodie,Apparel,14,59.99,24.0,16,14,48,167
2026-03-18,SKU-APP-201,Thermal Fleece Running Hoodie,Apparel,8,59.99,24.0,16,14,48,167
2026-03-19,SKU-APP-201,Thermal Fleece Running Hoodie,Apparel,6,59.99,24.0,16,14,48,167
2026-03-20,SKU-APP-201,Thermal Fleece Running Hoodie,Apparel,9,59.99,24.0,16,14,48,167
2026-03-21,SKU-APP-201,Thermal Fleece Running Hoodie,Apparel,15,59.99,24.0,16,14,48,167
2026-03-22,SKU-APP-201,Thermal Fleece Running Hoodie,Apparel,11,59.99,24.0,16,14,48,167
2026-03-23,SKU-APP-201,Thermal Fleece Running Hoodie,Apparel,10,59.99,24.0,16,14,48,167
2026-03-24,SKU-APP-201,Thermal Fleece Running Hoodie,Apparel,13,59.99,24.0,16,14,48,167
2026-03-25,SKU-APP-201,Thermal Fleece Running Hoodie,Apparel,8,59.99,24.0,16,14,48,167
2026-03-26,SKU-APP-201,Thermal Fleece Running Hoodie,Apparel,10,59.99,24.0,16,14,48,167
2026-03-27,SKU-APP-201,Thermal Fleece Running Hoodie,Apparel,4,59.99,24.0,16,14,48,167
2026-03-28,SKU-APP-201,Thermal Fleece Running Hoodie,Apparel,8,59.99,24.0,16,14,48,167
2026-03-29,SKU-APP-201,Thermal Fleece Running Hoodie,Apparel,13,59.99,24.0,16,14,48,167
2026-03-30,SKU-APP-201,Thermal Fleece Running Hoodie,Apparel,3,59.99,24.0,16,14,48,167
2026-03-31,SKU-APP-201,Thermal Fleece Running Hoodie,Apparel,12,59.99,24.0,16,14,48,167
2026-04-01,SKU-APP-201,Thermal Fleece Running Hoodie,Apparel,9,59.99,24.0,16,14,48,167
2026-04-02,SKU-APP-201,Thermal Fleece Running Hoodie,Apparel,11,59.99,24.0,16,14,48,167
2026-04-03,SKU-APP-201,Thermal Fleece Running Hoodie,Apparel,9,59.99,24.0,16,14,48,167
2026-04-04,SKU-APP-201,Thermal Fleece Running Hoodie,Apparel,13,59.99,24.0,16,14,48,167
2026-04-05,SKU-APP-201,Thermal Fleece Running Hoodie,Apparel,9,59.99,24.0,16,14,48,167
2026-04-06,SKU-APP-201,Thermal Fleece Running Hoodie,Apparel,10,59.99,24.0,16,14,48,167
2026-04-07,SKU-APP-201,Thermal Fleece Running Hoodie,Apparel,8,59.99,24.0,16,14,48,167
2026-04-08,SKU-APP-201,Thermal Fleece Running Hoodie,Apparel,10,59.99,24.0,16,14,48,167
2026-04-09,SKU-APP-201,Thermal Fleece Running Hoodie,Apparel,5,59.99,24.0,16,14,48,167
2026-04-10,SKU-APP-201,Thermal Fleece Running Hoodie,Apparel,15,59.99,24.0,16,14,48,167
2026-04-11,SKU-APP-201,Thermal Fleece Running Hoodie,Apparel,16,59.99,24.0,16,14,48,167
2026-04-12,SKU-APP-201,Thermal Fleece Running Hoodie,Apparel,4,59.99,24.0,16,14,48,167
2026-04-13,SKU-APP-201,Thermal Fleece Running Hoodie,Apparel,11,59.99,24.0,16,14,48,167
2026-04-14,SKU-APP-201,Thermal Fleece Running Hoodie,Apparel,9,59.99,24.0,16,14,48,167
2026-04-15,SKU-APP-201,Thermal Fleece Running Hoodie,Apparel,12,59.99,24.0,16,14,48,167
2026-04-16,SKU-APP-201,Thermal Fleece Running Hoodie,Apparel,12,59.99,24.0,16,14,48,167
2026-04-17,SKU-APP-201,Thermal Fleece Running Hoodie,Apparel,6,59.99,24.0,16,14,48,167
2026-04-18,SKU-APP-201,Thermal Fleece Running Hoodie,Apparel,14,59.99,24.0,16,14,48,167
2026-04-19,SKU-APP-201,Thermal Fleece Running Hoodie,Apparel,8,59.99,24.0,16,14,48,167
2026-04-20,SKU-APP-201,Thermal Fleece Running Hoodie,Apparel,10,59.99,24.0,16,14,48,167
2026-04-21,SKU-APP-201,Thermal Fleece Running Hoodie,Apparel,9,59.99,24.0,16,14,48,167
2026-04-22,SKU-APP-201,Thermal Fleece Running Hoodie,Apparel,11,59.99,24.0,16,14,48,167
2026-04-23,SKU-APP-201,Thermal Fleece Running Hoodie,Apparel,8,59.99,24.0,16,14,48,167
2026-04-24,SKU-APP-201,Thermal Fleece Running Hoodie,Apparel,11,59.99,24.0,16,14,48,167
2026-04-25,SKU-APP-201,Thermal Fleece Running Hoodie,Apparel,13,59.99,24.0,16,14,48,167
2026-04-26,SKU-APP-201,Thermal Fleece Running Hoodie,Apparel,9,59.99,24.0,16,14,48,167
2026-04-27,SKU-APP-201,Thermal Fleece Running Hoodie,Apparel,14,59.99,24.0,16,14,48,167
2026-04-28,SKU-APP-201,Thermal Fleece Running Hoodie,Apparel,8,59.99,24.0,16,14,48,167
2026-04-29,SKU-APP-201,Thermal Fleece Running Hoodie,Apparel,8,59.99,24.0,16,14,48,167
2026-04-30,SKU-APP-201,Thermal Fleece Running Hoodie,Apparel,11,59.99,24.0,16,14,48,167
2026-05-01,SKU-APP-201,Thermal Fleece Running Hoodie,Apparel,12,59.99,24.0,16,14,48,167
2026-05-02,SKU-APP-201,Thermal Fleece Running Hoodie,Apparel,11,59.99,24.0,16,14,48,167
2026-05-03,SKU-APP-201,Thermal Fleece Running Hoodie,Apparel,16,59.99,24.0,16,14,48,167
2026-05-04,SKU-APP-201,Thermal Fleece Running Hoodie,Apparel,10,59.99,24.0,16,14,48,167
2026-05-05,SKU-APP-201,Thermal Fleece Running Hoodie,Apparel,9,59.99,24.0,16,14,48,167
2026-05-06,SKU-APP-201,Thermal Fleece Running Hoodie,Apparel,9,59.99,24.0,16,14,48,167
2026-05-07,SKU-APP-201,Thermal Fleece Running Hoodie,Apparel,8,59.99,24.0,16,14,48,167
2026-05-08,SKU-APP-201,Thermal Fleece Running Hoodie,Apparel,8,59.99,24.0,16,14,48,167
2026-05-09,SKU-APP-201,Thermal Fleece Running Hoodie,Apparel,9,59.99,24.0,16,14,48,167
2026-05-10,SKU-APP-201,Thermal Fleece Running Hoodie,Apparel,10,59.99,24.0,16,14,48,167
2026-05-11,SKU-APP-201,Thermal Fleece Running Hoodie,Apparel,11,59.99,24.0,16,14,48,167
2026-05-12,SKU-APP-201,Thermal Fleece Running Hoodie,Apparel,4,59.99,24.0,16,14,48,167
2026-05-13,SKU-APP-201,Thermal Fleece Running Hoodie,Apparel,3,59.99,24.0,16,14,48,167
2026-05-14,SKU-APP-201,Thermal Fleece Running Hoodie,Apparel,8,59.99,24.0,16,14,48,167
2026-05-15,SKU-APP-201,Thermal Fleece Running Hoodie,Apparel,8,59.99,24.0,16,14,48,167
2026-05-16,SKU-APP-201,Thermal Fleece Running Hoodie,Apparel,18,59.99,24.0,16,14,48,167
2026-05-17,SKU-APP-201,Thermal Fleece Running Hoodie,Apparel,9,59.99,24.0,16,14,48,167
2026-05-18,SKU-APP-201,Thermal Fleece Running Hoodie,Apparel,15,59.99,24.0,16,14,48,167
2026-05-19,SKU-APP-201,Thermal Fleece Running Hoodie,Apparel,7,59.99,24.0,16,14,48,167
2026-05-20,SKU-APP-201,Thermal Fleece Running Hoodie,Apparel,10,59.99,24.0,16,14,48,167
2026-05-21,SKU-APP-201,Thermal Fleece Running Hoodie,Apparel,15,59.99,24.0,16,14,48,167
2026-05-22,SKU-APP-201,Thermal Fleece Running Hoodie,Apparel,13,59.99,24.0,16,14,48,167
2026-05-23,SKU-APP-201,Thermal Fleece Running Hoodie,Apparel,11,59.99,24.0,16,14,48,167
2026-05-24,SKU-APP-201,Thermal Fleece Running Hoodie,Apparel,15,59.99,24.0,16,14,48,167
2026-05-25,SKU-APP-201,Thermal Fleece Running Hoodie,Apparel,9,59.99,24.0,16,14,48,167
2026-05-26,SKU-APP-201,Thermal Fleece Running Hoodie,Apparel,9,59.99,24.0,16,14,48,167
2026-05-27,SKU-APP-201,Thermal Fleece Running Hoodie,Apparel,11,59.99,24.0,16,14,48,167
2026-05-28,SKU-APP-201,Thermal Fleece Running Hoodie,Apparel,10,59.99,24.0,16,14,48,167
2026-05-29,SKU-APP-201,Thermal Fleece Running Hoodie,Apparel,9,59.99,24.0,16,14,48,167
2026-05-30,SKU-APP-201,Thermal Fleece Running Hoodie,Apparel,13,59.99,24.0,16,14,48,167
2026-05-31,SKU-APP-201,Thermal Fleece Running Hoodie,Apparel,19,59.99,24.0,16,14,48,167
2026-06-01,SKU-APP-201,Thermal Fleece Running Hoodie,Apparel,12,59.99,24.0,16,14,48,167
2026-06-02,SKU-APP-201,Thermal Fleece Running Hoodie,Apparel,6,59.99,24.0,16,14,48,167
2026-06-03,SKU-APP-201,Thermal Fleece Running Hoodie,Apparel,12,59.99,24.0,16,14,48,167
2026-06-04,SKU-APP-201,Thermal Fleece Running Hoodie,Apparel,7,59.99,24.0,16,14,48,167
2026-06-05,SKU-APP-201,Thermal Fleece Running Hoodie,Apparel,8,59.99,24.0,16,14,48,167
2026-06-06,SKU-APP-201,Thermal Fleece Running Hoodie,Apparel,20,59.99,24.0,16,14,48,167
2026-06-07,SKU-APP-201,Thermal Fleece Running Hoodie,Apparel,17,59.99,24.0,16,14,48,167
2026-06-08,SKU-APP-201,Thermal Fleece Running Hoodie,Apparel,11,59.99,24.0,16,14,48,167
2026-06-09,SKU-APP-201,Thermal Fleece Running Hoodie,Apparel,7,59.99,24.0,16,14,48,167
2026-06-10,SKU-APP-201,Thermal Fleece Running Hoodie,Apparel,14,59.99,24.0,16,14,48,167
2026-06-11,SKU-APP-201,Thermal Fleece Running Hoodie,Apparel,13,59.99,24.0,16,14,48,167
2026-06-12,SKU-APP-201,Thermal Fleece Running Hoodie,Apparel,12,59.99,24.0,16,14,48,167
2026-06-13,SKU-APP-201,Thermal Fleece Running Hoodie,Apparel,13,59.99,24.0,16,14,48,167
2026-06-14,SKU-APP-201,Thermal Fleece Running Hoodie,Apparel,10,59.99,24.0,16,14,48,167
2026-06-15,SKU-APP-201,Thermal Fleece Running Hoodie,Apparel,16,59.99,24.0,16,14,48,167
2026-06-16,SKU-APP-201,Thermal Fleece Running Hoodie,Apparel,7,59.99,24.0,16,14,48,167
2026-06-17,SKU-APP-201,Thermal Fleece Running Hoodie,Apparel,10,59.99,24.0,16,14,48,167
2026-06-18,SKU-APP-201,Thermal Fleece Running Hoodie,Apparel,8,59.99,24.0,16,14,48,167
2026-06-19,SKU-APP-201,Thermal Fleece Running Hoodie,Apparel,14,59.99,24.0,16,14,48,167
2026-06-20,SKU-APP-201,Thermal Fleece Running Hoodie,Apparel,15,59.99,24.0,16,14,48,167
2026-06-21,SKU-APP-201,Thermal Fleece Running Hoodie,Apparel,16,59.99,24.0,16,14,48,167
2026-06-22,SKU-APP-201,Thermal Fleece Running Hoodie,Apparel,9,59.99,24.0,16,14,48,167
2026-06-23,SKU-APP-201,Thermal Fleece Running Hoodie,Apparel,13,59.99,24.0,16,14,48,167
2026-06-24,SKU-APP-201,Thermal Fleece Running Hoodie,Apparel,6,59.99,24.0,16,14,48,167
2026-06-25,SKU-APP-201,Thermal Fleece Running Hoodie,Apparel,4,59.99,24.0,16,14,48,167
2026-06-26,SKU-APP-201,Thermal Fleece Running Hoodie,Apparel,13,59.99,24.0,16,14,48,167
2026-06-27,SKU-APP-201,Thermal Fleece Running Hoodie,Apparel,11,59.99,24.0,16,14,48,167
2026-06-28,SKU-APP-201,Thermal Fleece Running Hoodie,Apparel,17,59.99,24.0,16,14,48,167
2026-06-29,SKU-APP-201,Thermal Fleece Running Hoodie,Apparel,8,59.99,24.0,16,14,48,167
2026-06-30,SKU-APP-201,Thermal Fleece Running Hoodie,Apparel,16,59.99,24.0,16,14,48,167
2026-07-01,SKU-APP-201,Thermal Fleece Running Hoodie,Apparel,7,59.99,24.0,16,14,48,167
2026-07-02,SKU-APP-201,Thermal Fleece Running Hoodie,Apparel,10,59.99,24.0,16,14,48,167
2026-07-03,SKU-APP-201,Thermal Fleece Running Hoodie,Apparel,13,59.99,24.0,16,14,48,167
2026-07-04,SKU-APP-201,Thermal Fleece Running Hoodie,Apparel,16,59.99,24.0,16,14,48,167
2026-07-05,SKU-APP-201,Thermal Fleece Running Hoodie,Apparel,10,59.99,24.0,16,14,48,167
2026-07-06,SKU-APP-201,Thermal Fleece Running Hoodie,Apparel,8,59.99,24.0,16,14,48,167
2026-07-07,SKU-APP-201,Thermal Fleece Running Hoodie,Apparel,13,59.99,24.0,16,14,48,167
2026-07-08,SKU-APP-201,Thermal Fleece Running Hoodie,Apparel,15,59.99,24.0,16,14,48,167
2026-07-09,SKU-APP-201,Thermal Fleece Running Hoodie,Apparel,14,59.99,24.0,16,14,48,167
2026-07-10,SKU-APP-201,Thermal Fleece Running Hoodie,Apparel,9,59.99,24.0,16,14,48,167
2026-07-11,SKU-APP-201,Thermal Fleece Running Hoodie,Apparel,10,59.99,24.0,16,14,48,167
2026-07-12,SKU-APP-201,Thermal Fleece Running Hoodie,Apparel,15,59.99,24.0,16,14,48,167
2026-07-13,SKU-APP-201,Thermal Fleece Running Hoodie,Apparel,6,59.99,24.0,16,14,48,167
2026-07-14,SKU-APP-201,Thermal Fleece Running Hoodie,Apparel,16,59.99,24.0,16,14,48,167
2026-07-15,SKU-APP-201,Thermal Fleece Running Hoodie,Apparel,15,59.99,24.0,16,14,48,167
2026-07-16,SKU-APP-201,Thermal Fleece Running Hoodie,Apparel,9,59.99,24.0,16,14,48,167
2026-07-17,SKU-APP-201,Thermal Fleece Running Hoodie,Apparel,9,59.99,24.0,16,14,48,167
2026-07-18,SKU-APP-201,Thermal Fleece Running Hoodie,Apparel,11,59.99,24.0,16,14,48,167
2026-07-19,SKU-APP-201,Thermal Fleece Running Hoodie,Apparel,15,59.99,24.0,16,14,48,167
2026-07-20,SKU-APP-201,Thermal Fleece Running Hoodie,Apparel,14,59.99,24.0,16,14,48,167
2026-07-21,SKU-APP-201,Thermal Fleece Running Hoodie,Apparel,12,59.99,24.0,16,14,48,167
2026-07-22,SKU-APP-201,Thermal Fleece Running Hoodie,Apparel,8,59.99,24.0,16,14,48,167
2026-07-23,SKU-APP-201,Thermal Fleece Running Hoodie,Apparel,8,59.99,24.0,16,14,48,167
2026-07-24,SKU-APP-201,Thermal Fleece Running Hoodie,Apparel,14,59.99,24.0,16,14,48,167
2026-07-25,SKU-APP-201,Thermal Fleece Running Hoodie,Apparel,14,59.99,24.0,16,14,48,167
2026-07-26,SKU-APP-201,Thermal Fleece Running Hoodie,Apparel,10,59.99,24.0,16,14,48,167
2026-07-27,SKU-APP-201,Thermal Fleece Running Hoodie,Apparel,15,59.99,24.0,16,14,48,167
2026-07-28,SKU-APP-201,Thermal Fleece Running Hoodie,Apparel,16,59.99,24.0,16,14,48,167
2026-07-29,SKU-APP-201,Thermal Fleece Running Hoodie,Apparel,9,59.99,24.0,16,14,48,167
2026-07-30,SKU-APP-201,Thermal Fleece Running Hoodie,Apparel,13,59.99,24.0,16,14,48,167
2026-07-31,SKU-APP-201,Thermal Fleece Running Hoodie,Apparel,12,59.99,24.0,16,14,48,167
2026-08-01,SKU-APP-201,Thermal Fleece Running Hoodie,Apparel,16,59.99,24.0,16,14,48,167
2026-08-02,SKU-APP-201,Thermal Fleece Running Hoodie,Apparel,23,59.99,24.0,16,14,48,167
2026-08-03,SKU-APP-201,Thermal Fleece Running Hoodie,Apparel,10,59.99,24.0,16,14,48,167
2026-08-04,SKU-APP-201,Thermal Fleece Running Hoodie,Apparel,13,59.99,24.0,16,14,48,167
2026-08-05,SKU-APP-201,Thermal Fleece Running Hoodie,Apparel,10,59.99,24.0,16,14,48,167
2026-08-06,SKU-APP-201,Thermal Fleece Running Hoodie,Apparel,11,59.99,24.0,16,14,48,167
2026-08-07,SKU-APP-201,Thermal Fleece Running Hoodie,Apparel,17,59.99,24.0,16,14,48,167
2026-08-08,SKU-APP-201,Thermal Fleece Running Hoodie,Apparel,15,59.99,24.0,16,14,48,167
2026-08-09,SKU-APP-201,Thermal Fleece Running Hoodie,Apparel,21,59.99,24.0,16,14,48,167
2026-08-10,SKU-APP-201,Thermal Fleece Running Hoodie,Apparel,9,59.99,24.0,16,14,48,167
2026-08-11,SKU-APP-201,Thermal Fleece Running Hoodie,Apparel,15,59.99,24.0,16,14,48,167
2026-08-12,SKU-APP-201,Thermal Fleece Running Hoodie,Apparel,10,59.99,24.0,16,14,48,167
2026-08-13,SKU-APP-201,Thermal Fleece Running Hoodie,Apparel,8,59.99,24.0,16,14,48,167
2026-08-14,SKU-APP-201,Thermal Fleece Running Hoodie,Apparel,20,59.99,24.0,16,14,48,167
2026-08-15,SKU-APP-201,Thermal Fleece Running Hoodie,Apparel,15,59.99,24.0,16,14,48,167
2026-08-16,SKU-APP-201,Thermal Fleece Running Hoodie,Apparel,15,59.99,24.0,16,14,48,167
2026-08-17,SKU-APP-201,Thermal Fleece Running Hoodie,Apparel,5,59.99,24.0,16,14,48,167
2026-08-18,SKU-APP-201,Thermal Fleece Running Hoodie,Apparel,15,59.99,24.0,16,14,48,167
2026-08-19,SKU-APP-201,Thermal Fleece Running Hoodie,Apparel,10,59.99,24.0,16,14,48,167
2026-08-20,SKU-APP-201,Thermal Fleece Running Hoodie,Apparel,13,59.99,24.0,16,14,48,167
2026-08-21,SKU-APP-201,Thermal Fleece Running Hoodie,Apparel,13,59.99,24.0,16,14,48,167
2026-08-22,SKU-APP-201,Thermal Fleece Running Hoodie,Apparel,8,,24.0,16,14,48,167
2026-08-23,SKU-APP-201,Thermal Fleece Running Hoodie,Apparel,10,59.99,24.0,16,14,48,167
2026-08-24,SKU-APP-201,Thermal Fleece Running Hoodie,Apparel,21,59.99,24.0,16,14,48,167
2026-08-25,SKU-APP-201,Thermal Fleece Running Hoodie,Apparel,12,59.99,24.0,16,14,48,167
2026-08-26,SKU-APP-201,Thermal Fleece Running Hoodie,Apparel,12,59.99,24.0,16,14,48,167
2026-08-27,SKU-APP-201,Thermal Fleece Running Hoodie,Apparel,7,59.99,24.0,16,14,48,167
2026-03-01,SKU-APP-202,Moisture-Wicking Athletic Tee,Apparel,6,28.0,9.5,220,10,16,56
2026-03-02,SKU-APP-202,Moisture-Wicking Athletic Tee,Apparel,4,28.0,9.5,220,10,16,56
2026-03-03,SKU-APP-202,Moisture-Wicking Athletic Tee,Apparel,4,28.0,9.5,220,10,16,56
2026-03-04,SKU-APP-202,Moisture-Wicking Athletic Tee,Apparel,2,28.0,9.5,220,10,16,56
2026-03-05,SKU-APP-202,Moisture-Wicking Athletic Tee,Apparel,4,28.0,9.5,220,10,16,56
2026-03-06,SKU-APP-202,Moisture-Wicking Athletic Tee,Apparel,6,28.0,9.5,220,10,16,56
2026-03-07,SKU-APP-202,Moisture-Wicking Athletic Tee,Apparel,7,28.0,9.5,220,10,16,56
2026-03-08,SKU-APP-202,Moisture-Wicking Athletic Tee,Apparel,7,28.0,9.5,220,10,16,56
2026-03-09,SKU-APP-202,Moisture-Wicking Athletic Tee,Apparel,5,28.0,9.5,220,10,16,56
2026-03-10,SKU-APP-202,Moisture-Wicking Athletic Tee,Apparel,2,28.0,9.5,220,10,16,56
2026-03-11,SKU-APP-202,Moisture-Wicking Athletic Tee,Apparel,7,28.0,9.5,220,10,16,56
2026-03-12,SKU-APP-202,Moisture-Wicking Athletic Tee,Apparel,3,28.0,9.5,220,10,16,56
2026-03-13,SKU-APP-202,Moisture-Wicking Athletic Tee,Apparel,2,28.0,9.5,220,10,16,56
2026-03-14,SKU-APP-202,Moisture-Wicking Athletic Tee,Apparel,13,28.0,9.5,220,10,16,56
2026-03-15,SKU-APP-202,Moisture-Wicking Athletic Tee,Apparel,5,28.0,9.5,220,10,16,56
2026-03-16,SKU-APP-202,Moisture-Wicking Athletic Tee,Apparel,7,28.0,9.5,220,10,16,56
2026-03-17,SKU-APP-202,Moisture-Wicking Athletic Tee,Apparel,6,28.0,9.5,220,10,16,56
2026-03-18,SKU-APP-202,Moisture-Wicking Athletic Tee,Apparel,3,28.0,9.5,220,10,16,56
2026-03-19,SKU-APP-202,Moisture-Wicking Athletic Tee,Apparel,2,28.0,9.5,220,10,16,56
2026-03-20,SKU-APP-202,Moisture-Wicking Athletic Tee,Apparel,4,28.0,9.5,220,10,16,56
2026-03-21,SKU-APP-202,Moisture-Wicking Athletic Tee,Apparel,10,28.0,9.5,220,10,16,56
2026-03-22,SKU-APP-202,Moisture-Wicking Athletic Tee,Apparel,3,28.0,9.5,220,10,16,56
2026-03-23,SKU-APP-202,Moisture-Wicking Athletic Tee,Apparel,5,28.0,9.5,220,10,16,56
2026-03-24,SKU-APP-202,Moisture-Wicking Athletic Tee,Apparel,6,28.0,9.5,220,10,16,56
2026-03-25,SKU-APP-202,Moisture-Wicking Athletic Tee,Apparel,4,28.0,9.5,220,10,16,56
2026-03-26,SKU-APP-202,Moisture-Wicking Athletic Tee,Apparel,4,28.0,9.5,220,10,16,56
2026-03-27,SKU-APP-202,Moisture-Wicking Athletic Tee,Apparel,3,28.0,9.5,220,10,16,56
2026-03-28,SKU-APP-202,Moisture-Wicking Athletic Tee,Apparel,5,28.0,9.5,220,10,16,56
2026-03-29,SKU-APP-202,Moisture-Wicking Athletic Tee,Apparel,3,28.0,9.5,220,10,16,56
2026-03-30,SKU-APP-202,Moisture-Wicking Athletic Tee,Apparel,2,28.0,9.5,220,10,16,56
2026-03-31,SKU-APP-202,Moisture-Wicking Athletic Tee,Apparel,6,28.0,9.5,220,10,16,56
2026-04-01,SKU-APP-202,Moisture-Wicking Athletic Tee,Apparel,8,28.0,9.5,220,10,16,56
2026-04-02,SKU-APP-202,Moisture-Wicking Athletic Tee,Apparel,4,28.0,9.5,220,10,16,56
2026-04-03,SKU-APP-202,Moisture-Wicking Athletic Tee,Apparel,1,28.0,9.5,220,10,16,56
2026-04-04,SKU-APP-202,Moisture-Wicking Athletic Tee,Apparel,4,28.0,9.5,220,10,16,56
2026-04-05,SKU-APP-202,Moisture-Wicking Athletic Tee,Apparel,3,28.0,9.5,220,10,16,56
2026-04-06,SKU-APP-202,Moisture-Wicking Athletic Tee,Apparel,9,28.0,9.5,220,10,16,56
2026-04-07,SKU-APP-202,Moisture-Wicking Athletic Tee,Apparel,7,28.0,9.5,220,10,16,56
2026-04-08,SKU-APP-202,Moisture-Wicking Athletic Tee,Apparel,2,28.0,9.5,220,10,16,56
2026-04-09,SKU-APP-202,Moisture-Wicking Athletic Tee,Apparel,4,28.0,9.5,220,10,16,56
2026-04-10,SKU-APP-202,Moisture-Wicking Athletic Tee,Apparel,9,28.0,9.5,220,10,16,56
2026-04-11,SKU-APP-202,Moisture-Wicking Athletic Tee,Apparel,9,28.0,9.5,220,10,16,56
2026-04-12,SKU-APP-202,Moisture-Wicking Athletic Tee,Apparel,2,28.0,9.5,220,10,16,56
2026-04-13,SKU-APP-202,Moisture-Wicking Athletic Tee,Apparel,5,28.0,9.5,220,10,16,56
2026-04-14,SKU-APP-202,Moisture-Wicking Athletic Tee,Apparel,4,28.0,9.5,220,10,16,56
2026-04-15,SKU-APP-202,Moisture-Wicking Athletic Tee,Apparel,2,28.0,9.5,220,10,16,56
2026-04-16,SKU-APP-202,Moisture-Wicking Athletic Tee,Apparel,2,28.0,9.5,220,10,16,56
2026-04-17,SKU-APP-202,Moisture-Wicking Athletic Tee,Apparel,7,28.0,9.5,220,10,16,56
2026-04-18,SKU-APP-202,Moisture-Wicking Athletic Tee,Apparel,5,28.0,9.5,220,10,16,56
2026-04-19,SKU-APP-202,Moisture-Wicking Athletic Tee,Apparel,4,28.0,9.5,220,10,16,56
2026-04-20,SKU-APP-202,Moisture-Wicking Athletic Tee,Apparel,2,28.0,9.5,220,10,16,56
2026-04-21,SKU-APP-202,Moisture-Wicking Athletic Tee,Apparel,1,28.0,9.5,220,10,16,56
2026-04-22,SKU-APP-202,Moisture-Wicking Athletic Tee,Apparel,4,28.0,9.5,220,10,16,56
2026-04-23,SKU-APP-202,Moisture-Wicking Athletic Tee,Apparel,5,28.0,9.5,220,10,16,56
2026-04-24,SKU-APP-202,Moisture-Wicking Athletic Tee,Apparel,3,28.0,9.5,220,10,16,56
2026-04-25,SKU-APP-202,Moisture-Wicking Athletic Tee,Apparel,2,28.0,9.5,220,10,16,56
2026-04-26,SKU-APP-202,Moisture-Wicking Athletic Tee,Apparel,6,28.0,9.5,220,10,16,56
2026-04-27,SKU-APP-202,Moisture-Wicking Athletic Tee,Apparel,0,28.0,9.5,220,10,16,56
2026-04-28,SKU-APP-202,Moisture-Wicking Athletic Tee,Apparel,2,28.0,9.5,220,10,16,56
2026-04-29,SKU-APP-202,Moisture-Wicking Athletic Tee,Apparel,1,28.0,9.5,220,10,16,56
2026-04-30,SKU-APP-202,Moisture-Wicking Athletic Tee,Apparel,4,28.0,9.5,220,10,16,56
2026-05-01,SKU-APP-202,Moisture-Wicking Athletic Tee,Apparel,2,28.0,9.5,220,10,16,56
2026-05-02,SKU-APP-202,Moisture-Wicking Athletic Tee,Apparel,5,28.0,9.5,220,10,16,56
2026-05-03,SKU-APP-202,Moisture-Wicking Athletic Tee,Apparel,6,28.0,9.5,220,10,16,56
2026-05-04,SKU-APP-202,Moisture-Wicking Athletic Tee,Apparel,2,28.0,9.5,220,10,16,56
2026-05-05,SKU-APP-202,Moisture-Wicking Athletic Tee,Apparel,1,28.0,9.5,220,10,16,56
2026-05-06,SKU-APP-202,Moisture-Wicking Athletic Tee,Apparel,7,28.0,9.5,220,10,16,56
2026-05-07,SKU-APP-202,Moisture-Wicking Athletic Tee,Apparel,2,28.0,9.5,220,10,16,56
2026-05-08,SKU-APP-202,Moisture-Wicking Athletic Tee,Apparel,4,28.0,9.5,220,10,16,56
2026-05-09,SKU-APP-202,Moisture-Wicking Athletic Tee,Apparel,0,28.0,9.5,220,10,16,56
2026-05-10,SKU-APP-202,Moisture-Wicking Athletic Tee,Apparel,7,28.0,9.5,220,10,16,56
2026-05-11,SKU-APP-202,Moisture-Wicking Athletic Tee,Apparel,3,28.0,9.5,220,10,16,56
2026-05-12,SKU-APP-202,Moisture-Wicking Athletic Tee,Apparel,1,28.0,9.5,220,10,16,56
2026-05-13,SKU-APP-202,Moisture-Wicking Athletic Tee,Apparel,4,28.0,9.5,220,10,16,56
2026-05-14,SKU-APP-202,Moisture-Wicking Athletic Tee,Apparel,5,28.0,9.5,220,10,16,56
2026-05-15,SKU-APP-202,Moisture-Wicking Athletic Tee,Apparel,2,28.0,9.5,220,10,16,56
2026-05-16,SKU-APP-202,Moisture-Wicking Athletic Tee,Apparel,2,28.0,9.5,220,10,16,56
2026-05-17,SKU-APP-202,Moisture-Wicking Athletic Tee,Apparel,4,28.0,9.5,220,10,16,56
2026-05-18,SKU-APP-202,Moisture-Wicking Athletic Tee,Apparel,4,28.0,9.5,220,10,16,56
2026-05-19,SKU-APP-202,Moisture-Wicking Athletic Tee,Apparel,4,28.0,9.5,220,10,16,56
2026-05-20,SKU-APP-202,Moisture-Wicking Athletic Tee,Apparel,4,28.0,9.5,220,10,16,56
2026-05-21,SKU-APP-202,Moisture-Wicking Athletic Tee,Apparel,2,28.0,9.5,220,10,16,56
2026-05-22,SKU-APP-202,Moisture-Wicking Athletic Tee,Apparel,1,28.0,9.5,220,10,16,56
2026-05-23,SKU-APP-202,Moisture-Wicking Athletic Tee,Apparel,2,28.0,9.5,220,10,16,56
2026-05-24,SKU-APP-202,Moisture-Wicking Athletic Tee,Apparel,6,28.0,9.5,220,10,16,56
2026-05-25,SKU-APP-202,Moisture-Wicking Athletic Tee,Apparel,5,28.0,9.5,220,10,16,56
2026-05-26,SKU-APP-202,Moisture-Wicking Athletic Tee,Apparel,5,28.0,9.5,220,10,16,56
2026-05-27,SKU-APP-202,Moisture-Wicking Athletic Tee,Apparel,4,28.0,9.5,220,10,16,56
2026-05-28,SKU-APP-202,Moisture-Wicking Athletic Tee,Apparel,5,28.0,9.5,220,10,16,56
2026-05-29,SKU-APP-202,Moisture-Wicking Athletic Tee,Apparel,3,28.0,9.5,220,10,16,56
2026-05-30,SKU-APP-202,Moisture-Wicking Athletic Tee,Apparel,5,28.0,9.5,220,10,16,56
2026-05-31,SKU-APP-202,Moisture-Wicking Athletic Tee,Apparel,9,28.0,9.5,220,10,16,56
2026-06-01,SKU-APP-202,Moisture-Wicking Athletic Tee,Apparel,3,28.0,9.5,220,10,16,56
2026-06-02,SKU-APP-202,Moisture-Wicking Athletic Tee,Apparel,2,28.0,9.5,220,10,16,56
2026-06-03,SKU-APP-202,Moisture-Wicking Athletic Tee,Apparel,6,28.0,9.5,220,10,16,56
2026-06-04,SKU-APP-202,Moisture-Wicking Athletic Tee,Apparel,2,28.0,9.5,220,10,16,56
2026-06-05,SKU-APP-202,Moisture-Wicking Athletic Tee,Apparel,3,28.0,9.5,220,10,16,56
2026-06-06,SKU-APP-202,Moisture-Wicking Athletic Tee,Apparel,8,28.0,9.5,220,10,16,56
2026-06-07,SKU-APP-202,Moisture-Wicking Athletic Tee,Apparel,5,28.0,9.5,220,10,16,56
2026-06-08,SKU-APP-202,Moisture-Wicking Athletic Tee,Apparel,5,28.0,9.5,220,10,16,56
2026-06-09,SKU-APP-202,Moisture-Wicking Athletic Tee,Apparel,2,28.0,9.5,220,10,16,56
2026-06-10,SKU-APP-202,Moisture-Wicking Athletic Tee,Apparel,4,28.0,9.5,220,10,16,56
2026-06-11,SKU-APP-202,Moisture-Wicking Athletic Tee,Apparel,3,28.0,9.5,220,10,16,56
2026-06-12,SKU-APP-202,Moisture-Wicking Athletic Tee,Apparel,5,28.0,9.5,220,10,16,56
2026-06-13,SKU-APP-202,Moisture-Wicking Athletic Tee,Apparel,3,28.0,9.5,220,10,16,56
2026-06-14,SKU-APP-202,Moisture-Wicking Athletic Tee,Apparel,7,28.0,9.5,220,10,16,56
2026-06-15,SKU-APP-202,Moisture-Wicking Athletic Tee,Apparel,5,28.0,9.5,220,10,16,56
2026-06-16,SKU-APP-202,Moisture-Wicking Athletic Tee,Apparel,2,28.0,9.5,220,10,16,56
2026-06-17,SKU-APP-202,Moisture-Wicking Athletic Tee,Apparel,3,28.0,9.5,220,10,16,56
2026-06-18,SKU-APP-202,Moisture-Wicking Athletic Tee,Apparel,3,28.0,9.5,220,10,16,56
2026-06-19,SKU-APP-202,Moisture-Wicking Athletic Tee,Apparel,0,28.0,9.5,220,10,16,56
2026-06-20,SKU-APP-202,Moisture-Wicking Athletic Tee,Apparel,8,,9.5,220,10,16,56
2026-06-21,SKU-APP-202,Moisture-Wicking Athletic Tee,Apparel,3,28.0,9.5,220,10,16,56
2026-06-22,SKU-APP-202,Moisture-Wicking Athletic Tee,Apparel,3,28.0,9.5,220,10,16,56
2026-06-23,SKU-APP-202,Moisture-Wicking Athletic Tee,Apparel,11,28.0,9.5,220,10,16,56
2026-06-24,SKU-APP-202,Moisture-Wicking Athletic Tee,Apparel,3,28.0,9.5,220,10,16,56
2026-06-25,SKU-APP-202,Moisture-Wicking Athletic Tee,Apparel,7,28.0,9.5,220,10,16,56
2026-06-26,SKU-APP-202,Moisture-Wicking Athletic Tee,Apparel,8,28.0,9.5,220,10,16,56
2026-06-27,SKU-APP-202,Moisture-Wicking Athletic Tee,Apparel,6,28.0,9.5,220,10,16,56
2026-06-28,SKU-APP-202,Moisture-Wicking Athletic Tee,Apparel,5,28.0,9.5,220,10,16,56
2026-06-29,SKU-APP-202,Moisture-Wicking Athletic Tee,Apparel,7,28.0,9.5,220,10,16,56
2026-06-30,SKU-APP-202,Moisture-Wicking Athletic Tee,Apparel,4,28.0,9.5,220,10,16,56
2026-07-01,SKU-APP-202,Moisture-Wicking Athletic Tee,Apparel,5,28.0,9.5,220,10,16,56
2026-07-02,SKU-APP-202,Moisture-Wicking Athletic Tee,Apparel,6,28.0,9.5,220,10,16,56
2026-07-03,SKU-APP-202,Moisture-Wicking Athletic Tee,Apparel,4,28.0,9.5,220,10,16,56
2026-07-04,SKU-APP-202,Moisture-Wicking Athletic Tee,Apparel,6,28.0,9.5,220,10,16,56
2026-07-05,SKU-APP-202,Moisture-Wicking Athletic Tee,Apparel,3,28.0,9.5,220,10,16,56
2026-07-06,SKU-APP-202,Moisture-Wicking Athletic Tee,Apparel,9,28.0,9.5,220,10,16,56
2026-07-07,SKU-APP-202,Moisture-Wicking Athletic Tee,Apparel,5,28.0,9.5,220,10,16,56
2026-07-08,SKU-APP-202,Moisture-Wicking Athletic Tee,Apparel,5,28.0,9.5,220,10,16,56
2026-07-09,SKU-APP-202,Moisture-Wicking Athletic Tee,Apparel,3,28.0,9.5,220,10,16,56
2026-07-10,SKU-APP-202,Moisture-Wicking Athletic Tee,Apparel,4,28.0,9.5,220,10,16,56
2026-07-11,SKU-APP-202,Moisture-Wicking Athletic Tee,Apparel,6,28.0,9.5,220,10,16,56
2026-07-12,SKU-APP-202,Moisture-Wicking Athletic Tee,Apparel,7,28.0,9.5,220,10,16,56
2026-07-13,SKU-APP-202,Moisture-Wicking Athletic Tee,Apparel,5,28.0,9.5,220,10,16,56
2026-07-14,SKU-APP-202,Moisture-Wicking Athletic Tee,Apparel,3,28.0,9.5,220,10,16,56
2026-07-15,SKU-APP-202,Moisture-Wicking Athletic Tee,Apparel,5,28.0,9.5,220,10,16,56
2026-07-16,SKU-APP-202,Moisture-Wicking Athletic Tee,Apparel,-1,28.0,9.5,220,10,16,56
2026-07-17,SKU-APP-202,Moisture-Wicking Athletic Tee,Apparel,8,28.0,9.5,220,10,16,56
2026-07-18,SKU-APP-202,Moisture-Wicking Athletic Tee,Apparel,4,28.0,9.5,220,10,16,56
2026-07-19,SKU-APP-202,Moisture-Wicking Athletic Tee,Apparel,2,28.0,9.5,220,10,16,56
2026-07-20,SKU-APP-202,Moisture-Wicking Athletic Tee,Apparel,5,28.0,9.5,220,10,16,56
2026-07-21,SKU-APP-202,Moisture-Wicking Athletic Tee,Apparel,3,28.0,9.5,220,10,16,56
2026-07-22,SKU-APP-202,Moisture-Wicking Athletic Tee,Apparel,3,28.0,9.5,220,10,16,56
2026-07-23,SKU-APP-202,Moisture-Wicking Athletic Tee,Apparel,1,28.0,9.5,220,10,16,56
2026-07-24,SKU-APP-202,Moisture-Wicking Athletic Tee,Apparel,3,28.0,9.5,220,10,16,56
2026-07-25,SKU-APP-202,Moisture-Wicking Athletic Tee,Apparel,5,28.0,9.5,220,10,16,56
2026-07-26,SKU-APP-202,Moisture-Wicking Athletic Tee,Apparel,3,28.0,9.5,220,10,16,56
2026-07-27,SKU-APP-202,Moisture-Wicking Athletic Tee,Apparel,1,28.0,9.5,220,10,16,56
2026-07-28,SKU-APP-202,Moisture-Wicking Athletic Tee,Apparel,5,28.0,9.5,220,10,16,56
2026-07-29,SKU-APP-202,Moisture-Wicking Athletic Tee,Apparel,3,28.0,9.5,220,10,16,56
2026-07-30,SKU-APP-202,Moisture-Wicking Athletic Tee,Apparel,1,28.0,9.5,220,10,16,56
2026-07-31,SKU-APP-202,Moisture-Wicking Athletic Tee,Apparel,8,28.0,9.5,220,10,16,56
2026-08-01,SKU-APP-202,Moisture-Wicking Athletic Tee,Apparel,9,28.0,9.5,220,10,16,56
2026-08-02,SKU-APP-202,Moisture-Wicking Athletic Tee,Apparel,0,28.0,9.5,220,10,16,56
2026-08-03,SKU-APP-202,Moisture-Wicking Athletic Tee,Apparel,5,28.0,9.5,220,10,16,56
2026-08-04,SKU-APP-202,Moisture-Wicking Athletic Tee,Apparel,2,28.0,9.5,220,10,16,56
2026-08-05,SKU-APP-202,Moisture-Wicking Athletic Tee,Apparel,5,28.0,9.5,220,10,16,56
2026-08-06,SKU-APP-202,Moisture-Wicking Athletic Tee,Apparel,3,28.0,9.5,220,10,16,56
2026-08-07,SKU-APP-202,Moisture-Wicking Athletic Tee,Apparel,1,28.0,9.5,220,10,16,56
2026-08-08,SKU-APP-202,Moisture-Wicking Athletic Tee,Apparel,9,28.0,9.5,220,10,16,56
2026-08-09,SKU-APP-202,Moisture-Wicking Athletic Tee,Apparel,6,28.0,9.5,220,10,16,56
2026-08-10,SKU-APP-202,Moisture-Wicking Athletic Tee,Apparel,1,28.0,9.5,220,10,16,56
2026-08-11,SKU-APP-202,Moisture-Wicking Athletic Tee,Apparel,2,28.0,9.5,220,10,16,56
2026-08-12,SKU-APP-202,Moisture-Wicking Athletic Tee,Apparel,3,28.0,9.5,220,10,16,56
2026-08-13,SKU-APP-202,Moisture-Wicking Athletic Tee,Apparel,5,28.0,9.5,220,10,16,56
2026-08-14,SKU-APP-202,Moisture-Wicking Athletic Tee,Apparel,5,28.0,9.5,220,10,16,56
2026-08-15,SKU-APP-202,Moisture-Wicking Athletic Tee,Apparel,3,28.0,9.5,220,10,16,56
2026-08-16,SKU-APP-202,Moisture-Wicking Athletic Tee,Apparel,4,28.0,9.5,220,10,16,56
2026-08-17,SKU-APP-202,Moisture-Wicking Athletic Tee,Apparel,5,28.0,9.5,220,10,16,56
2026-08-18,SKU-APP-202,Moisture-Wicking Athletic Tee,Apparel,2,28.0,9.5,220,10,16,56
2026-08-19,SKU-APP-202,Moisture-Wicking Athletic Tee,Apparel,5,28.0,9.5,220,10,16,56
2026-08-20,SKU-APP-202,Moisture-Wicking Athletic Tee,Apparel,4,28.0,9.5,220,10,16,56
2026-08-21,SKU-APP-202,Moisture-Wicking Athletic Tee,Apparel,3,28.0,9.5,220,10,16,56
2026-08-22,SKU-APP-202,Moisture-Wicking Athletic Tee,Apparel,5,28.0,9.5,220,10,16,56
2026-08-23,SKU-APP-202,Moisture-Wicking Athletic Tee,Apparel,3,28.0,9.5,220,10,16,56
2026-08-24,SKU-APP-202,Moisture-Wicking Athletic Tee,Apparel,3,28.0,9.5,220,10,16,56
2026-08-25,SKU-APP-202,Moisture-Wicking Athletic Tee,Apparel,1,28.0,9.5,220,10,16,56
2026-08-26,SKU-APP-202,Moisture-Wicking Athletic Tee,Apparel,1,28.0,9.5,220,10,16,56
2026-08-27,SKU-APP-202,Moisture-Wicking Athletic Tee,Apparel,4,28.0,9.5,220,10,16,56
2026-03-01,SKU-APP-203,Heavyweight Arctic Winter Parka,Apparel,2,179.99,85.0,510,30,22,76
2026-03-02,SKU-APP-203,Heavyweight Arctic Winter Parka,Apparel,6,179.99,85.0,510,30,22,76
2026-03-03,SKU-APP-203,Heavyweight Arctic Winter Parka,Apparel,3,179.99,85.0,510,30,22,76
2026-03-04,SKU-APP-203,Heavyweight Arctic Winter Parka,Apparel,1,179.99,85.0,510,30,22,76
2026-03-05,SKU-APP-203,Heavyweight Arctic Winter Parka,Apparel,1,179.99,85.0,510,30,22,76
2026-03-06,SKU-APP-203,Heavyweight Arctic Winter Parka,Apparel,1,179.99,85.0,510,30,22,76
2026-03-07,SKU-APP-203,Heavyweight Arctic Winter Parka,Apparel,3,179.99,85.0,510,30,22,76
2026-03-08,SKU-APP-203,Heavyweight Arctic Winter Parka,Apparel,9,179.99,85.0,510,30,22,76
2026-03-09,SKU-APP-203,Heavyweight Arctic Winter Parka,Apparel,3,179.99,85.0,510,30,22,76
2026-03-10,SKU-APP-203,Heavyweight Arctic Winter Parka,Apparel,1,179.99,85.0,510,30,22,76
2026-03-11,SKU-APP-203,Heavyweight Arctic Winter Parka,Apparel,1,179.99,85.0,510,30,22,76
2026-03-12,SKU-APP-203,Heavyweight Arctic Winter Parka,Apparel,1,179.99,85.0,510,30,22,76
2026-03-13,SKU-APP-203,Heavyweight Arctic Winter Parka,Apparel,1,179.99,85.0,510,30,22,76
2026-03-14,SKU-APP-203,Heavyweight Arctic Winter Parka,Apparel,2,179.99,85.0,510,30,22,76
2026-03-15,SKU-APP-203,Heavyweight Arctic Winter Parka,Apparel,2,179.99,85.0,510,30,22,76
2026-03-16,SKU-APP-203,Heavyweight Arctic Winter Parka,Apparel,1,179.99,85.0,510,30,22,76
2026-03-17,SKU-APP-203,Heavyweight Arctic Winter Parka,Apparel,3,179.99,85.0,510,30,22,76
2026-03-18,SKU-APP-203,Heavyweight Arctic Winter Parka,Apparel,1,179.99,85.0,510,30,22,76
2026-03-19,SKU-APP-203,Heavyweight Arctic Winter Parka,Apparel,0,179.99,85.0,510,30,22,76
2026-03-20,SKU-APP-203,Heavyweight Arctic Winter Parka,Apparel,2,179.99,85.0,510,30,22,76
2026-03-21,SKU-APP-203,Heavyweight Arctic Winter Parka,Apparel,6,179.99,85.0,510,30,22,76
2026-03-22,SKU-APP-203,Heavyweight Arctic Winter Parka,Apparel,1,179.99,85.0,510,30,22,76
2026-03-23,SKU-APP-203,Heavyweight Arctic Winter Parka,Apparel,1,179.99,85.0,510,30,22,76
2026-03-24,SKU-APP-203,Heavyweight Arctic Winter Parka,Apparel,0,179.99,85.0,510,30,22,76
2026-03-25,SKU-APP-203,Heavyweight Arctic Winter Parka,Apparel,1,179.99,85.0,510,30,22,76
2026-03-26,SKU-APP-203,Heavyweight Arctic Winter Parka,Apparel,2,179.99,85.0,510,30,22,76
2026-03-27,SKU-APP-203,Heavyweight Arctic Winter Parka,Apparel,0,179.99,85.0,510,30,22,76
2026-03-28,SKU-APP-203,Heavyweight Arctic Winter Parka,Apparel,1,179.99,85.0,510,30,22,76
2026-03-29,SKU-APP-203,Heavyweight Arctic Winter Parka,Apparel,1,179.99,85.0,510,30,22,76
2026-03-30,SKU-APP-203,Heavyweight Arctic Winter Parka,Apparel,2,179.99,85.0,510,30,22,76
2026-03-31,SKU-APP-203,Heavyweight Arctic Winter Parka,Apparel,3,179.99,85.0,510,30,22,76
2026-04-01,SKU-APP-203,Heavyweight Arctic Winter Parka,Apparel,1,179.99,85.0,510,30,22,76
2026-04-02,SKU-APP-203,Heavyweight Arctic Winter Parka,Apparel,4,179.99,85.0,510,30,22,76
2026-04-03,SKU-APP-203,Heavyweight Arctic Winter Parka,Apparel,3,179.99,85.0,510,30,22,76
2026-04-04,SKU-APP-203,Heavyweight Arctic Winter Parka,Apparel,3,179.99,85.0,510,30,22,76
2026-04-05,SKU-APP-203,Heavyweight Arctic Winter Parka,Apparel,4,179.99,85.0,510,30,22,76
2026-04-06,SKU-APP-203,Heavyweight Arctic Winter Parka,Apparel,2,179.99,85.0,510,30,22,76
2026-04-07,SKU-APP-203,Heavyweight Arctic Winter Parka,Apparel,2,179.99,85.0,510,30,22,76
2026-04-08,SKU-APP-203,Heavyweight Arctic Winter Parka,Apparel,0,179.99,85.0,510,30,22,76
2026-04-09,SKU-APP-203,Heavyweight Arctic Winter Parka,Apparel,1,179.99,85.0,510,30,22,76
2026-04-10,SKU-APP-203,Heavyweight Arctic Winter Parka,Apparel,3,179.99,85.0,510,30,22,76
2026-04-11,SKU-APP-203,Heavyweight Arctic Winter Parka,Apparel,3,179.99,85.0,510,30,22,76
2026-04-12,SKU-APP-203,Heavyweight Arctic Winter Parka,Apparel,2,179.99,85.0,510,30,22,76
2026-04-13,SKU-APP-203,Heavyweight Arctic Winter Parka,Apparel,4,179.99,85.0,510,30,22,76
2026-04-14,SKU-APP-203,Heavyweight Arctic Winter Parka,Apparel,1,179.99,85.0,510,30,22,76
2026-04-15,SKU-APP-203,Heavyweight Arctic Winter Parka,Apparel,2,179.99,85.0,510,30,22,76
2026-04-16,SKU-APP-203,Heavyweight Arctic Winter Parka,Apparel,0,179.99,85.0,510,30,22,76
2026-04-17,SKU-APP-203,Heavyweight Arctic Winter Parka,Apparel,3,179.99,85.0,510,30,22,76
2026-04-18,SKU-APP-203,Heavyweight Arctic Winter Parka,Apparel,4,179.99,85.0,510,30,22,76
2026-04-19,SKU-APP-203,Heavyweight Arctic Winter Parka,Apparel,0,179.99,85.0,510,30,22,76
2026-04-20,SKU-APP-203,Heavyweight Arctic Winter Parka,Apparel,1,179.99,85.0,510,30,22,76
2026-04-21,SKU-APP-203,Heavyweight Arctic Winter Parka,Apparel,1,179.99,85.0,510,30,22,76
2026-04-22,SKU-APP-203,Heavyweight Arctic Winter Parka,Apparel,0,179.99,85.0,510,30,22,76
2026-04-23,SKU-APP-203,Heavyweight Arctic Winter Parka,Apparel,0,179.99,85.0,510,30,22,76
2026-04-24,SKU-APP-203,Heavyweight Arctic Winter Parka,Apparel,2,179.99,85.0,510,30,22,76
2026-04-25,SKU-APP-203,Heavyweight Arctic Winter Parka,Apparel,1,179.99,85.0,510,30,22,76
2026-04-26,SKU-APP-203,Heavyweight Arctic Winter Parka,Apparel,3,179.99,85.0,510,30,22,76
2026-04-27,SKU-APP-203,Heavyweight Arctic Winter Parka,Apparel,3,179.99,85.0,510,30,22,76
2026-04-28,SKU-APP-203,Heavyweight Arctic Winter Parka,Apparel,1,179.99,85.0,510,30,22,76
2026-04-29,SKU-APP-203,Heavyweight Arctic Winter Parka,Apparel,1,179.99,85.0,510,30,22,76
2026-04-30,SKU-APP-203,Heavyweight Arctic Winter Parka,Apparel,1,179.99,85.0,510,30,22,76
2026-05-01,SKU-APP-203,Heavyweight Arctic Winter Parka,Apparel,4,179.99,85.0,510,30,22,76
2026-05-02,SKU-APP-203,Heavyweight Arctic Winter Parka,Apparel,4,179.99,85.0,510,30,22,76
2026-05-03,SKU-APP-203,Heavyweight Arctic Winter Parka,Apparel,2,179.99,85.0,510,30,22,76
2026-05-04,SKU-APP-203,Heavyweight Arctic Winter Parka,Apparel,1,179.99,85.0,510,30,22,76
2026-05-05,SKU-APP-203,Heavyweight Arctic Winter Parka,Apparel,1,179.99,85.0,510,30,22,76
2026-05-06,SKU-APP-203,Heavyweight Arctic Winter Parka,Apparel,6,179.99,85.0,510,30,22,76
2026-05-07,SKU-APP-203,Heavyweight Arctic Winter Parka,Apparel,4,179.99,85.0,510,30,22,76
2026-05-08,SKU-APP-203,Heavyweight Arctic Winter Parka,Apparel,2,179.99,85.0,510,30,22,76
2026-05-09,SKU-APP-203,Heavyweight Arctic Winter Parka,Apparel,1,179.99,85.0,510,30,22,76
2026-05-10,SKU-APP-203,Heavyweight Arctic Winter Parka,Apparel,2,179.99,85.0,510,30,22,76
2026-05-11,SKU-APP-203,Heavyweight Arctic Winter Parka,Apparel,2,179.99,85.0,510,30,22,76
2026-05-12,SKU-APP-203,Heavyweight Arctic Winter Parka,Apparel,1,179.99,85.0,510,30,22,76
2026-05-13,SKU-APP-203,Heavyweight Arctic Winter Parka,Apparel,0,179.99,85.0,510,30,22,76
2026-05-14,SKU-APP-203,Heavyweight Arctic Winter Parka,Apparel,0,179.99,85.0,510,30,22,76
2026-05-15,SKU-APP-203,Heavyweight Arctic Winter Parka,Apparel,1,179.99,85.0,510,30,22,76
2026-05-16,SKU-APP-203,Heavyweight Arctic Winter Parka,Apparel,4,179.99,85.0,510,30,22,76
2026-05-17,SKU-APP-203,Heavyweight Arctic Winter Parka,Apparel,2,179.99,85.0,510,30,22,76
2026-05-18,SKU-APP-203,Heavyweight Arctic Winter Parka,Apparel,0,179.99,85.0,510,30,22,76
2026-05-19,SKU-APP-203,Heavyweight Arctic Winter Parka,Apparel,4,179.99,85.0,510,30,22,76
2026-05-20,SKU-APP-203,Heavyweight Arctic Winter Parka,Apparel,5,179.99,85.0,510,30,22,76
2026-05-21,SKU-APP-203,Heavyweight Arctic Winter Parka,Apparel,2,179.99,85.0,510,30,22,76
2026-05-22,SKU-APP-203,Heavyweight Arctic Winter Parka,Apparel,1,179.99,85.0,510,30,22,76
2026-05-23,SKU-APP-203,Heavyweight Arctic Winter Parka,Apparel,3,179.99,85.0,510,30,22,76
2026-05-24,SKU-APP-203,Heavyweight Arctic Winter Parka,Apparel,1,179.99,85.0,510,30,22,76
2026-05-25,SKU-APP-203,Heavyweight Arctic Winter Parka,Apparel,1,179.99,85.0,510,30,22,76
2026-05-26,SKU-APP-203,Heavyweight Arctic Winter Parka,Apparel,1,179.99,85.0,510,30,22,76
2026-05-27,SKU-APP-203,Heavyweight Arctic Winter Parka,Apparel,0,179.99,85.0,510,30,22,76
2026-05-28,SKU-APP-203,Heavyweight Arctic Winter Parka,Apparel,0,179.99,85.0,510,30,22,76
2026-05-29,SKU-APP-203,Heavyweight Arctic Winter Parka,Apparel,3,179.99,85.0,510,30,22,76
2026-05-30,SKU-APP-203,Heavyweight Arctic Winter Parka,Apparel,3,179.99,85.0,510,30,22,76
2026-05-31,SKU-APP-203,Heavyweight Arctic Winter Parka,Apparel,1,179.99,85.0,510,30,22,76
2026-06-01,SKU-APP-203,Heavyweight Arctic Winter Parka,Apparel,0,179.99,85.0,510,30,22,76
2026-06-02,SKU-APP-203,Heavyweight Arctic Winter Parka,Apparel,0,179.99,85.0,510,30,22,76
2026-06-03,SKU-APP-203,Heavyweight Arctic Winter Parka,Apparel,1,179.99,85.0,510,30,22,76
2026-06-04,SKU-APP-203,Heavyweight Arctic Winter Parka,Apparel,0,179.99,85.0,510,30,22,76
2026-06-05,SKU-APP-203,Heavyweight Arctic Winter Parka,Apparel,1,179.99,85.0,510,30,22,76
2026-06-06,SKU-APP-203,Heavyweight Arctic Winter Parka,Apparel,2,179.99,85.0,510,30,22,76
2026-06-07,SKU-APP-203,Heavyweight Arctic Winter Parka,Apparel,3,179.99,85.0,510,30,22,76
2026-06-08,SKU-APP-203,Heavyweight Arctic Winter Parka,Apparel,1,179.99,85.0,510,30,22,76
2026-06-09,SKU-APP-203,Heavyweight Arctic Winter Parka,Apparel,2,179.99,85.0,510,30,22,76
2026-06-10,SKU-APP-203,Heavyweight Arctic Winter Parka,Apparel,4,179.99,85.0,510,30,22,76
2026-06-11,SKU-APP-203,Heavyweight Arctic Winter Parka,Apparel,3,179.99,85.0,510,30,22,76
2026-06-12,SKU-APP-203,Heavyweight Arctic Winter Parka,Apparel,1,179.99,85.0,510,30,22,76
2026-06-13,SKU-APP-203,Heavyweight Arctic Winter Parka,Apparel,1,179.99,85.0,510,30,22,76
2026-06-14,SKU-APP-203,Heavyweight Arctic Winter Parka,Apparel,2,179.99,85.0,510,30,22,76
2026-06-15,SKU-APP-203,Heavyweight Arctic Winter Parka,Apparel,2,179.99,85.0,510,30,22,76
2026-06-16,SKU-APP-203,Heavyweight Arctic Winter Parka,Apparel,1,179.99,85.0,510,30,22,76
2026-06-17,SKU-APP-203,Heavyweight Arctic Winter Parka,Apparel,0,179.99,85.0,510,30,22,76
2026-06-18,SKU-APP-203,Heavyweight Arctic Winter Parka,Apparel,2,179.99,85.0,510,30,22,76
2026-06-19,SKU-APP-203,Heavyweight Arctic Winter Parka,Apparel,0,179.99,85.0,510,30,22,76
2026-06-20,SKU-APP-203,Heavyweight Arctic Winter Parka,Apparel,2,179.99,85.0,510,30,22,76
2026-06-21,SKU-APP-203,Heavyweight Arctic Winter Parka,Apparel,0,179.99,85.0,510,30,22,76
2026-06-22,SKU-APP-203,Heavyweight Arctic Winter Parka,Apparel,2,179.99,85.0,510,30,22,76
2026-06-23,SKU-APP-203,Heavyweight Arctic Winter Parka,Apparel,3,179.99,85.0,510,30,22,76
2026-06-24,SKU-APP-203,Heavyweight Arctic Winter Parka,Apparel,5,179.99,85.0,510,30,22,76
2026-06-25,SKU-APP-203,Heavyweight Arctic Winter Parka,Apparel,1,179.99,85.0,510,30,22,76
2026-06-26,SKU-APP-203,Heavyweight Arctic Winter Parka,Apparel,2,179.99,85.0,510,30,22,76
2026-06-27,SKU-APP-203,Heavyweight Arctic Winter Parka,Apparel,2,179.99,85.0,510,30,22,76
2026-06-28,SKU-APP-203,Heavyweight Arctic Winter Parka,Apparel,2,179.99,85.0,510,30,22,76
2026-06-29,SKU-APP-203,Heavyweight Arctic Winter Parka,Apparel,1,179.99,85.0,510,30,22,76
2026-06-30,SKU-APP-203,Heavyweight Arctic Winter Parka,Apparel,1,179.99,85.0,510,30,22,76
2026-07-01,SKU-APP-203,Heavyweight Arctic Winter Parka,Apparel,0,179.99,85.0,510,30,22,76
2026-07-02,SKU-APP-203,Heavyweight Arctic Winter Parka,Apparel,1,179.99,85.0,510,30,22,76
2026-07-03,SKU-APP-203,Heavyweight Arctic Winter Parka,Apparel,2,179.99,85.0,510,30,22,76
2026-07-04,SKU-APP-203,Heavyweight Arctic Winter Parka,Apparel,3,179.99,85.0,510,30,22,76
2026-07-05,SKU-APP-203,Heavyweight Arctic Winter Parka,Apparel,0,179.99,85.0,510,30,22,76
2026-07-06,SKU-APP-203,Heavyweight Arctic Winter Parka,Apparel,1,179.99,85.0,510,30,22,76
2026-07-07,SKU-APP-203,Heavyweight Arctic Winter Parka,Apparel,0,179.99,85.0,510,30,22,76
2026-07-08,SKU-APP-203,Heavyweight Arctic Winter Parka,Apparel,1,179.99,85.0,510,30,22,76
2026-07-09,SKU-APP-203,Heavyweight Arctic Winter Parka,Apparel,2,179.99,85.0,510,30,22,76
2026-07-10,SKU-APP-203,Heavyweight Arctic Winter Parka,Apparel,1,179.99,85.0,510,30,22,76
2026-07-11,SKU-APP-203,Heavyweight Arctic Winter Parka,Apparel,2,179.99,85.0,510,30,22,76
2026-07-12,SKU-APP-203,Heavyweight Arctic Winter Parka,Apparel,3,179.99,85.0,510,30,22,76
2026-07-13,SKU-APP-203,Heavyweight Arctic Winter Parka,Apparel,2,179.99,85.0,510,30,22,76
2026-07-14,SKU-APP-203,Heavyweight Arctic Winter Parka,Apparel,0,179.99,85.0,510,30,22,76
2026-07-15,SKU-APP-203,Heavyweight Arctic Winter Parka,Apparel,0,179.99,85.0,510,30,22,76
2026-07-16,SKU-APP-203,Heavyweight Arctic Winter Parka,Apparel,2,179.99,85.0,510,30,22,76
2026-07-17,SKU-APP-203,Heavyweight Arctic Winter Parka,Apparel,0,179.99,85.0,510,30,22,76
2026-07-18,SKU-APP-203,Heavyweight Arctic Winter Parka,Apparel,5,179.99,85.0,510,30,22,76
2026-07-19,SKU-APP-203,Heavyweight Arctic Winter Parka,Apparel,0,179.99,85.0,510,30,22,76
2026-07-20,SKU-APP-203,Heavyweight Arctic Winter Parka,Apparel,0,179.99,85.0,510,30,22,76
2026-07-21,SKU-APP-203,Heavyweight Arctic Winter Parka,Apparel,1,179.99,85.0,510,30,22,76
2026-07-22,SKU-APP-203,Heavyweight Arctic Winter Parka,Apparel,1,179.99,85.0,510,30,22,76
2026-07-23,SKU-APP-203,Heavyweight Arctic Winter Parka,Apparel,2,179.99,85.0,510,30,22,76
2026-07-24,SKU-APP-203,Heavyweight Arctic Winter Parka,Apparel,2,179.99,85.0,510,30,22,76
2026-07-25,SKU-APP-203,Heavyweight Arctic Winter Parka,Apparel,4,179.99,85.0,510,30,22,76
2026-07-26,SKU-APP-203,Heavyweight Arctic Winter Parka,Apparel,1,179.99,85.0,510,30,22,76
2026-07-27,SKU-APP-203,Heavyweight Arctic Winter Parka,Apparel,1,179.99,85.0,510,30,22,76
2026-07-28,SKU-APP-203,Heavyweight Arctic Winter Parka,Apparel,2,179.99,85.0,510,30,22,76
2026-07-29,SKU-APP-203,Heavyweight Arctic Winter Parka,Apparel,2,179.99,85.0,510,30,22,76
2026-07-30,SKU-APP-203,Heavyweight Arctic Winter Parka,Apparel,2,179.99,85.0,510,30,22,76
2026-07-31,SKU-APP-203,Heavyweight Arctic Winter Parka,Apparel,1,179.99,85.0,510,30,22,76
2026-08-01,SKU-APP-203,Heavyweight Arctic Winter Parka,Apparel,2,179.99,85.0,510,30,22,76
2026-08-02,SKU-APP-203,Heavyweight Arctic Winter Parka,Apparel,0,179.99,85.0,510,30,22,76
2026-08-03,SKU-APP-203,Heavyweight Arctic Winter Parka,Apparel,0,179.99,85.0,510,30,22,76
2026-08-04,SKU-APP-203,Heavyweight Arctic Winter Parka,Apparel,3,179.99,85.0,510,30,22,76
2026-08-05,SKU-APP-203,Heavyweight Arctic Winter Parka,Apparel,5,179.99,85.0,510,30,22,76
2026-08-06,SKU-APP-203,Heavyweight Arctic Winter Parka,Apparel,2,179.99,85.0,510,30,22,76
2026-08-07,SKU-APP-203,Heavyweight Arctic Winter Parka,Apparel,0,179.99,85.0,510,30,22,76
2026-08-08,SKU-APP-203,Heavyweight Arctic Winter Parka,Apparel,3,179.99,85.0,510,30,22,76
2026-08-09,SKU-APP-203,Heavyweight Arctic Winter Parka,Apparel,0,179.99,85.0,510,30,22,76
2026-08-10,SKU-APP-203,Heavyweight Arctic Winter Parka,Apparel,0,179.99,85.0,510,30,22,76
2026-08-11,SKU-APP-203,Heavyweight Arctic Winter Parka,Apparel,0,179.99,85.0,510,30,22,76
2026-08-12,SKU-APP-203,Heavyweight Arctic Winter Parka,Apparel,1,179.99,85.0,510,30,22,76
2026-08-13,SKU-APP-203,Heavyweight Arctic Winter Parka,Apparel,3,179.99,85.0,510,30,22,76
2026-08-14,SKU-APP-203,Heavyweight Arctic Winter Parka,Apparel,2,179.99,85.0,510,30,22,76
2026-08-15,SKU-APP-203,Heavyweight Arctic Winter Parka,Apparel,0,179.99,85.0,510,30,22,76
2026-08-16,SKU-APP-203,Heavyweight Arctic Winter Parka,Apparel,0,179.99,85.0,510,30,22,76
2026-08-17,SKU-APP-203,Heavyweight Arctic Winter Parka,Apparel,0,179.99,85.0,510,30,22,76
2026-08-18,SKU-APP-203,Heavyweight Arctic Winter Parka,Apparel,0,179.99,85.0,510,30,22,76
2026-08-19,SKU-APP-203,Heavyweight Arctic Winter Parka,Apparel,1,179.99,85.0,510,30,22,76
2026-08-20,SKU-APP-203,Heavyweight Arctic Winter Parka,Apparel,4,179.99,85.0,510,30,22,76
2026-08-21,SKU-APP-203,Heavyweight Arctic Winter Parka,Apparel,1,179.99,85.0,510,30,22,76
2026-08-22,SKU-APP-203,Heavyweight Arctic Winter Parka,Apparel,5,179.99,85.0,510,30,22,76
2026-08-23,SKU-APP-203,Heavyweight Arctic Winter Parka,Apparel,0,179.99,85.0,510,30,22,76
2026-08-24,SKU-APP-203,Heavyweight Arctic Winter Parka,Apparel,3,179.99,85.0,510,30,22,76
2026-08-25,SKU-APP-203,Heavyweight Arctic Winter Parka,Apparel,4,179.99,85.0,510,30,22,76
2026-08-26,SKU-APP-203,Heavyweight Arctic Winter Parka,Apparel,2,179.99,85.0,510,30,22,76
2026-08-27,SKU-APP-203,Heavyweight Arctic Winter Parka,Apparel,0,179.99,85.0,510,30,22,76
2026-03-01,SKU-APP-204,Seamless Workout Compression Leggings,Apparel,11,44.99,16.0,4,10,28,98
2026-03-02,SKU-APP-204,Seamless Workout Compression Leggings,Apparel,4,44.99,16.0,4,10,28,98
2026-03-03,SKU-APP-204,Seamless Workout Compression Leggings,Apparel,11,44.99,16.0,4,10,28,98
2026-03-04,SKU-APP-204,Seamless Workout Compression Leggings,Apparel,3,44.99,16.0,4,10,28,98
2026-03-05,SKU-APP-204,Seamless Workout Compression Leggings,Apparel,4,44.99,16.0,4,10,28,98
2026-03-06,SKU-APP-204,Seamless Workout Compression Leggings,Apparel,5,44.99,16.0,4,10,28,98
2026-03-07,SKU-APP-204,Seamless Workout Compression Leggings,Apparel,7,44.99,16.0,4,10,28,98
2026-03-08,SKU-APP-204,Seamless Workout Compression Leggings,Apparel,8,44.99,16.0,4,10,28,98
2026-03-09,SKU-APP-204,Seamless Workout Compression Leggings,Apparel,7,44.99,16.0,4,10,28,98
2026-03-10,SKU-APP-204,Seamless Workout Compression Leggings,Apparel,3,44.99,16.0,4,10,28,98
2026-03-11,SKU-APP-204,Seamless Workout Compression Leggings,Apparel,8,44.99,16.0,4,10,28,98
2026-03-12,SKU-APP-204,Seamless Workout Compression Leggings,Apparel,5,44.99,16.0,4,10,28,98
2026-03-13,SKU-APP-204,Seamless Workout Compression Leggings,Apparel,5,44.99,16.0,4,10,28,98
2026-03-14,SKU-APP-204,Seamless Workout Compression Leggings,Apparel,17,44.99,16.0,4,10,28,98
2026-03-15,SKU-APP-204,Seamless Workout Compression Leggings,Apparel,11,44.99,16.0,4,10,28,98
2026-03-16,SKU-APP-204,Seamless Workout Compression Leggings,Apparel,6,44.99,16.0,4,10,28,98
2026-03-17,SKU-APP-204,Seamless Workout Compression Leggings,Apparel,6,44.99,16.0,4,10,28,98
2026-03-18,SKU-APP-204,Seamless Workout Compression Leggings,Apparel,3,44.99,16.0,4,10,28,98
2026-03-19,SKU-APP-204,Seamless Workout Compression Leggings,Apparel,4,44.99,16.0,4,10,28,98
2026-03-20,SKU-APP-204,Seamless Workout Compression Leggings,Apparel,12,44.99,16.0,4,10,28,98
2026-03-21,SKU-APP-204,Seamless Workout Compression Leggings,Apparel,9,44.99,16.0,4,10,28,98
2026-03-22,SKU-APP-204,Seamless Workout Compression Leggings,Apparel,12,44.99,16.0,4,10,28,98
2026-03-23,SKU-APP-204,Seamless Workout Compression Leggings,Apparel,12,44.99,16.0,4,10,28,98
2026-03-24,SKU-APP-204,Seamless Workout Compression Leggings,Apparel,7,44.99,16.0,4,10,28,98
2026-03-25,SKU-APP-204,Seamless Workout Compression Leggings,Apparel,10,44.99,16.0,4,10,28,98
2026-03-26,SKU-APP-204,Seamless Workout Compression Leggings,Apparel,7,44.99,16.0,4,10,28,98
2026-03-27,SKU-APP-204,Seamless Workout Compression Leggings,Apparel,3,44.99,16.0,4,10,28,98
2026-03-28,SKU-APP-204,Seamless Workout Compression Leggings,Apparel,14,44.99,16.0,4,10,28,98
2026-03-29,SKU-APP-204,Seamless Workout Compression Leggings,Apparel,8,44.99,16.0,4,10,28,98
2026-03-30,SKU-APP-204,Seamless Workout Compression Leggings,Apparel,7,44.99,16.0,4,10,28,98
2026-03-31,SKU-APP-204,Seamless Workout Compression Leggings,Apparel,5,44.99,16.0,4,10,28,98
2026-04-01,SKU-APP-204,Seamless Workout Compression Leggings,Apparel,10,44.99,16.0,4,10,28,98
2026-04-02,SKU-APP-204,Seamless Workout Compression Leggings,Apparel,11,44.99,16.0,4,10,28,98
2026-04-03,SKU-APP-204,Seamless Workout Compression Leggings,Apparel,8,44.99,16.0,4,10,28,98
2026-04-04,SKU-APP-204,Seamless Workout Compression Leggings,Apparel,8,44.99,16.0,4,10,28,98
2026-04-05,SKU-APP-204,Seamless Workout Compression Leggings,Apparel,11,44.99,16.0,4,10,28,98
2026-04-06,SKU-APP-204,Seamless Workout Compression Leggings,Apparel,8,44.99,16.0,4,10,28,98
2026-04-07,SKU-APP-204,Seamless Workout Compression Leggings,Apparel,7,44.99,16.0,4,10,28,98
2026-04-08,SKU-APP-204,Seamless Workout Compression Leggings,Apparel,9,44.99,16.0,4,10,28,98
2026-04-09,SKU-APP-204,Seamless Workout Compression Leggings,Apparel,9,44.99,16.0,4,10,28,98
2026-04-10,SKU-APP-204,Seamless Workout Compression Leggings,Apparel,7,44.99,16.0,4,10,28,98
2026-04-11,SKU-APP-204,Seamless Workout Compression Leggings,Apparel,11,44.99,16.0,4,10,28,98
2026-04-12,SKU-APP-204,Seamless Workout Compression Leggings,Apparel,14,44.99,16.0,4,10,28,98
2026-04-13,SKU-APP-204,Seamless Workout Compression Leggings,Apparel,9,44.99,16.0,4,10,28,98
2026-04-14,SKU-APP-204,Seamless Workout Compression Leggings,Apparel,15,44.99,16.0,4,10,28,98
2026-04-15,SKU-APP-204,Seamless Workout Compression Leggings,Apparel,9,44.99,16.0,4,10,28,98
2026-04-16,SKU-APP-204,Seamless Workout Compression Leggings,Apparel,10,44.99,16.0,4,10,28,98
2026-04-17,SKU-APP-204,Seamless Workout Compression Leggings,Apparel,13,44.99,16.0,4,10,28,98
2026-04-18,SKU-APP-204,Seamless Workout Compression Leggings,Apparel,14,44.99,16.0,4,10,28,98
2026-04-19,SKU-APP-204,Seamless Workout Compression Leggings,Apparel,12,44.99,16.0,4,10,28,98
2026-04-20,SKU-APP-204,Seamless Workout Compression Leggings,Apparel,10,44.99,16.0,4,10,28,98
2026-04-21,SKU-APP-204,Seamless Workout Compression Leggings,Apparel,5,44.99,16.0,4,10,28,98
2026-04-22,SKU-APP-204,Seamless Workout Compression Leggings,Apparel,7,44.99,16.0,4,10,28,98
2026-04-23,SKU-APP-204,Seamless Workout Compression Leggings,Apparel,10,44.99,16.0,4,10,28,98
2026-04-24,SKU-APP-204,Seamless Workout Compression Leggings,Apparel,6,44.99,16.0,4,10,28,98
2026-04-25,SKU-APP-204,Seamless Workout Compression Leggings,Apparel,11,44.99,16.0,4,10,28,98
2026-04-26,SKU-APP-204,Seamless Workout Compression Leggings,Apparel,16,44.99,16.0,4,10,28,98
2026-04-27,SKU-APP-204,Seamless Workout Compression Leggings,Apparel,5,44.99,16.0,4,10,28,98
2026-04-28,SKU-APP-204,Seamless Workout Compression Leggings,Apparel,9,44.99,16.0,4,10,28,98
2026-04-29,SKU-APP-204,Seamless Workout Compression Leggings,Apparel,10,44.99,16.0,4,10,28,98
2026-04-30,SKU-APP-204,Seamless Workout Compression Leggings,Apparel,5,44.99,16.0,4,10,28,98
2026-05-01,SKU-APP-204,Seamless Workout Compression Leggings,Apparel,9,44.99,16.0,4,10,28,98
2026-05-02,SKU-APP-204,Seamless Workout Compression Leggings,Apparel,7,44.99,16.0,4,10,28,98
2026-05-03,SKU-APP-204,Seamless Workout Compression Leggings,Apparel,11,44.99,16.0,4,10,28,98
2026-05-04,SKU-APP-204,Seamless Workout Compression Leggings,Apparel,7,44.99,16.0,4,10,28,98
2026-05-05,SKU-APP-204,Seamless Workout Compression Leggings,Apparel,9,44.99,16.0,4,10,28,98
2026-05-06,SKU-APP-204,Seamless Workout Compression Leggings,Apparel,10,44.99,16.0,4,10,28,98
2026-05-07,SKU-APP-204,Seamless Workout Compression Leggings,Apparel,10,44.99,16.0,4,10,28,98
2026-05-08,SKU-APP-204,Seamless Workout Compression Leggings,Apparel,9,44.99,16.0,4,10,28,98
2026-05-09,SKU-APP-204,Seamless Workout Compression Leggings,Apparel,11,44.99,16.0,4,10,28,98
2026-05-10,SKU-APP-204,Seamless Workout Compression Leggings,Apparel,21,44.99,16.0,4,10,28,98
2026-05-11,SKU-APP-204,Seamless Workout Compression Leggings,Apparel,7,44.99,16.0,4,10,28,98
2026-05-12,SKU-APP-204,Seamless Workout Compression Leggings,Apparel,2,44.99,16.0,4,10,28,98
2026-05-13,SKU-APP-204,Seamless Workout Compression Leggings,Apparel,9,44.99,16.0,4,10,28,98
2026-05-14,SKU-APP-204,Seamless Workout Compression Leggings,Apparel,9,44.99,16.0,4,10,28,98
2026-05-15,SKU-APP-204,Seamless Workout Compression Leggings,Apparel,13,44.99,16.0,4,10,28,98
2026-05-16,SKU-APP-204,Seamless Workout Compression Leggings,Apparel,11,44.99,16.0,4,10,28,98
2026-05-17,SKU-APP-204,Seamless Workout Compression Leggings,Apparel,12,44.99,16.0,4,10,28,98
2026-05-18,SKU-APP-204,Seamless Workout Compression Leggings,Apparel,7,44.99,16.0,4,10,28,98
2026-05-19,SKU-APP-204,Seamless Workout Compression Leggings,Apparel,8,44.99,16.0,4,10,28,98
2026-05-20,SKU-APP-204,Seamless Workout Compression Leggings,Apparel,9,44.99,16.0,4,10,28,98
2026-05-21,SKU-APP-204,Seamless Workout Compression Leggings,Apparel,7,44.99,16.0,4,10,28,98
2026-05-22,SKU-APP-204,Seamless Workout Compression Leggings,Apparel,3,44.99,16.0,4,10,28,98
2026-05-23,SKU-APP-204,Seamless Workout Compression Leggings,Apparel,10,44.99,16.0,4,10,28,98
2026-05-24,SKU-APP-204,Seamless Workout Compression Leggings,Apparel,7,44.99,16.0,4,10,28,98
2026-05-25,SKU-APP-204,Seamless Workout Compression Leggings,Apparel,6,44.99,16.0,4,10,28,98
2026-05-26,SKU-APP-204,Seamless Workout Compression Leggings,Apparel,10,44.99,16.0,4,10,28,98
2026-05-27,SKU-APP-204,Seamless Workout Compression Leggings,Apparel,9,44.99,16.0,4,10,28,98
2026-05-28,SKU-APP-204,Seamless Workout Compression Leggings,Apparel,10,44.99,16.0,4,10,28,98
2026-05-29,SKU-APP-204,Seamless Workout Compression Leggings,Apparel,5,44.99,16.0,4,10,28,98
2026-05-30,SKU-APP-204,Seamless Workout Compression Leggings,Apparel,11,44.99,16.0,4,10,28,98
2026-05-31,SKU-APP-204,Seamless Workout Compression Leggings,Apparel,12,44.99,16.0,4,10,28,98
2026-06-01,SKU-APP-204,Seamless Workout Compression Leggings,Apparel,13,44.99,16.0,4,10,28,98
2026-06-02,SKU-APP-204,Seamless Workout Compression Leggings,Apparel,8,44.99,16.0,4,10,28,98
2026-06-03,SKU-APP-204,Seamless Workout Compression Leggings,Apparel,13,44.99,16.0,4,10,28,98
2026-06-04,SKU-APP-204,Seamless Workout Compression Leggings,Apparel,8,44.99,16.0,4,10,28,98
2026-06-05,SKU-APP-204,Seamless Workout Compression Leggings,Apparel,7,44.99,16.0,4,10,28,98
2026-06-06,SKU-APP-204,Seamless Workout Compression Leggings,Apparel,9,44.99,16.0,4,10,28,98
2026-06-07,SKU-APP-204,Seamless Workout Compression Leggings,Apparel,11,44.99,16.0,4,10,28,98
2026-06-08,SKU-APP-204,Seamless Workout Compression Leggings,Apparel,9,44.99,16.0,4,10,28,98
2026-06-09,SKU-APP-204,Seamless Workout Compression Leggings,Apparel,8,44.99,16.0,4,10,28,98
2026-06-10,SKU-APP-204,Seamless Workout Compression Leggings,Apparel,11,44.99,16.0,4,10,28,98
2026-06-11,SKU-APP-204,Seamless Workout Compression Leggings,Apparel,5,44.99,16.0,4,10,28,98
2026-06-12,SKU-APP-204,Seamless Workout Compression Leggings,Apparel,10,44.99,16.0,4,10,28,98
2026-06-13,SKU-APP-204,Seamless Workout Compression Leggings,Apparel,9,44.99,16.0,4,10,28,98
2026-06-14,SKU-APP-204,Seamless Workout Compression Leggings,Apparel,6,44.99,16.0,4,10,28,98
2026-06-15,SKU-APP-204,Seamless Workout Compression Leggings,Apparel,4,44.99,16.0,4,10,28,98
2026-06-16,SKU-APP-204,Seamless Workout Compression Leggings,Apparel,7,44.99,16.0,4,10,28,98
2026-06-17,SKU-APP-204,Seamless Workout Compression Leggings,Apparel,6,44.99,16.0,4,10,28,98
2026-06-18,SKU-APP-204,Seamless Workout Compression Leggings,Apparel,6,44.99,16.0,4,10,28,98
2026-06-19,SKU-APP-204,Seamless Workout Compression Leggings,Apparel,8,44.99,16.0,4,10,28,98
2026-06-20,SKU-APP-204,Seamless Workout Compression Leggings,Apparel,11,44.99,16.0,4,10,28,98
2026-06-21,SKU-APP-204,Seamless Workout Compression Leggings,Apparel,8,44.99,16.0,4,10,28,98
2026-06-22,SKU-APP-204,Seamless Workout Compression Leggings,Apparel,9,44.99,16.0,4,10,28,98
2026-06-23,SKU-APP-204,Seamless Workout Compression Leggings,Apparel,7,44.99,16.0,4,10,28,98
2026-06-24,SKU-APP-204,Seamless Workout Compression Leggings,Apparel,11,44.99,16.0,4,10,28,98
2026-06-25,SKU-APP-204,Seamless Workout Compression Leggings,Apparel,5,44.99,16.0,4,10,28,98
2026-06-26,SKU-APP-204,Seamless Workout Compression Leggings,Apparel,16,44.99,16.0,4,10,28,98
2026-06-27,SKU-APP-204,Seamless Workout Compression Leggings,Apparel,13,44.99,16.0,4,10,28,98
2026-06-28,SKU-APP-204,Seamless Workout Compression Leggings,Apparel,10,44.99,16.0,4,10,28,98
2026-06-29,SKU-APP-204,Seamless Workout Compression Leggings,Apparel,6,44.99,16.0,4,10,28,98
2026-06-30,SKU-APP-204,Seamless Workout Compression Leggings,Apparel,9,44.99,16.0,4,10,28,98
2026-07-01,SKU-APP-204,Seamless Workout Compression Leggings,Apparel,6,44.99,16.0,4,10,28,98
2026-07-02,SKU-APP-204,Seamless Workout Compression Leggings,Apparel,8,44.99,16.0,4,10,28,98
2026-07-03,SKU-APP-204,Seamless Workout Compression Leggings,Apparel,10,44.99,16.0,4,10,28,98
2026-07-04,SKU-APP-204,Seamless Workout Compression Leggings,Apparel,11,44.99,16.0,4,10,28,98
2026-07-05,SKU-APP-204,Seamless Workout Compression Leggings,Apparel,15,44.99,16.0,4,10,28,98
2026-07-06,SKU-APP-204,Seamless Workout Compression Leggings,Apparel,8,44.99,16.0,4,10,28,98
2026-07-07,SKU-APP-204,Seamless Workout Compression Leggings,Apparel,7,44.99,16.0,4,10,28,98
2026-07-08,SKU-APP-204,Seamless Workout Compression Leggings,Apparel,9,44.99,16.0,4,10,28,98
2026-07-09,SKU-APP-204,Seamless Workout Compression Leggings,Apparel,8,44.99,16.0,4,10,28,98
2026-07-10,SKU-APP-204,Seamless Workout Compression Leggings,Apparel,7,44.99,16.0,4,10,28,98
2026-07-11,SKU-APP-204,Seamless Workout Compression Leggings,Apparel,15,44.99,16.0,4,10,28,98
2026-07-12,SKU-APP-204,Seamless Workout Compression Leggings,Apparel,18,44.99,16.0,4,10,28,98
2026-07-13,SKU-APP-204,Seamless Workout Compression Leggings,Apparel,11,44.99,16.0,4,10,28,98
2026-07-14,SKU-APP-204,Seamless Workout Compression Leggings,Apparel,1,44.99,16.0,4,10,28,98
2026-07-15,SKU-APP-204,Seamless Workout Compression Leggings,Apparel,19,44.99,16.0,4,10,28,98
2026-07-16,SKU-APP-204,Seamless Workout Compression Leggings,Apparel,14,44.99,16.0,4,10,28,98
2026-07-17,SKU-APP-204,Seamless Workout Compression Leggings,Apparel,7,44.99,16.0,4,10,28,98
2026-07-18,SKU-APP-204,Seamless Workout Compression Leggings,Apparel,15,44.99,16.0,4,10,28,98
2026-07-19,SKU-APP-204,Seamless Workout Compression Leggings,Apparel,9,44.99,16.0,4,10,28,98
2026-07-20,SKU-APP-204,Seamless Workout Compression Leggings,Apparel,10,44.99,16.0,4,10,28,98
2026-07-21,SKU-APP-204,Seamless Workout Compression Leggings,Apparel,6,44.99,16.0,4,10,28,98
2026-07-22,SKU-APP-204,Seamless Workout Compression Leggings,Apparel,8,44.99,16.0,4,10,28,98
2026-07-23,SKU-APP-204,Seamless Workout Compression Leggings,Apparel,10,44.99,16.0,4,10,28,98
2026-07-24,SKU-APP-204,Seamless Workout Compression Leggings,Apparel,4,44.99,16.0,4,10,28,98
2026-07-25,SKU-APP-204,Seamless Workout Compression Leggings,Apparel,11,44.99,16.0,4,10,28,98
2026-07-26,SKU-APP-204,Seamless Workout Compression Leggings,Apparel,14,44.99,16.0,4,10,28,98
2026-07-27,SKU-APP-204,Seamless Workout Compression Leggings,Apparel,9,44.99,16.0,4,10,28,98
2026-07-28,SKU-APP-204,Seamless Workout Compression Leggings,Apparel,13,44.99,16.0,4,10,28,98
2026-07-29,SKU-APP-204,Seamless Workout Compression Leggings,Apparel,11,44.99,16.0,4,10,28,98
2026-07-30,SKU-APP-204,Seamless Workout Compression Leggings,Apparel,11,44.99,16.0,4,10,28,98
2026-07-31,SKU-APP-204,Seamless Workout Compression Leggings,Apparel,13,44.99,16.0,4,10,28,98
2026-08-01,SKU-APP-204,Seamless Workout Compression Leggings,Apparel,8,44.99,16.0,4,10,28,98
2026-08-02,SKU-APP-204,Seamless Workout Compression Leggings,Apparel,14,44.99,16.0,4,10,28,98
2026-08-03,SKU-APP-204,Seamless Workout Compression Leggings,Apparel,10,44.99,16.0,4,10,28,98
2026-08-04,SKU-APP-204,Seamless Workout Compression Leggings,Apparel,9,44.99,16.0,4,10,28,98
2026-08-05,SKU-APP-204,Seamless Workout Compression Leggings,Apparel,9,44.99,16.0,4,10,28,98
2026-08-06,SKU-APP-204,Seamless Workout Compression Leggings,Apparel,12,44.99,16.0,4,10,28,98
2026-08-07,SKU-APP-204,Seamless Workout Compression Leggings,Apparel,8,44.99,16.0,4,10,28,98
2026-08-08,SKU-APP-204,Seamless Workout Compression Leggings,Apparel,16,44.99,16.0,4,10,28,98
2026-08-09,SKU-APP-204,Seamless Workout Compression Leggings,Apparel,13,44.99,16.0,4,10,28,98
2026-08-10,SKU-APP-204,Seamless Workout Compression Leggings,Apparel,8,44.99,16.0,4,10,28,98
2026-08-11,SKU-APP-204,Seamless Workout Compression Leggings,Apparel,7,44.99,16.0,4,10,28,98
2026-08-12,SKU-APP-204,Seamless Workout Compression Leggings,Apparel,9,44.99,16.0,4,10,28,98
2026-08-13,SKU-APP-204,Seamless Workout Compression Leggings,Apparel,11,44.99,16.0,4,10,28,98
2026-08-14,SKU-APP-204,Seamless Workout Compression Leggings,Apparel,12,44.99,16.0,4,10,28,98
2026-08-15,SKU-APP-204,Seamless Workout Compression Leggings,Apparel,16,44.99,16.0,4,10,28,98
2026-08-16,SKU-APP-204,Seamless Workout Compression Leggings,Apparel,10,44.99,16.0,4,10,28,98
2026-08-17,SKU-APP-204,Seamless Workout Compression Leggings,Apparel,10,44.99,16.0,4,10,28,98
2026-08-18,SKU-APP-204,Seamless Workout Compression Leggings,Apparel,10,44.99,16.0,4,10,28,98
2026-08-19,SKU-APP-204,Seamless Workout Compression Leggings,Apparel,7,44.99,16.0,4,10,28,98
2026-08-20,SKU-APP-204,Seamless Workout Compression Leggings,Apparel,12,44.99,16.0,4,10,28,98
2026-08-21,SKU-APP-204,Seamless Workout Compression Leggings,Apparel,16,44.99,16.0,4,10,28,98
2026-08-22,SKU-APP-204,Seamless Workout Compression Leggings,Apparel,14,44.99,16.0,4,10,28,98
2026-08-23,SKU-APP-204,Seamless Workout Compression Leggings,Apparel,18,44.99,16.0,4,10,28,98
2026-08-24,SKU-APP-204,Seamless Workout Compression Leggings,Apparel,9,44.99,16.0,4,10,28,98
2026-08-25,SKU-APP-204,Seamless Workout Compression Leggings,Apparel,10,44.99,16.0,4,10,28,98
2026-08-26,SKU-APP-204,Seamless Workout Compression Leggings,Apparel,10,44.99,16.0,4,10,28,98
2026-08-27,SKU-APP-204,Seamless Workout Compression Leggings,Apparel,8,44.99,16.0,4,10,28,98
2026-03-01,SKU-APP-205,Formal Wool Blazer Tailored,Apparel,1,219.0,110.0,115,25,4,14
2026-03-02,SKU-APP-205,Formal Wool Blazer Tailored,Apparel,0,219.0,110.0,115,25,4,14
2026-03-03,SKU-APP-205,Formal Wool Blazer Tailored,Apparel,0,219.0,110.0,115,25,4,14
2026-03-04,SKU-APP-205,Formal Wool Blazer Tailored,Apparel,0,219.0,110.0,115,25,4,14
2026-03-05,SKU-APP-205,Formal Wool Blazer Tailored,Apparel,0,219.0,110.0,115,25,4,14
2026-03-06,SKU-APP-205,Formal Wool Blazer Tailored,Apparel,0,219.0,110.0,115,25,4,14
2026-03-07,SKU-APP-205,Formal Wool Blazer Tailored,Apparel,0,219.0,110.0,115,25,4,14
2026-03-08,SKU-APP-205,Formal Wool Blazer Tailored,Apparel,3,219.0,110.0,115,25,4,14
2026-03-09,SKU-APP-205,Formal Wool Blazer Tailored,Apparel,0,219.0,110.0,115,25,4,14
2026-03-10,SKU-APP-205,Formal Wool Blazer Tailored,Apparel,0,219.0,110.0,115,25,4,14
2026-03-11,SKU-APP-205,Formal Wool Blazer Tailored,Apparel,0,219.0,110.0,115,25,4,14
2026-03-12,SKU-APP-205,Formal Wool Blazer Tailored,Apparel,1,219.0,110.0,115,25,4,14
2026-03-13,SKU-APP-205,Formal Wool Blazer Tailored,Apparel,1,219.0,110.0,115,25,4,14
2026-03-14,SKU-APP-205,Formal Wool Blazer Tailored,Apparel,0,219.0,110.0,115,25,4,14
2026-03-15,SKU-APP-205,Formal Wool Blazer Tailored,Apparel,0,219.0,110.0,115,25,4,14
2026-03-16,SKU-APP-205,Formal Wool Blazer Tailored,Apparel,0,219.0,110.0,115,25,4,14
2026-03-17,SKU-APP-205,Formal Wool Blazer Tailored,Apparel,1,219.0,110.0,115,25,4,14
2026-03-18,SKU-APP-205,Formal Wool Blazer Tailored,Apparel,0,219.0,110.0,115,25,4,14
2026-03-19,SKU-APP-205,Formal Wool Blazer Tailored,Apparel,0,219.0,110.0,115,25,4,14
2026-03-20,SKU-APP-205,Formal Wool Blazer Tailored,Apparel,2,219.0,110.0,115,25,4,14
2026-03-21,SKU-APP-205,Formal Wool Blazer Tailored,Apparel,0,219.0,110.0,115,25,4,14
2026-03-22,SKU-APP-205,Formal Wool Blazer Tailored,Apparel,0,219.0,110.0,115,25,4,14
2026-03-23,SKU-APP-205,Formal Wool Blazer Tailored,Apparel,0,219.0,110.0,115,25,4,14
2026-03-24,SKU-APP-205,Formal Wool Blazer Tailored,Apparel,0,219.0,110.0,115,25,4,14
2026-03-25,SKU-APP-205,Formal Wool Blazer Tailored,Apparel,0,219.0,110.0,115,25,4,14
2026-03-26,SKU-APP-205,Formal Wool Blazer Tailored,Apparel,0,219.0,110.0,115,25,4,14
2026-03-27,SKU-APP-205,Formal Wool Blazer Tailored,Apparel,0,219.0,110.0,115,25,4,14
2026-03-28,SKU-APP-205,Formal Wool Blazer Tailored,Apparel,0,219.0,110.0,115,25,4,14
2026-03-29,SKU-APP-205,Formal Wool Blazer Tailored,Apparel,1,219.0,110.0,115,25,4,14
2026-03-30,SKU-APP-205,Formal Wool Blazer Tailored,Apparel,1,219.0,110.0,115,25,4,14
2026-03-31,SKU-APP-205,Formal Wool Blazer Tailored,Apparel,0,219.0,110.0,115,25,4,14
2026-04-01,SKU-APP-205,Formal Wool Blazer Tailored,Apparel,0,219.0,110.0,115,25,4,14
2026-04-02,SKU-APP-205,Formal Wool Blazer Tailored,Apparel,0,219.0,110.0,115,25,4,14
2026-04-03,SKU-APP-205,Formal Wool Blazer Tailored,Apparel,0,219.0,110.0,115,25,4,14
2026-04-04,SKU-APP-205,Formal Wool Blazer Tailored,Apparel,0,219.0,110.0,115,25,4,14
2026-04-05,SKU-APP-205,Formal Wool Blazer Tailored,Apparel,0,219.0,110.0,115,25,4,14
2026-04-06,SKU-APP-205,Formal Wool Blazer Tailored,Apparel,0,219.0,110.0,115,25,4,14
2026-04-07,SKU-APP-205,Formal Wool Blazer Tailored,Apparel,0,219.0,110.0,115,25,4,14
2026-04-08,SKU-APP-205,Formal Wool Blazer Tailored,Apparel,0,219.0,110.0,115,25,4,14
2026-04-09,SKU-APP-205,Formal Wool Blazer Tailored,Apparel,0,219.0,110.0,115,25,4,14
2026-04-10,SKU-APP-205,Formal Wool Blazer Tailored,Apparel,0,219.0,110.0,115,25,4,14
2026-04-11,SKU-APP-205,Formal Wool Blazer Tailored,Apparel,0,219.0,110.0,115,25,4,14
2026-04-12,SKU-APP-205,Formal Wool Blazer Tailored,Apparel,0,219.0,110.0,115,25,4,14
2026-04-13,SKU-APP-205,Formal Wool Blazer Tailored,Apparel,0,219.0,110.0,115,25,4,14
2026-04-14,SKU-APP-205,Formal Wool Blazer Tailored,Apparel,1,219.0,110.0,115,25,4,14
2026-04-15,SKU-APP-205,Formal Wool Blazer Tailored,Apparel,0,219.0,110.0,115,25,4,14
2026-04-16,SKU-APP-205,Formal Wool Blazer Tailored,Apparel,0,219.0,110.0,115,25,4,14
2026-04-17,SKU-APP-205,Formal Wool Blazer Tailored,Apparel,0,219.0,110.0,115,25,4,14
2026-04-18,SKU-APP-205,Formal Wool Blazer Tailored,Apparel,0,219.0,110.0,115,25,4,14
2026-04-19,SKU-APP-205,Formal Wool Blazer Tailored,Apparel,0,219.0,110.0,115,25,4,14
2026-04-20,SKU-APP-205,Formal Wool Blazer Tailored,Apparel,0,219.0,110.0,115,25,4,14
2026-04-21,SKU-APP-205,Formal Wool Blazer Tailored,Apparel,0,219.0,110.0,115,25,4,14
2026-04-22,SKU-APP-205,Formal Wool Blazer Tailored,Apparel,0,219.0,110.0,115,25,4,14
2026-04-23,SKU-APP-205,Formal Wool Blazer Tailored,Apparel,0,219.0,110.0,115,25,4,14
2026-04-24,SKU-APP-205,Formal Wool Blazer Tailored,Apparel,0,219.0,110.0,115,25,4,14
2026-04-25,SKU-APP-205,Formal Wool Blazer Tailored,Apparel,0,219.0,110.0,115,25,4,14
2026-04-26,SKU-APP-205,Formal Wool Blazer Tailored,Apparel,0,219.0,110.0,115,25,4,14
2026-04-27,SKU-APP-205,Formal Wool Blazer Tailored,Apparel,0,219.0,110.0,115,25,4,14
2026-04-28,SKU-APP-205,Formal Wool Blazer Tailored,Apparel,0,219.0,110.0,115,25,4,14
2026-04-29,SKU-APP-205,Formal Wool Blazer Tailored,Apparel,0,219.0,110.0,115,25,4,14
2026-04-30,SKU-APP-205,Formal Wool Blazer Tailored,Apparel,0,219.0,110.0,115,25,4,14
2026-05-01,SKU-APP-205,Formal Wool Blazer Tailored,Apparel,0,219.0,110.0,115,25,4,14
2026-05-02,SKU-APP-205,Formal Wool Blazer Tailored,Apparel,0,219.0,110.0,115,25,4,14
2026-05-03,SKU-APP-205,Formal Wool Blazer Tailored,Apparel,0,219.0,110.0,115,25,4,14
2026-05-04,SKU-APP-205,Formal Wool Blazer Tailored,Apparel,0,219.0,110.0,115,25,4,14
2026-05-05,SKU-APP-205,Formal Wool Blazer Tailored,Apparel,0,219.0,110.0,115,25,4,14
2026-05-06,SKU-APP-205,Formal Wool Blazer Tailored,Apparel,0,219.0,110.0,115,25,4,14
2026-05-07,SKU-APP-205,Formal Wool Blazer Tailored,Apparel,0,219.0,110.0,115,25,4,14
2026-05-08,SKU-APP-205,Formal Wool Blazer Tailored,Apparel,0,219.0,110.0,115,25,4,14
2026-05-09,SKU-APP-205,Formal Wool Blazer Tailored,Apparel,0,219.0,110.0,115,25,4,14
2026-05-10,SKU-APP-205,Formal Wool Blazer Tailored,Apparel,0,219.0,110.0,115,25,4,14
2026-05-11,SKU-APP-205,Formal Wool Blazer Tailored,Apparel,0,219.0,110.0,115,25,4,14
2026-05-12,SKU-APP-205,Formal Wool Blazer Tailored,Apparel,0,219.0,110.0,115,25,4,14
2026-05-13,SKU-APP-205,Formal Wool Blazer Tailored,Apparel,0,219.0,110.0,115,25,4,14
2026-05-14,SKU-APP-205,Formal Wool Blazer Tailored,Apparel,0,219.0,110.0,115,25,4,14
2026-05-15,SKU-APP-205,Formal Wool Blazer Tailored,Apparel,0,219.0,110.0,115,25,4,14
2026-05-16,SKU-APP-205,Formal Wool Blazer Tailored,Apparel,0,219.0,110.0,115,25,4,14
2026-05-17,SKU-APP-205,Formal Wool Blazer Tailored,Apparel,0,219.0,110.0,115,25,4,14
2026-05-18,SKU-APP-205,Formal Wool Blazer Tailored,Apparel,0,219.0,110.0,115,25,4,14
2026-05-19,SKU-APP-205,Formal Wool Blazer Tailored,Apparel,0,219.0,110.0,115,25,4,14
2026-05-20,SKU-APP-205,Formal Wool Blazer Tailored,Apparel,0,219.0,110.0,115,25,4,14
2026-05-21,SKU-APP-205,Formal Wool Blazer Tailored,Apparel,0,219.0,110.0,115,25,4,14
2026-05-22,SKU-APP-205,Formal Wool Blazer Tailored,Apparel,0,219.0,110.0,115,25,4,14
2026-05-23,SKU-APP-205,Formal Wool Blazer Tailored,Apparel,1,219.0,110.0,115,25,4,14
2026-05-24,SKU-APP-205,Formal Wool Blazer Tailored,Apparel,1,219.0,110.0,115,25,4,14
2026-05-25,SKU-APP-205,Formal Wool Blazer Tailored,Apparel,0,219.0,110.0,115,25,4,14
2026-05-26,SKU-APP-205,Formal Wool Blazer Tailored,Apparel,1,219.0,110.0,115,25,4,14
2026-05-27,SKU-APP-205,Formal Wool Blazer Tailored,Apparel,0,219.0,110.0,115,25,4,14
2026-05-28,SKU-APP-205,Formal Wool Blazer Tailored,Apparel,1,219.0,110.0,115,25,4,14
2026-05-29,SKU-APP-205,Formal Wool Blazer Tailored,Apparel,0,219.0,110.0,115,25,4,14
2026-05-30,SKU-APP-205,Formal Wool Blazer Tailored,Apparel,1,219.0,110.0,115,25,4,14
2026-05-31,SKU-APP-205,Formal Wool Blazer Tailored,Apparel,0,219.0,110.0,115,25,4,14
2026-06-01,SKU-APP-205,Formal Wool Blazer Tailored,Apparel,0,219.0,110.0,115,25,4,14
2026-06-02,SKU-APP-205,Formal Wool Blazer Tailored,Apparel,0,219.0,110.0,115,25,4,14
2026-06-03,SKU-APP-205,Formal Wool Blazer Tailored,Apparel,0,219.0,110.0,115,25,4,14
2026-06-04,SKU-APP-205,Formal Wool Blazer Tailored,Apparel,0,219.0,110.0,115,25,4,14
2026-06-05,SKU-APP-205,Formal Wool Blazer Tailored,Apparel,1,219.0,110.0,115,25,4,14
2026-06-06,SKU-APP-205,Formal Wool Blazer Tailored,Apparel,0,219.0,110.0,115,25,4,14
2026-06-07,SKU-APP-205,Formal Wool Blazer Tailored,Apparel,0,219.0,110.0,115,25,4,14
2026-06-08,SKU-APP-205,Formal Wool Blazer Tailored,Apparel,0,219.0,110.0,115,25,4,14
2026-06-09,SKU-APP-205,Formal Wool Blazer Tailored,Apparel,0,219.0,110.0,115,25,4,14
2026-06-10,SKU-APP-205,Formal Wool Blazer Tailored,Apparel,0,219.0,110.0,115,25,4,14
2026-06-11,SKU-APP-205,Formal Wool Blazer Tailored,Apparel,0,219.0,110.0,115,25,4,14
2026-06-12,SKU-APP-205,Formal Wool Blazer Tailored,Apparel,0,219.0,110.0,115,25,4,14
2026-06-13,SKU-APP-205,Formal Wool Blazer Tailored,Apparel,0,219.0,110.0,115,25,4,14
2026-06-14,SKU-APP-205,Formal Wool Blazer Tailored,Apparel,0,219.0,110.0,115,25,4,14
2026-06-15,SKU-APP-205,Formal Wool Blazer Tailored,Apparel,0,219.0,110.0,115,25,4,14
2026-06-16,SKU-APP-205,Formal Wool Blazer Tailored,Apparel,1,219.0,110.0,115,25,4,14
2026-06-17,SKU-APP-205,Formal Wool Blazer Tailored,Apparel,0,219.0,110.0,115,25,4,14
2026-06-18,SKU-APP-205,Formal Wool Blazer Tailored,Apparel,0,219.0,110.0,115,25,4,14
2026-06-19,SKU-APP-205,Formal Wool Blazer Tailored,Apparel,0,219.0,110.0,115,25,4,14
2026-06-20,SKU-APP-205,Formal Wool Blazer Tailored,Apparel,0,219.0,110.0,115,25,4,14
2026-06-21,SKU-APP-205,Formal Wool Blazer Tailored,Apparel,0,219.0,110.0,115,25,4,14
2026-06-22,SKU-APP-205,Formal Wool Blazer Tailored,Apparel,0,219.0,110.0,115,25,4,14
2026-06-23,SKU-APP-205,Formal Wool Blazer Tailored,Apparel,0,219.0,110.0,115,25,4,14
2026-06-24,SKU-APP-205,Formal Wool Blazer Tailored,Apparel,1,219.0,110.0,115,25,4,14
2026-06-25,SKU-APP-205,Formal Wool Blazer Tailored,Apparel,0,219.0,110.0,115,25,4,14
2026-06-26,SKU-APP-205,Formal Wool Blazer Tailored,Apparel,0,219.0,110.0,115,25,4,14
2026-06-27,SKU-APP-205,Formal Wool Blazer Tailored,Apparel,1,219.0,110.0,115,25,4,14
2026-06-28,SKU-APP-205,Formal Wool Blazer Tailored,Apparel,1,219.0,110.0,115,25,4,14
2026-06-29,SKU-APP-205,Formal Wool Blazer Tailored,Apparel,0,219.0,110.0,115,25,4,14
2026-06-30,SKU-APP-205,Formal Wool Blazer Tailored,Apparel,0,219.0,110.0,115,25,4,14
2026-07-01,SKU-APP-205,Formal Wool Blazer Tailored,Apparel,0,219.0,110.0,115,25,4,14
2026-07-02,SKU-APP-205,Formal Wool Blazer Tailored,Apparel,0,219.0,110.0,115,25,4,14
2026-07-03,SKU-APP-205,Formal Wool Blazer Tailored,Apparel,0,219.0,110.0,115,25,4,14
2026-07-04,SKU-APP-205,Formal Wool Blazer Tailored,Apparel,0,219.0,110.0,115,25,4,14
2026-07-05,SKU-APP-205,Formal Wool Blazer Tailored,Apparel,0,219.0,110.0,115,25,4,14
2026-07-06,SKU-APP-205,Formal Wool Blazer Tailored,Apparel,1,219.0,110.0,115,25,4,14
2026-07-07,SKU-APP-205,Formal Wool Blazer Tailored,Apparel,0,219.0,110.0,115,25,4,14
2026-07-08,SKU-APP-205,Formal Wool Blazer Tailored,Apparel,0,219.0,110.0,115,25,4,14
2026-07-09,SKU-APP-205,Formal Wool Blazer Tailored,Apparel,0,219.0,110.0,115,25,4,14
2026-07-10,SKU-APP-205,Formal Wool Blazer Tailored,Apparel,0,219.0,110.0,115,25,4,14
2026-07-11,SKU-APP-205,Formal Wool Blazer Tailored,Apparel,0,219.0,110.0,115,25,4,14
2026-07-12,SKU-APP-205,Formal Wool Blazer Tailored,Apparel,0,219.0,110.0,115,25,4,14
2026-07-13,SKU-APP-205,Formal Wool Blazer Tailored,Apparel,0,219.0,110.0,115,25,4,14
2026-07-14,SKU-APP-205,Formal Wool Blazer Tailored,Apparel,0,219.0,110.0,115,25,4,14
2026-07-15,SKU-APP-205,Formal Wool Blazer Tailored,Apparel,0,219.0,110.0,115,25,4,14
2026-07-16,SKU-APP-205,Formal Wool Blazer Tailored,Apparel,0,219.0,110.0,115,25,4,14
2026-07-17,SKU-APP-205,Formal Wool Blazer Tailored,Apparel,0,219.0,110.0,115,25,4,14
2026-07-18,SKU-APP-205,Formal Wool Blazer Tailored,Apparel,0,219.0,110.0,115,25,4,14
2026-07-19,SKU-APP-205,Formal Wool Blazer Tailored,Apparel,0,219.0,110.0,115,25,4,14
2026-07-20,SKU-APP-205,Formal Wool Blazer Tailored,Apparel,0,219.0,110.0,115,25,4,14
2026-07-21,SKU-APP-205,Formal Wool Blazer Tailored,Apparel,0,219.0,110.0,115,25,4,14
2026-07-22,SKU-APP-205,Formal Wool Blazer Tailored,Apparel,0,219.0,110.0,115,25,4,14
2026-07-23,SKU-APP-205,Formal Wool Blazer Tailored,Apparel,0,219.0,110.0,115,25,4,14
2026-07-24,SKU-APP-205,Formal Wool Blazer Tailored,Apparel,0,219.0,110.0,115,25,4,14
2026-07-25,SKU-APP-205,Formal Wool Blazer Tailored,Apparel,0,219.0,110.0,115,25,4,14
2026-07-26,SKU-APP-205,Formal Wool Blazer Tailored,Apparel,0,219.0,110.0,115,25,4,14
2026-07-27,SKU-APP-205,Formal Wool Blazer Tailored,Apparel,0,219.0,110.0,115,25,4,14
2026-07-28,SKU-APP-205,Formal Wool Blazer Tailored,Apparel,0,219.0,110.0,115,25,4,14
2026-07-29,SKU-APP-205,Formal Wool Blazer Tailored,Apparel,0,219.0,110.0,115,25,4,14
2026-07-30,SKU-APP-205,Formal Wool Blazer Tailored,Apparel,0,219.0,110.0,115,25,4,14
2026-07-31,SKU-APP-205,Formal Wool Blazer Tailored,Apparel,0,219.0,110.0,115,25,4,14
2026-08-01,SKU-APP-205,Formal Wool Blazer Tailored,Apparel,0,219.0,110.0,115,25,4,14
2026-08-02,SKU-APP-205,Formal Wool Blazer Tailored,Apparel,1,219.0,110.0,115,25,4,14
2026-08-03,SKU-APP-205,Formal Wool Blazer Tailored,Apparel,0,219.0,110.0,115,25,4,14
2026-08-04,SKU-APP-205,Formal Wool Blazer Tailored,Apparel,0,219.0,110.0,115,25,4,14
2026-08-05,SKU-APP-205,Formal Wool Blazer Tailored,Apparel,0,219.0,110.0,115,25,4,14
2026-08-06,SKU-APP-205,Formal Wool Blazer Tailored,Apparel,0,219.0,110.0,115,25,4,14
2026-08-07,SKU-APP-205,Formal Wool Blazer Tailored,Apparel,0,219.0,110.0,115,25,4,14
2026-08-08,SKU-APP-205,Formal Wool Blazer Tailored,Apparel,0,219.0,110.0,115,25,4,14
2026-08-09,SKU-APP-205,Formal Wool Blazer Tailored,Apparel,0,219.0,110.0,115,25,4,14
2026-08-10,SKU-APP-205,Formal Wool Blazer Tailored,Apparel,1,219.0,110.0,115,25,4,14
2026-08-11,SKU-APP-205,Formal Wool Blazer Tailored,Apparel,0,219.0,110.0,115,25,4,14
2026-08-12,SKU-APP-205,Formal Wool Blazer Tailored,Apparel,0,219.0,110.0,115,25,4,14
2026-08-13,SKU-APP-205,Formal Wool Blazer Tailored,Apparel,0,219.0,110.0,115,25,4,14
2026-08-14,SKU-APP-205,Formal Wool Blazer Tailored,Apparel,0,219.0,110.0,115,25,4,14
2026-08-15,SKU-APP-205,Formal Wool Blazer Tailored,Apparel,0,219.0,110.0,115,25,4,14
2026-08-16,SKU-APP-205,Formal Wool Blazer Tailored,Apparel,0,219.0,110.0,115,25,4,14
2026-08-17,SKU-APP-205,Formal Wool Blazer Tailored,Apparel,0,219.0,110.0,115,25,4,14
2026-08-18,SKU-APP-205,Formal Wool Blazer Tailored,Apparel,0,219.0,110.0,115,25,4,14
2026-08-19,SKU-APP-205,Formal Wool Blazer Tailored,Apparel,1,219.0,110.0,115,25,4,14
2026-08-20,SKU-APP-205,Formal Wool Blazer Tailored,Apparel,0,219.0,110.0,115,25,4,14
2026-08-21,SKU-APP-205,Formal Wool Blazer Tailored,Apparel,0,219.0,110.0,115,25,4,14
2026-08-22,SKU-APP-205,Formal Wool Blazer Tailored,Apparel,0,219.0,110.0,115,25,4,14
2026-08-23,SKU-APP-205,Formal Wool Blazer Tailored,Apparel,2,219.0,110.0,115,25,4,14
2026-08-24,SKU-APP-205,Formal Wool Blazer Tailored,Apparel,0,219.0,110.0,115,25,4,14
2026-08-25,SKU-APP-205,Formal Wool Blazer Tailored,Apparel,0,219.0,110.0,115,25,4,14
2026-08-26,SKU-APP-205,Formal Wool Blazer Tailored,Apparel,0,219.0,110.0,115,25,4,14
2026-08-27,SKU-APP-205,Formal Wool Blazer Tailored,Apparel,0,219.0,110.0,115,25,4,14
2026-03-01,SKU-APP-206,Organic Cotton Crewneck Sweatshirt,Apparel,1,49.5,20.0,135,12,19,67
2026-03-02,SKU-APP-206,Organic Cotton Crewneck Sweatshirt,Apparel,2,49.5,20.0,135,12,19,67
2026-03-03,SKU-APP-206,Organic Cotton Crewneck Sweatshirt,Apparel,1,49.5,20.0,135,12,19,67
2026-03-04,SKU-APP-206,Organic Cotton Crewneck Sweatshirt,Apparel,4,49.5,20.0,135,12,19,67
2026-03-05,SKU-APP-206,Organic Cotton Crewneck Sweatshirt,Apparel,2,49.5,20.0,135,12,19,67
2026-03-06,SKU-APP-206,Organic Cotton Crewneck Sweatshirt,Apparel,5,49.5,20.0,135,12,19,67
2026-03-07,SKU-APP-206,Organic Cotton Crewneck Sweatshirt,Apparel,6,49.5,20.0,135,12,19,67
2026-03-08,SKU-APP-206,Organic Cotton Crewneck Sweatshirt,Apparel,6,49.5,20.0,135,12,19,67
2026-03-09,SKU-APP-206,Organic Cotton Crewneck Sweatshirt,Apparel,3,49.5,20.0,135,12,19,67
2026-03-10,SKU-APP-206,Organic Cotton Crewneck Sweatshirt,Apparel,3,49.5,20.0,135,12,19,67
2026-03-11,SKU-APP-206,Organic Cotton Crewneck Sweatshirt,Apparel,4,49.5,20.0,135,12,19,67
2026-03-12,SKU-APP-206,Organic Cotton Crewneck Sweatshirt,Apparel,4,49.5,20.0,135,12,19,67
2026-03-13,SKU-APP-206,Organic Cotton Crewneck Sweatshirt,Apparel,3,49.5,20.0,135,12,19,67
2026-03-14,SKU-APP-206,Organic Cotton Crewneck Sweatshirt,Apparel,5,49.5,20.0,135,12,19,67
2026-03-15,SKU-APP-206,Organic Cotton Crewneck Sweatshirt,Apparel,6,49.5,20.0,135,12,19,67
2026-03-16,SKU-APP-206,Organic Cotton Crewneck Sweatshirt,Apparel,3,49.5,20.0,135,12,19,67
2026-03-17,SKU-APP-206,Organic Cotton Crewneck Sweatshirt,Apparel,7,49.5,20.0,135,12,19,67
2026-03-18,SKU-APP-206,Organic Cotton Crewneck Sweatshirt,Apparel,4,49.5,20.0,135,12,19,67
2026-03-19,SKU-APP-206,Organic Cotton Crewneck Sweatshirt,Apparel,5,49.5,20.0,135,12,19,67
2026-03-20,SKU-APP-206,Organic Cotton Crewneck Sweatshirt,Apparel,-1,49.5,20.0,135,12,19,67
2026-03-21,SKU-APP-206,Organic Cotton Crewneck Sweatshirt,Apparel,4,49.5,20.0,135,12,19,67
2026-03-22,SKU-APP-206,Organic Cotton Crewneck Sweatshirt,Apparel,8,49.5,20.0,135,12,19,67
2026-03-23,SKU-APP-206,Organic Cotton Crewneck Sweatshirt,Apparel,2,49.5,20.0,135,12,19,67
2026-03-24,SKU-APP-206,Organic Cotton Crewneck Sweatshirt,Apparel,4,49.5,20.0,135,12,19,67
2026-03-25,SKU-APP-206,Organic Cotton Crewneck Sweatshirt,Apparel,2,49.5,20.0,135,12,19,67
2026-03-26,SKU-APP-206,Organic Cotton Crewneck Sweatshirt,Apparel,4,49.5,20.0,135,12,19,67
2026-03-27,SKU-APP-206,Organic Cotton Crewneck Sweatshirt,Apparel,4,49.5,20.0,135,12,19,67
2026-03-28,SKU-APP-206,Organic Cotton Crewneck Sweatshirt,Apparel,7,49.5,20.0,135,12,19,67
2026-03-29,SKU-APP-206,Organic Cotton Crewneck Sweatshirt,Apparel,3,49.5,20.0,135,12,19,67
2026-03-30,SKU-APP-206,Organic Cotton Crewneck Sweatshirt,Apparel,2,49.5,20.0,135,12,19,67
2026-03-31,SKU-APP-206,Organic Cotton Crewneck Sweatshirt,Apparel,3,49.5,20.0,135,12,19,67
2026-04-01,SKU-APP-206,Organic Cotton Crewneck Sweatshirt,Apparel,6,49.5,20.0,135,12,19,67
2026-04-02,SKU-APP-206,Organic Cotton Crewneck Sweatshirt,Apparel,7,49.5,20.0,135,12,19,67
2026-04-03,SKU-APP-206,Organic Cotton Crewneck Sweatshirt,Apparel,5,49.5,20.0,135,12,19,67
2026-04-04,SKU-APP-206,Organic Cotton Crewneck Sweatshirt,Apparel,4,49.5,20.0,135,12,19,67
2026-04-05,SKU-APP-206,Organic Cotton Crewneck Sweatshirt,Apparel,5,49.5,20.0,135,12,19,67
2026-04-06,SKU-APP-206,Organic Cotton Crewneck Sweatshirt,Apparel,3,49.5,20.0,135,12,19,67
2026-04-07,SKU-APP-206,Organic Cotton Crewneck Sweatshirt,Apparel,5,49.5,20.0,135,12,19,67
2026-04-08,SKU-APP-206,Organic Cotton Crewneck Sweatshirt,Apparel,4,49.5,20.0,135,12,19,67
2026-04-09,SKU-APP-206,Organic Cotton Crewneck Sweatshirt,Apparel,3,49.5,20.0,135,12,19,67
2026-04-10,SKU-APP-206,Organic Cotton Crewneck Sweatshirt,Apparel,6,49.5,20.0,135,12,19,67
2026-04-11,SKU-APP-206,Organic Cotton Crewneck Sweatshirt,Apparel,3,49.5,20.0,135,12,19,67
2026-04-12,SKU-APP-206,Organic Cotton Crewneck Sweatshirt,Apparel,7,49.5,20.0,135,12,19,67
2026-04-13,SKU-APP-206,Organic Cotton Crewneck Sweatshirt,Apparel,8,49.5,20.0,135,12,19,67
2026-04-14,SKU-APP-206,Organic Cotton Crewneck Sweatshirt,Apparel,6,49.5,20.0,135,12,19,67
2026-04-15,SKU-APP-206,Organic Cotton Crewneck Sweatshirt,Apparel,4,49.5,20.0,135,12,19,67
2026-04-16,SKU-APP-206,Organic Cotton Crewneck Sweatshirt,Apparel,0,49.5,20.0,135,12,19,67
2026-04-17,SKU-APP-206,Organic Cotton Crewneck Sweatshirt,Apparel,1,49.5,20.0,135,12,19,67
2026-04-18,SKU-APP-206,Organic Cotton Crewneck Sweatshirt,Apparel,4,49.5,20.0,135,12,19,67
2026-04-19,SKU-APP-206,Organic Cotton Crewneck Sweatshirt,Apparel,3,49.5,20.0,135,12,19,67
2026-04-20,SKU-APP-206,Organic Cotton Crewneck Sweatshirt,Apparel,9,49.5,20.0,135,12,19,67
2026-04-21,SKU-APP-206,Organic Cotton Crewneck Sweatshirt,Apparel,6,49.5,20.0,135,12,19,67
2026-04-22,SKU-APP-206,Organic Cotton Crewneck Sweatshirt,Apparel,5,49.5,20.0,135,12,19,67
2026-04-23,SKU-APP-206,Organic Cotton Crewneck Sweatshirt,Apparel,4,49.5,20.0,135,12,19,67
2026-04-24,SKU-APP-206,Organic Cotton Crewneck Sweatshirt,Apparel,3,49.5,20.0,135,12,19,67
2026-04-25,SKU-APP-206,Organic Cotton Crewneck Sweatshirt,Apparel,9,49.5,20.0,135,12,19,67
2026-04-26,SKU-APP-206,Organic Cotton Crewneck Sweatshirt,Apparel,4,49.5,20.0,135,12,19,67
2026-04-27,SKU-APP-206,Organic Cotton Crewneck Sweatshirt,Apparel,2,49.5,20.0,135,12,19,67
2026-04-28,SKU-APP-206,Organic Cotton Crewneck Sweatshirt,Apparel,1,49.5,20.0,135,12,19,67
2026-04-29,SKU-APP-206,Organic Cotton Crewneck Sweatshirt,Apparel,2,49.5,20.0,135,12,19,67
2026-04-30,SKU-APP-206,Organic Cotton Crewneck Sweatshirt,Apparel,1,49.5,20.0,135,12,19,67
2026-05-01,SKU-APP-206,Organic Cotton Crewneck Sweatshirt,Apparel,5,49.5,20.0,135,12,19,67
2026-05-02,SKU-APP-206,Organic Cotton Crewneck Sweatshirt,Apparel,3,49.5,20.0,135,12,19,67
2026-05-03,SKU-APP-206,Organic Cotton Crewneck Sweatshirt,Apparel,8,49.5,20.0,135,12,19,67
2026-05-04,SKU-APP-206,Organic Cotton Crewneck Sweatshirt,Apparel,7,49.5,20.0,135,12,19,67
2026-05-05,SKU-APP-206,Organic Cotton Crewneck Sweatshirt,Apparel,4,49.5,20.0,135,12,19,67
2026-05-06,SKU-APP-206,Organic Cotton Crewneck Sweatshirt,Apparel,1,49.5,20.0,135,12,19,67
2026-05-07,SKU-APP-206,Organic Cotton Crewneck Sweatshirt,Apparel,4,49.5,20.0,135,12,19,67
2026-05-08,SKU-APP-206,Organic Cotton Crewneck Sweatshirt,Apparel,2,49.5,20.0,135,12,19,67
2026-05-09,SKU-APP-206,Organic Cotton Crewneck Sweatshirt,Apparel,7,49.5,20.0,135,12,19,67
2026-05-10,SKU-APP-206,Organic Cotton Crewneck Sweatshirt,Apparel,7,49.5,20.0,135,12,19,67
2026-05-11,SKU-APP-206,Organic Cotton Crewneck Sweatshirt,Apparel,5,49.5,20.0,135,12,19,67
2026-05-12,SKU-APP-206,Organic Cotton Crewneck Sweatshirt,Apparel,3,49.5,20.0,135,12,19,67
2026-05-13,SKU-APP-206,Organic Cotton Crewneck Sweatshirt,Apparel,3,49.5,20.0,135,12,19,67
2026-05-14,SKU-APP-206,Organic Cotton Crewneck Sweatshirt,Apparel,5,49.5,20.0,135,12,19,67
2026-05-15,SKU-APP-206,Organic Cotton Crewneck Sweatshirt,Apparel,5,49.5,20.0,135,12,19,67
2026-05-16,SKU-APP-206,Organic Cotton Crewneck Sweatshirt,Apparel,3,49.5,20.0,135,12,19,67
2026-05-17,SKU-APP-206,Organic Cotton Crewneck Sweatshirt,Apparel,5,49.5,20.0,135,12,19,67
2026-05-18,SKU-APP-206,Organic Cotton Crewneck Sweatshirt,Apparel,6,49.5,20.0,135,12,19,67
2026-05-19,SKU-APP-206,Organic Cotton Crewneck Sweatshirt,Apparel,7,49.5,20.0,135,12,19,67
2026-05-20,SKU-APP-206,Organic Cotton Crewneck Sweatshirt,Apparel,4,49.5,20.0,135,12,19,67
2026-05-21,SKU-APP-206,Organic Cotton Crewneck Sweatshirt,Apparel,3,49.5,20.0,135,12,19,67
2026-05-22,SKU-APP-206,Organic Cotton Crewneck Sweatshirt,Apparel,3,49.5,20.0,135,12,19,67
2026-05-23,SKU-APP-206,Organic Cotton Crewneck Sweatshirt,Apparel,7,49.5,20.0,135,12,19,67
2026-05-24,SKU-APP-206,Organic Cotton Crewneck Sweatshirt,Apparel,7,49.5,20.0,135,12,19,67
2026-05-25,SKU-APP-206,Organic Cotton Crewneck Sweatshirt,Apparel,3,49.5,20.0,135,12,19,67
2026-05-26,SKU-APP-206,Organic Cotton Crewneck Sweatshirt,Apparel,4,49.5,20.0,135,12,19,67
2026-05-27,SKU-APP-206,Organic Cotton Crewneck Sweatshirt,Apparel,7,49.5,20.0,135,12,19,67
2026-05-28,SKU-APP-206,Organic Cotton Crewneck Sweatshirt,Apparel,3,49.5,20.0,135,12,19,67
2026-05-29,SKU-APP-206,Organic Cotton Crewneck Sweatshirt,Apparel,2,49.5,20.0,135,12,19,67
2026-05-30,SKU-APP-206,Organic Cotton Crewneck Sweatshirt,Apparel,6,49.5,20.0,135,12,19,67
2026-05-31,SKU-APP-206,Organic Cotton Crewneck Sweatshirt,Apparel,6,49.5,20.0,135,12,19,67
2026-06-01,SKU-APP-206,Organic Cotton Crewneck Sweatshirt,Apparel,3,49.5,20.0,135,12,19,67
2026-06-02,SKU-APP-206,Organic Cotton Crewneck Sweatshirt,Apparel,2,49.5,20.0,135,12,19,67
2026-06-03,SKU-APP-206,Organic Cotton Crewneck Sweatshirt,Apparel,1,49.5,20.0,135,12,19,67
2026-06-04,SKU-APP-206,Organic Cotton Crewneck Sweatshirt,Apparel,3,49.5,20.0,135,12,19,67
2026-06-05,SKU-APP-206,Organic Cotton Crewneck Sweatshirt,Apparel,8,49.5,20.0,135,12,19,67
2026-06-06,SKU-APP-206,Organic Cotton Crewneck Sweatshirt,Apparel,8,49.5,20.0,135,12,19,67
2026-06-07,SKU-APP-206,Organic Cotton Crewneck Sweatshirt,Apparel,7,49.5,20.0,135,12,19,67
2026-06-08,SKU-APP-206,Organic Cotton Crewneck Sweatshirt,Apparel,3,49.5,20.0,135,12,19,67
2026-06-09,SKU-APP-206,Organic Cotton Crewneck Sweatshirt,Apparel,1,49.5,20.0,135,12,19,67
2026-06-10,SKU-APP-206,Organic Cotton Crewneck Sweatshirt,Apparel,4,49.5,20.0,135,12,19,67
2026-06-11,SKU-APP-206,Organic Cotton Crewneck Sweatshirt,Apparel,6,49.5,20.0,135,12,19,67
2026-06-12,SKU-APP-206,Organic Cotton Crewneck Sweatshirt,Apparel,4,49.5,20.0,135,12,19,67
2026-06-13,SKU-APP-206,Organic Cotton Crewneck Sweatshirt,Apparel,5,49.5,20.0,135,12,19,67
2026-06-14,SKU-APP-206,Organic Cotton Crewneck Sweatshirt,Apparel,9,49.5,20.0,135,12,19,67
2026-06-15,SKU-APP-206,Organic Cotton Crewneck Sweatshirt,Apparel,3,49.5,20.0,135,12,19,67
2026-06-16,SKU-APP-206,Organic Cotton Crewneck Sweatshirt,Apparel,9,49.5,20.0,135,12,19,67
2026-06-17,SKU-APP-206,Organic Cotton Crewneck Sweatshirt,Apparel,2,49.5,20.0,135,12,19,67
2026-06-18,SKU-APP-206,Organic Cotton Crewneck Sweatshirt,Apparel,6,49.5,20.0,135,12,19,67
2026-06-19,SKU-APP-206,Organic Cotton Crewneck Sweatshirt,Apparel,2,49.5,20.0,135,12,19,67
2026-06-20,SKU-APP-206,Organic Cotton Crewneck Sweatshirt,Apparel,5,49.5,20.0,135,12,19,67
2026-06-21,SKU-APP-206,Organic Cotton Crewneck Sweatshirt,Apparel,7,49.5,20.0,135,12,19,67
2026-06-22,SKU-APP-206,Organic Cotton Crewneck Sweatshirt,Apparel,4,49.5,20.0,135,12,19,67
2026-06-23,SKU-APP-206,Organic Cotton Crewneck Sweatshirt,Apparel,4,49.5,20.0,135,12,19,67
2026-06-24,SKU-APP-206,Organic Cotton Crewneck Sweatshirt,Apparel,3,49.5,20.0,135,12,19,67
2026-06-25,SKU-APP-206,Organic Cotton Crewneck Sweatshirt,Apparel,5,49.5,20.0,135,12,19,67
2026-06-26,SKU-APP-206,Organic Cotton Crewneck Sweatshirt,Apparel,1,49.5,20.0,135,12,19,67
2026-06-27,SKU-APP-206,Organic Cotton Crewneck Sweatshirt,Apparel,3,49.5,20.0,135,12,19,67
2026-06-28,SKU-APP-206,Organic Cotton Crewneck Sweatshirt,Apparel,7,49.5,20.0,135,12,19,67
2026-06-29,SKU-APP-206,Organic Cotton Crewneck Sweatshirt,Apparel,8,49.5,20.0,135,12,19,67
2026-06-30,SKU-APP-206,Organic Cotton Crewneck Sweatshirt,Apparel,9,49.5,20.0,135,12,19,67
2026-07-01,SKU-APP-206,Organic Cotton Crewneck Sweatshirt,Apparel,5,49.5,20.0,135,12,19,67
2026-07-02,SKU-APP-206,Organic Cotton Crewneck Sweatshirt,Apparel,6,49.5,20.0,135,12,19,67
2026-07-03,SKU-APP-206,Organic Cotton Crewneck Sweatshirt,Apparel,7,49.5,20.0,135,12,19,67
2026-07-04,SKU-APP-206,Organic Cotton Crewneck Sweatshirt,Apparel,5,49.5,20.0,135,12,19,67
2026-07-05,SKU-APP-206,Organic Cotton Crewneck Sweatshirt,Apparel,7,49.5,20.0,135,12,19,67
2026-07-06,SKU-APP-206,Organic Cotton Crewneck Sweatshirt,Apparel,5,49.5,20.0,135,12,19,67
2026-07-07,SKU-APP-206,Organic Cotton Crewneck Sweatshirt,Apparel,3,49.5,20.0,135,12,19,67
2026-07-08,SKU-APP-206,Organic Cotton Crewneck Sweatshirt,Apparel,2,49.5,20.0,135,12,19,67
2026-07-09,SKU-APP-206,Organic Cotton Crewneck Sweatshirt,Apparel,4,49.5,20.0,135,12,19,67
2026-07-10,SKU-APP-206,Organic Cotton Crewneck Sweatshirt,Apparel,4,49.5,20.0,135,12,19,67
2026-07-11,SKU-APP-206,Organic Cotton Crewneck Sweatshirt,Apparel,4,49.5,20.0,135,12,19,67
2026-07-12,SKU-APP-206,Organic Cotton Crewneck Sweatshirt,Apparel,6,49.5,20.0,135,12,19,67
2026-07-13,SKU-APP-206,Organic Cotton Crewneck Sweatshirt,Apparel,2,49.5,20.0,135,12,19,67
2026-07-14,SKU-APP-206,Organic Cotton Crewneck Sweatshirt,Apparel,3,49.5,20.0,135,12,19,67
2026-07-15,SKU-APP-206,Organic Cotton Crewneck Sweatshirt,Apparel,3,49.5,20.0,135,12,19,67
2026-07-16,SKU-APP-206,Organic Cotton Crewneck Sweatshirt,Apparel,5,49.5,20.0,135,12,19,67
2026-07-17,SKU-APP-206,Organic Cotton Crewneck Sweatshirt,Apparel,4,49.5,20.0,135,12,19,67
2026-07-18,SKU-APP-206,Organic Cotton Crewneck Sweatshirt,Apparel,9,49.5,20.0,135,12,19,67
2026-07-19,SKU-APP-206,Organic Cotton Crewneck Sweatshirt,Apparel,8,49.5,20.0,135,12,19,67
2026-07-20,SKU-APP-206,Organic Cotton Crewneck Sweatshirt,Apparel,5,49.5,20.0,135,12,19,67
2026-07-21,SKU-APP-206,Organic Cotton Crewneck Sweatshirt,Apparel,5,49.5,20.0,135,12,19,67
2026-07-22,SKU-APP-206,Organic Cotton Crewneck Sweatshirt,Apparel,6,49.5,20.0,135,12,19,67
2026-07-23,SKU-APP-206,Organic Cotton Crewneck Sweatshirt,Apparel,2,49.5,20.0,135,12,19,67
2026-07-24,SKU-APP-206,Organic Cotton Crewneck Sweatshirt,Apparel,4,49.5,20.0,135,12,19,67
2026-07-25,SKU-APP-206,Organic Cotton Crewneck Sweatshirt,Apparel,4,49.5,20.0,135,12,19,67
2026-07-26,SKU-APP-206,Organic Cotton Crewneck Sweatshirt,Apparel,10,49.5,20.0,135,12,19,67
2026-07-27,SKU-APP-206,Organic Cotton Crewneck Sweatshirt,Apparel,6,49.5,20.0,135,12,19,67
2026-07-28,SKU-APP-206,Organic Cotton Crewneck Sweatshirt,Apparel,7,49.5,20.0,135,12,19,67
2026-07-29,SKU-APP-206,Organic Cotton Crewneck Sweatshirt,Apparel,1,49.5,20.0,135,12,19,67
2026-07-30,SKU-APP-206,Organic Cotton Crewneck Sweatshirt,Apparel,5,49.5,20.0,135,12,19,67
2026-07-31,SKU-APP-206,Organic Cotton Crewneck Sweatshirt,Apparel,1,49.5,20.0,135,12,19,67
2026-08-01,SKU-APP-206,Organic Cotton Crewneck Sweatshirt,Apparel,8,49.5,20.0,135,12,19,67
2026-08-02,SKU-APP-206,Organic Cotton Crewneck Sweatshirt,Apparel,6,49.5,20.0,135,12,19,67
2026-08-03,SKU-APP-206,Organic Cotton Crewneck Sweatshirt,Apparel,1,49.5,20.0,135,12,19,67
2026-08-04,SKU-APP-206,Organic Cotton Crewneck Sweatshirt,Apparel,2,49.5,20.0,135,12,19,67
2026-08-05,SKU-APP-206,Organic Cotton Crewneck Sweatshirt,Apparel,2,49.5,20.0,135,12,19,67
2026-08-06,SKU-APP-206,Organic Cotton Crewneck Sweatshirt,Apparel,6,49.5,20.0,135,12,19,67
2026-08-07,SKU-APP-206,Organic Cotton Crewneck Sweatshirt,Apparel,2,49.5,20.0,135,12,19,67
2026-08-08,SKU-APP-206,Organic Cotton Crewneck Sweatshirt,Apparel,4,49.5,20.0,135,12,19,67
2026-08-09,SKU-APP-206,Organic Cotton Crewneck Sweatshirt,Apparel,5,49.5,20.0,135,12,19,67
2026-08-10,SKU-APP-206,Organic Cotton Crewneck Sweatshirt,Apparel,6,49.5,20.0,135,12,19,67
2026-08-11,SKU-APP-206,Organic Cotton Crewneck Sweatshirt,Apparel,1,49.5,20.0,135,12,19,67
2026-08-12,SKU-APP-206,Organic Cotton Crewneck Sweatshirt,Apparel,0,49.5,20.0,135,12,19,67
2026-08-13,SKU-APP-206,Organic Cotton Crewneck Sweatshirt,Apparel,5,49.5,20.0,135,12,19,67
2026-08-14,SKU-APP-206,Organic Cotton Crewneck Sweatshirt,Apparel,1,49.5,20.0,135,12,19,67
2026-08-15,SKU-APP-206,Organic Cotton Crewneck Sweatshirt,Apparel,5,49.5,20.0,135,12,19,67
2026-08-16,SKU-APP-206,Organic Cotton Crewneck Sweatshirt,Apparel,9,49.5,20.0,135,12,19,67
2026-08-17,SKU-APP-206,Organic Cotton Crewneck Sweatshirt,Apparel,2,49.5,20.0,135,12,19,67
2026-08-18,SKU-APP-206,Organic Cotton Crewneck Sweatshirt,Apparel,3,49.5,20.0,135,12,19,67
2026-08-19,SKU-APP-206,Organic Cotton Crewneck Sweatshirt,Apparel,3,49.5,20.0,135,12,19,67
2026-08-20,SKU-APP-206,Organic Cotton Crewneck Sweatshirt,Apparel,5,49.5,20.0,135,12,19,67
2026-08-21,SKU-APP-206,Organic Cotton Crewneck Sweatshirt,Apparel,4,49.5,20.0,135,12,19,67
2026-08-22,SKU-APP-206,Organic Cotton Crewneck Sweatshirt,Apparel,3,49.5,20.0,135,12,19,67
2026-08-23,SKU-APP-206,Organic Cotton Crewneck Sweatshirt,Apparel,3,49.5,20.0,135,12,19,67
2026-08-24,SKU-APP-206,Organic Cotton Crewneck Sweatshirt,Apparel,8,49.5,20.0,135,12,19,67
2026-08-25,SKU-APP-206,Organic Cotton Crewneck Sweatshirt,Apparel,3,49.5,20.0,135,12,19,67
2026-08-26,SKU-APP-206,Organic Cotton Crewneck Sweatshirt,Apparel,4,49.5,20.0,135,12,19,67
2026-08-27,SKU-APP-206,Organic Cotton Crewneck Sweatshirt,Apparel,2,49.5,20.0,135,12,19,67
2026-03-01,SKU-HPC-301,Sonic Electric Toothbrush Pro,Health & Personal Care,4,69.99,29.0,25,14,29,102
2026-03-02,SKU-HPC-301,Sonic Electric Toothbrush Pro,Health & Personal Care,12,69.99,29.0,25,14,29,102
2026-03-03,SKU-HPC-301,Sonic Electric Toothbrush Pro,Health & Personal Care,6,69.99,29.0,25,14,29,102
2026-03-04,SKU-HPC-301,Sonic Electric Toothbrush Pro,Health & Personal Care,7,69.99,29.0,25,14,29,102
2026-03-05,SKU-HPC-301,Sonic Electric Toothbrush Pro,Health & Personal Care,4,69.99,29.0,25,14,29,102
2026-03-06,SKU-HPC-301,Sonic Electric Toothbrush Pro,Health & Personal Care,8,69.99,29.0,25,14,29,102
2026-03-07,SKU-HPC-301,Sonic Electric Toothbrush Pro,Health & Personal Care,8,69.99,29.0,25,14,29,102
2026-03-08,SKU-HPC-301,Sonic Electric Toothbrush Pro,Health & Personal Care,10,69.99,29.0,25,14,29,102
2026-03-09,SKU-HPC-301,Sonic Electric Toothbrush Pro,Health & Personal Care,3,69.99,29.0,25,14,29,102
2026-03-10,SKU-HPC-301,Sonic Electric Toothbrush Pro,Health & Personal Care,10,69.99,29.0,25,14,29,102
2026-03-11,SKU-HPC-301,Sonic Electric Toothbrush Pro,Health & Personal Care,6,69.99,29.0,25,14,29,102
2026-03-12,SKU-HPC-301,Sonic Electric Toothbrush Pro,Health & Personal Care,4,69.99,29.0,25,14,29,102
2026-03-13,SKU-HPC-301,Sonic Electric Toothbrush Pro,Health & Personal Care,4,69.99,29.0,25,14,29,102
2026-03-14,SKU-HPC-301,Sonic Electric Toothbrush Pro,Health & Personal Care,5,69.99,29.0,25,14,29,102
2026-03-15,SKU-HPC-301,Sonic Electric Toothbrush Pro,Health & Personal Care,10,69.99,29.0,25,14,29,102
2026-03-16,SKU-HPC-301,Sonic Electric Toothbrush Pro,Health & Personal Care,8,69.99,29.0,25,14,29,102
2026-03-17,SKU-HPC-301,Sonic Electric Toothbrush Pro,Health & Personal Care,7,69.99,29.0,25,14,29,102
2026-03-18,SKU-HPC-301,Sonic Electric Toothbrush Pro,Health & Personal Care,7,69.99,29.0,25,14,29,102
2026-03-19,SKU-HPC-301,Sonic Electric Toothbrush Pro,Health & Personal Care,4,69.99,29.0,25,14,29,102
2026-03-20,SKU-HPC-301,Sonic Electric Toothbrush Pro,Health & Personal Care,5,69.99,29.0,25,14,29,102
2026-03-21,SKU-HPC-301,Sonic Electric Toothbrush Pro,Health & Personal Care,11,69.99,29.0,25,14,29,102
2026-03-22,SKU-HPC-301,Sonic Electric Toothbrush Pro,Health & Personal Care,5,69.99,29.0,25,14,29,102
2026-03-23,SKU-HPC-301,Sonic Electric Toothbrush Pro,Health & Personal Care,6,69.99,29.0,25,14,29,102
2026-03-24,SKU-HPC-301,Sonic Electric Toothbrush Pro,Health & Personal Care,5,69.99,29.0,25,14,29,102
2026-03-25,SKU-HPC-301,Sonic Electric Toothbrush Pro,Health & Personal Care,5,69.99,29.0,25,14,29,102
2026-03-26,SKU-HPC-301,Sonic Electric Toothbrush Pro,Health & Personal Care,10,69.99,29.0,25,14,29,102
2026-03-27,SKU-HPC-301,Sonic Electric Toothbrush Pro,Health & Personal Care,5,69.99,29.0,25,14,29,102
2026-03-28,SKU-HPC-301,Sonic Electric Toothbrush Pro,Health & Personal Care,4,69.99,29.0,25,14,29,102
2026-03-29,SKU-HPC-301,Sonic Electric Toothbrush Pro,Health & Personal Care,7,69.99,29.0,25,14,29,102
2026-03-30,SKU-HPC-301,Sonic Electric Toothbrush Pro,Health & Personal Care,5,69.99,29.0,25,14,29,102
2026-03-31,SKU-HPC-301,Sonic Electric Toothbrush Pro,Health & Personal Care,10,69.99,29.0,25,14,29,102
2026-04-01,SKU-HPC-301,Sonic Electric Toothbrush Pro,Health & Personal Care,9,69.99,29.0,25,14,29,102
2026-04-02,SKU-HPC-301,Sonic Electric Toothbrush Pro,Health & Personal Care,5,69.99,29.0,25,14,29,102
2026-04-03,SKU-HPC-301,Sonic Electric Toothbrush Pro,Health & Personal Care,6,69.99,29.0,25,14,29,102
2026-04-04,SKU-HPC-301,Sonic Electric Toothbrush Pro,Health & Personal Care,7,69.99,29.0,25,14,29,102
2026-04-05,SKU-HPC-301,Sonic Electric Toothbrush Pro,Health & Personal Care,12,69.99,29.0,25,14,29,102
2026-04-06,SKU-HPC-301,Sonic Electric Toothbrush Pro,Health & Personal Care,9,69.99,29.0,25,14,29,102
2026-04-07,SKU-HPC-301,Sonic Electric Toothbrush Pro,Health & Personal Care,5,69.99,29.0,25,14,29,102
2026-04-08,SKU-HPC-301,Sonic Electric Toothbrush Pro,Health & Personal Care,5,69.99,29.0,25,14,29,102
2026-04-09,SKU-HPC-301,Sonic Electric Toothbrush Pro,Health & Personal Care,7,69.99,29.0,25,14,29,102
2026-04-10,SKU-HPC-301,Sonic Electric Toothbrush Pro,Health & Personal Care,6,69.99,29.0,25,14,29,102
2026-04-11,SKU-HPC-301,Sonic Electric Toothbrush Pro,Health & Personal Care,7,69.99,29.0,25,14,29,102
2026-04-12,SKU-HPC-301,Sonic Electric Toothbrush Pro,Health & Personal Care,3,69.99,29.0,25,14,29,102
2026-04-13,SKU-HPC-301,Sonic Electric Toothbrush Pro,Health & Personal Care,5,69.99,29.0,25,14,29,102
2026-04-14,SKU-HPC-301,Sonic Electric Toothbrush Pro,Health & Personal Care,7,69.99,29.0,25,14,29,102
2026-04-15,SKU-HPC-301,Sonic Electric Toothbrush Pro,Health & Personal Care,6,69.99,29.0,25,14,29,102
2026-04-16,SKU-HPC-301,Sonic Electric Toothbrush Pro,Health & Personal Care,7,69.99,29.0,25,14,29,102
2026-04-17,SKU-HPC-301,Sonic Electric Toothbrush Pro,Health & Personal Care,6,69.99,29.0,25,14,29,102
2026-04-18,SKU-HPC-301,Sonic Electric Toothbrush Pro,Health & Personal Care,7,69.99,29.0,25,14,29,102
2026-04-19,SKU-HPC-301,Sonic Electric Toothbrush Pro,Health & Personal Care,12,69.99,29.0,25,14,29,102
2026-04-20,SKU-HPC-301,Sonic Electric Toothbrush Pro,Health & Personal Care,4,69.99,29.0,25,14,29,102
2026-04-21,SKU-HPC-301,Sonic Electric Toothbrush Pro,Health & Personal Care,4,69.99,29.0,25,14,29,102
2026-04-22,SKU-HPC-301,Sonic Electric Toothbrush Pro,Health & Personal Care,5,69.99,29.0,25,14,29,102
2026-04-23,SKU-HPC-301,Sonic Electric Toothbrush Pro,Health & Personal Care,9,69.99,29.0,25,14,29,102
2026-04-24,SKU-HPC-301,Sonic Electric Toothbrush Pro,Health & Personal Care,9,69.99,29.0,25,14,29,102
2026-04-25,SKU-HPC-301,Sonic Electric Toothbrush Pro,Health & Personal Care,10,69.99,29.0,25,14,29,102
2026-04-26,SKU-HPC-301,Sonic Electric Toothbrush Pro,Health & Personal Care,12,69.99,29.0,25,14,29,102
2026-04-27,SKU-HPC-301,Sonic Electric Toothbrush Pro,Health & Personal Care,1,69.99,29.0,25,14,29,102
2026-04-28,SKU-HPC-301,Sonic Electric Toothbrush Pro,Health & Personal Care,8,69.99,29.0,25,14,29,102
2026-04-29,SKU-HPC-301,Sonic Electric Toothbrush Pro,Health & Personal Care,4,69.99,29.0,25,14,29,102
2026-04-30,SKU-HPC-301,Sonic Electric Toothbrush Pro,Health & Personal Care,3,69.99,29.0,25,14,29,102
2026-05-01,SKU-HPC-301,Sonic Electric Toothbrush Pro,Health & Personal Care,3,69.99,29.0,25,14,29,102
2026-05-02,SKU-HPC-301,Sonic Electric Toothbrush Pro,Health & Personal Care,7,69.99,29.0,25,14,29,102
2026-05-03,SKU-HPC-301,Sonic Electric Toothbrush Pro,Health & Personal Care,8,69.99,29.0,25,14,29,102
2026-05-04,SKU-HPC-301,Sonic Electric Toothbrush Pro,Health & Personal Care,5,69.99,29.0,25,14,29,102
2026-05-05,SKU-HPC-301,Sonic Electric Toothbrush Pro,Health & Personal Care,3,69.99,29.0,25,14,29,102
2026-05-06,SKU-HPC-301,Sonic Electric Toothbrush Pro,Health & Personal Care,5,69.99,29.0,25,14,29,102
2026-05-07,SKU-HPC-301,Sonic Electric Toothbrush Pro,Health & Personal Care,7,69.99,29.0,25,14,29,102
2026-05-08,SKU-HPC-301,Sonic Electric Toothbrush Pro,Health & Personal Care,4,69.99,29.0,25,14,29,102
2026-05-09,SKU-HPC-301,Sonic Electric Toothbrush Pro,Health & Personal Care,3,69.99,29.0,25,14,29,102
2026-05-10,SKU-HPC-301,Sonic Electric Toothbrush Pro,Health & Personal Care,9,69.99,29.0,25,14,29,102
2026-05-11,SKU-HPC-301,Sonic Electric Toothbrush Pro,Health & Personal Care,8,69.99,29.0,25,14,29,102
2026-05-12,SKU-HPC-301,Sonic Electric Toothbrush Pro,Health & Personal Care,4,69.99,29.0,25,14,29,102
2026-05-13,SKU-HPC-301,Sonic Electric Toothbrush Pro,Health & Personal Care,5,69.99,29.0,25,14,29,102
2026-05-14,SKU-HPC-301,Sonic Electric Toothbrush Pro,Health & Personal Care,3,69.99,29.0,25,14,29,102
2026-05-15,SKU-HPC-301,Sonic Electric Toothbrush Pro,Health & Personal Care,5,69.99,29.0,25,14,29,102
2026-05-16,SKU-HPC-301,Sonic Electric Toothbrush Pro,Health & Personal Care,9,69.99,29.0,25,14,29,102
2026-05-17,SKU-HPC-301,Sonic Electric Toothbrush Pro,Health & Personal Care,6,69.99,29.0,25,14,29,102
2026-05-18,SKU-HPC-301,Sonic Electric Toothbrush Pro,Health & Personal Care,2,69.99,29.0,25,14,29,102
2026-05-19,SKU-HPC-301,Sonic Electric Toothbrush Pro,Health & Personal Care,1,69.99,29.0,25,14,29,102
2026-05-20,SKU-HPC-301,Sonic Electric Toothbrush Pro,Health & Personal Care,7,69.99,29.0,25,14,29,102
2026-05-21,SKU-HPC-301,Sonic Electric Toothbrush Pro,Health & Personal Care,4,69.99,29.0,25,14,29,102
2026-05-22,SKU-HPC-301,Sonic Electric Toothbrush Pro,Health & Personal Care,2,69.99,29.0,25,14,29,102
2026-05-23,SKU-HPC-301,Sonic Electric Toothbrush Pro,Health & Personal Care,8,69.99,29.0,25,14,29,102
2026-05-24,SKU-HPC-301,Sonic Electric Toothbrush Pro,Health & Personal Care,2,69.99,29.0,25,14,29,102
2026-05-25,SKU-HPC-301,Sonic Electric Toothbrush Pro,Health & Personal Care,2,69.99,29.0,25,14,29,102
2026-05-26,SKU-HPC-301,Sonic Electric Toothbrush Pro,Health & Personal Care,8,69.99,29.0,25,14,29,102
2026-05-27,SKU-HPC-301,Sonic Electric Toothbrush Pro,Health & Personal Care,4,69.99,29.0,25,14,29,102
2026-05-28,SKU-HPC-301,Sonic Electric Toothbrush Pro,Health & Personal Care,3,69.99,29.0,25,14,29,102
2026-05-29,SKU-HPC-301,Sonic Electric Toothbrush Pro,Health & Personal Care,8,69.99,29.0,25,14,29,102
2026-05-30,SKU-HPC-301,Sonic Electric Toothbrush Pro,Health & Personal Care,5,69.99,29.0,25,14,29,102
2026-05-31,SKU-HPC-301,Sonic Electric Toothbrush Pro,Health & Personal Care,9,69.99,29.0,25,14,29,102
2026-06-01,SKU-HPC-301,Sonic Electric Toothbrush Pro,Health & Personal Care,7,69.99,29.0,25,14,29,102
2026-06-02,SKU-HPC-301,Sonic Electric Toothbrush Pro,Health & Personal Care,10,69.99,29.0,25,14,29,102
2026-06-03,SKU-HPC-301,Sonic Electric Toothbrush Pro,Health & Personal Care,5,69.99,29.0,25,14,29,102
2026-06-04,SKU-HPC-301,Sonic Electric Toothbrush Pro,Health & Personal Care,3,69.99,29.0,25,14,29,102
2026-06-05,SKU-HPC-301,Sonic Electric Toothbrush Pro,Health & Personal Care,2,69.99,29.0,25,14,29,102
2026-06-06,SKU-HPC-301,Sonic Electric Toothbrush Pro,Health & Personal Care,10,69.99,29.0,25,14,29,102
2026-06-07,SKU-HPC-301,Sonic Electric Toothbrush Pro,Health & Personal Care,6,69.99,29.0,25,14,29,102
2026-06-08,SKU-HPC-301,Sonic Electric Toothbrush Pro,Health & Personal Care,1,69.99,29.0,25,14,29,102
2026-06-09,SKU-HPC-301,Sonic Electric Toothbrush Pro,Health & Personal Care,8,69.99,29.0,25,14,29,102
2026-06-10,SKU-HPC-301,Sonic Electric Toothbrush Pro,Health & Personal Care,2,69.99,29.0,25,14,29,102
2026-06-11,SKU-HPC-301,Sonic Electric Toothbrush Pro,Health & Personal Care,6,69.99,29.0,25,14,29,102
2026-06-12,SKU-HPC-301,Sonic Electric Toothbrush Pro,Health & Personal Care,5,69.99,29.0,25,14,29,102
2026-06-13,SKU-HPC-301,Sonic Electric Toothbrush Pro,Health & Personal Care,5,69.99,29.0,25,14,29,102
2026-06-14,SKU-HPC-301,Sonic Electric Toothbrush Pro,Health & Personal Care,6,69.99,29.0,25,14,29,102
2026-06-15,SKU-HPC-301,Sonic Electric Toothbrush Pro,Health & Personal Care,2,69.99,29.0,25,14,29,102
2026-06-16,SKU-HPC-301,Sonic Electric Toothbrush Pro,Health & Personal Care,7,69.99,29.0,25,14,29,102
2026-06-17,SKU-HPC-301,Sonic Electric Toothbrush Pro,Health & Personal Care,7,69.99,29.0,25,14,29,102
2026-06-18,SKU-HPC-301,Sonic Electric Toothbrush Pro,Health & Personal Care,5,69.99,29.0,25,14,29,102
2026-06-19,SKU-HPC-301,Sonic Electric Toothbrush Pro,Health & Personal Care,5,69.99,29.0,25,14,29,102
2026-06-20,SKU-HPC-301,Sonic Electric Toothbrush Pro,Health & Personal Care,8,69.99,29.0,25,14,29,102
2026-06-21,SKU-HPC-301,Sonic Electric Toothbrush Pro,Health & Personal Care,16,69.99,29.0,25,14,29,102
2026-06-22,SKU-HPC-301,Sonic Electric Toothbrush Pro,Health & Personal Care,10,69.99,29.0,25,14,29,102
2026-06-23,SKU-HPC-301,Sonic Electric Toothbrush Pro,Health & Personal Care,10,69.99,29.0,25,14,29,102
2026-06-24,SKU-HPC-301,Sonic Electric Toothbrush Pro,Health & Personal Care,6,69.99,29.0,25,14,29,102
2026-06-25,SKU-HPC-301,Sonic Electric Toothbrush Pro,Health & Personal Care,13,69.99,29.0,25,14,29,102
2026-06-26,SKU-HPC-301,Sonic Electric Toothbrush Pro,Health & Personal Care,3,69.99,29.0,25,14,29,102
2026-06-27,SKU-HPC-301,Sonic Electric Toothbrush Pro,Health & Personal Care,5,69.99,29.0,25,14,29,102
2026-06-28,SKU-HPC-301,Sonic Electric Toothbrush Pro,Health & Personal Care,9,69.99,29.0,25,14,29,102
2026-06-29,SKU-HPC-301,Sonic Electric Toothbrush Pro,Health & Personal Care,4,69.99,29.0,25,14,29,102
2026-06-30,SKU-HPC-301,Sonic Electric Toothbrush Pro,Health & Personal Care,6,69.99,29.0,25,14,29,102
2026-07-01,SKU-HPC-301,Sonic Electric Toothbrush Pro,Health & Personal Care,5,69.99,29.0,25,14,29,102
2026-07-02,SKU-HPC-301,Sonic Electric Toothbrush Pro,Health & Personal Care,8,69.99,29.0,25,14,29,102
2026-07-03,SKU-HPC-301,Sonic Electric Toothbrush Pro,Health & Personal Care,7,69.99,29.0,25,14,29,102
2026-07-04,SKU-HPC-301,Sonic Electric Toothbrush Pro,Health & Personal Care,8,69.99,29.0,25,14,29,102
2026-07-05,SKU-HPC-301,Sonic Electric Toothbrush Pro,Health & Personal Care,7,69.99,29.0,25,14,29,102
2026-07-06,SKU-HPC-301,Sonic Electric Toothbrush Pro,Health & Personal Care,6,69.99,29.0,25,14,29,102
2026-07-07,SKU-HPC-301,Sonic Electric Toothbrush Pro,Health & Personal Care,6,69.99,29.0,25,14,29,102
2026-07-08,SKU-HPC-301,Sonic Electric Toothbrush Pro,Health & Personal Care,9,69.99,29.0,25,14,29,102
2026-07-09,SKU-HPC-301,Sonic Electric Toothbrush Pro,Health & Personal Care,4,69.99,29.0,25,14,29,102
2026-07-10,SKU-HPC-301,Sonic Electric Toothbrush Pro,Health & Personal Care,5,69.99,29.0,25,14,29,102
2026-07-11,SKU-HPC-301,Sonic Electric Toothbrush Pro,Health & Personal Care,10,69.99,29.0,25,14,29,102
2026-07-12,SKU-HPC-301,Sonic Electric Toothbrush Pro,Health & Personal Care,5,69.99,29.0,25,14,29,102
2026-07-13,SKU-HPC-301,Sonic Electric Toothbrush Pro,Health & Personal Care,9,69.99,29.0,25,14,29,102
2026-07-14,SKU-HPC-301,Sonic Electric Toothbrush Pro,Health & Personal Care,2,69.99,29.0,25,14,29,102
2026-07-15,SKU-HPC-301,Sonic Electric Toothbrush Pro,Health & Personal Care,6,69.99,29.0,25,14,29,102
2026-07-16,SKU-HPC-301,Sonic Electric Toothbrush Pro,Health & Personal Care,5,69.99,29.0,25,14,29,102
2026-07-17,SKU-HPC-301,Sonic Electric Toothbrush Pro,Health & Personal Care,6,69.99,29.0,25,14,29,102
2026-07-18,SKU-HPC-301,Sonic Electric Toothbrush Pro,Health & Personal Care,8,69.99,29.0,25,14,29,102
2026-07-19,SKU-HPC-301,Sonic Electric Toothbrush Pro,Health & Personal Care,5,69.99,29.0,25,14,29,102
2026-07-20,SKU-HPC-301,Sonic Electric Toothbrush Pro,Health & Personal Care,3,69.99,29.0,25,14,29,102
2026-07-21,SKU-HPC-301,Sonic Electric Toothbrush Pro,Health & Personal Care,5,69.99,29.0,25,14,29,102
2026-07-22,SKU-HPC-301,Sonic Electric Toothbrush Pro,Health & Personal Care,4,69.99,29.0,25,14,29,102
2026-07-23,SKU-HPC-301,Sonic Electric Toothbrush Pro,Health & Personal Care,5,69.99,29.0,25,14,29,102
2026-07-24,SKU-HPC-301,Sonic Electric Toothbrush Pro,Health & Personal Care,2,69.99,29.0,25,14,29,102
2026-07-25,SKU-HPC-301,Sonic Electric Toothbrush Pro,Health & Personal Care,8,69.99,29.0,25,14,29,102
2026-07-26,SKU-HPC-301,Sonic Electric Toothbrush Pro,Health & Personal Care,5,69.99,29.0,25,14,29,102
2026-07-27,SKU-HPC-301,Sonic Electric Toothbrush Pro,Health & Personal Care,2,69.99,29.0,25,14,29,102
2026-07-28,SKU-HPC-301,Sonic Electric Toothbrush Pro,Health & Personal Care,5,69.99,29.0,25,14,29,102
2026-07-29,SKU-HPC-301,Sonic Electric Toothbrush Pro,Health & Personal Care,3,69.99,29.0,25,14,29,102
2026-07-30,SKU-HPC-301,Sonic Electric Toothbrush Pro,Health & Personal Care,6,69.99,29.0,25,14,29,102
2026-07-31,SKU-HPC-301,Sonic Electric Toothbrush Pro,Health & Personal Care,5,69.99,29.0,25,14,29,102
2026-08-01,SKU-HPC-301,Sonic Electric Toothbrush Pro,Health & Personal Care,4,69.99,29.0,25,14,29,102
2026-08-02,SKU-HPC-301,Sonic Electric Toothbrush Pro,Health & Personal Care,6,69.99,29.0,25,14,29,102
2026-08-03,SKU-HPC-301,Sonic Electric Toothbrush Pro,Health & Personal Care,4,69.99,29.0,25,14,29,102
2026-08-04,SKU-HPC-301,Sonic Electric Toothbrush Pro,Health & Personal Care,3,69.99,29.0,25,14,29,102
2026-08-05,SKU-HPC-301,Sonic Electric Toothbrush Pro,Health & Personal Care,1,69.99,29.0,25,14,29,102
2026-08-06,SKU-HPC-301,Sonic Electric Toothbrush Pro,Health & Personal Care,3,69.99,29.0,25,14,29,102
2026-08-07,SKU-HPC-301,Sonic Electric Toothbrush Pro,Health & Personal Care,4,69.99,29.0,25,14,29,102
2026-08-08,SKU-HPC-301,Sonic Electric Toothbrush Pro,Health & Personal Care,10,69.99,29.0,25,14,29,102
2026-08-09,SKU-HPC-301,Sonic Electric Toothbrush Pro,Health & Personal Care,8,69.99,29.0,25,14,29,102
2026-08-10,SKU-HPC-301,Sonic Electric Toothbrush Pro,Health & Personal Care,3,69.99,29.0,25,14,29,102
2026-08-11,SKU-HPC-301,Sonic Electric Toothbrush Pro,Health & Personal Care,3,69.99,29.0,25,14,29,102
2026-08-12,SKU-HPC-301,Sonic Electric Toothbrush Pro,Health & Personal Care,3,69.99,29.0,25,14,29,102
2026-08-13,SKU-HPC-301,Sonic Electric Toothbrush Pro,Health & Personal Care,5,69.99,29.0,25,14,29,102
2026-08-14,SKU-HPC-301,Sonic Electric Toothbrush Pro,Health & Personal Care,5,69.99,29.0,25,14,29,102
2026-08-15,SKU-HPC-301,Sonic Electric Toothbrush Pro,Health & Personal Care,8,69.99,29.0,25,14,29,102
2026-08-16,SKU-HPC-301,Sonic Electric Toothbrush Pro,Health & Personal Care,5,69.99,29.0,25,14,29,102
2026-08-17,SKU-HPC-301,Sonic Electric Toothbrush Pro,Health & Personal Care,2,69.99,29.0,25,14,29,102
2026-08-18,SKU-HPC-301,Sonic Electric Toothbrush Pro,Health & Personal Care,6,69.99,29.0,25,14,29,102
2026-08-19,SKU-HPC-301,Sonic Electric Toothbrush Pro,Health & Personal Care,2,69.99,29.0,25,14,29,102
2026-08-20,SKU-HPC-301,Sonic Electric Toothbrush Pro,Health & Personal Care,2,69.99,29.0,25,14,29,102
2026-08-21,SKU-HPC-301,Sonic Electric Toothbrush Pro,Health & Personal Care,3,69.99,29.0,25,14,29,102
2026-08-22,SKU-HPC-301,Sonic Electric Toothbrush Pro,Health & Personal Care,6,69.99,29.0,25,14,29,102
2026-08-23,SKU-HPC-301,Sonic Electric Toothbrush Pro,Health & Personal Care,9,69.99,29.0,25,14,29,102
2026-08-24,SKU-HPC-301,Sonic Electric Toothbrush Pro,Health & Personal Care,7,69.99,29.0,25,14,29,102
2026-08-25,SKU-HPC-301,Sonic Electric Toothbrush Pro,Health & Personal Care,6,69.99,29.0,25,14,29,102
2026-08-26,SKU-HPC-301,Sonic Electric Toothbrush Pro,Health & Personal Care,5,69.99,29.0,25,14,29,102
2026-08-27,SKU-HPC-301,Sonic Electric Toothbrush Pro,Health & Personal Care,2,69.99,29.0,25,14,29,102
2026-03-01,SKU-HPC-302,Collagen Peptide Powder 500g,Health & Personal Care,7,36.0,15.0,160,12,19,67
2026-03-02,SKU-HPC-302,Collagen Peptide Powder 500g,Health & Personal Care,2,36.0,15.0,160,12,19,67
2026-03-03,SKU-HPC-302,Collagen Peptide Powder 500g,Health & Personal Care,4,36.0,15.0,160,12,19,67
2026-03-04,SKU-HPC-302,Collagen Peptide Powder 500g,Health & Personal Care,5,36.0,15.0,160,12,19,67
2026-03-05,SKU-HPC-302,Collagen Peptide Powder 500g,Health & Personal Care,5,36.0,15.0,160,12,19,67
2026-03-06,SKU-HPC-302,Collagen Peptide Powder 500g,Health & Personal Care,2,36.0,15.0,160,12,19,67
2026-03-07,SKU-HPC-302,Collagen Peptide Powder 500g,Health & Personal Care,12,36.0,15.0,160,12,19,67
2026-03-08,SKU-HPC-302,Collagen Peptide Powder 500g,Health & Personal Care,8,36.0,15.0,160,12,19,67
2026-03-09,SKU-HPC-302,Collagen Peptide Powder 500g,Health & Personal Care,4,36.0,15.0,160,12,19,67
2026-03-10,SKU-HPC-302,Collagen Peptide Powder 500g,Health & Personal Care,9,36.0,15.0,160,12,19,67
2026-03-11,SKU-HPC-302,Collagen Peptide Powder 500g,Health & Personal Care,8,36.0,15.0,160,12,19,67
2026-03-12,SKU-HPC-302,Collagen Peptide Powder 500g,Health & Personal Care,4,36.0,15.0,160,12,19,67
2026-03-13,SKU-HPC-302,Collagen Peptide Powder 500g,Health & Personal Care,4,36.0,15.0,160,12,19,67
2026-03-14,SKU-HPC-302,Collagen Peptide Powder 500g,Health & Personal Care,8,36.0,15.0,160,12,19,67
2026-03-15,SKU-HPC-302,Collagen Peptide Powder 500g,Health & Personal Care,8,36.0,15.0,160,12,19,67
2026-03-16,SKU-HPC-302,Collagen Peptide Powder 500g,Health & Personal Care,9,36.0,15.0,160,12,19,67
2026-03-17,SKU-HPC-302,Collagen Peptide Powder 500g,Health & Personal Care,3,36.0,15.0,160,12,19,67
2026-03-18,SKU-HPC-302,Collagen Peptide Powder 500g,Health & Personal Care,6,36.0,15.0,160,12,19,67
2026-03-19,SKU-HPC-302,Collagen Peptide Powder 500g,Health & Personal Care,4,36.0,15.0,160,12,19,67
2026-03-20,SKU-HPC-302,Collagen Peptide Powder 500g,Health & Personal Care,3,36.0,15.0,160,12,19,67
2026-03-21,SKU-HPC-302,Collagen Peptide Powder 500g,Health & Personal Care,3,36.0,15.0,160,12,19,67
2026-03-22,SKU-HPC-302,Collagen Peptide Powder 500g,Health & Personal Care,3,36.0,15.0,160,12,19,67
2026-03-23,SKU-HPC-302,Collagen Peptide Powder 500g,Health & Personal Care,3,36.0,15.0,160,12,19,67
2026-03-24,SKU-HPC-302,Collagen Peptide Powder 500g,Health & Personal Care,2,36.0,15.0,160,12,19,67
2026-03-25,SKU-HPC-302,Collagen Peptide Powder 500g,Health & Personal Care,2,36.0,15.0,160,12,19,67
2026-03-26,SKU-HPC-302,Collagen Peptide Powder 500g,Health & Personal Care,8,36.0,15.0,160,12,19,67
2026-03-27,SKU-HPC-302,Collagen Peptide Powder 500g,Health & Personal Care,6,36.0,15.0,160,12,19,67
2026-03-28,SKU-HPC-302,Collagen Peptide Powder 500g,Health & Personal Care,9,36.0,15.0,160,12,19,67
2026-03-29,SKU-HPC-302,Collagen Peptide Powder 500g,Health & Personal Care,4,36.0,15.0,160,12,19,67
2026-03-30,SKU-HPC-302,Collagen Peptide Powder 500g,Health & Personal Care,7,36.0,15.0,160,12,19,67
2026-03-31,SKU-HPC-302,Collagen Peptide Powder 500g,Health & Personal Care,3,36.0,15.0,160,12,19,67
2026-04-01,SKU-HPC-302,Collagen Peptide Powder 500g,Health & Personal Care,10,36.0,15.0,160,12,19,67
2026-04-02,SKU-HPC-302,Collagen Peptide Powder 500g,Health & Personal Care,4,36.0,15.0,160,12,19,67
2026-04-03,SKU-HPC-302,Collagen Peptide Powder 500g,Health & Personal Care,7,36.0,15.0,160,12,19,67
2026-04-04,SKU-HPC-302,Collagen Peptide Powder 500g,Health & Personal Care,2,36.0,15.0,160,12,19,67
2026-04-05,SKU-HPC-302,Collagen Peptide Powder 500g,Health & Personal Care,3,36.0,15.0,160,12,19,67
2026-04-06,SKU-HPC-302,Collagen Peptide Powder 500g,Health & Personal Care,5,36.0,15.0,160,12,19,67
2026-04-07,SKU-HPC-302,Collagen Peptide Powder 500g,Health & Personal Care,9,36.0,15.0,160,12,19,67
2026-04-08,SKU-HPC-302,Collagen Peptide Powder 500g,Health & Personal Care,6,36.0,15.0,160,12,19,67
2026-04-09,SKU-HPC-302,Collagen Peptide Powder 500g,Health & Personal Care,3,36.0,15.0,160,12,19,67
2026-04-10,SKU-HPC-302,Collagen Peptide Powder 500g,Health & Personal Care,2,36.0,15.0,160,12,19,67
2026-04-11,SKU-HPC-302,Collagen Peptide Powder 500g,Health & Personal Care,10,36.0,15.0,160,12,19,67
2026-04-12,SKU-HPC-302,Collagen Peptide Powder 500g,Health & Personal Care,4,36.0,15.0,160,12,19,67
2026-04-13,SKU-HPC-302,Collagen Peptide Powder 500g,Health & Personal Care,3,36.0,15.0,160,12,19,67
2026-04-14,SKU-HPC-302,Collagen Peptide Powder 500g,Health & Personal Care,3,36.0,15.0,160,12,19,67
2026-04-15,SKU-HPC-302,Collagen Peptide Powder 500g,Health & Personal Care,3,36.0,15.0,160,12,19,67
2026-04-16,SKU-HPC-302,Collagen Peptide Powder 500g,Health & Personal Care,2,36.0,15.0,160,12,19,67
2026-04-17,SKU-HPC-302,Collagen Peptide Powder 500g,Health & Personal Care,1,36.0,15.0,160,12,19,67
2026-04-18,SKU-HPC-302,Collagen Peptide Powder 500g,Health & Personal Care,4,36.0,15.0,160,12,19,67
2026-04-19,SKU-HPC-302,Collagen Peptide Powder 500g,Health & Personal Care,5,36.0,15.0,160,12,19,67
2026-04-20,SKU-HPC-302,Collagen Peptide Powder 500g,Health & Personal Care,5,36.0,15.0,160,12,19,67
2026-04-21,SKU-HPC-302,Collagen Peptide Powder 500g,Health & Personal Care,4,36.0,15.0,160,12,19,67
2026-04-22,SKU-HPC-302,Collagen Peptide Powder 500g,Health & Personal Care,4,36.0,15.0,160,12,19,67
2026-04-23,SKU-HPC-302,Collagen Peptide Powder 500g,Health & Personal Care,3,36.0,15.0,160,12,19,67
2026-04-24,SKU-HPC-302,Collagen Peptide Powder 500g,Health & Personal Care,3,36.0,15.0,160,12,19,67
2026-04-25,SKU-HPC-302,Collagen Peptide Powder 500g,Health & Personal Care,7,36.0,15.0,160,12,19,67
2026-04-26,SKU-HPC-302,Collagen Peptide Powder 500g,Health & Personal Care,3,36.0,15.0,160,12,19,67
2026-04-27,SKU-HPC-302,Collagen Peptide Powder 500g,Health & Personal Care,3,36.0,15.0,160,12,19,67
2026-04-28,SKU-HPC-302,Collagen Peptide Powder 500g,Health & Personal Care,6,36.0,15.0,160,12,19,67
2026-04-29,SKU-HPC-302,Collagen Peptide Powder 500g,Health & Personal Care,5,36.0,15.0,160,12,19,67
2026-04-30,SKU-HPC-302,Collagen Peptide Powder 500g,Health & Personal Care,3,36.0,15.0,160,12,19,67
2026-05-01,SKU-HPC-302,Collagen Peptide Powder 500g,Health & Personal Care,4,36.0,15.0,160,12,19,67
2026-05-02,SKU-HPC-302,Collagen Peptide Powder 500g,Health & Personal Care,3,36.0,15.0,160,12,19,67
2026-05-03,SKU-HPC-302,Collagen Peptide Powder 500g,Health & Personal Care,8,36.0,15.0,160,12,19,67
2026-05-04,SKU-HPC-302,Collagen Peptide Powder 500g,Health & Personal Care,6,36.0,15.0,160,12,19,67
2026-05-05,SKU-HPC-302,Collagen Peptide Powder 500g,Health & Personal Care,6,36.0,15.0,160,12,19,67
2026-05-06,SKU-HPC-302,Collagen Peptide Powder 500g,Health & Personal Care,3,36.0,15.0,160,12,19,67
2026-05-07,SKU-HPC-302,Collagen Peptide Powder 500g,Health & Personal Care,2,36.0,15.0,160,12,19,67
2026-05-08,SKU-HPC-302,Collagen Peptide Powder 500g,Health & Personal Care,1,36.0,15.0,160,12,19,67
2026-05-09,SKU-HPC-302,Collagen Peptide Powder 500g,Health & Personal Care,3,36.0,15.0,160,12,19,67
2026-05-10,SKU-HPC-302,Collagen Peptide Powder 500g,Health & Personal Care,5,36.0,15.0,160,12,19,67
2026-05-11,SKU-HPC-302,Collagen Peptide Powder 500g,Health & Personal Care,7,36.0,15.0,160,12,19,67
2026-05-12,SKU-HPC-302,Collagen Peptide Powder 500g,Health & Personal Care,2,36.0,15.0,160,12,19,67
2026-05-13,SKU-HPC-302,Collagen Peptide Powder 500g,Health & Personal Care,5,36.0,15.0,160,12,19,67
2026-05-14,SKU-HPC-302,Collagen Peptide Powder 500g,Health & Personal Care,4,36.0,15.0,160,12,19,67
2026-05-15,SKU-HPC-302,Collagen Peptide Powder 500g,Health & Personal Care,2,36.0,15.0,160,12,19,67
2026-05-16,SKU-HPC-302,Collagen Peptide Powder 500g,Health & Personal Care,3,36.0,15.0,160,12,19,67
2026-05-17,SKU-HPC-302,Collagen Peptide Powder 500g,Health & Personal Care,5,36.0,15.0,160,12,19,67
2026-05-18,SKU-HPC-302,Collagen Peptide Powder 500g,Health & Personal Care,10,36.0,15.0,160,12,19,67
2026-05-19,SKU-HPC-302,Collagen Peptide Powder 500g,Health & Personal Care,4,36.0,15.0,160,12,19,67
2026-05-20,SKU-HPC-302,Collagen Peptide Powder 500g,Health & Personal Care,4,36.0,15.0,160,12,19,67
2026-05-21,SKU-HPC-302,Collagen Peptide Powder 500g,Health & Personal Care,2,36.0,15.0,160,12,19,67
2026-05-22,SKU-HPC-302,Collagen Peptide Powder 500g,Health & Personal Care,2,36.0,15.0,160,12,19,67
2026-05-23,SKU-HPC-302,Collagen Peptide Powder 500g,Health & Personal Care,2,36.0,15.0,160,12,19,67
2026-05-24,SKU-HPC-302,Collagen Peptide Powder 500g,Health & Personal Care,5,36.0,15.0,160,12,19,67
2026-05-25,SKU-HPC-302,Collagen Peptide Powder 500g,Health & Personal Care,3,36.0,15.0,160,12,19,67
2026-05-26,SKU-HPC-302,Collagen Peptide Powder 500g,Health & Personal Care,3,36.0,15.0,160,12,19,67
2026-05-27,SKU-HPC-302,Collagen Peptide Powder 500g,Health & Personal Care,3,36.0,15.0,160,12,19,67
2026-05-28,SKU-HPC-302,Collagen Peptide Powder 500g,Health & Personal Care,4,36.0,15.0,160,12,19,67
2026-05-29,SKU-HPC-302,Collagen Peptide Powder 500g,Health & Personal Care,4,36.0,15.0,160,12,19,67
2026-05-30,SKU-HPC-302,Collagen Peptide Powder 500g,Health & Personal Care,5,36.0,15.0,160,12,19,67
2026-05-31,SKU-HPC-302,Collagen Peptide Powder 500g,Health & Personal Care,8,36.0,15.0,160,12,19,67
2026-06-01,SKU-HPC-302,Collagen Peptide Powder 500g,Health & Personal Care,7,36.0,15.0,160,12,19,67
2026-06-02,SKU-HPC-302,Collagen Peptide Powder 500g,Health & Personal Care,4,36.0,15.0,160,12,19,67
2026-06-03,SKU-HPC-302,Collagen Peptide Powder 500g,Health & Personal Care,5,36.0,15.0,160,12,19,67
2026-06-04,SKU-HPC-302,Collagen Peptide Powder 500g,Health & Personal Care,1,36.0,15.0,160,12,19,67
2026-06-05,SKU-HPC-302,Collagen Peptide Powder 500g,Health & Personal Care,7,36.0,15.0,160,12,19,67
2026-06-06,SKU-HPC-302,Collagen Peptide Powder 500g,Health & Personal Care,7,36.0,15.0,160,12,19,67
2026-06-07,SKU-HPC-302,Collagen Peptide Powder 500g,Health & Personal Care,4,36.0,15.0,160,12,19,67
2026-06-08,SKU-HPC-302,Collagen Peptide Powder 500g,Health & Personal Care,5,36.0,15.0,160,12,19,67
2026-06-09,SKU-HPC-302,Collagen Peptide Powder 500g,Health & Personal Care,3,36.0,15.0,160,12,19,67
2026-06-10,SKU-HPC-302,Collagen Peptide Powder 500g,Health & Personal Care,4,36.0,15.0,160,12,19,67
2026-06-11,SKU-HPC-302,Collagen Peptide Powder 500g,Health & Personal Care,6,36.0,15.0,160,12,19,67
2026-06-12,SKU-HPC-302,Collagen Peptide Powder 500g,Health & Personal Care,6,36.0,15.0,160,12,19,67
2026-06-13,SKU-HPC-302,Collagen Peptide Powder 500g,Health & Personal Care,10,36.0,15.0,160,12,19,67
2026-06-14,SKU-HPC-302,Collagen Peptide Powder 500g,Health & Personal Care,5,36.0,15.0,160,12,19,67
2026-06-15,SKU-HPC-302,Collagen Peptide Powder 500g,Health & Personal Care,5,36.0,15.0,160,12,19,67
2026-06-16,SKU-HPC-302,Collagen Peptide Powder 500g,Health & Personal Care,5,36.0,15.0,160,12,19,67
2026-06-17,SKU-HPC-302,Collagen Peptide Powder 500g,Health & Personal Care,3,36.0,15.0,160,12,19,67
2026-06-18,SKU-HPC-302,Collagen Peptide Powder 500g,Health & Personal Care,6,36.0,15.0,160,12,19,67
2026-06-19,SKU-HPC-302,Collagen Peptide Powder 500g,Health & Personal Care,3,36.0,15.0,160,12,19,67
2026-06-20,SKU-HPC-302,Collagen Peptide Powder 500g,Health & Personal Care,3,36.0,15.0,160,12,19,67
2026-06-21,SKU-HPC-302,Collagen Peptide Powder 500g,Health & Personal Care,6,36.0,15.0,160,12,19,67
2026-06-22,SKU-HPC-302,Collagen Peptide Powder 500g,Health & Personal Care,6,36.0,15.0,160,12,19,67
2026-06-23,SKU-HPC-302,Collagen Peptide Powder 500g,Health & Personal Care,7,36.0,15.0,160,12,19,67
2026-06-24,SKU-HPC-302,Collagen Peptide Powder 500g,Health & Personal Care,6,36.0,15.0,160,12,19,67
2026-06-25,SKU-HPC-302,Collagen Peptide Powder 500g,Health & Personal Care,7,36.0,15.0,160,12,19,67
2026-06-26,SKU-HPC-302,Collagen Peptide Powder 500g,Health & Personal Care,10,36.0,15.0,160,12,19,67
2026-06-27,SKU-HPC-302,Collagen Peptide Powder 500g,Health & Personal Care,5,36.0,15.0,160,12,19,67
2026-06-28,SKU-HPC-302,Collagen Peptide Powder 500g,Health & Personal Care,12,36.0,15.0,160,12,19,67
2026-06-29,SKU-HPC-302,Collagen Peptide Powder 500g,Health & Personal Care,9,36.0,15.0,160,12,19,67
2026-06-30,SKU-HPC-302,Collagen Peptide Powder 500g,Health & Personal Care,8,36.0,15.0,160,12,19,67
2026-07-01,SKU-HPC-302,Collagen Peptide Powder 500g,Health & Personal Care,2,36.0,15.0,160,12,19,67
2026-07-02,SKU-HPC-302,Collagen Peptide Powder 500g,Health & Personal Care,4,36.0,15.0,160,12,19,67
2026-07-03,SKU-HPC-302,Collagen Peptide Powder 500g,Health & Personal Care,6,36.0,15.0,160,12,19,67
2026-07-04,SKU-HPC-302,Collagen Peptide Powder 500g,Health & Personal Care,6,36.0,15.0,160,12,19,67
2026-07-05,SKU-HPC-302,Collagen Peptide Powder 500g,Health & Personal Care,10,36.0,15.0,160,12,19,67
2026-07-06,SKU-HPC-302,Collagen Peptide Powder 500g,Health & Personal Care,1,36.0,15.0,160,12,19,67
2026-07-07,SKU-HPC-302,Collagen Peptide Powder 500g,Health & Personal Care,5,36.0,15.0,160,12,19,67
2026-07-08,SKU-HPC-302,Collagen Peptide Powder 500g,Health & Personal Care,1,36.0,15.0,160,12,19,67
2026-07-09,SKU-HPC-302,Collagen Peptide Powder 500g,Health & Personal Care,2,36.0,15.0,160,12,19,67
2026-07-10,SKU-HPC-302,Collagen Peptide Powder 500g,Health & Personal Care,9,36.0,15.0,160,12,19,67
2026-07-11,SKU-HPC-302,Collagen Peptide Powder 500g,Health & Personal Care,4,36.0,15.0,160,12,19,67
2026-07-12,SKU-HPC-302,Collagen Peptide Powder 500g,Health & Personal Care,2,36.0,15.0,160,12,19,67
2026-07-13,SKU-HPC-302,Collagen Peptide Powder 500g,Health & Personal Care,2,36.0,15.0,160,12,19,67
2026-07-14,SKU-HPC-302,Collagen Peptide Powder 500g,Health & Personal Care,4,36.0,15.0,160,12,19,67
2026-07-15,SKU-HPC-302,Collagen Peptide Powder 500g,Health & Personal Care,4,36.0,15.0,160,12,19,67
2026-07-16,SKU-HPC-302,Collagen Peptide Powder 500g,Health & Personal Care,5,36.0,15.0,160,12,19,67
2026-07-17,SKU-HPC-302,Collagen Peptide Powder 500g,Health & Personal Care,7,36.0,15.0,160,12,19,67
2026-07-18,SKU-HPC-302,Collagen Peptide Powder 500g,Health & Personal Care,7,36.0,15.0,160,12,19,67
2026-07-19,SKU-HPC-302,Collagen Peptide Powder 500g,Health & Personal Care,11,36.0,15.0,160,12,19,67
2026-07-20,SKU-HPC-302,Collagen Peptide Powder 500g,Health & Personal Care,9,36.0,15.0,160,12,19,67
2026-07-21,SKU-HPC-302,Collagen Peptide Powder 500g,Health & Personal Care,3,36.0,15.0,160,12,19,67
2026-07-22,SKU-HPC-302,Collagen Peptide Powder 500g,Health & Personal Care,4,36.0,15.0,160,12,19,67
2026-07-23,SKU-HPC-302,Collagen Peptide Powder 500g,Health & Personal Care,2,36.0,15.0,160,12,19,67
2026-07-24,SKU-HPC-302,Collagen Peptide Powder 500g,Health & Personal Care,2,36.0,15.0,160,12,19,67
2026-07-25,SKU-HPC-302,Collagen Peptide Powder 500g,Health & Personal Care,12,36.0,15.0,160,12,19,67
2026-07-26,SKU-HPC-302,Collagen Peptide Powder 500g,Health & Personal Care,6,36.0,15.0,160,12,19,67
2026-07-27,SKU-HPC-302,Collagen Peptide Powder 500g,Health & Personal Care,11,36.0,15.0,160,12,19,67
2026-07-28,SKU-HPC-302,Collagen Peptide Powder 500g,Health & Personal Care,2,36.0,15.0,160,12,19,67
2026-07-29,SKU-HPC-302,Collagen Peptide Powder 500g,Health & Personal Care,4,36.0,15.0,160,12,19,67
2026-07-30,SKU-HPC-302,Collagen Peptide Powder 500g,Health & Personal Care,2,36.0,15.0,160,12,19,67
2026-07-31,SKU-HPC-302,Collagen Peptide Powder 500g,Health & Personal Care,2,36.0,15.0,160,12,19,67
2026-08-01,SKU-HPC-302,Collagen Peptide Powder 500g,Health & Personal Care,3,36.0,15.0,160,12,19,67
2026-08-02,SKU-HPC-302,Collagen Peptide Powder 500g,Health & Personal Care,1,36.0,15.0,160,12,19,67
2026-08-03,SKU-HPC-302,Collagen Peptide Powder 500g,Health & Personal Care,4,36.0,15.0,160,12,19,67
2026-08-04,SKU-HPC-302,Collagen Peptide Powder 500g,Health & Personal Care,2,36.0,15.0,160,12,19,67
2026-08-05,SKU-HPC-302,Collagen Peptide Powder 500g,Health & Personal Care,0,36.0,15.0,160,12,19,67
2026-08-06,SKU-HPC-302,Collagen Peptide Powder 500g,Health & Personal Care,5,36.0,15.0,160,12,19,67
2026-08-07,SKU-HPC-302,Collagen Peptide Powder 500g,Health & Personal Care,3,36.0,15.0,160,12,19,67
2026-08-08,SKU-HPC-302,Collagen Peptide Powder 500g,Health & Personal Care,6,36.0,15.0,160,12,19,67
2026-08-09,SKU-HPC-302,Collagen Peptide Powder 500g,Health & Personal Care,3,36.0,15.0,160,12,19,67
2026-08-10,SKU-HPC-302,Collagen Peptide Powder 500g,Health & Personal Care,2,36.0,15.0,160,12,19,67
2026-08-11,SKU-HPC-302,Collagen Peptide Powder 500g,Health & Personal Care,5,36.0,15.0,160,12,19,67
2026-08-12,SKU-HPC-302,Collagen Peptide Powder 500g,Health & Personal Care,7,36.0,15.0,160,12,19,67
2026-08-13,SKU-HPC-302,Collagen Peptide Powder 500g,Health & Personal Care,2,36.0,15.0,160,12,19,67
2026-08-14,SKU-HPC-302,Collagen Peptide Powder 500g,Health & Personal Care,1,36.0,15.0,160,12,19,67
2026-08-15,SKU-HPC-302,Collagen Peptide Powder 500g,Health & Personal Care,4,36.0,15.0,160,12,19,67
2026-08-16,SKU-HPC-302,Collagen Peptide Powder 500g,Health & Personal Care,7,36.0,15.0,160,12,19,67
2026-08-17,SKU-HPC-302,Collagen Peptide Powder 500g,Health & Personal Care,1,36.0,15.0,160,12,19,67
2026-08-18,SKU-HPC-302,Collagen Peptide Powder 500g,Health & Personal Care,2,36.0,15.0,160,12,19,67
2026-08-19,SKU-HPC-302,Collagen Peptide Powder 500g,Health & Personal Care,4,36.0,15.0,160,12,19,67
2026-08-20,SKU-HPC-302,Collagen Peptide Powder 500g,Health & Personal Care,4,36.0,15.0,160,12,19,67
2026-08-21,SKU-HPC-302,Collagen Peptide Powder 500g,Health & Personal Care,6,36.0,15.0,160,12,19,67
2026-08-22,SKU-HPC-302,Collagen Peptide Powder 500g,Health & Personal Care,5,36.0,15.0,160,12,19,67
2026-08-23,SKU-HPC-302,Collagen Peptide Powder 500g,Health & Personal Care,1,36.0,15.0,160,12,19,67
2026-08-24,SKU-HPC-302,Collagen Peptide Powder 500g,Health & Personal Care,3,36.0,15.0,160,12,19,67
2026-08-25,SKU-HPC-302,Collagen Peptide Powder 500g,Health & Personal Care,5,36.0,15.0,160,12,19,67
2026-08-26,SKU-HPC-302,Collagen Peptide Powder 500g,Health & Personal Care,2,36.0,15.0,160,12,19,67
2026-08-27,SKU-HPC-302,Collagen Peptide Powder 500g,Health & Personal Care,4,36.0,15.0,160,12,19,67
2026-03-01,SKU-HPC-303,Infrared Shiatsu Neck Massager,Health & Personal Care,2,54.99,22.0,340,20,14,50
2026-03-02,SKU-HPC-303,Infrared Shiatsu Neck Massager,Health & Personal Care,1,54.99,22.0,340,20,14,50
2026-03-03,SKU-HPC-303,Infrared Shiatsu Neck Massager,Health & Personal Care,1,54.99,22.0,340,20,14,50
2026-03-04,SKU-HPC-303,Infrared Shiatsu Neck Massager,Health & Personal Care,3,54.99,22.0,340,20,14,50
2026-03-05,SKU-HPC-303,Infrared Shiatsu Neck Massager,Health & Personal Care,1,54.99,22.0,340,20,14,50
2026-03-06,SKU-HPC-303,Infrared Shiatsu Neck Massager,Health & Personal Care,2,54.99,22.0,340,20,14,50
2026-03-07,SKU-HPC-303,Infrared Shiatsu Neck Massager,Health & Personal Care,1,54.99,22.0,340,20,14,50
2026-03-08,SKU-HPC-303,Infrared Shiatsu Neck Massager,Health & Personal Care,0,54.99,22.0,340,20,14,50
2026-03-09,SKU-HPC-303,Infrared Shiatsu Neck Massager,Health & Personal Care,3,54.99,22.0,340,20,14,50
2026-03-10,SKU-HPC-303,Infrared Shiatsu Neck Massager,Health & Personal Care,0,54.99,22.0,340,20,14,50
2026-03-11,SKU-HPC-303,Infrared Shiatsu Neck Massager,Health & Personal Care,0,54.99,22.0,340,20,14,50
2026-03-12,SKU-HPC-303,Infrared Shiatsu Neck Massager,Health & Personal Care,3,54.99,22.0,340,20,14,50
2026-03-13,SKU-HPC-303,Infrared Shiatsu Neck Massager,Health & Personal Care,0,54.99,22.0,340,20,14,50
2026-03-14,SKU-HPC-303,Infrared Shiatsu Neck Massager,Health & Personal Care,1,54.99,22.0,340,20,14,50
2026-03-15,SKU-HPC-303,Infrared Shiatsu Neck Massager,Health & Personal Care,2,54.99,22.0,340,20,14,50
2026-03-16,SKU-HPC-303,Infrared Shiatsu Neck Massager,Health & Personal Care,0,54.99,22.0,340,20,14,50
2026-03-17,SKU-HPC-303,Infrared Shiatsu Neck Massager,Health & Personal Care,3,54.99,22.0,340,20,14,50
2026-03-18,SKU-HPC-303,Infrared Shiatsu Neck Massager,Health & Personal Care,1,54.99,22.0,340,20,14,50
2026-03-19,SKU-HPC-303,Infrared Shiatsu Neck Massager,Health & Personal Care,1,54.99,22.0,340,20,14,50
2026-03-20,SKU-HPC-303,Infrared Shiatsu Neck Massager,Health & Personal Care,0,54.99,22.0,340,20,14,50
2026-03-21,SKU-HPC-303,Infrared Shiatsu Neck Massager,Health & Personal Care,4,54.99,22.0,340,20,14,50
2026-03-22,SKU-HPC-303,Infrared Shiatsu Neck Massager,Health & Personal Care,4,54.99,22.0,340,20,14,50
2026-03-23,SKU-HPC-303,Infrared Shiatsu Neck Massager,Health & Personal Care,2,54.99,22.0,340,20,14,50
2026-03-24,SKU-HPC-303,Infrared Shiatsu Neck Massager,Health & Personal Care,2,54.99,22.0,340,20,14,50
2026-03-25,SKU-HPC-303,Infrared Shiatsu Neck Massager,Health & Personal Care,1,54.99,22.0,340,20,14,50
2026-03-26,SKU-HPC-303,Infrared Shiatsu Neck Massager,Health & Personal Care,1,54.99,22.0,340,20,14,50
2026-03-27,SKU-HPC-303,Infrared Shiatsu Neck Massager,Health & Personal Care,0,54.99,22.0,340,20,14,50
2026-03-28,SKU-HPC-303,Infrared Shiatsu Neck Massager,Health & Personal Care,0,54.99,22.0,340,20,14,50
2026-03-29,SKU-HPC-303,Infrared Shiatsu Neck Massager,Health & Personal Care,5,54.99,22.0,340,20,14,50
2026-03-30,SKU-HPC-303,Infrared Shiatsu Neck Massager,Health & Personal Care,0,54.99,22.0,340,20,14,50
2026-03-31,SKU-HPC-303,Infrared Shiatsu Neck Massager,Health & Personal Care,5,54.99,22.0,340,20,14,50
2026-04-01,SKU-HPC-303,Infrared Shiatsu Neck Massager,Health & Personal Care,1,54.99,22.0,340,20,14,50
2026-04-02,SKU-HPC-303,Infrared Shiatsu Neck Massager,Health & Personal Care,1,54.99,22.0,340,20,14,50
2026-04-03,SKU-HPC-303,Infrared Shiatsu Neck Massager,Health & Personal Care,0,54.99,22.0,340,20,14,50
2026-04-04,SKU-HPC-303,Infrared Shiatsu Neck Massager,Health & Personal Care,1,54.99,22.0,340,20,14,50
2026-04-05,SKU-HPC-303,Infrared Shiatsu Neck Massager,Health & Personal Care,2,54.99,22.0,340,20,14,50
2026-04-06,SKU-HPC-303,Infrared Shiatsu Neck Massager,Health & Personal Care,2,54.99,22.0,340,20,14,50
2026-04-07,SKU-HPC-303,Infrared Shiatsu Neck Massager,Health & Personal Care,0,54.99,22.0,340,20,14,50
2026-04-08,SKU-HPC-303,Infrared Shiatsu Neck Massager,Health & Personal Care,3,54.99,22.0,340,20,14,50
2026-04-09,SKU-HPC-303,Infrared Shiatsu Neck Massager,Health & Personal Care,3,54.99,22.0,340,20,14,50
2026-04-10,SKU-HPC-303,Infrared Shiatsu Neck Massager,Health & Personal Care,3,54.99,22.0,340,20,14,50
2026-04-11,SKU-HPC-303,Infrared Shiatsu Neck Massager,Health & Personal Care,2,54.99,22.0,340,20,14,50
2026-04-12,SKU-HPC-303,Infrared Shiatsu Neck Massager,Health & Personal Care,2,54.99,22.0,340,20,14,50
2026-04-13,SKU-HPC-303,Infrared Shiatsu Neck Massager,Health & Personal Care,1,54.99,22.0,340,20,14,50
2026-04-14,SKU-HPC-303,Infrared Shiatsu Neck Massager,Health & Personal Care,2,54.99,22.0,340,20,14,50
2026-04-15,SKU-HPC-303,Infrared Shiatsu Neck Massager,Health & Personal Care,2,54.99,22.0,340,20,14,50
2026-04-16,SKU-HPC-303,Infrared Shiatsu Neck Massager,Health & Personal Care,1,54.99,22.0,340,20,14,50
2026-04-17,SKU-HPC-303,Infrared Shiatsu Neck Massager,Health & Personal Care,0,54.99,22.0,340,20,14,50
2026-04-18,SKU-HPC-303,Infrared Shiatsu Neck Massager,Health & Personal Care,4,54.99,22.0,340,20,14,50
2026-04-19,SKU-HPC-303,Infrared Shiatsu Neck Massager,Health & Personal Care,2,54.99,22.0,340,20,14,50
2026-04-20,SKU-HPC-303,Infrared Shiatsu Neck Massager,Health & Personal Care,1,54.99,22.0,340,20,14,50
2026-04-21,SKU-HPC-303,Infrared Shiatsu Neck Massager,Health & Personal Care,2,54.99,22.0,340,20,14,50
2026-04-22,SKU-HPC-303,Infrared Shiatsu Neck Massager,Health & Personal Care,0,54.99,22.0,340,20,14,50
2026-04-23,SKU-HPC-303,Infrared Shiatsu Neck Massager,Health & Personal Care,3,54.99,22.0,340,20,14,50
2026-04-24,SKU-HPC-303,Infrared Shiatsu Neck Massager,Health & Personal Care,3,54.99,22.0,340,20,14,50
2026-04-25,SKU-HPC-303,Infrared Shiatsu Neck Massager,Health & Personal Care,2,54.99,22.0,340,20,14,50
2026-04-26,SKU-HPC-303,Infrared Shiatsu Neck Massager,Health & Personal Care,3,54.99,22.0,340,20,14,50
2026-04-27,SKU-HPC-303,Infrared Shiatsu Neck Massager,Health & Personal Care,0,54.99,22.0,340,20,14,50
2026-04-28,SKU-HPC-303,Infrared Shiatsu Neck Massager,Health & Personal Care,6,54.99,22.0,340,20,14,50
2026-04-29,SKU-HPC-303,Infrared Shiatsu Neck Massager,Health & Personal Care,0,54.99,22.0,340,20,14,50
2026-04-30,SKU-HPC-303,Infrared Shiatsu Neck Massager,Health & Personal Care,2,54.99,22.0,340,20,14,50
2026-05-01,SKU-HPC-303,Infrared Shiatsu Neck Massager,Health & Personal Care,3,54.99,22.0,340,20,14,50
2026-05-02,SKU-HPC-303,Infrared Shiatsu Neck Massager,Health & Personal Care,2,54.99,22.0,340,20,14,50
2026-05-03,SKU-HPC-303,Infrared Shiatsu Neck Massager,Health & Personal Care,1,54.99,22.0,340,20,14,50
2026-05-04,SKU-HPC-303,Infrared Shiatsu Neck Massager,Health & Personal Care,0,54.99,22.0,340,20,14,50
2026-05-05,SKU-HPC-303,Infrared Shiatsu Neck Massager,Health & Personal Care,1,54.99,22.0,340,20,14,50
2026-05-06,SKU-HPC-303,Infrared Shiatsu Neck Massager,Health & Personal Care,2,54.99,22.0,340,20,14,50
2026-05-07,SKU-HPC-303,Infrared Shiatsu Neck Massager,Health & Personal Care,2,54.99,22.0,340,20,14,50
2026-05-08,SKU-HPC-303,Infrared Shiatsu Neck Massager,Health & Personal Care,1,54.99,22.0,340,20,14,50
2026-05-09,SKU-HPC-303,Infrared Shiatsu Neck Massager,Health & Personal Care,4,54.99,22.0,340,20,14,50
2026-05-10,SKU-HPC-303,Infrared Shiatsu Neck Massager,Health & Personal Care,1,54.99,22.0,340,20,14,50
2026-05-11,SKU-HPC-303,Infrared Shiatsu Neck Massager,Health & Personal Care,1,54.99,22.0,340,20,14,50
2026-05-12,SKU-HPC-303,Infrared Shiatsu Neck Massager,Health & Personal Care,3,54.99,22.0,340,20,14,50
2026-05-13,SKU-HPC-303,Infrared Shiatsu Neck Massager,Health & Personal Care,6,54.99,22.0,340,20,14,50
2026-05-14,SKU-HPC-303,Infrared Shiatsu Neck Massager,Health & Personal Care,4,54.99,22.0,340,20,14,50
2026-05-15,SKU-HPC-303,Infrared Shiatsu Neck Massager,Health & Personal Care,2,54.99,22.0,340,20,14,50
2026-05-16,SKU-HPC-303,Infrared Shiatsu Neck Massager,Health & Personal Care,2,54.99,22.0,340,20,14,50
2026-05-17,SKU-HPC-303,Infrared Shiatsu Neck Massager,Health & Personal Care,0,54.99,22.0,340,20,14,50
2026-05-18,SKU-HPC-303,Infrared Shiatsu Neck Massager,Health & Personal Care,2,54.99,22.0,340,20,14,50
2026-05-19,SKU-HPC-303,Infrared Shiatsu Neck Massager,Health & Personal Care,4,54.99,22.0,340,20,14,50
2026-05-20,SKU-HPC-303,Infrared Shiatsu Neck Massager,Health & Personal Care,1,54.99,22.0,340,20,14,50
2026-05-21,SKU-HPC-303,Infrared Shiatsu Neck Massager,Health & Personal Care,2,54.99,22.0,340,20,14,50
2026-05-22,SKU-HPC-303,Infrared Shiatsu Neck Massager,Health & Personal Care,1,54.99,22.0,340,20,14,50
2026-05-23,SKU-HPC-303,Infrared Shiatsu Neck Massager,Health & Personal Care,3,54.99,22.0,340,20,14,50
2026-05-24,SKU-HPC-303,Infrared Shiatsu Neck Massager,Health & Personal Care,4,54.99,22.0,340,20,14,50
2026-05-25,SKU-HPC-303,Infrared Shiatsu Neck Massager,Health & Personal Care,0,54.99,22.0,340,20,14,50
2026-05-26,SKU-HPC-303,Infrared Shiatsu Neck Massager,Health & Personal Care,2,54.99,22.0,340,20,14,50
2026-05-27,SKU-HPC-303,Infrared Shiatsu Neck Massager,Health & Personal Care,2,54.99,22.0,340,20,14,50
2026-05-28,SKU-HPC-303,Infrared Shiatsu Neck Massager,Health & Personal Care,1,54.99,22.0,340,20,14,50
2026-05-29,SKU-HPC-303,Infrared Shiatsu Neck Massager,Health & Personal Care,2,54.99,22.0,340,20,14,50
2026-05-30,SKU-HPC-303,Infrared Shiatsu Neck Massager,Health & Personal Care,2,54.99,22.0,340,20,14,50
2026-05-31,SKU-HPC-303,Infrared Shiatsu Neck Massager,Health & Personal Care,1,54.99,22.0,340,20,14,50
2026-06-01,SKU-HPC-303,Infrared Shiatsu Neck Massager,Health & Personal Care,5,54.99,22.0,340,20,14,50
2026-06-02,SKU-HPC-303,Infrared Shiatsu Neck Massager,Health & Personal Care,3,54.99,22.0,340,20,14,50
2026-06-03,SKU-HPC-303,Infrared Shiatsu Neck Massager,Health & Personal Care,1,54.99,22.0,340,20,14,50
2026-06-04,SKU-HPC-303,Infrared Shiatsu Neck Massager,Health & Personal Care,0,54.99,22.0,340,20,14,50
2026-06-05,SKU-HPC-303,Infrared Shiatsu Neck Massager,Health & Personal Care,2,54.99,22.0,340,20,14,50
2026-06-06,SKU-HPC-303,Infrared Shiatsu Neck Massager,Health & Personal Care,1,54.99,22.0,340,20,14,50
2026-06-07,SKU-HPC-303,Infrared Shiatsu Neck Massager,Health & Personal Care,2,54.99,22.0,340,20,14,50
2026-06-08,SKU-HPC-303,Infrared Shiatsu Neck Massager,Health & Personal Care,0,54.99,22.0,340,20,14,50
2026-06-09,SKU-HPC-303,Infrared Shiatsu Neck Massager,Health & Personal Care,2,54.99,22.0,340,20,14,50
2026-06-10,SKU-HPC-303,Infrared Shiatsu Neck Massager,Health & Personal Care,3,54.99,22.0,340,20,14,50
2026-06-11,SKU-HPC-303,Infrared Shiatsu Neck Massager,Health & Personal Care,1,54.99,22.0,340,20,14,50
2026-06-12,SKU-HPC-303,Infrared Shiatsu Neck Massager,Health & Personal Care,1,54.99,22.0,340,20,14,50
2026-06-13,SKU-HPC-303,Infrared Shiatsu Neck Massager,Health & Personal Care,3,54.99,22.0,340,20,14,50
2026-06-14,SKU-HPC-303,Infrared Shiatsu Neck Massager,Health & Personal Care,3,54.99,22.0,340,20,14,50
2026-06-15,SKU-HPC-303,Infrared Shiatsu Neck Massager,Health & Personal Care,4,54.99,22.0,340,20,14,50
2026-06-16,SKU-HPC-303,Infrared Shiatsu Neck Massager,Health & Personal Care,7,54.99,22.0,340,20,14,50
2026-06-17,SKU-HPC-303,Infrared Shiatsu Neck Massager,Health & Personal Care,2,54.99,22.0,340,20,14,50
2026-06-18,SKU-HPC-303,Infrared Shiatsu Neck Massager,Health & Personal Care,4,54.99,22.0,340,20,14,50
2026-06-19,SKU-HPC-303,Infrared Shiatsu Neck Massager,Health & Personal Care,2,54.99,22.0,340,20,14,50
2026-06-20,SKU-HPC-303,Infrared Shiatsu Neck Massager,Health & Personal Care,2,54.99,22.0,340,20,14,50
2026-06-21,SKU-HPC-303,Infrared Shiatsu Neck Massager,Health & Personal Care,2,54.99,22.0,340,20,14,50
2026-06-22,SKU-HPC-303,Infrared Shiatsu Neck Massager,Health & Personal Care,1,54.99,22.0,340,20,14,50
2026-06-23,SKU-HPC-303,Infrared Shiatsu Neck Massager,Health & Personal Care,1,54.99,22.0,340,20,14,50
2026-06-24,SKU-HPC-303,Infrared Shiatsu Neck Massager,Health & Personal Care,5,54.99,22.0,340,20,14,50
2026-06-25,SKU-HPC-303,Infrared Shiatsu Neck Massager,Health & Personal Care,0,54.99,22.0,340,20,14,50
2026-06-26,SKU-HPC-303,Infrared Shiatsu Neck Massager,Health & Personal Care,1,54.99,22.0,340,20,14,50
2026-06-27,SKU-HPC-303,Infrared Shiatsu Neck Massager,Health & Personal Care,0,54.99,22.0,340,20,14,50
2026-06-28,SKU-HPC-303,Infrared Shiatsu Neck Massager,Health & Personal Care,1,54.99,22.0,340,20,14,50
2026-06-29,SKU-HPC-303,Infrared Shiatsu Neck Massager,Health & Personal Care,1,54.99,22.0,340,20,14,50
2026-06-30,SKU-HPC-303,Infrared Shiatsu Neck Massager,Health & Personal Care,5,54.99,22.0,340,20,14,50
2026-07-01,SKU-HPC-303,Infrared Shiatsu Neck Massager,Health & Personal Care,2,54.99,22.0,340,20,14,50
2026-07-02,SKU-HPC-303,Infrared Shiatsu Neck Massager,Health & Personal Care,4,54.99,22.0,340,20,14,50
2026-07-03,SKU-HPC-303,Infrared Shiatsu Neck Massager,Health & Personal Care,1,54.99,22.0,340,20,14,50
2026-07-04,SKU-HPC-303,Infrared Shiatsu Neck Massager,Health & Personal Care,3,54.99,22.0,340,20,14,50
2026-07-05,SKU-HPC-303,Infrared Shiatsu Neck Massager,Health & Personal Care,0,54.99,22.0,340,20,14,50
2026-07-06,SKU-HPC-303,Infrared Shiatsu Neck Massager,Health & Personal Care,0,54.99,22.0,340,20,14,50
2026-07-07,SKU-HPC-303,Infrared Shiatsu Neck Massager,Health & Personal Care,3,54.99,22.0,340,20,14,50
2026-07-08,SKU-HPC-303,Infrared Shiatsu Neck Massager,Health & Personal Care,2,54.99,22.0,340,20,14,50
2026-07-09,SKU-HPC-303,Infrared Shiatsu Neck Massager,Health & Personal Care,0,54.99,22.0,340,20,14,50
2026-07-10,SKU-HPC-303,Infrared Shiatsu Neck Massager,Health & Personal Care,3,54.99,22.0,340,20,14,50
2026-07-11,SKU-HPC-303,Infrared Shiatsu Neck Massager,Health & Personal Care,2,54.99,22.0,340,20,14,50
2026-07-12,SKU-HPC-303,Infrared Shiatsu Neck Massager,Health & Personal Care,2,54.99,22.0,340,20,14,50
2026-07-13,SKU-HPC-303,Infrared Shiatsu Neck Massager,Health & Personal Care,2,54.99,22.0,340,20,14,50
2026-07-14,SKU-HPC-303,Infrared Shiatsu Neck Massager,Health & Personal Care,3,54.99,22.0,340,20,14,50
2026-07-15,SKU-HPC-303,Infrared Shiatsu Neck Massager,Health & Personal Care,1,54.99,22.0,340,20,14,50
2026-07-16,SKU-HPC-303,Infrared Shiatsu Neck Massager,Health & Personal Care,1,54.99,22.0,340,20,14,50
2026-07-17,SKU-HPC-303,Infrared Shiatsu Neck Massager,Health & Personal Care,4,54.99,22.0,340,20,14,50
2026-07-18,SKU-HPC-303,Infrared Shiatsu Neck Massager,Health & Personal Care,2,54.99,22.0,340,20,14,50
2026-07-19,SKU-HPC-303,Infrared Shiatsu Neck Massager,Health & Personal Care,2,54.99,22.0,340,20,14,50
2026-07-20,SKU-HPC-303,Infrared Shiatsu Neck Massager,Health & Personal Care,4,54.99,22.0,340,20,14,50
2026-07-21,SKU-HPC-303,Infrared Shiatsu Neck Massager,Health & Personal Care,1,54.99,22.0,340,20,14,50
2026-07-22,SKU-HPC-303,Infrared Shiatsu Neck Massager,Health & Personal Care,2,54.99,22.0,340,20,14,50
2026-07-23,SKU-HPC-303,Infrared Shiatsu Neck Massager,Health & Personal Care,2,54.99,22.0,340,20,14,50
2026-07-24,SKU-HPC-303,Infrared Shiatsu Neck Massager,Health & Personal Care,0,54.99,22.0,340,20,14,50
2026-07-25,SKU-HPC-303,Infrared Shiatsu Neck Massager,Health & Personal Care,2,54.99,22.0,340,20,14,50
2026-07-26,SKU-HPC-303,Infrared Shiatsu Neck Massager,Health & Personal Care,1,54.99,22.0,340,20,14,50
2026-07-27,SKU-HPC-303,Infrared Shiatsu Neck Massager,Health & Personal Care,1,54.99,22.0,340,20,14,50
2026-07-28,SKU-HPC-303,Infrared Shiatsu Neck Massager,Health & Personal Care,1,54.99,22.0,340,20,14,50
2026-07-29,SKU-HPC-303,Infrared Shiatsu Neck Massager,Health & Personal Care,2,54.99,22.0,340,20,14,50
2026-07-30,SKU-HPC-303,Infrared Shiatsu Neck Massager,Health & Personal Care,4,54.99,22.0,340,20,14,50
2026-07-31,SKU-HPC-303,Infrared Shiatsu Neck Massager,Health & Personal Care,1,54.99,22.0,340,20,14,50
2026-08-01,SKU-HPC-303,Infrared Shiatsu Neck Massager,Health & Personal Care,0,54.99,22.0,340,20,14,50
2026-08-02,SKU-HPC-303,Infrared Shiatsu Neck Massager,Health & Personal Care,2,54.99,22.0,340,20,14,50
2026-08-03,SKU-HPC-303,Infrared Shiatsu Neck Massager,Health & Personal Care,1,54.99,22.0,340,20,14,50
2026-08-04,SKU-HPC-303,Infrared Shiatsu Neck Massager,Health & Personal Care,1,54.99,22.0,340,20,14,50
2026-08-05,SKU-HPC-303,Infrared Shiatsu Neck Massager,Health & Personal Care,2,54.99,22.0,340,20,14,50
2026-08-06,SKU-HPC-303,Infrared Shiatsu Neck Massager,Health & Personal Care,0,54.99,22.0,340,20,14,50
2026-08-07,SKU-HPC-303,Infrared Shiatsu Neck Massager,Health & Personal Care,3,54.99,22.0,340,20,14,50
2026-08-08,SKU-HPC-303,Infrared Shiatsu Neck Massager,Health & Personal Care,1,54.99,22.0,340,20,14,50
2026-08-09,SKU-HPC-303,Infrared Shiatsu Neck Massager,Health & Personal Care,1,54.99,22.0,340,20,14,50
2026-08-10,SKU-HPC-303,Infrared Shiatsu Neck Massager,Health & Personal Care,2,54.99,22.0,340,20,14,50
2026-08-11,SKU-HPC-303,Infrared Shiatsu Neck Massager,Health & Personal Care,1,54.99,22.0,340,20,14,50
2026-08-12,SKU-HPC-303,Infrared Shiatsu Neck Massager,Health & Personal Care,2,54.99,22.0,340,20,14,50
2026-08-13,SKU-HPC-303,Infrared Shiatsu Neck Massager,Health & Personal Care,1,54.99,22.0,340,20,14,50
2026-08-14,SKU-HPC-303,Infrared Shiatsu Neck Massager,Health & Personal Care,0,54.99,22.0,340,20,14,50
2026-08-15,SKU-HPC-303,Infrared Shiatsu Neck Massager,Health & Personal Care,0,54.99,22.0,340,20,14,50
2026-08-16,SKU-HPC-303,Infrared Shiatsu Neck Massager,Health & Personal Care,1,54.99,22.0,340,20,14,50
2026-08-17,SKU-HPC-303,Infrared Shiatsu Neck Massager,Health & Personal Care,2,54.99,22.0,340,20,14,50
2026-08-18,SKU-HPC-303,Infrared Shiatsu Neck Massager,Health & Personal Care,2,54.99,22.0,340,20,14,50
2026-08-19,SKU-HPC-303,Infrared Shiatsu Neck Massager,Health & Personal Care,2,54.99,22.0,340,20,14,50
2026-08-20,SKU-HPC-303,Infrared Shiatsu Neck Massager,Health & Personal Care,1,54.99,22.0,340,20,14,50
2026-08-21,SKU-HPC-303,Infrared Shiatsu Neck Massager,Health & Personal Care,1,54.99,22.0,340,20,14,50
2026-08-22,SKU-HPC-303,Infrared Shiatsu Neck Massager,Health & Personal Care,1,54.99,22.0,340,20,14,50
2026-08-23,SKU-HPC-303,Infrared Shiatsu Neck Massager,Health & Personal Care,0,54.99,22.0,340,20,14,50
2026-08-24,SKU-HPC-303,Infrared Shiatsu Neck Massager,Health & Personal Care,0,54.99,22.0,340,20,14,50
2026-08-25,SKU-HPC-303,Infrared Shiatsu Neck Massager,Health & Personal Care,0,54.99,22.0,340,20,14,50
2026-08-26,SKU-HPC-303,Infrared Shiatsu Neck Massager,Health & Personal Care,1,54.99,22.0,340,20,14,50
2026-08-27,SKU-HPC-303,Infrared Shiatsu Neck Massager,Health & Personal Care,1,54.99,22.0,340,20,14,50
2026-03-01,SKU-HPC-304,Daily Multivitamin Gummies 120ct,Health & Personal Care,13,22.5,8.5,8,7,20,69
2026-03-02,SKU-HPC-304,Daily Multivitamin Gummies 120ct,Health & Personal Care,9,22.5,8.5,8,7,20,69
2026-03-03,SKU-HPC-304,Daily Multivitamin Gummies 120ct,Health & Personal Care,11,22.5,8.5,8,7,20,69
2026-03-04,SKU-HPC-304,Daily Multivitamin Gummies 120ct,Health & Personal Care,11,22.5,8.5,8,7,20,69
2026-03-05,SKU-HPC-304,Daily Multivitamin Gummies 120ct,Health & Personal Care,6,22.5,8.5,8,7,20,69
2026-03-06,SKU-HPC-304,Daily Multivitamin Gummies 120ct,Health & Personal Care,6,22.5,8.5,8,7,20,69
2026-03-07,SKU-HPC-304,Daily Multivitamin Gummies 120ct,Health & Personal Care,11,22.5,8.5,8,7,20,69
2026-03-08,SKU-HPC-304,Daily Multivitamin Gummies 120ct,Health & Personal Care,7,22.5,8.5,8,7,20,69
2026-03-09,SKU-HPC-304,Daily Multivitamin Gummies 120ct,Health & Personal Care,9,22.5,8.5,8,7,20,69
2026-03-10,SKU-HPC-304,Daily Multivitamin Gummies 120ct,Health & Personal Care,5,22.5,8.5,8,7,20,69
2026-03-11,SKU-HPC-304,Daily Multivitamin Gummies 120ct,Health & Personal Care,11,22.5,8.5,8,7,20,69
2026-03-12,SKU-HPC-304,Daily Multivitamin Gummies 120ct,Health & Personal Care,5,22.5,8.5,8,7,20,69
2026-03-13,SKU-HPC-304,Daily Multivitamin Gummies 120ct,Health & Personal Care,8,22.5,8.5,8,7,20,69
2026-03-14,SKU-HPC-304,Daily Multivitamin Gummies 120ct,Health & Personal Care,5,22.5,8.5,8,7,20,69
2026-03-15,SKU-HPC-304,Daily Multivitamin Gummies 120ct,Health & Personal Care,12,22.5,8.5,8,7,20,69
2026-03-16,SKU-HPC-304,Daily Multivitamin Gummies 120ct,Health & Personal Care,8,22.5,8.5,8,7,20,69
2026-03-17,SKU-HPC-304,Daily Multivitamin Gummies 120ct,Health & Personal Care,5,22.5,8.5,8,7,20,69
2026-03-18,SKU-HPC-304,Daily Multivitamin Gummies 120ct,Health & Personal Care,9,22.5,8.5,8,7,20,69
2026-03-19,SKU-HPC-304,Daily Multivitamin Gummies 120ct,Health & Personal Care,10,22.5,8.5,8,7,20,69
2026-03-20,SKU-HPC-304,Daily Multivitamin Gummies 120ct,Health & Personal Care,3,22.5,8.5,8,7,20,69
2026-03-21,SKU-HPC-304,Daily Multivitamin Gummies 120ct,Health & Personal Care,12,22.5,8.5,8,7,20,69
2026-03-22,SKU-HPC-304,Daily Multivitamin Gummies 120ct,Health & Personal Care,11,22.5,8.5,8,7,20,69
2026-03-23,SKU-HPC-304,Daily Multivitamin Gummies 120ct,Health & Personal Care,4,22.5,8.5,8,7,20,69
2026-03-24,SKU-HPC-304,Daily Multivitamin Gummies 120ct,Health & Personal Care,11,22.5,8.5,8,7,20,69
2026-03-25,SKU-HPC-304,Daily Multivitamin Gummies 120ct,Health & Personal Care,5,22.5,8.5,8,7,20,69
2026-03-26,SKU-HPC-304,Daily Multivitamin Gummies 120ct,Health & Personal Care,5,22.5,8.5,8,7,20,69
2026-03-27,SKU-HPC-304,Daily Multivitamin Gummies 120ct,Health & Personal Care,7,22.5,8.5,8,7,20,69
2026-03-28,SKU-HPC-304,Daily Multivitamin Gummies 120ct,Health & Personal Care,10,22.5,8.5,8,7,20,69
2026-03-29,SKU-HPC-304,Daily Multivitamin Gummies 120ct,Health & Personal Care,10,22.5,8.5,8,7,20,69
2026-03-30,SKU-HPC-304,Daily Multivitamin Gummies 120ct,Health & Personal Care,11,22.5,8.5,8,7,20,69
2026-03-31,SKU-HPC-304,Daily Multivitamin Gummies 120ct,Health & Personal Care,10,22.5,8.5,8,7,20,69
2026-04-01,SKU-HPC-304,Daily Multivitamin Gummies 120ct,Health & Personal Care,10,22.5,8.5,8,7,20,69
2026-04-02,SKU-HPC-304,Daily Multivitamin Gummies 120ct,Health & Personal Care,9,22.5,8.5,8,7,20,69
2026-04-03,SKU-HPC-304,Daily Multivitamin Gummies 120ct,Health & Personal Care,5,22.5,8.5,8,7,20,69
2026-04-04,SKU-HPC-304,Daily Multivitamin Gummies 120ct,Health & Personal Care,11,22.5,8.5,8,7,20,69
2026-04-05,SKU-HPC-304,Daily Multivitamin Gummies 120ct,Health & Personal Care,9,22.5,8.5,8,7,20,69
2026-04-06,SKU-HPC-304,Daily Multivitamin Gummies 120ct,Health & Personal Care,7,22.5,8.5,8,7,20,69
2026-04-07,SKU-HPC-304,Daily Multivitamin Gummies 120ct,Health & Personal Care,8,22.5,8.5,8,7,20,69
2026-04-08,SKU-HPC-304,Daily Multivitamin Gummies 120ct,Health & Personal Care,7,22.5,8.5,8,7,20,69
2026-04-09,SKU-HPC-304,Daily Multivitamin Gummies 120ct,Health & Personal Care,11,22.5,8.5,8,7,20,69
2026-04-10,SKU-HPC-304,Daily Multivitamin Gummies 120ct,Health & Personal Care,10,22.5,8.5,8,7,20,69
2026-04-11,SKU-HPC-304,Daily Multivitamin Gummies 120ct,Health & Personal Care,10,22.5,8.5,8,7,20,69
2026-04-12,SKU-HPC-304,Daily Multivitamin Gummies 120ct,Health & Personal Care,12,22.5,8.5,8,7,20,69
2026-04-13,SKU-HPC-304,Daily Multivitamin Gummies 120ct,Health & Personal Care,2,22.5,8.5,8,7,20,69
2026-04-14,SKU-HPC-304,Daily Multivitamin Gummies 120ct,Health & Personal Care,5,22.5,8.5,8,7,20,69
2026-04-15,SKU-HPC-304,Daily Multivitamin Gummies 120ct,Health & Personal Care,9,22.5,8.5,8,7,20,69
2026-04-16,SKU-HPC-304,Daily Multivitamin Gummies 120ct,Health & Personal Care,9,22.5,8.5,8,7,20,69
2026-04-17,SKU-HPC-304,Daily Multivitamin Gummies 120ct,Health & Personal Care,4,22.5,8.5,8,7,20,69
2026-04-18,SKU-HPC-304,Daily Multivitamin Gummies 120ct,Health & Personal Care,17,22.5,8.5,8,7,20,69
2026-04-19,SKU-HPC-304,Daily Multivitamin Gummies 120ct,Health & Personal Care,13,22.5,8.5,8,7,20,69
2026-04-20,SKU-HPC-304,Daily Multivitamin Gummies 120ct,Health & Personal Care,7,22.5,8.5,8,7,20,69
2026-04-21,SKU-HPC-304,Daily Multivitamin Gummies 120ct,Health & Personal Care,7,22.5,8.5,8,7,20,69
2026-04-22,SKU-HPC-304,Daily Multivitamin Gummies 120ct,Health & Personal Care,3,22.5,8.5,8,7,20,69
2026-04-23,SKU-HPC-304,Daily Multivitamin Gummies 120ct,Health & Personal Care,7,22.5,8.5,8,7,20,69
2026-04-24,SKU-HPC-304,Daily Multivitamin Gummies 120ct,Health & Personal Care,8,22.5,8.5,8,7,20,69
2026-04-25,SKU-HPC-304,Daily Multivitamin Gummies 120ct,Health & Personal Care,9,22.5,8.5,8,7,20,69
2026-04-26,SKU-HPC-304,Daily Multivitamin Gummies 120ct,Health & Personal Care,13,22.5,8.5,8,7,20,69
2026-04-27,SKU-HPC-304,Daily Multivitamin Gummies 120ct,Health & Personal Care,13,22.5,8.5,8,7,20,69
2026-04-28,SKU-HPC-304,Daily Multivitamin Gummies 120ct,Health & Personal Care,8,22.5,8.5,8,7,20,69
2026-04-29,SKU-HPC-304,Daily Multivitamin Gummies 120ct,Health & Personal Care,13,22.5,8.5,8,7,20,69
2026-04-30,SKU-HPC-304,Daily Multivitamin Gummies 120ct,Health & Personal Care,8,22.5,8.5,8,7,20,69
2026-05-01,SKU-HPC-304,Daily Multivitamin Gummies 120ct,Health & Personal Care,7,22.5,8.5,8,7,20,69
2026-05-02,SKU-HPC-304,Daily Multivitamin Gummies 120ct,Health & Personal Care,10,22.5,8.5,8,7,20,69
2026-05-03,SKU-HPC-304,Daily Multivitamin Gummies 120ct,Health & Personal Care,10,22.5,8.5,8,7,20,69
2026-05-04,SKU-HPC-304,Daily Multivitamin Gummies 120ct,Health & Personal Care,9,22.5,8.5,8,7,20,69
2026-05-05,SKU-HPC-304,Daily Multivitamin Gummies 120ct,Health & Personal Care,7,22.5,8.5,8,7,20,69
2026-05-06,SKU-HPC-304,Daily Multivitamin Gummies 120ct,Health & Personal Care,8,22.5,8.5,8,7,20,69
2026-05-07,SKU-HPC-304,Daily Multivitamin Gummies 120ct,Health & Personal Care,4,22.5,8.5,8,7,20,69
2026-05-08,SKU-HPC-304,Daily Multivitamin Gummies 120ct,Health & Personal Care,11,22.5,8.5,8,7,20,69
2026-05-09,SKU-HPC-304,Daily Multivitamin Gummies 120ct,Health & Personal Care,6,22.5,8.5,8,7,20,69
2026-05-10,SKU-HPC-304,Daily Multivitamin Gummies 120ct,Health & Personal Care,6,22.5,8.5,8,7,20,69
2026-05-11,SKU-HPC-304,Daily Multivitamin Gummies 120ct,Health & Personal Care,6,22.5,8.5,8,7,20,69
2026-05-12,SKU-HPC-304,Daily Multivitamin Gummies 120ct,Health & Personal Care,7,22.5,8.5,8,7,20,69
2026-05-13,SKU-HPC-304,Daily Multivitamin Gummies 120ct,Health & Personal Care,9,22.5,8.5,8,7,20,69
2026-05-14,SKU-HPC-304,Daily Multivitamin Gummies 120ct,Health & Personal Care,13,22.5,8.5,8,7,20,69
2026-05-15,SKU-HPC-304,Daily Multivitamin Gummies 120ct,Health & Personal Care,10,22.5,8.5,8,7,20,69
2026-05-16,SKU-HPC-304,Daily Multivitamin Gummies 120ct,Health & Personal Care,14,22.5,8.5,8,7,20,69
2026-05-17,SKU-HPC-304,Daily Multivitamin Gummies 120ct,Health & Personal Care,11,22.5,8.5,8,7,20,69
2026-05-18,SKU-HPC-304,Daily Multivitamin Gummies 120ct,Health & Personal Care,10,22.5,8.5,8,7,20,69
2026-05-19,SKU-HPC-304,Daily Multivitamin Gummies 120ct,Health & Personal Care,7,22.5,8.5,8,7,20,69
2026-05-20,SKU-HPC-304,Daily Multivitamin Gummies 120ct,Health & Personal Care,12,22.5,8.5,8,7,20,69
2026-05-21,SKU-HPC-304,Daily Multivitamin Gummies 120ct,Health & Personal Care,9,22.5,8.5,8,7,20,69
2026-05-22,SKU-HPC-304,Daily Multivitamin Gummies 120ct,Health & Personal Care,5,22.5,8.5,8,7,20,69
2026-05-23,SKU-HPC-304,Daily Multivitamin Gummies 120ct,Health & Personal Care,5,22.5,8.5,8,7,20,69
2026-05-24,SKU-HPC-304,Daily Multivitamin Gummies 120ct,Health & Personal Care,9,22.5,8.5,8,7,20,69
2026-05-25,SKU-HPC-304,Daily Multivitamin Gummies 120ct,Health & Personal Care,9,22.5,8.5,8,7,20,69
2026-05-26,SKU-HPC-304,Daily Multivitamin Gummies 120ct,Health & Personal Care,5,22.5,8.5,8,7,20,69
2026-05-27,SKU-HPC-304,Daily Multivitamin Gummies 120ct,Health & Personal Care,11,22.5,8.5,8,7,20,69
2026-05-28,SKU-HPC-304,Daily Multivitamin Gummies 120ct,Health & Personal Care,5,22.5,8.5,8,7,20,69
2026-05-29,SKU-HPC-304,Daily Multivitamin Gummies 120ct,Health & Personal Care,4,22.5,8.5,8,7,20,69
2026-05-30,SKU-HPC-304,Daily Multivitamin Gummies 120ct,Health & Personal Care,11,22.5,8.5,8,7,20,69
2026-05-31,SKU-HPC-304,Daily Multivitamin Gummies 120ct,Health & Personal Care,8,22.5,8.5,8,7,20,69
2026-06-01,SKU-HPC-304,Daily Multivitamin Gummies 120ct,Health & Personal Care,6,22.5,8.5,8,7,20,69
2026-06-02,SKU-HPC-304,Daily Multivitamin Gummies 120ct,Health & Personal Care,8,22.5,8.5,8,7,20,69
2026-06-03,SKU-HPC-304,Daily Multivitamin Gummies 120ct,Health & Personal Care,7,22.5,8.5,8,7,20,69
2026-06-04,SKU-HPC-304,Daily Multivitamin Gummies 120ct,Health & Personal Care,13,22.5,8.5,8,7,20,69
2026-06-05,SKU-HPC-304,Daily Multivitamin Gummies 120ct,Health & Personal Care,9,22.5,8.5,8,7,20,69
2026-06-06,SKU-HPC-304,Daily Multivitamin Gummies 120ct,Health & Personal Care,7,22.5,8.5,8,7,20,69
2026-06-07,SKU-HPC-304,Daily Multivitamin Gummies 120ct,Health & Personal Care,15,22.5,8.5,8,7,20,69
2026-06-08,SKU-HPC-304,Daily Multivitamin Gummies 120ct,Health & Personal Care,13,22.5,8.5,8,7,20,69
2026-06-09,SKU-HPC-304,Daily Multivitamin Gummies 120ct,Health & Personal Care,10,22.5,8.5,8,7,20,69
2026-06-10,SKU-HPC-304,Daily Multivitamin Gummies 120ct,Health & Personal Care,10,22.5,8.5,8,7,20,69
2026-06-11,SKU-HPC-304,Daily Multivitamin Gummies 120ct,Health & Personal Care,7,22.5,8.5,8,7,20,69
2026-06-12,SKU-HPC-304,Daily Multivitamin Gummies 120ct,Health & Personal Care,12,22.5,8.5,8,7,20,69
2026-06-13,SKU-HPC-304,Daily Multivitamin Gummies 120ct,Health & Personal Care,12,22.5,8.5,8,7,20,69
2026-06-14,SKU-HPC-304,Daily Multivitamin Gummies 120ct,Health & Personal Care,6,22.5,8.5,8,7,20,69
2026-06-15,SKU-HPC-304,Daily Multivitamin Gummies 120ct,Health & Personal Care,7,22.5,8.5,8,7,20,69
2026-06-16,SKU-HPC-304,Daily Multivitamin Gummies 120ct,Health & Personal Care,6,22.5,8.5,8,7,20,69
2026-06-17,SKU-HPC-304,Daily Multivitamin Gummies 120ct,Health & Personal Care,10,22.5,8.5,8,7,20,69
2026-06-18,SKU-HPC-304,Daily Multivitamin Gummies 120ct,Health & Personal Care,10,22.5,8.5,8,7,20,69
2026-06-19,SKU-HPC-304,Daily Multivitamin Gummies 120ct,Health & Personal Care,9,22.5,8.5,8,7,20,69
2026-06-20,SKU-HPC-304,Daily Multivitamin Gummies 120ct,Health & Personal Care,19,22.5,8.5,8,7,20,69
2026-06-21,SKU-HPC-304,Daily Multivitamin Gummies 120ct,Health & Personal Care,9,22.5,8.5,8,7,20,69
2026-06-22,SKU-HPC-304,Daily Multivitamin Gummies 120ct,Health & Personal Care,12,22.5,8.5,8,7,20,69
2026-06-23,SKU-HPC-304,Daily Multivitamin Gummies 120ct,Health & Personal Care,5,22.5,8.5,8,7,20,69
2026-06-24,SKU-HPC-304,Daily Multivitamin Gummies 120ct,Health & Personal Care,12,22.5,8.5,8,7,20,69
2026-06-25,SKU-HPC-304,Daily Multivitamin Gummies 120ct,Health & Personal Care,7,22.5,8.5,8,7,20,69
2026-06-26,SKU-HPC-304,Daily Multivitamin Gummies 120ct,Health & Personal Care,7,22.5,8.5,8,7,20,69
2026-06-27,SKU-HPC-304,Daily Multivitamin Gummies 120ct,Health & Personal Care,14,22.5,8.5,8,7,20,69
2026-06-28,SKU-HPC-304,Daily Multivitamin Gummies 120ct,Health & Personal Care,19,22.5,8.5,8,7,20,69
2026-06-29,SKU-HPC-304,Daily Multivitamin Gummies 120ct,Health & Personal Care,13,22.5,8.5,8,7,20,69
2026-06-30,SKU-HPC-304,Daily Multivitamin Gummies 120ct,Health & Personal Care,10,22.5,8.5,8,7,20,69
2026-07-01,SKU-HPC-304,Daily Multivitamin Gummies 120ct,Health & Personal Care,7,22.5,8.5,8,7,20,69
2026-07-02,SKU-HPC-304,Daily Multivitamin Gummies 120ct,Health & Personal Care,5,22.5,8.5,8,7,20,69
2026-07-03,SKU-HPC-304,Daily Multivitamin Gummies 120ct,Health & Personal Care,12,22.5,8.5,8,7,20,69
2026-07-04,SKU-HPC-304,Daily Multivitamin Gummies 120ct,Health & Personal Care,8,22.5,8.5,8,7,20,69
2026-07-05,SKU-HPC-304,Daily Multivitamin Gummies 120ct,Health & Personal Care,11,22.5,8.5,8,7,20,69
2026-07-06,SKU-HPC-304,Daily Multivitamin Gummies 120ct,Health & Personal Care,6,22.5,8.5,8,7,20,69
2026-07-07,SKU-HPC-304,Daily Multivitamin Gummies 120ct,Health & Personal Care,6,22.5,8.5,8,7,20,69
2026-07-08,SKU-HPC-304,Daily Multivitamin Gummies 120ct,Health & Personal Care,11,22.5,8.5,8,7,20,69
2026-07-09,SKU-HPC-304,Daily Multivitamin Gummies 120ct,Health & Personal Care,8,22.5,8.5,8,7,20,69
2026-07-10,SKU-HPC-304,Daily Multivitamin Gummies 120ct,Health & Personal Care,7,22.5,8.5,8,7,20,69
2026-07-11,SKU-HPC-304,Daily Multivitamin Gummies 120ct,Health & Personal Care,12,22.5,8.5,8,7,20,69
2026-07-12,SKU-HPC-304,Daily Multivitamin Gummies 120ct,Health & Personal Care,15,22.5,8.5,8,7,20,69
2026-07-13,SKU-HPC-304,Daily Multivitamin Gummies 120ct,Health & Personal Care,9,22.5,8.5,8,7,20,69
2026-07-14,SKU-HPC-304,Daily Multivitamin Gummies 120ct,Health & Personal Care,14,22.5,8.5,8,7,20,69
2026-07-15,SKU-HPC-304,Daily Multivitamin Gummies 120ct,Health & Personal Care,6,22.5,8.5,8,7,20,69
2026-07-16,SKU-HPC-304,Daily Multivitamin Gummies 120ct,Health & Personal Care,8,22.5,8.5,8,7,20,69
2026-07-17,SKU-HPC-304,Daily Multivitamin Gummies 120ct,Health & Personal Care,10,22.5,8.5,8,7,20,69
2026-07-18,SKU-HPC-304,Daily Multivitamin Gummies 120ct,Health & Personal Care,8,22.5,8.5,8,7,20,69
2026-07-19,SKU-HPC-304,Daily Multivitamin Gummies 120ct,Health & Personal Care,16,22.5,8.5,8,7,20,69
2026-07-20,SKU-HPC-304,Daily Multivitamin Gummies 120ct,Health & Personal Care,7,22.5,8.5,8,7,20,69
2026-07-21,SKU-HPC-304,Daily Multivitamin Gummies 120ct,Health & Personal Care,14,22.5,8.5,8,7,20,69
2026-07-22,SKU-HPC-304,Daily Multivitamin Gummies 120ct,Health & Personal Care,13,22.5,8.5,8,7,20,69
2026-07-23,SKU-HPC-304,Daily Multivitamin Gummies 120ct,Health & Personal Care,8,22.5,8.5,8,7,20,69
2026-07-24,SKU-HPC-304,Daily Multivitamin Gummies 120ct,Health & Personal Care,13,22.5,8.5,8,7,20,69
2026-07-25,SKU-HPC-304,Daily Multivitamin Gummies 120ct,Health & Personal Care,14,22.5,8.5,8,7,20,69
2026-07-26,SKU-HPC-304,Daily Multivitamin Gummies 120ct,Health & Personal Care,14,22.5,8.5,8,7,20,69
2026-07-27,SKU-HPC-304,Daily Multivitamin Gummies 120ct,Health & Personal Care,7,22.5,8.5,8,7,20,69
2026-07-28,SKU-HPC-304,Daily Multivitamin Gummies 120ct,Health & Personal Care,5,22.5,8.5,8,7,20,69
2026-07-29,SKU-HPC-304,Daily Multivitamin Gummies 120ct,Health & Personal Care,10,22.5,8.5,8,7,20,69
2026-07-30,SKU-HPC-304,Daily Multivitamin Gummies 120ct,Health & Personal Care,11,22.5,8.5,8,7,20,69
2026-07-31,SKU-HPC-304,Daily Multivitamin Gummies 120ct,Health & Personal Care,7,22.5,8.5,8,7,20,69
2026-08-01,SKU-HPC-304,Daily Multivitamin Gummies 120ct,Health & Personal Care,10,22.5,8.5,8,7,20,69
2026-08-02,SKU-HPC-304,Daily Multivitamin Gummies 120ct,Health & Personal Care,12,22.5,8.5,8,7,20,69
2026-08-03,SKU-HPC-304,Daily Multivitamin Gummies 120ct,Health & Personal Care,16,22.5,8.5,8,7,20,69
2026-08-04,SKU-HPC-304,Daily Multivitamin Gummies 120ct,Health & Personal Care,13,22.5,8.5,8,7,20,69
2026-08-05,SKU-HPC-304,Daily Multivitamin Gummies 120ct,Health & Personal Care,9,22.5,8.5,8,7,20,69
2026-08-06,SKU-HPC-304,Daily Multivitamin Gummies 120ct,Health & Personal Care,12,22.5,8.5,8,7,20,69
2026-08-07,SKU-HPC-304,Daily Multivitamin Gummies 120ct,Health & Personal Care,13,22.5,8.5,8,7,20,69
2026-08-08,SKU-HPC-304,Daily Multivitamin Gummies 120ct,Health & Personal Care,10,22.5,8.5,8,7,20,69
2026-08-09,SKU-HPC-304,Daily Multivitamin Gummies 120ct,Health & Personal Care,13,,8.5,8,7,20,69
2026-08-10,SKU-HPC-304,Daily Multivitamin Gummies 120ct,Health & Personal Care,13,22.5,8.5,8,7,20,69
2026-08-11,SKU-HPC-304,Daily Multivitamin Gummies 120ct,Health & Personal Care,11,22.5,8.5,8,7,20,69
2026-08-12,SKU-HPC-304,Daily Multivitamin Gummies 120ct,Health & Personal Care,8,22.5,8.5,8,7,20,69
2026-08-13,SKU-HPC-304,Daily Multivitamin Gummies 120ct,Health & Personal Care,11,22.5,8.5,8,7,20,69
2026-08-14,SKU-HPC-304,Daily Multivitamin Gummies 120ct,Health & Personal Care,9,22.5,8.5,8,7,20,69
2026-08-15,SKU-HPC-304,Daily Multivitamin Gummies 120ct,Health & Personal Care,11,22.5,8.5,8,7,20,69
2026-08-16,SKU-HPC-304,Daily Multivitamin Gummies 120ct,Health & Personal Care,15,22.5,8.5,8,7,20,69
2026-08-17,SKU-HPC-304,Daily Multivitamin Gummies 120ct,Health & Personal Care,10,22.5,8.5,8,7,20,69
2026-08-18,SKU-HPC-304,Daily Multivitamin Gummies 120ct,Health & Personal Care,12,22.5,8.5,8,7,20,69
2026-08-19,SKU-HPC-304,Daily Multivitamin Gummies 120ct,Health & Personal Care,11,22.5,8.5,8,7,20,69
2026-08-20,SKU-HPC-304,Daily Multivitamin Gummies 120ct,Health & Personal Care,12,22.5,8.5,8,7,20,69
2026-08-21,SKU-HPC-304,Daily Multivitamin Gummies 120ct,Health & Personal Care,9,22.5,8.5,8,7,20,69
2026-08-22,SKU-HPC-304,Daily Multivitamin Gummies 120ct,Health & Personal Care,20,22.5,8.5,8,7,20,69
2026-08-23,SKU-HPC-304,Daily Multivitamin Gummies 120ct,Health & Personal Care,20,22.5,8.5,8,7,20,69
2026-08-24,SKU-HPC-304,Daily Multivitamin Gummies 120ct,Health & Personal Care,12,22.5,8.5,8,7,20,69
2026-08-25,SKU-HPC-304,Daily Multivitamin Gummies 120ct,Health & Personal Care,9,22.5,8.5,8,7,20,69
2026-08-26,SKU-HPC-304,Daily Multivitamin Gummies 120ct,Health & Personal Care,12,22.5,8.5,8,7,20,69
2026-08-27,SKU-HPC-304,Daily Multivitamin Gummies 120ct,Health & Personal Care,11,22.5,8.5,8,7,20,69
2026-03-01,SKU-HPC-305,Aromatherapy Ultrasonic Diffuser,Health & Personal Care,0,32.99,13.5,180,18,3,10
2026-03-02,SKU-HPC-305,Aromatherapy Ultrasonic Diffuser,Health & Personal Care,0,32.99,13.5,180,18,3,10
2026-03-03,SKU-HPC-305,Aromatherapy Ultrasonic Diffuser,Health & Personal Care,0,32.99,13.5,180,18,3,10
2026-03-04,SKU-HPC-305,Aromatherapy Ultrasonic Diffuser,Health & Personal Care,0,32.99,13.5,180,18,3,10
2026-03-05,SKU-HPC-305,Aromatherapy Ultrasonic Diffuser,Health & Personal Care,0,32.99,13.5,180,18,3,10
2026-03-06,SKU-HPC-305,Aromatherapy Ultrasonic Diffuser,Health & Personal Care,0,32.99,13.5,180,18,3,10
2026-03-07,SKU-HPC-305,Aromatherapy Ultrasonic Diffuser,Health & Personal Care,0,32.99,13.5,180,18,3,10
2026-03-08,SKU-HPC-305,Aromatherapy Ultrasonic Diffuser,Health & Personal Care,0,32.99,13.5,180,18,3,10
2026-03-09,SKU-HPC-305,Aromatherapy Ultrasonic Diffuser,Health & Personal Care,0,32.99,13.5,180,18,3,10
2026-03-10,SKU-HPC-305,Aromatherapy Ultrasonic Diffuser,Health & Personal Care,0,32.99,13.5,180,18,3,10
2026-03-11,SKU-HPC-305,Aromatherapy Ultrasonic Diffuser,Health & Personal Care,1,32.99,13.5,180,18,3,10
2026-03-12,SKU-HPC-305,Aromatherapy Ultrasonic Diffuser,Health & Personal Care,0,32.99,13.5,180,18,3,10
2026-03-13,SKU-HPC-305,Aromatherapy Ultrasonic Diffuser,Health & Personal Care,0,32.99,13.5,180,18,3,10
2026-03-14,SKU-HPC-305,Aromatherapy Ultrasonic Diffuser,Health & Personal Care,0,32.99,13.5,180,18,3,10
2026-03-15,SKU-HPC-305,Aromatherapy Ultrasonic Diffuser,Health & Personal Care,0,32.99,13.5,180,18,3,10
2026-03-16,SKU-HPC-305,Aromatherapy Ultrasonic Diffuser,Health & Personal Care,0,32.99,13.5,180,18,3,10
2026-03-17,SKU-HPC-305,Aromatherapy Ultrasonic Diffuser,Health & Personal Care,0,32.99,13.5,180,18,3,10
2026-03-18,SKU-HPC-305,Aromatherapy Ultrasonic Diffuser,Health & Personal Care,0,32.99,13.5,180,18,3,10
2026-03-19,SKU-HPC-305,Aromatherapy Ultrasonic Diffuser,Health & Personal Care,0,32.99,13.5,180,18,3,10
2026-03-20,SKU-HPC-305,Aromatherapy Ultrasonic Diffuser,Health & Personal Care,0,32.99,13.5,180,18,3,10
2026-03-21,SKU-HPC-305,Aromatherapy Ultrasonic Diffuser,Health & Personal Care,0,32.99,13.5,180,18,3,10
2026-03-22,SKU-HPC-305,Aromatherapy Ultrasonic Diffuser,Health & Personal Care,0,32.99,13.5,180,18,3,10
2026-03-23,SKU-HPC-305,Aromatherapy Ultrasonic Diffuser,Health & Personal Care,0,32.99,13.5,180,18,3,10
2026-03-24,SKU-HPC-305,Aromatherapy Ultrasonic Diffuser,Health & Personal Care,0,32.99,13.5,180,18,3,10
2026-03-25,SKU-HPC-305,Aromatherapy Ultrasonic Diffuser,Health & Personal Care,0,32.99,13.5,180,18,3,10
2026-03-26,SKU-HPC-305,Aromatherapy Ultrasonic Diffuser,Health & Personal Care,1,32.99,13.5,180,18,3,10
2026-03-27,SKU-HPC-305,Aromatherapy Ultrasonic Diffuser,Health & Personal Care,0,32.99,13.5,180,18,3,10
2026-03-28,SKU-HPC-305,Aromatherapy Ultrasonic Diffuser,Health & Personal Care,1,32.99,13.5,180,18,3,10
2026-03-29,SKU-HPC-305,Aromatherapy Ultrasonic Diffuser,Health & Personal Care,0,32.99,13.5,180,18,3,10
2026-03-30,SKU-HPC-305,Aromatherapy Ultrasonic Diffuser,Health & Personal Care,1,32.99,13.5,180,18,3,10
2026-03-31,SKU-HPC-305,Aromatherapy Ultrasonic Diffuser,Health & Personal Care,1,32.99,13.5,180,18,3,10
2026-04-01,SKU-HPC-305,Aromatherapy Ultrasonic Diffuser,Health & Personal Care,0,32.99,13.5,180,18,3,10
2026-04-02,SKU-HPC-305,Aromatherapy Ultrasonic Diffuser,Health & Personal Care,0,32.99,13.5,180,18,3,10
2026-04-03,SKU-HPC-305,Aromatherapy Ultrasonic Diffuser,Health & Personal Care,0,32.99,13.5,180,18,3,10
2026-04-04,SKU-HPC-305,Aromatherapy Ultrasonic Diffuser,Health & Personal Care,0,32.99,13.5,180,18,3,10
2026-04-05,SKU-HPC-305,Aromatherapy Ultrasonic Diffuser,Health & Personal Care,3,32.99,13.5,180,18,3,10
2026-04-06,SKU-HPC-305,Aromatherapy Ultrasonic Diffuser,Health & Personal Care,0,32.99,13.5,180,18,3,10
2026-04-07,SKU-HPC-305,Aromatherapy Ultrasonic Diffuser,Health & Personal Care,0,32.99,13.5,180,18,3,10
2026-04-08,SKU-HPC-305,Aromatherapy Ultrasonic Diffuser,Health & Personal Care,0,32.99,13.5,180,18,3,10
2026-04-09,SKU-HPC-305,Aromatherapy Ultrasonic Diffuser,Health & Personal Care,0,32.99,13.5,180,18,3,10
2026-04-10,SKU-HPC-305,Aromatherapy Ultrasonic Diffuser,Health & Personal Care,0,32.99,13.5,180,18,3,10
2026-04-11,SKU-HPC-305,Aromatherapy Ultrasonic Diffuser,Health & Personal Care,3,32.99,13.5,180,18,3,10
2026-04-12,SKU-HPC-305,Aromatherapy Ultrasonic Diffuser,Health & Personal Care,0,32.99,13.5,180,18,3,10
2026-04-13,SKU-HPC-305,Aromatherapy Ultrasonic Diffuser,Health & Personal Care,0,32.99,13.5,180,18,3,10
2026-04-14,SKU-HPC-305,Aromatherapy Ultrasonic Diffuser,Health & Personal Care,1,32.99,13.5,180,18,3,10
2026-04-15,SKU-HPC-305,Aromatherapy Ultrasonic Diffuser,Health & Personal Care,0,32.99,13.5,180,18,3,10
2026-04-16,SKU-HPC-305,Aromatherapy Ultrasonic Diffuser,Health & Personal Care,0,32.99,13.5,180,18,3,10
2026-04-17,SKU-HPC-305,Aromatherapy Ultrasonic Diffuser,Health & Personal Care,0,32.99,13.5,180,18,3,10
2026-04-18,SKU-HPC-305,Aromatherapy Ultrasonic Diffuser,Health & Personal Care,0,32.99,13.5,180,18,3,10
2026-04-19,SKU-HPC-305,Aromatherapy Ultrasonic Diffuser,Health & Personal Care,0,32.99,13.5,180,18,3,10
2026-04-20,SKU-HPC-305,Aromatherapy Ultrasonic Diffuser,Health & Personal Care,1,32.99,13.5,180,18,3,10
2026-04-21,SKU-HPC-305,Aromatherapy Ultrasonic Diffuser,Health & Personal Care,0,32.99,13.5,180,18,3,10
2026-04-22,SKU-HPC-305,Aromatherapy Ultrasonic Diffuser,Health & Personal Care,0,32.99,13.5,180,18,3,10
2026-04-23,SKU-HPC-305,Aromatherapy Ultrasonic Diffuser,Health & Personal Care,1,32.99,13.5,180,18,3,10
2026-04-24,SKU-HPC-305,Aromatherapy Ultrasonic Diffuser,Health & Personal Care,0,32.99,13.5,180,18,3,10
2026-04-25,SKU-HPC-305,Aromatherapy Ultrasonic Diffuser,Health & Personal Care,1,32.99,13.5,180,18,3,10
2026-04-26,SKU-HPC-305,Aromatherapy Ultrasonic Diffuser,Health & Personal Care,1,32.99,13.5,180,18,3,10
2026-04-27,SKU-HPC-305,Aromatherapy Ultrasonic Diffuser,Health & Personal Care,0,32.99,13.5,180,18,3,10
2026-04-28,SKU-HPC-305,Aromatherapy Ultrasonic Diffuser,Health & Personal Care,0,32.99,13.5,180,18,3,10
2026-04-29,SKU-HPC-305,Aromatherapy Ultrasonic Diffuser,Health & Personal Care,1,32.99,13.5,180,18,3,10
2026-04-30,SKU-HPC-305,Aromatherapy Ultrasonic Diffuser,Health & Personal Care,0,32.99,13.5,180,18,3,10
2026-05-01,SKU-HPC-305,Aromatherapy Ultrasonic Diffuser,Health & Personal Care,0,32.99,13.5,180,18,3,10
2026-05-02,SKU-HPC-305,Aromatherapy Ultrasonic Diffuser,Health & Personal Care,0,32.99,13.5,180,18,3,10
2026-05-03,SKU-HPC-305,Aromatherapy Ultrasonic Diffuser,Health & Personal Care,1,32.99,13.5,180,18,3,10
2026-05-04,SKU-HPC-305,Aromatherapy Ultrasonic Diffuser,Health & Personal Care,0,32.99,13.5,180,18,3,10
2026-05-05,SKU-HPC-305,Aromatherapy Ultrasonic Diffuser,Health & Personal Care,0,32.99,13.5,180,18,3,10
2026-05-06,SKU-HPC-305,Aromatherapy Ultrasonic Diffuser,Health & Personal Care,0,32.99,13.5,180,18,3,10
2026-05-07,SKU-HPC-305,Aromatherapy Ultrasonic Diffuser,Health & Personal Care,0,32.99,13.5,180,18,3,10
2026-05-08,SKU-HPC-305,Aromatherapy Ultrasonic Diffuser,Health & Personal Care,0,32.99,13.5,180,18,3,10
2026-05-09,SKU-HPC-305,Aromatherapy Ultrasonic Diffuser,Health & Personal Care,0,32.99,13.5,180,18,3,10
2026-05-10,SKU-HPC-305,Aromatherapy Ultrasonic Diffuser,Health & Personal Care,1,32.99,13.5,180,18,3,10
2026-05-11,SKU-HPC-305,Aromatherapy Ultrasonic Diffuser,Health & Personal Care,0,32.99,13.5,180,18,3,10
2026-05-12,SKU-HPC-305,Aromatherapy Ultrasonic Diffuser,Health & Personal Care,0,32.99,13.5,180,18,3,10
2026-05-13,SKU-HPC-305,Aromatherapy Ultrasonic Diffuser,Health & Personal Care,0,32.99,13.5,180,18,3,10
2026-05-14,SKU-HPC-305,Aromatherapy Ultrasonic Diffuser,Health & Personal Care,0,32.99,13.5,180,18,3,10
2026-05-15,SKU-HPC-305,Aromatherapy Ultrasonic Diffuser,Health & Personal Care,0,32.99,13.5,180,18,3,10
2026-05-16,SKU-HPC-305,Aromatherapy Ultrasonic Diffuser,Health & Personal Care,0,32.99,13.5,180,18,3,10
2026-05-17,SKU-HPC-305,Aromatherapy Ultrasonic Diffuser,Health & Personal Care,0,32.99,13.5,180,18,3,10
2026-05-18,SKU-HPC-305,Aromatherapy Ultrasonic Diffuser,Health & Personal Care,2,32.99,13.5,180,18,3,10
2026-05-19,SKU-HPC-305,Aromatherapy Ultrasonic Diffuser,Health & Personal Care,0,32.99,13.5,180,18,3,10
2026-05-20,SKU-HPC-305,Aromatherapy Ultrasonic Diffuser,Health & Personal Care,0,32.99,13.5,180,18,3,10
2026-05-21,SKU-HPC-305,Aromatherapy Ultrasonic Diffuser,Health & Personal Care,0,32.99,13.5,180,18,3,10
2026-05-22,SKU-HPC-305,Aromatherapy Ultrasonic Diffuser,Health & Personal Care,0,32.99,13.5,180,18,3,10
2026-05-23,SKU-HPC-305,Aromatherapy Ultrasonic Diffuser,Health & Personal Care,0,32.99,13.5,180,18,3,10
2026-05-24,SKU-HPC-305,Aromatherapy Ultrasonic Diffuser,Health & Personal Care,0,32.99,13.5,180,18,3,10
2026-05-25,SKU-HPC-305,Aromatherapy Ultrasonic Diffuser,Health & Personal Care,1,32.99,13.5,180,18,3,10
2026-05-26,SKU-HPC-305,Aromatherapy Ultrasonic Diffuser,Health & Personal Care,0,32.99,13.5,180,18,3,10
2026-05-27,SKU-HPC-305,Aromatherapy Ultrasonic Diffuser,Health & Personal Care,0,32.99,13.5,180,18,3,10
2026-05-28,SKU-HPC-305,Aromatherapy Ultrasonic Diffuser,Health & Personal Care,0,32.99,13.5,180,18,3,10
2026-05-29,SKU-HPC-305,Aromatherapy Ultrasonic Diffuser,Health & Personal Care,0,32.99,13.5,180,18,3,10
2026-05-30,SKU-HPC-305,Aromatherapy Ultrasonic Diffuser,Health & Personal Care,1,32.99,13.5,180,18,3,10
2026-05-31,SKU-HPC-305,Aromatherapy Ultrasonic Diffuser,Health & Personal Care,0,32.99,13.5,180,18,3,10
2026-06-01,SKU-HPC-305,Aromatherapy Ultrasonic Diffuser,Health & Personal Care,0,32.99,13.5,180,18,3,10
2026-06-02,SKU-HPC-305,Aromatherapy Ultrasonic Diffuser,Health & Personal Care,0,32.99,13.5,180,18,3,10
2026-06-03,SKU-HPC-305,Aromatherapy Ultrasonic Diffuser,Health & Personal Care,0,32.99,13.5,180,18,3,10
2026-06-04,SKU-HPC-305,Aromatherapy Ultrasonic Diffuser,Health & Personal Care,0,32.99,13.5,180,18,3,10
2026-06-05,SKU-HPC-305,Aromatherapy Ultrasonic Diffuser,Health & Personal Care,0,,13.5,180,18,3,10
2026-06-06,SKU-HPC-305,Aromatherapy Ultrasonic Diffuser,Health & Personal Care,0,32.99,13.5,180,18,3,10
2026-06-07,SKU-HPC-305,Aromatherapy Ultrasonic Diffuser,Health & Personal Care,0,32.99,13.5,180,18,3,10
2026-06-08,SKU-HPC-305,Aromatherapy Ultrasonic Diffuser,Health & Personal Care,0,32.99,13.5,180,18,3,10
2026-06-09,SKU-HPC-305,Aromatherapy Ultrasonic Diffuser,Health & Personal Care,0,32.99,13.5,180,18,3,10
2026-06-10,SKU-HPC-305,Aromatherapy Ultrasonic Diffuser,Health & Personal Care,0,32.99,13.5,180,18,3,10
2026-06-11,SKU-HPC-305,Aromatherapy Ultrasonic Diffuser,Health & Personal Care,0,32.99,13.5,180,18,3,10
2026-06-12,SKU-HPC-305,Aromatherapy Ultrasonic Diffuser,Health & Personal Care,0,32.99,13.5,180,18,3,10
2026-06-13,SKU-HPC-305,Aromatherapy Ultrasonic Diffuser,Health & Personal Care,1,32.99,13.5,180,18,3,10
2026-06-14,SKU-HPC-305,Aromatherapy Ultrasonic Diffuser,Health & Personal Care,0,32.99,13.5,180,18,3,10
2026-06-15,SKU-HPC-305,Aromatherapy Ultrasonic Diffuser,Health & Personal Care,1,32.99,13.5,180,18,3,10
2026-06-16,SKU-HPC-305,Aromatherapy Ultrasonic Diffuser,Health & Personal Care,0,32.99,13.5,180,18,3,10
2026-06-17,SKU-HPC-305,Aromatherapy Ultrasonic Diffuser,Health & Personal Care,0,32.99,13.5,180,18,3,10
2026-06-18,SKU-HPC-305,Aromatherapy Ultrasonic Diffuser,Health & Personal Care,0,32.99,13.5,180,18,3,10
2026-06-19,SKU-HPC-305,Aromatherapy Ultrasonic Diffuser,Health & Personal Care,0,32.99,13.5,180,18,3,10
2026-06-20,SKU-HPC-305,Aromatherapy Ultrasonic Diffuser,Health & Personal Care,0,32.99,13.5,180,18,3,10
2026-06-21,SKU-HPC-305,Aromatherapy Ultrasonic Diffuser,Health & Personal Care,0,32.99,13.5,180,18,3,10
2026-06-22,SKU-HPC-305,Aromatherapy Ultrasonic Diffuser,Health & Personal Care,0,32.99,13.5,180,18,3,10
2026-06-23,SKU-HPC-305,Aromatherapy Ultrasonic Diffuser,Health & Personal Care,0,32.99,13.5,180,18,3,10
2026-06-24,SKU-HPC-305,Aromatherapy Ultrasonic Diffuser,Health & Personal Care,0,32.99,13.5,180,18,3,10
2026-06-25,SKU-HPC-305,Aromatherapy Ultrasonic Diffuser,Health & Personal Care,0,32.99,13.5,180,18,3,10
2026-06-26,SKU-HPC-305,Aromatherapy Ultrasonic Diffuser,Health & Personal Care,0,32.99,13.5,180,18,3,10
2026-06-27,SKU-HPC-305,Aromatherapy Ultrasonic Diffuser,Health & Personal Care,0,32.99,13.5,180,18,3,10
2026-06-28,SKU-HPC-305,Aromatherapy Ultrasonic Diffuser,Health & Personal Care,0,32.99,13.5,180,18,3,10
2026-06-29,SKU-HPC-305,Aromatherapy Ultrasonic Diffuser,Health & Personal Care,0,32.99,13.5,180,18,3,10
2026-06-30,SKU-HPC-305,Aromatherapy Ultrasonic Diffuser,Health & Personal Care,0,32.99,13.5,180,18,3,10
2026-07-01,SKU-HPC-305,Aromatherapy Ultrasonic Diffuser,Health & Personal Care,1,32.99,13.5,180,18,3,10
2026-07-02,SKU-HPC-305,Aromatherapy Ultrasonic Diffuser,Health & Personal Care,0,32.99,13.5,180,18,3,10
2026-07-03,SKU-HPC-305,Aromatherapy Ultrasonic Diffuser,Health & Personal Care,0,32.99,13.5,180,18,3,10
2026-07-04,SKU-HPC-305,Aromatherapy Ultrasonic Diffuser,Health & Personal Care,0,32.99,13.5,180,18,3,10
2026-07-05,SKU-HPC-305,Aromatherapy Ultrasonic Diffuser,Health & Personal Care,0,32.99,13.5,180,18,3,10
2026-07-06,SKU-HPC-305,Aromatherapy Ultrasonic Diffuser,Health & Personal Care,0,32.99,13.5,180,18,3,10
2026-07-07,SKU-HPC-305,Aromatherapy Ultrasonic Diffuser,Health & Personal Care,0,32.99,13.5,180,18,3,10
2026-07-08,SKU-HPC-305,Aromatherapy Ultrasonic Diffuser,Health & Personal Care,0,32.99,13.5,180,18,3,10
2026-07-09,SKU-HPC-305,Aromatherapy Ultrasonic Diffuser,Health & Personal Care,0,32.99,13.5,180,18,3,10
2026-07-10,SKU-HPC-305,Aromatherapy Ultrasonic Diffuser,Health & Personal Care,1,32.99,13.5,180,18,3,10
2026-07-11,SKU-HPC-305,Aromatherapy Ultrasonic Diffuser,Health & Personal Care,1,32.99,13.5,180,18,3,10
2026-07-12,SKU-HPC-305,Aromatherapy Ultrasonic Diffuser,Health & Personal Care,0,32.99,13.5,180,18,3,10
2026-07-13,SKU-HPC-305,Aromatherapy Ultrasonic Diffuser,Health & Personal Care,0,32.99,13.5,180,18,3,10
2026-07-14,SKU-HPC-305,Aromatherapy Ultrasonic Diffuser,Health & Personal Care,0,32.99,13.5,180,18,3,10
2026-07-15,SKU-HPC-305,Aromatherapy Ultrasonic Diffuser,Health & Personal Care,0,32.99,13.5,180,18,3,10
2026-07-16,SKU-HPC-305,Aromatherapy Ultrasonic Diffuser,Health & Personal Care,0,32.99,13.5,180,18,3,10
2026-07-17,SKU-HPC-305,Aromatherapy Ultrasonic Diffuser,Health & Personal Care,0,32.99,13.5,180,18,3,10
2026-07-18,SKU-HPC-305,Aromatherapy Ultrasonic Diffuser,Health & Personal Care,0,32.99,13.5,180,18,3,10
2026-07-19,SKU-HPC-305,Aromatherapy Ultrasonic Diffuser,Health & Personal Care,1,32.99,13.5,180,18,3,10
2026-07-20,SKU-HPC-305,Aromatherapy Ultrasonic Diffuser,Health & Personal Care,0,32.99,13.5,180,18,3,10
2026-07-21,SKU-HPC-305,Aromatherapy Ultrasonic Diffuser,Health & Personal Care,0,32.99,13.5,180,18,3,10
2026-07-22,SKU-HPC-305,Aromatherapy Ultrasonic Diffuser,Health & Personal Care,0,32.99,13.5,180,18,3,10
2026-07-23,SKU-HPC-305,Aromatherapy Ultrasonic Diffuser,Health & Personal Care,0,32.99,13.5,180,18,3,10
2026-07-24,SKU-HPC-305,Aromatherapy Ultrasonic Diffuser,Health & Personal Care,0,32.99,13.5,180,18,3,10
2026-07-25,SKU-HPC-305,Aromatherapy Ultrasonic Diffuser,Health & Personal Care,0,32.99,13.5,180,18,3,10
2026-07-26,SKU-HPC-305,Aromatherapy Ultrasonic Diffuser,Health & Personal Care,0,32.99,13.5,180,18,3,10
2026-07-27,SKU-HPC-305,Aromatherapy Ultrasonic Diffuser,Health & Personal Care,0,32.99,13.5,180,18,3,10
2026-07-28,SKU-HPC-305,Aromatherapy Ultrasonic Diffuser,Health & Personal Care,0,32.99,13.5,180,18,3,10
2026-07-29,SKU-HPC-305,Aromatherapy Ultrasonic Diffuser,Health & Personal Care,0,32.99,13.5,180,18,3,10
2026-07-30,SKU-HPC-305,Aromatherapy Ultrasonic Diffuser,Health & Personal Care,0,32.99,13.5,180,18,3,10
2026-07-31,SKU-HPC-305,Aromatherapy Ultrasonic Diffuser,Health & Personal Care,0,32.99,13.5,180,18,3,10
2026-08-01,SKU-HPC-305,Aromatherapy Ultrasonic Diffuser,Health & Personal Care,0,32.99,13.5,180,18,3,10
2026-08-02,SKU-HPC-305,Aromatherapy Ultrasonic Diffuser,Health & Personal Care,1,32.99,13.5,180,18,3,10
2026-08-03,SKU-HPC-305,Aromatherapy Ultrasonic Diffuser,Health & Personal Care,0,32.99,13.5,180,18,3,10
2026-08-04,SKU-HPC-305,Aromatherapy Ultrasonic Diffuser,Health & Personal Care,0,32.99,13.5,180,18,3,10
2026-08-05,SKU-HPC-305,Aromatherapy Ultrasonic Diffuser,Health & Personal Care,0,32.99,13.5,180,18,3,10
2026-08-06,SKU-HPC-305,Aromatherapy Ultrasonic Diffuser,Health & Personal Care,0,32.99,13.5,180,18,3,10
2026-08-07,SKU-HPC-305,Aromatherapy Ultrasonic Diffuser,Health & Personal Care,0,32.99,13.5,180,18,3,10
2026-08-08,SKU-HPC-305,Aromatherapy Ultrasonic Diffuser,Health & Personal Care,0,32.99,13.5,180,18,3,10
2026-08-09,SKU-HPC-305,Aromatherapy Ultrasonic Diffuser,Health & Personal Care,0,32.99,13.5,180,18,3,10
2026-08-10,SKU-HPC-305,Aromatherapy Ultrasonic Diffuser,Health & Personal Care,0,32.99,13.5,180,18,3,10
2026-08-11,SKU-HPC-305,Aromatherapy Ultrasonic Diffuser,Health & Personal Care,0,32.99,13.5,180,18,3,10
2026-08-12,SKU-HPC-305,Aromatherapy Ultrasonic Diffuser,Health & Personal Care,0,32.99,13.5,180,18,3,10
2026-08-13,SKU-HPC-305,Aromatherapy Ultrasonic Diffuser,Health & Personal Care,0,32.99,13.5,180,18,3,10
2026-08-14,SKU-HPC-305,Aromatherapy Ultrasonic Diffuser,Health & Personal Care,0,32.99,13.5,180,18,3,10
2026-08-15,SKU-HPC-305,Aromatherapy Ultrasonic Diffuser,Health & Personal Care,0,32.99,13.5,180,18,3,10
2026-08-16,SKU-HPC-305,Aromatherapy Ultrasonic Diffuser,Health & Personal Care,0,32.99,13.5,180,18,3,10
2026-08-17,SKU-HPC-305,Aromatherapy Ultrasonic Diffuser,Health & Personal Care,0,32.99,13.5,180,18,3,10
2026-08-18,SKU-HPC-305,Aromatherapy Ultrasonic Diffuser,Health & Personal Care,1,32.99,13.5,180,18,3,10
2026-08-19,SKU-HPC-305,Aromatherapy Ultrasonic Diffuser,Health & Personal Care,0,32.99,13.5,180,18,3,10
2026-08-20,SKU-HPC-305,Aromatherapy Ultrasonic Diffuser,Health & Personal Care,0,32.99,13.5,180,18,3,10
2026-08-21,SKU-HPC-305,Aromatherapy Ultrasonic Diffuser,Health & Personal Care,0,32.99,13.5,180,18,3,10
2026-08-22,SKU-HPC-305,Aromatherapy Ultrasonic Diffuser,Health & Personal Care,0,32.99,13.5,180,18,3,10
2026-08-23,SKU-HPC-305,Aromatherapy Ultrasonic Diffuser,Health & Personal Care,0,32.99,13.5,180,18,3,10
2026-08-24,SKU-HPC-305,Aromatherapy Ultrasonic Diffuser,Health & Personal Care,0,32.99,13.5,180,18,3,10
2026-08-25,SKU-HPC-305,Aromatherapy Ultrasonic Diffuser,Health & Personal Care,0,,13.5,180,18,3,10
2026-08-26,SKU-HPC-305,Aromatherapy Ultrasonic Diffuser,Health & Personal Care,0,32.99,13.5,180,18,3,10
2026-08-27,SKU-HPC-305,Aromatherapy Ultrasonic Diffuser,Health & Personal Care,0,32.99,13.5,180,18,3,10
2026-03-01,SKU-SPO-401,Insulated Hydro Water Bottle 32oz,Sports & Outdoors,9,29.99,11.0,20,10,21,73
2026-03-02,SKU-SPO-401,Insulated Hydro Water Bottle 32oz,Sports & Outdoors,1,29.99,11.0,20,10,21,73
2026-03-03,SKU-SPO-401,Insulated Hydro Water Bottle 32oz,Sports & Outdoors,4,29.99,11.0,20,10,21,73
2026-03-04,SKU-SPO-401,Insulated Hydro Water Bottle 32oz,Sports & Outdoors,9,29.99,11.0,20,10,21,73
2026-03-05,SKU-SPO-401,Insulated Hydro Water Bottle 32oz,Sports & Outdoors,8,29.99,11.0,20,10,21,73
2026-03-06,SKU-SPO-401,Insulated Hydro Water Bottle 32oz,Sports & Outdoors,5,29.99,11.0,20,10,21,73
2026-03-07,SKU-SPO-401,Insulated Hydro Water Bottle 32oz,Sports & Outdoors,7,29.99,11.0,20,10,21,73
2026-03-08,SKU-SPO-401,Insulated Hydro Water Bottle 32oz,Sports & Outdoors,2,29.99,11.0,20,10,21,73
2026-03-09,SKU-SPO-401,Insulated Hydro Water Bottle 32oz,Sports & Outdoors,5,29.99,11.0,20,10,21,73
2026-03-10,SKU-SPO-401,Insulated Hydro Water Bottle 32oz,Sports & Outdoors,6,29.99,11.0,20,10,21,73
2026-03-11,SKU-SPO-401,Insulated Hydro Water Bottle 32oz,Sports & Outdoors,6,29.99,11.0,20,10,21,73
2026-03-12,SKU-SPO-401,Insulated Hydro Water Bottle 32oz,Sports & Outdoors,5,29.99,11.0,20,10,21,73
2026-03-13,SKU-SPO-401,Insulated Hydro Water Bottle 32oz,Sports & Outdoors,3,29.99,11.0,20,10,21,73
2026-03-14,SKU-SPO-401,Insulated Hydro Water Bottle 32oz,Sports & Outdoors,6,29.99,11.0,20,10,21,73
2026-03-15,SKU-SPO-401,Insulated Hydro Water Bottle 32oz,Sports & Outdoors,2,29.99,11.0,20,10,21,73
2026-03-16,SKU-SPO-401,Insulated Hydro Water Bottle 32oz,Sports & Outdoors,7,29.99,11.0,20,10,21,73
2026-03-17,SKU-SPO-401,Insulated Hydro Water Bottle 32oz,Sports & Outdoors,7,29.99,11.0,20,10,21,73
2026-03-18,SKU-SPO-401,Insulated Hydro Water Bottle 32oz,Sports & Outdoors,7,29.99,11.0,20,10,21,73
2026-03-19,SKU-SPO-401,Insulated Hydro Water Bottle 32oz,Sports & Outdoors,5,29.99,11.0,20,10,21,73
2026-03-20,SKU-SPO-401,Insulated Hydro Water Bottle 32oz,Sports & Outdoors,10,29.99,11.0,20,10,21,73
2026-03-21,SKU-SPO-401,Insulated Hydro Water Bottle 32oz,Sports & Outdoors,4,29.99,11.0,20,10,21,73
2026-03-22,SKU-SPO-401,Insulated Hydro Water Bottle 32oz,Sports & Outdoors,10,29.99,11.0,20,10,21,73
2026-03-23,SKU-SPO-401,Insulated Hydro Water Bottle 32oz,Sports & Outdoors,5,29.99,11.0,20,10,21,73
2026-03-24,SKU-SPO-401,Insulated Hydro Water Bottle 32oz,Sports & Outdoors,4,29.99,11.0,20,10,21,73
2026-03-25,SKU-SPO-401,Insulated Hydro Water Bottle 32oz,Sports & Outdoors,3,29.99,11.0,20,10,21,73
2026-03-26,SKU-SPO-401,Insulated Hydro Water Bottle 32oz,Sports & Outdoors,7,29.99,11.0,20,10,21,73
2026-03-27,SKU-SPO-401,Insulated Hydro Water Bottle 32oz,Sports & Outdoors,4,29.99,11.0,20,10,21,73
2026-03-28,SKU-SPO-401,Insulated Hydro Water Bottle 32oz,Sports & Outdoors,8,29.99,11.0,20,10,21,73
2026-03-29,SKU-SPO-401,Insulated Hydro Water Bottle 32oz,Sports & Outdoors,14,29.99,11.0,20,10,21,73
2026-03-30,SKU-SPO-401,Insulated Hydro Water Bottle 32oz,Sports & Outdoors,5,29.99,11.0,20,10,21,73
2026-03-31,SKU-SPO-401,Insulated Hydro Water Bottle 32oz,Sports & Outdoors,6,29.99,11.0,20,10,21,73
2026-04-01,SKU-SPO-401,Insulated Hydro Water Bottle 32oz,Sports & Outdoors,4,29.99,11.0,20,10,21,73
2026-04-02,SKU-SPO-401,Insulated Hydro Water Bottle 32oz,Sports & Outdoors,6,29.99,11.0,20,10,21,73
2026-04-03,SKU-SPO-401,Insulated Hydro Water Bottle 32oz,Sports & Outdoors,2,29.99,11.0,20,10,21,73
2026-04-04,SKU-SPO-401,Insulated Hydro Water Bottle 32oz,Sports & Outdoors,7,29.99,11.0,20,10,21,73
2026-04-05,SKU-SPO-401,Insulated Hydro Water Bottle 32oz,Sports & Outdoors,10,29.99,11.0,20,10,21,73
2026-04-06,SKU-SPO-401,Insulated Hydro Water Bottle 32oz,Sports & Outdoors,5,29.99,11.0,20,10,21,73
2026-04-07,SKU-SPO-401,Insulated Hydro Water Bottle 32oz,Sports & Outdoors,6,29.99,11.0,20,10,21,73
2026-04-08,SKU-SPO-401,Insulated Hydro Water Bottle 32oz,Sports & Outdoors,6,29.99,11.0,20,10,21,73
2026-04-09,SKU-SPO-401,Insulated Hydro Water Bottle 32oz,Sports & Outdoors,5,29.99,11.0,20,10,21,73
2026-04-10,SKU-SPO-401,Insulated Hydro Water Bottle 32oz,Sports & Outdoors,8,29.99,11.0,20,10,21,73
2026-04-11,SKU-SPO-401,Insulated Hydro Water Bottle 32oz,Sports & Outdoors,10,29.99,11.0,20,10,21,73
2026-04-12,SKU-SPO-401,Insulated Hydro Water Bottle 32oz,Sports & Outdoors,11,29.99,11.0,20,10,21,73
2026-04-13,SKU-SPO-401,Insulated Hydro Water Bottle 32oz,Sports & Outdoors,6,29.99,11.0,20,10,21,73
2026-04-14,SKU-SPO-401,Insulated Hydro Water Bottle 32oz,Sports & Outdoors,1,29.99,11.0,20,10,21,73
2026-04-15,SKU-SPO-401,Insulated Hydro Water Bottle 32oz,Sports & Outdoors,6,29.99,11.0,20,10,21,73
2026-04-16,SKU-SPO-401,Insulated Hydro Water Bottle 32oz,Sports & Outdoors,8,29.99,11.0,20,10,21,73
2026-04-17,SKU-SPO-401,Insulated Hydro Water Bottle 32oz,Sports & Outdoors,3,29.99,11.0,20,10,21,73
2026-04-18,SKU-SPO-401,Insulated Hydro Water Bottle 32oz,Sports & Outdoors,9,29.99,11.0,20,10,21,73
2026-04-19,SKU-SPO-401,Insulated Hydro Water Bottle 32oz,Sports & Outdoors,4,29.99,11.0,20,10,21,73
2026-04-20,SKU-SPO-401,Insulated Hydro Water Bottle 32oz,Sports & Outdoors,6,29.99,11.0,20,10,21,73
2026-04-21,SKU-SPO-401,Insulated Hydro Water Bottle 32oz,Sports & Outdoors,5,29.99,11.0,20,10,21,73
2026-04-22,SKU-SPO-401,Insulated Hydro Water Bottle 32oz,Sports & Outdoors,0,29.99,11.0,20,10,21,73
2026-04-23,SKU-SPO-401,Insulated Hydro Water Bottle 32oz,Sports & Outdoors,3,29.99,11.0,20,10,21,73
2026-04-24,SKU-SPO-401,Insulated Hydro Water Bottle 32oz,Sports & Outdoors,5,29.99,11.0,20,10,21,73
2026-04-25,SKU-SPO-401,Insulated Hydro Water Bottle 32oz,Sports & Outdoors,11,29.99,11.0,20,10,21,73
2026-04-26,SKU-SPO-401,Insulated Hydro Water Bottle 32oz,Sports & Outdoors,5,29.99,11.0,20,10,21,73
2026-04-27,SKU-SPO-401,Insulated Hydro Water Bottle 32oz,Sports & Outdoors,2,29.99,11.0,20,10,21,73
2026-04-28,SKU-SPO-401,Insulated Hydro Water Bottle 32oz,Sports & Outdoors,5,29.99,11.0,20,10,21,73
2026-04-29,SKU-SPO-401,Insulated Hydro Water Bottle 32oz,Sports & Outdoors,6,29.99,11.0,20,10,21,73
2026-04-30,SKU-SPO-401,Insulated Hydro Water Bottle 32oz,Sports & Outdoors,4,29.99,11.0,20,10,21,73
2026-05-01,SKU-SPO-401,Insulated Hydro Water Bottle 32oz,Sports & Outdoors,4,29.99,11.0,20,10,21,73
2026-05-02,SKU-SPO-401,Insulated Hydro Water Bottle 32oz,Sports & Outdoors,7,29.99,11.0,20,10,21,73
2026-05-03,SKU-SPO-401,Insulated Hydro Water Bottle 32oz,Sports & Outdoors,5,29.99,11.0,20,10,21,73
2026-05-04,SKU-SPO-401,Insulated Hydro Water Bottle 32oz,Sports & Outdoors,7,29.99,11.0,20,10,21,73
2026-05-05,SKU-SPO-401,Insulated Hydro Water Bottle 32oz,Sports & Outdoors,2,29.99,11.0,20,10,21,73
2026-05-06,SKU-SPO-401,Insulated Hydro Water Bottle 32oz,Sports & Outdoors,3,29.99,11.0,20,10,21,73
2026-05-07,SKU-SPO-401,Insulated Hydro Water Bottle 32oz,Sports & Outdoors,4,29.99,11.0,20,10,21,73
2026-05-08,SKU-SPO-401,Insulated Hydro Water Bottle 32oz,Sports & Outdoors,2,29.99,11.0,20,10,21,73
2026-05-09,SKU-SPO-401,Insulated Hydro Water Bottle 32oz,Sports & Outdoors,3,29.99,11.0,20,10,21,73
2026-05-10,SKU-SPO-401,Insulated Hydro Water Bottle 32oz,Sports & Outdoors,6,29.99,11.0,20,10,21,73
2026-05-11,SKU-SPO-401,Insulated Hydro Water Bottle 32oz,Sports & Outdoors,8,29.99,11.0,20,10,21,73
2026-05-12,SKU-SPO-401,Insulated Hydro Water Bottle 32oz,Sports & Outdoors,4,29.99,11.0,20,10,21,73
2026-05-13,SKU-SPO-401,Insulated Hydro Water Bottle 32oz,Sports & Outdoors,6,29.99,11.0,20,10,21,73
2026-05-14,SKU-SPO-401,Insulated Hydro Water Bottle 32oz,Sports & Outdoors,5,29.99,11.0,20,10,21,73
2026-05-15,SKU-SPO-401,Insulated Hydro Water Bottle 32oz,Sports & Outdoors,3,29.99,11.0,20,10,21,73
2026-05-16,SKU-SPO-401,Insulated Hydro Water Bottle 32oz,Sports & Outdoors,4,29.99,11.0,20,10,21,73
2026-05-17,SKU-SPO-401,Insulated Hydro Water Bottle 32oz,Sports & Outdoors,5,29.99,11.0,20,10,21,73
2026-05-18,SKU-SPO-401,Insulated Hydro Water Bottle 32oz,Sports & Outdoors,4,29.99,11.0,20,10,21,73
2026-05-19,SKU-SPO-401,Insulated Hydro Water Bottle 32oz,Sports & Outdoors,4,29.99,11.0,20,10,21,73
2026-05-20,SKU-SPO-401,Insulated Hydro Water Bottle 32oz,Sports & Outdoors,8,29.99,11.0,20,10,21,73
2026-05-21,SKU-SPO-401,Insulated Hydro Water Bottle 32oz,Sports & Outdoors,4,29.99,11.0,20,10,21,73
2026-05-22,SKU-SPO-401,Insulated Hydro Water Bottle 32oz,Sports & Outdoors,4,29.99,11.0,20,10,21,73
2026-05-23,SKU-SPO-401,Insulated Hydro Water Bottle 32oz,Sports & Outdoors,3,29.99,11.0,20,10,21,73
2026-05-24,SKU-SPO-401,Insulated Hydro Water Bottle 32oz,Sports & Outdoors,6,29.99,11.0,20,10,21,73
2026-05-25,SKU-SPO-401,Insulated Hydro Water Bottle 32oz,Sports & Outdoors,5,29.99,11.0,20,10,21,73
2026-05-26,SKU-SPO-401,Insulated Hydro Water Bottle 32oz,Sports & Outdoors,4,29.99,11.0,20,10,21,73
2026-05-27,SKU-SPO-401,Insulated Hydro Water Bottle 32oz,Sports & Outdoors,2,29.99,11.0,20,10,21,73
2026-05-28,SKU-SPO-401,Insulated Hydro Water Bottle 32oz,Sports & Outdoors,5,29.99,11.0,20,10,21,73
2026-05-29,SKU-SPO-401,Insulated Hydro Water Bottle 32oz,Sports & Outdoors,11,29.99,11.0,20,10,21,73
2026-05-30,SKU-SPO-401,Insulated Hydro Water Bottle 32oz,Sports & Outdoors,8,29.99,11.0,20,10,21,73
2026-05-31,SKU-SPO-401,Insulated Hydro Water Bottle 32oz,Sports & Outdoors,5,29.99,11.0,20,10,21,73
2026-06-01,SKU-SPO-401,Insulated Hydro Water Bottle 32oz,Sports & Outdoors,4,29.99,11.0,20,10,21,73
2026-06-02,SKU-SPO-401,Insulated Hydro Water Bottle 32oz,Sports & Outdoors,9,29.99,11.0,20,10,21,73
2026-06-03,SKU-SPO-401,Insulated Hydro Water Bottle 32oz,Sports & Outdoors,2,29.99,11.0,20,10,21,73
2026-06-04,SKU-SPO-401,Insulated Hydro Water Bottle 32oz,Sports & Outdoors,5,29.99,11.0,20,10,21,73
2026-06-05,SKU-SPO-401,Insulated Hydro Water Bottle 32oz,Sports & Outdoors,4,29.99,11.0,20,10,21,73
2026-06-06,SKU-SPO-401,Insulated Hydro Water Bottle 32oz,Sports & Outdoors,7,29.99,11.0,20,10,21,73
2026-06-07,SKU-SPO-401,Insulated Hydro Water Bottle 32oz,Sports & Outdoors,4,29.99,11.0,20,10,21,73
2026-06-08,SKU-SPO-401,Insulated Hydro Water Bottle 32oz,Sports & Outdoors,3,29.99,11.0,20,10,21,73
2026-06-09,SKU-SPO-401,Insulated Hydro Water Bottle 32oz,Sports & Outdoors,9,29.99,11.0,20,10,21,73
2026-06-10,SKU-SPO-401,Insulated Hydro Water Bottle 32oz,Sports & Outdoors,4,29.99,11.0,20,10,21,73
2026-06-11,SKU-SPO-401,Insulated Hydro Water Bottle 32oz,Sports & Outdoors,4,29.99,11.0,20,10,21,73
2026-06-12,SKU-SPO-401,Insulated Hydro Water Bottle 32oz,Sports & Outdoors,7,29.99,11.0,20,10,21,73
2026-06-13,SKU-SPO-401,Insulated Hydro Water Bottle 32oz,Sports & Outdoors,10,29.99,11.0,20,10,21,73
2026-06-14,SKU-SPO-401,Insulated Hydro Water Bottle 32oz,Sports & Outdoors,11,29.99,11.0,20,10,21,73
2026-06-15,SKU-SPO-401,Insulated Hydro Water Bottle 32oz,Sports & Outdoors,6,29.99,11.0,20,10,21,73
2026-06-16,SKU-SPO-401,Insulated Hydro Water Bottle 32oz,Sports & Outdoors,6,29.99,11.0,20,10,21,73
2026-06-17,SKU-SPO-401,Insulated Hydro Water Bottle 32oz,Sports & Outdoors,9,29.99,11.0,20,10,21,73
2026-06-18,SKU-SPO-401,Insulated Hydro Water Bottle 32oz,Sports & Outdoors,3,29.99,11.0,20,10,21,73
2026-06-19,SKU-SPO-401,Insulated Hydro Water Bottle 32oz,Sports & Outdoors,5,29.99,11.0,20,10,21,73
2026-06-20,SKU-SPO-401,Insulated Hydro Water Bottle 32oz,Sports & Outdoors,5,29.99,11.0,20,10,21,73
2026-06-21,SKU-SPO-401,Insulated Hydro Water Bottle 32oz,Sports & Outdoors,12,29.99,11.0,20,10,21,73
2026-06-22,SKU-SPO-401,Insulated Hydro Water Bottle 32oz,Sports & Outdoors,5,29.99,11.0,20,10,21,73
2026-06-23,SKU-SPO-401,Insulated Hydro Water Bottle 32oz,Sports & Outdoors,4,29.99,11.0,20,10,21,73
2026-06-24,SKU-SPO-401,Insulated Hydro Water Bottle 32oz,Sports & Outdoors,11,29.99,11.0,20,10,21,73
2026-06-25,SKU-SPO-401,Insulated Hydro Water Bottle 32oz,Sports & Outdoors,6,29.99,11.0,20,10,21,73
2026-06-26,SKU-SPO-401,Insulated Hydro Water Bottle 32oz,Sports & Outdoors,6,29.99,11.0,20,10,21,73
2026-06-27,SKU-SPO-401,Insulated Hydro Water Bottle 32oz,Sports & Outdoors,2,29.99,11.0,20,10,21,73
2026-06-28,SKU-SPO-401,Insulated Hydro Water Bottle 32oz,Sports & Outdoors,3,29.99,11.0,20,10,21,73
2026-06-29,SKU-SPO-401,Insulated Hydro Water Bottle 32oz,Sports & Outdoors,3,29.99,11.0,20,10,21,73
2026-06-30,SKU-SPO-401,Insulated Hydro Water Bottle 32oz,Sports & Outdoors,3,29.99,11.0,20,10,21,73
2026-07-01,SKU-SPO-401,Insulated Hydro Water Bottle 32oz,Sports & Outdoors,4,29.99,11.0,20,10,21,73
2026-07-02,SKU-SPO-401,Insulated Hydro Water Bottle 32oz,Sports & Outdoors,6,29.99,11.0,20,10,21,73
2026-07-03,SKU-SPO-401,Insulated Hydro Water Bottle 32oz,Sports & Outdoors,10,29.99,11.0,20,10,21,73
2026-07-04,SKU-SPO-401,Insulated Hydro Water Bottle 32oz,Sports & Outdoors,6,29.99,11.0,20,10,21,73
2026-07-05,SKU-SPO-401,Insulated Hydro Water Bottle 32oz,Sports & Outdoors,7,29.99,11.0,20,10,21,73
2026-07-06,SKU-SPO-401,Insulated Hydro Water Bottle 32oz,Sports & Outdoors,8,29.99,11.0,20,10,21,73
2026-07-07,SKU-SPO-401,Insulated Hydro Water Bottle 32oz,Sports & Outdoors,5,29.99,11.0,20,10,21,73
2026-07-08,SKU-SPO-401,Insulated Hydro Water Bottle 32oz,Sports & Outdoors,5,29.99,11.0,20,10,21,73
2026-07-09,SKU-SPO-401,Insulated Hydro Water Bottle 32oz,Sports & Outdoors,9,29.99,11.0,20,10,21,73
2026-07-10,SKU-SPO-401,Insulated Hydro Water Bottle 32oz,Sports & Outdoors,6,29.99,11.0,20,10,21,73
2026-07-11,SKU-SPO-401,Insulated Hydro Water Bottle 32oz,Sports & Outdoors,2,29.99,11.0,20,10,21,73
2026-07-12,SKU-SPO-401,Insulated Hydro Water Bottle 32oz,Sports & Outdoors,9,29.99,11.0,20,10,21,73
2026-07-13,SKU-SPO-401,Insulated Hydro Water Bottle 32oz,Sports & Outdoors,5,29.99,11.0,20,10,21,73
2026-07-14,SKU-SPO-401,Insulated Hydro Water Bottle 32oz,Sports & Outdoors,7,29.99,11.0,20,10,21,73
2026-07-15,SKU-SPO-401,Insulated Hydro Water Bottle 32oz,Sports & Outdoors,5,29.99,11.0,20,10,21,73
2026-07-16,SKU-SPO-401,Insulated Hydro Water Bottle 32oz,Sports & Outdoors,2,29.99,11.0,20,10,21,73
2026-07-17,SKU-SPO-401,Insulated Hydro Water Bottle 32oz,Sports & Outdoors,5,29.99,11.0,20,10,21,73
2026-07-18,SKU-SPO-401,Insulated Hydro Water Bottle 32oz,Sports & Outdoors,6,29.99,11.0,20,10,21,73
2026-07-19,SKU-SPO-401,Insulated Hydro Water Bottle 32oz,Sports & Outdoors,14,29.99,11.0,20,10,21,73
2026-07-20,SKU-SPO-401,Insulated Hydro Water Bottle 32oz,Sports & Outdoors,9,29.99,11.0,20,10,21,73
2026-07-21,SKU-SPO-401,Insulated Hydro Water Bottle 32oz,Sports & Outdoors,8,29.99,11.0,20,10,21,73
2026-07-22,SKU-SPO-401,Insulated Hydro Water Bottle 32oz,Sports & Outdoors,7,29.99,11.0,20,10,21,73
2026-07-23,SKU-SPO-401,Insulated Hydro Water Bottle 32oz,Sports & Outdoors,6,29.99,11.0,20,10,21,73
2026-07-24,SKU-SPO-401,Insulated Hydro Water Bottle 32oz,Sports & Outdoors,6,29.99,11.0,20,10,21,73
2026-07-25,SKU-SPO-401,Insulated Hydro Water Bottle 32oz,Sports & Outdoors,11,29.99,11.0,20,10,21,73
2026-07-26,SKU-SPO-401,Insulated Hydro Water Bottle 32oz,Sports & Outdoors,10,29.99,11.0,20,10,21,73
2026-07-27,SKU-SPO-401,Insulated Hydro Water Bottle 32oz,Sports & Outdoors,5,29.99,11.0,20,10,21,73
2026-07-28,SKU-SPO-401,Insulated Hydro Water Bottle 32oz,Sports & Outdoors,8,29.99,11.0,20,10,21,73
2026-07-29,SKU-SPO-401,Insulated Hydro Water Bottle 32oz,Sports & Outdoors,6,29.99,11.0,20,10,21,73
2026-07-30,SKU-SPO-401,Insulated Hydro Water Bottle 32oz,Sports & Outdoors,4,29.99,11.0,20,10,21,73
2026-07-31,SKU-SPO-401,Insulated Hydro Water Bottle 32oz,Sports & Outdoors,6,29.99,11.0,20,10,21,73
2026-08-01,SKU-SPO-401,Insulated Hydro Water Bottle 32oz,Sports & Outdoors,10,29.99,11.0,20,10,21,73
2026-08-02,SKU-SPO-401,Insulated Hydro Water Bottle 32oz,Sports & Outdoors,3,29.99,11.0,20,10,21,73
2026-08-03,SKU-SPO-401,Insulated Hydro Water Bottle 32oz,Sports & Outdoors,7,29.99,11.0,20,10,21,73
2026-08-04,SKU-SPO-401,Insulated Hydro Water Bottle 32oz,Sports & Outdoors,6,29.99,11.0,20,10,21,73
2026-08-05,SKU-SPO-401,Insulated Hydro Water Bottle 32oz,Sports & Outdoors,6,29.99,11.0,20,10,21,73
2026-08-06,SKU-SPO-401,Insulated Hydro Water Bottle 32oz,Sports & Outdoors,4,29.99,11.0,20,10,21,73
2026-08-07,SKU-SPO-401,Insulated Hydro Water Bottle 32oz,Sports & Outdoors,3,29.99,11.0,20,10,21,73
2026-08-08,SKU-SPO-401,Insulated Hydro Water Bottle 32oz,Sports & Outdoors,4,29.99,11.0,20,10,21,73
2026-08-09,SKU-SPO-401,Insulated Hydro Water Bottle 32oz,Sports & Outdoors,11,29.99,11.0,20,10,21,73
2026-08-10,SKU-SPO-401,Insulated Hydro Water Bottle 32oz,Sports & Outdoors,4,29.99,11.0,20,10,21,73
2026-08-11,SKU-SPO-401,Insulated Hydro Water Bottle 32oz,Sports & Outdoors,5,29.99,11.0,20,10,21,73
2026-08-12,SKU-SPO-401,Insulated Hydro Water Bottle 32oz,Sports & Outdoors,3,29.99,11.0,20,10,21,73
2026-08-13,SKU-SPO-401,Insulated Hydro Water Bottle 32oz,Sports & Outdoors,5,29.99,11.0,20,10,21,73
2026-08-14,SKU-SPO-401,Insulated Hydro Water Bottle 32oz,Sports & Outdoors,7,29.99,11.0,20,10,21,73
2026-08-15,SKU-SPO-401,Insulated Hydro Water Bottle 32oz,Sports & Outdoors,9,29.99,11.0,20,10,21,73
2026-08-16,SKU-SPO-401,Insulated Hydro Water Bottle 32oz,Sports & Outdoors,5,29.99,11.0,20,10,21,73
2026-08-17,SKU-SPO-401,Insulated Hydro Water Bottle 32oz,Sports & Outdoors,3,29.99,11.0,20,10,21,73
2026-08-18,SKU-SPO-401,Insulated Hydro Water Bottle 32oz,Sports & Outdoors,2,29.99,11.0,20,10,21,73
2026-08-19,SKU-SPO-401,Insulated Hydro Water Bottle 32oz,Sports & Outdoors,3,29.99,11.0,20,10,21,73
2026-08-20,SKU-SPO-401,Insulated Hydro Water Bottle 32oz,Sports & Outdoors,7,29.99,11.0,20,10,21,73
2026-08-21,SKU-SPO-401,Insulated Hydro Water Bottle 32oz,Sports & Outdoors,5,29.99,11.0,20,10,21,73
2026-08-22,SKU-SPO-401,Insulated Hydro Water Bottle 32oz,Sports & Outdoors,4,29.99,11.0,20,10,21,73
2026-08-23,SKU-SPO-401,Insulated Hydro Water Bottle 32oz,Sports & Outdoors,4,29.99,11.0,20,10,21,73
2026-08-24,SKU-SPO-401,Insulated Hydro Water Bottle 32oz,Sports & Outdoors,3,29.99,11.0,20,10,21,73
2026-08-25,SKU-SPO-401,Insulated Hydro Water Bottle 32oz,Sports & Outdoors,5,29.99,11.0,20,10,21,73
2026-08-26,SKU-SPO-401,Insulated Hydro Water Bottle 32oz,Sports & Outdoors,4,29.99,11.0,20,10,21,73
2026-08-27,SKU-SPO-401,Insulated Hydro Water Bottle 32oz,Sports & Outdoors,5,29.99,11.0,20,10,21,73
2026-03-01,SKU-SPO-402,Non-Slip High Density Yoga Mat,Sports & Outdoors,6,38.0,16.0,150,14,22,78
2026-03-02,SKU-SPO-402,Non-Slip High Density Yoga Mat,Sports & Outdoors,4,38.0,16.0,150,14,22,78
2026-03-03,SKU-SPO-402,Non-Slip High Density Yoga Mat,Sports & Outdoors,6,38.0,16.0,150,14,22,78
2026-03-04,SKU-SPO-402,Non-Slip High Density Yoga Mat,Sports & Outdoors,7,38.0,16.0,150,14,22,78
2026-03-05,SKU-SPO-402,Non-Slip High Density Yoga Mat,Sports & Outdoors,4,38.0,16.0,150,14,22,78
2026-03-06,SKU-SPO-402,Non-Slip High Density Yoga Mat,Sports & Outdoors,2,38.0,16.0,150,14,22,78
2026-03-07,SKU-SPO-402,Non-Slip High Density Yoga Mat,Sports & Outdoors,5,38.0,16.0,150,14,22,78
2026-03-08,SKU-SPO-402,Non-Slip High Density Yoga Mat,Sports & Outdoors,10,38.0,16.0,150,14,22,78
2026-03-09,SKU-SPO-402,Non-Slip High Density Yoga Mat,Sports & Outdoors,6,38.0,16.0,150,14,22,78
2026-03-10,SKU-SPO-402,Non-Slip High Density Yoga Mat,Sports & Outdoors,8,38.0,16.0,150,14,22,78
2026-03-11,SKU-SPO-402,Non-Slip High Density Yoga Mat,Sports & Outdoors,3,38.0,16.0,150,14,22,78
2026-03-12,SKU-SPO-402,Non-Slip High Density Yoga Mat,Sports & Outdoors,5,38.0,16.0,150,14,22,78
2026-03-13,SKU-SPO-402,Non-Slip High Density Yoga Mat,Sports & Outdoors,6,38.0,16.0,150,14,22,78
2026-03-14,SKU-SPO-402,Non-Slip High Density Yoga Mat,Sports & Outdoors,8,38.0,16.0,150,14,22,78
2026-03-15,SKU-SPO-402,Non-Slip High Density Yoga Mat,Sports & Outdoors,7,38.0,16.0,150,14,22,78
2026-03-16,SKU-SPO-402,Non-Slip High Density Yoga Mat,Sports & Outdoors,3,38.0,16.0,150,14,22,78
2026-03-17,SKU-SPO-402,Non-Slip High Density Yoga Mat,Sports & Outdoors,8,38.0,16.0,150,14,22,78
2026-03-18,SKU-SPO-402,Non-Slip High Density Yoga Mat,Sports & Outdoors,6,38.0,16.0,150,14,22,78
2026-03-19,SKU-SPO-402,Non-Slip High Density Yoga Mat,Sports & Outdoors,1,38.0,16.0,150,14,22,78
2026-03-20,SKU-SPO-402,Non-Slip High Density Yoga Mat,Sports & Outdoors,3,38.0,16.0,150,14,22,78
2026-03-21,SKU-SPO-402,Non-Slip High Density Yoga Mat,Sports & Outdoors,8,38.0,16.0,150,14,22,78
2026-03-22,SKU-SPO-402,Non-Slip High Density Yoga Mat,Sports & Outdoors,10,38.0,16.0,150,14,22,78
2026-03-23,SKU-SPO-402,Non-Slip High Density Yoga Mat,Sports & Outdoors,6,38.0,16.0,150,14,22,78
2026-03-24,SKU-SPO-402,Non-Slip High Density Yoga Mat,Sports & Outdoors,6,38.0,16.0,150,14,22,78
2026-03-25,SKU-SPO-402,Non-Slip High Density Yoga Mat,Sports & Outdoors,4,38.0,16.0,150,14,22,78
2026-03-26,SKU-SPO-402,Non-Slip High Density Yoga Mat,Sports & Outdoors,0,38.0,16.0,150,14,22,78
2026-03-27,SKU-SPO-402,Non-Slip High Density Yoga Mat,Sports & Outdoors,4,38.0,16.0,150,14,22,78
2026-03-28,SKU-SPO-402,Non-Slip High Density Yoga Mat,Sports & Outdoors,4,38.0,16.0,150,14,22,78
2026-03-29,SKU-SPO-402,Non-Slip High Density Yoga Mat,Sports & Outdoors,3,38.0,16.0,150,14,22,78
2026-03-30,SKU-SPO-402,Non-Slip High Density Yoga Mat,Sports & Outdoors,3,38.0,16.0,150,14,22,78
2026-03-31,SKU-SPO-402,Non-Slip High Density Yoga Mat,Sports & Outdoors,6,38.0,16.0,150,14,22,78
2026-04-01,SKU-SPO-402,Non-Slip High Density Yoga Mat,Sports & Outdoors,4,38.0,16.0,150,14,22,78
2026-04-02,SKU-SPO-402,Non-Slip High Density Yoga Mat,Sports & Outdoors,3,38.0,16.0,150,14,22,78
2026-04-03,SKU-SPO-402,Non-Slip High Density Yoga Mat,Sports & Outdoors,3,38.0,16.0,150,14,22,78
2026-04-04,SKU-SPO-402,Non-Slip High Density Yoga Mat,Sports & Outdoors,3,38.0,16.0,150,14,22,78
2026-04-05,SKU-SPO-402,Non-Slip High Density Yoga Mat,Sports & Outdoors,7,38.0,16.0,150,14,22,78
2026-04-06,SKU-SPO-402,Non-Slip High Density Yoga Mat,Sports & Outdoors,5,38.0,16.0,150,14,22,78
2026-04-07,SKU-SPO-402,Non-Slip High Density Yoga Mat,Sports & Outdoors,8,38.0,16.0,150,14,22,78
2026-04-08,SKU-SPO-402,Non-Slip High Density Yoga Mat,Sports & Outdoors,9,38.0,16.0,150,14,22,78
2026-04-09,SKU-SPO-402,Non-Slip High Density Yoga Mat,Sports & Outdoors,9,38.0,16.0,150,14,22,78
2026-04-10,SKU-SPO-402,Non-Slip High Density Yoga Mat,Sports & Outdoors,3,38.0,16.0,150,14,22,78
2026-04-11,SKU-SPO-402,Non-Slip High Density Yoga Mat,Sports & Outdoors,6,38.0,16.0,150,14,22,78
2026-04-12,SKU-SPO-402,Non-Slip High Density Yoga Mat,Sports & Outdoors,13,38.0,16.0,150,14,22,78
2026-04-13,SKU-SPO-402,Non-Slip High Density Yoga Mat,Sports & Outdoors,3,38.0,16.0,150,14,22,78
2026-04-14,SKU-SPO-402,Non-Slip High Density Yoga Mat,Sports & Outdoors,5,38.0,16.0,150,14,22,78
2026-04-15,SKU-SPO-402,Non-Slip High Density Yoga Mat,Sports & Outdoors,7,38.0,16.0,150,14,22,78
2026-04-16,SKU-SPO-402,Non-Slip High Density Yoga Mat,Sports & Outdoors,3,38.0,16.0,150,14,22,78
2026-04-17,SKU-SPO-402,Non-Slip High Density Yoga Mat,Sports & Outdoors,3,38.0,16.0,150,14,22,78
2026-04-18,SKU-SPO-402,Non-Slip High Density Yoga Mat,Sports & Outdoors,9,38.0,16.0,150,14,22,78
2026-04-19,SKU-SPO-402,Non-Slip High Density Yoga Mat,Sports & Outdoors,4,38.0,16.0,150,14,22,78
2026-04-20,SKU-SPO-402,Non-Slip High Density Yoga Mat,Sports & Outdoors,8,38.0,16.0,150,14,22,78
2026-04-21,SKU-SPO-402,Non-Slip High Density Yoga Mat,Sports & Outdoors,5,38.0,16.0,150,14,22,78
2026-04-22,SKU-SPO-402,Non-Slip High Density Yoga Mat,Sports & Outdoors,7,38.0,16.0,150,14,22,78
2026-04-23,SKU-SPO-402,Non-Slip High Density Yoga Mat,Sports & Outdoors,2,38.0,16.0,150,14,22,78
2026-04-24,SKU-SPO-402,Non-Slip High Density Yoga Mat,Sports & Outdoors,2,38.0,16.0,150,14,22,78
2026-04-25,SKU-SPO-402,Non-Slip High Density Yoga Mat,Sports & Outdoors,7,38.0,16.0,150,14,22,78
2026-04-26,SKU-SPO-402,Non-Slip High Density Yoga Mat,Sports & Outdoors,6,38.0,16.0,150,14,22,78
2026-04-27,SKU-SPO-402,Non-Slip High Density Yoga Mat,Sports & Outdoors,4,38.0,16.0,150,14,22,78
2026-04-28,SKU-SPO-402,Non-Slip High Density Yoga Mat,Sports & Outdoors,4,38.0,16.0,150,14,22,78
2026-04-29,SKU-SPO-402,Non-Slip High Density Yoga Mat,Sports & Outdoors,8,38.0,16.0,150,14,22,78
2026-04-30,SKU-SPO-402,Non-Slip High Density Yoga Mat,Sports & Outdoors,7,38.0,16.0,150,14,22,78
2026-05-01,SKU-SPO-402,Non-Slip High Density Yoga Mat,Sports & Outdoors,0,38.0,16.0,150,14,22,78
2026-05-02,SKU-SPO-402,Non-Slip High Density Yoga Mat,Sports & Outdoors,5,38.0,16.0,150,14,22,78
2026-05-03,SKU-SPO-402,Non-Slip High Density Yoga Mat,Sports & Outdoors,3,38.0,16.0,150,14,22,78
2026-05-04,SKU-SPO-402,Non-Slip High Density Yoga Mat,Sports & Outdoors,2,38.0,16.0,150,14,22,78
2026-05-05,SKU-SPO-402,Non-Slip High Density Yoga Mat,Sports & Outdoors,2,38.0,16.0,150,14,22,78
2026-05-06,SKU-SPO-402,Non-Slip High Density Yoga Mat,Sports & Outdoors,7,38.0,16.0,150,14,22,78
2026-05-07,SKU-SPO-402,Non-Slip High Density Yoga Mat,Sports & Outdoors,2,38.0,16.0,150,14,22,78
2026-05-08,SKU-SPO-402,Non-Slip High Density Yoga Mat,Sports & Outdoors,2,38.0,16.0,150,14,22,78
2026-05-09,SKU-SPO-402,Non-Slip High Density Yoga Mat,Sports & Outdoors,3,38.0,16.0,150,14,22,78
2026-05-10,SKU-SPO-402,Non-Slip High Density Yoga Mat,Sports & Outdoors,3,38.0,16.0,150,14,22,78
2026-05-11,SKU-SPO-402,Non-Slip High Density Yoga Mat,Sports & Outdoors,3,38.0,16.0,150,14,22,78
2026-05-12,SKU-SPO-402,Non-Slip High Density Yoga Mat,Sports & Outdoors,2,38.0,16.0,150,14,22,78
2026-05-13,SKU-SPO-402,Non-Slip High Density Yoga Mat,Sports & Outdoors,6,38.0,16.0,150,14,22,78
2026-05-14,SKU-SPO-402,Non-Slip High Density Yoga Mat,Sports & Outdoors,5,38.0,16.0,150,14,22,78
2026-05-15,SKU-SPO-402,Non-Slip High Density Yoga Mat,Sports & Outdoors,3,38.0,16.0,150,14,22,78
2026-05-16,SKU-SPO-402,Non-Slip High Density Yoga Mat,Sports & Outdoors,5,38.0,16.0,150,14,22,78
2026-05-17,SKU-SPO-402,Non-Slip High Density Yoga Mat,Sports & Outdoors,5,38.0,16.0,150,14,22,78
2026-05-18,SKU-SPO-402,Non-Slip High Density Yoga Mat,Sports & Outdoors,6,38.0,16.0,150,14,22,78
2026-05-19,SKU-SPO-402,Non-Slip High Density Yoga Mat,Sports & Outdoors,3,38.0,16.0,150,14,22,78
2026-05-20,SKU-SPO-402,Non-Slip High Density Yoga Mat,Sports & Outdoors,5,38.0,16.0,150,14,22,78
2026-05-21,SKU-SPO-402,Non-Slip High Density Yoga Mat,Sports & Outdoors,3,38.0,16.0,150,14,22,78
2026-05-22,SKU-SPO-402,Non-Slip High Density Yoga Mat,Sports & Outdoors,3,38.0,16.0,150,14,22,78
2026-05-23,SKU-SPO-402,Non-Slip High Density Yoga Mat,Sports & Outdoors,2,38.0,16.0,150,14,22,78
2026-05-24,SKU-SPO-402,Non-Slip High Density Yoga Mat,Sports & Outdoors,2,38.0,16.0,150,14,22,78
2026-05-25,SKU-SPO-402,Non-Slip High Density Yoga Mat,Sports & Outdoors,4,38.0,16.0,150,14,22,78
2026-05-26,SKU-SPO-402,Non-Slip High Density Yoga Mat,Sports & Outdoors,3,38.0,16.0,150,14,22,78
2026-05-27,SKU-SPO-402,Non-Slip High Density Yoga Mat,Sports & Outdoors,2,38.0,16.0,150,14,22,78
2026-05-28,SKU-SPO-402,Non-Slip High Density Yoga Mat,Sports & Outdoors,2,38.0,16.0,150,14,22,78
2026-05-29,SKU-SPO-402,Non-Slip High Density Yoga Mat,Sports & Outdoors,1,38.0,16.0,150,14,22,78
2026-05-30,SKU-SPO-402,Non-Slip High Density Yoga Mat,Sports & Outdoors,2,38.0,16.0,150,14,22,78
2026-05-31,SKU-SPO-402,Non-Slip High Density Yoga Mat,Sports & Outdoors,6,38.0,16.0,150,14,22,78
2026-06-01,SKU-SPO-402,Non-Slip High Density Yoga Mat,Sports & Outdoors,6,38.0,16.0,150,14,22,78
2026-06-02,SKU-SPO-402,Non-Slip High Density Yoga Mat,Sports & Outdoors,5,38.0,16.0,150,14,22,78
2026-06-03,SKU-SPO-402,Non-Slip High Density Yoga Mat,Sports & Outdoors,7,38.0,16.0,150,14,22,78
2026-06-04,SKU-SPO-402,Non-Slip High Density Yoga Mat,Sports & Outdoors,0,38.0,16.0,150,14,22,78
2026-06-05,SKU-SPO-402,Non-Slip High Density Yoga Mat,Sports & Outdoors,5,38.0,16.0,150,14,22,78
2026-06-06,SKU-SPO-402,Non-Slip High Density Yoga Mat,Sports & Outdoors,7,38.0,16.0,150,14,22,78
2026-06-07,SKU-SPO-402,Non-Slip High Density Yoga Mat,Sports & Outdoors,3,38.0,16.0,150,14,22,78
2026-06-08,SKU-SPO-402,Non-Slip High Density Yoga Mat,Sports & Outdoors,10,38.0,16.0,150,14,22,78
2026-06-09,SKU-SPO-402,Non-Slip High Density Yoga Mat,Sports & Outdoors,0,38.0,16.0,150,14,22,78
2026-06-10,SKU-SPO-402,Non-Slip High Density Yoga Mat,Sports & Outdoors,2,38.0,16.0,150,14,22,78
2026-06-11,SKU-SPO-402,Non-Slip High Density Yoga Mat,Sports & Outdoors,7,38.0,16.0,150,14,22,78
2026-06-12,SKU-SPO-402,Non-Slip High Density Yoga Mat,Sports & Outdoors,3,38.0,16.0,150,14,22,78
2026-06-13,SKU-SPO-402,Non-Slip High Density Yoga Mat,Sports & Outdoors,7,38.0,16.0,150,14,22,78
2026-06-14,SKU-SPO-402,Non-Slip High Density Yoga Mat,Sports & Outdoors,10,38.0,16.0,150,14,22,78
2026-06-15,SKU-SPO-402,Non-Slip High Density Yoga Mat,Sports & Outdoors,4,38.0,16.0,150,14,22,78
2026-06-16,SKU-SPO-402,Non-Slip High Density Yoga Mat,Sports & Outdoors,4,38.0,16.0,150,14,22,78
2026-06-17,SKU-SPO-402,Non-Slip High Density Yoga Mat,Sports & Outdoors,6,38.0,16.0,150,14,22,78
2026-06-18,SKU-SPO-402,Non-Slip High Density Yoga Mat,Sports & Outdoors,3,38.0,16.0,150,14,22,78
2026-06-19,SKU-SPO-402,Non-Slip High Density Yoga Mat,Sports & Outdoors,5,38.0,16.0,150,14,22,78
2026-06-20,SKU-SPO-402,Non-Slip High Density Yoga Mat,Sports & Outdoors,5,38.0,16.0,150,14,22,78
2026-06-21,SKU-SPO-402,Non-Slip High Density Yoga Mat,Sports & Outdoors,10,38.0,16.0,150,14,22,78
2026-06-22,SKU-SPO-402,Non-Slip High Density Yoga Mat,Sports & Outdoors,7,38.0,16.0,150,14,22,78
2026-06-23,SKU-SPO-402,Non-Slip High Density Yoga Mat,Sports & Outdoors,7,38.0,16.0,150,14,22,78
2026-06-24,SKU-SPO-402,Non-Slip High Density Yoga Mat,Sports & Outdoors,5,38.0,16.0,150,14,22,78
2026-06-25,SKU-SPO-402,Non-Slip High Density Yoga Mat,Sports & Outdoors,0,38.0,16.0,150,14,22,78
2026-06-26,SKU-SPO-402,Non-Slip High Density Yoga Mat,Sports & Outdoors,5,38.0,16.0,150,14,22,78
2026-06-27,SKU-SPO-402,Non-Slip High Density Yoga Mat,Sports & Outdoors,7,38.0,16.0,150,14,22,78
2026-06-28,SKU-SPO-402,Non-Slip High Density Yoga Mat,Sports & Outdoors,10,38.0,16.0,150,14,22,78
2026-06-29,SKU-SPO-402,Non-Slip High Density Yoga Mat,Sports & Outdoors,4,38.0,16.0,150,14,22,78
2026-06-30,SKU-SPO-402,Non-Slip High Density Yoga Mat,Sports & Outdoors,6,38.0,16.0,150,14,22,78
2026-07-01,SKU-SPO-402,Non-Slip High Density Yoga Mat,Sports & Outdoors,3,38.0,16.0,150,14,22,78
2026-07-02,SKU-SPO-402,Non-Slip High Density Yoga Mat,Sports & Outdoors,6,38.0,16.0,150,14,22,78
2026-07-03,SKU-SPO-402,Non-Slip High Density Yoga Mat,Sports & Outdoors,5,38.0,16.0,150,14,22,78
2026-07-04,SKU-SPO-402,Non-Slip High Density Yoga Mat,Sports & Outdoors,5,38.0,16.0,150,14,22,78
2026-07-05,SKU-SPO-402,Non-Slip High Density Yoga Mat,Sports & Outdoors,5,38.0,16.0,150,14,22,78
2026-07-06,SKU-SPO-402,Non-Slip High Density Yoga Mat,Sports & Outdoors,3,38.0,16.0,150,14,22,78
2026-07-07,SKU-SPO-402,Non-Slip High Density Yoga Mat,Sports & Outdoors,3,38.0,16.0,150,14,22,78
2026-07-08,SKU-SPO-402,Non-Slip High Density Yoga Mat,Sports & Outdoors,10,38.0,16.0,150,14,22,78
2026-07-09,SKU-SPO-402,Non-Slip High Density Yoga Mat,Sports & Outdoors,3,38.0,16.0,150,14,22,78
2026-07-10,SKU-SPO-402,Non-Slip High Density Yoga Mat,Sports & Outdoors,4,38.0,16.0,150,14,22,78
2026-07-11,SKU-SPO-402,Non-Slip High Density Yoga Mat,Sports & Outdoors,3,38.0,16.0,150,14,22,78
2026-07-12,SKU-SPO-402,Non-Slip High Density Yoga Mat,Sports & Outdoors,6,38.0,16.0,150,14,22,78
2026-07-13,SKU-SPO-402,Non-Slip High Density Yoga Mat,Sports & Outdoors,4,38.0,16.0,150,14,22,78
2026-07-14,SKU-SPO-402,Non-Slip High Density Yoga Mat,Sports & Outdoors,6,38.0,16.0,150,14,22,78
2026-07-15,SKU-SPO-402,Non-Slip High Density Yoga Mat,Sports & Outdoors,5,38.0,16.0,150,14,22,78
2026-07-16,SKU-SPO-402,Non-Slip High Density Yoga Mat,Sports & Outdoors,4,38.0,16.0,150,14,22,78
2026-07-17,SKU-SPO-402,Non-Slip High Density Yoga Mat,Sports & Outdoors,1,38.0,16.0,150,14,22,78
2026-07-18,SKU-SPO-402,Non-Slip High Density Yoga Mat,Sports & Outdoors,3,38.0,16.0,150,14,22,78
2026-07-19,SKU-SPO-402,Non-Slip High Density Yoga Mat,Sports & Outdoors,5,38.0,16.0,150,14,22,78
2026-07-20,SKU-SPO-402,Non-Slip High Density Yoga Mat,Sports & Outdoors,6,38.0,16.0,150,14,22,78
2026-07-21,SKU-SPO-402,Non-Slip High Density Yoga Mat,Sports & Outdoors,5,38.0,16.0,150,14,22,78
2026-07-22,SKU-SPO-402,Non-Slip High Density Yoga Mat,Sports & Outdoors,4,38.0,16.0,150,14,22,78
2026-07-23,SKU-SPO-402,Non-Slip High Density Yoga Mat,Sports & Outdoors,2,38.0,16.0,150,14,22,78
2026-07-24,SKU-SPO-402,Non-Slip High Density Yoga Mat,Sports & Outdoors,4,38.0,16.0,150,14,22,78
2026-07-25,SKU-SPO-402,Non-Slip High Density Yoga Mat,Sports & Outdoors,2,38.0,16.0,150,14,22,78
2026-07-26,SKU-SPO-402,Non-Slip High Density Yoga Mat,Sports & Outdoors,6,38.0,16.0,150,14,22,78
2026-07-27,SKU-SPO-402,Non-Slip High Density Yoga Mat,Sports & Outdoors,8,38.0,16.0,150,14,22,78
2026-07-28,SKU-SPO-402,Non-Slip High Density Yoga Mat,Sports & Outdoors,2,38.0,16.0,150,14,22,78
2026-07-29,SKU-SPO-402,Non-Slip High Density Yoga Mat,Sports & Outdoors,4,38.0,16.0,150,14,22,78
2026-07-30,SKU-SPO-402,Non-Slip High Density Yoga Mat,Sports & Outdoors,3,38.0,16.0,150,14,22,78
2026-07-31,SKU-SPO-402,Non-Slip High Density Yoga Mat,Sports & Outdoors,5,38.0,16.0,150,14,22,78
2026-08-01,SKU-SPO-402,Non-Slip High Density Yoga Mat,Sports & Outdoors,7,38.0,16.0,150,14,22,78
2026-08-02,SKU-SPO-402,Non-Slip High Density Yoga Mat,Sports & Outdoors,5,38.0,16.0,150,14,22,78
2026-08-03,SKU-SPO-402,Non-Slip High Density Yoga Mat,Sports & Outdoors,6,38.0,16.0,150,14,22,78
2026-08-04,SKU-SPO-402,Non-Slip High Density Yoga Mat,Sports & Outdoors,1,38.0,16.0,150,14,22,78
2026-08-05,SKU-SPO-402,Non-Slip High Density Yoga Mat,Sports & Outdoors,2,38.0,16.0,150,14,22,78
2026-08-06,SKU-SPO-402,Non-Slip High Density Yoga Mat,Sports & Outdoors,4,38.0,16.0,150,14,22,78
2026-08-07,SKU-SPO-402,Non-Slip High Density Yoga Mat,Sports & Outdoors,3,38.0,16.0,150,14,22,78
2026-08-08,SKU-SPO-402,Non-Slip High Density Yoga Mat,Sports & Outdoors,8,38.0,16.0,150,14,22,78
2026-08-09,SKU-SPO-402,Non-Slip High Density Yoga Mat,Sports & Outdoors,7,38.0,16.0,150,14,22,78
2026-08-10,SKU-SPO-402,Non-Slip High Density Yoga Mat,Sports & Outdoors,5,38.0,16.0,150,14,22,78
2026-08-11,SKU-SPO-402,Non-Slip High Density Yoga Mat,Sports & Outdoors,8,38.0,16.0,150,14,22,78
2026-08-12,SKU-SPO-402,Non-Slip High Density Yoga Mat,Sports & Outdoors,6,38.0,16.0,150,14,22,78
2026-08-13,SKU-SPO-402,Non-Slip High Density Yoga Mat,Sports & Outdoors,5,38.0,16.0,150,14,22,78
2026-08-14,SKU-SPO-402,Non-Slip High Density Yoga Mat,Sports & Outdoors,1,38.0,16.0,150,14,22,78
2026-08-15,SKU-SPO-402,Non-Slip High Density Yoga Mat,Sports & Outdoors,3,38.0,16.0,150,14,22,78
2026-08-16,SKU-SPO-402,Non-Slip High Density Yoga Mat,Sports & Outdoors,3,38.0,16.0,150,14,22,78
2026-08-17,SKU-SPO-402,Non-Slip High Density Yoga Mat,Sports & Outdoors,2,38.0,16.0,150,14,22,78
2026-08-18,SKU-SPO-402,Non-Slip High Density Yoga Mat,Sports & Outdoors,4,38.0,16.0,150,14,22,78
2026-08-19,SKU-SPO-402,Non-Slip High Density Yoga Mat,Sports & Outdoors,6,38.0,16.0,150,14,22,78
2026-08-20,SKU-SPO-402,Non-Slip High Density Yoga Mat,Sports & Outdoors,4,38.0,16.0,150,14,22,78
2026-08-21,SKU-SPO-402,Non-Slip High Density Yoga Mat,Sports & Outdoors,4,38.0,16.0,150,14,22,78
2026-08-22,SKU-SPO-402,Non-Slip High Density Yoga Mat,Sports & Outdoors,1,38.0,16.0,150,14,22,78
2026-08-23,SKU-SPO-402,Non-Slip High Density Yoga Mat,Sports & Outdoors,4,38.0,16.0,150,14,22,78
2026-08-24,SKU-SPO-402,Non-Slip High Density Yoga Mat,Sports & Outdoors,3,38.0,16.0,150,14,22,78
2026-08-25,SKU-SPO-402,Non-Slip High Density Yoga Mat,Sports & Outdoors,1,38.0,16.0,150,14,22,78
2026-08-26,SKU-SPO-402,Non-Slip High Density Yoga Mat,Sports & Outdoors,3,38.0,16.0,150,14,22,78
2026-08-27,SKU-SPO-402,Non-Slip High Density Yoga Mat,Sports & Outdoors,6,38.0,16.0,150,14,22,78
2026-03-01,SKU-SPO-403,Heavy-Duty Resistance Bands Set,Sports & Outdoors,5,24.99,8.0,480,15,11,38
2026-03-02,SKU-SPO-403,Heavy-Duty Resistance Bands Set,Sports & Outdoors,2,24.99,8.0,480,15,11,38
2026-03-03,SKU-SPO-403,Heavy-Duty Resistance Bands Set,Sports & Outdoors,1,24.99,8.0,480,15,11,38
2026-03-04,SKU-SPO-403,Heavy-Duty Resistance Bands Set,Sports & Outdoors,2,24.99,8.0,480,15,11,38
2026-03-05,SKU-SPO-403,Heavy-Duty Resistance Bands Set,Sports & Outdoors,2,24.99,8.0,480,15,11,38
2026-03-06,SKU-SPO-403,Heavy-Duty Resistance Bands Set,Sports & Outdoors,0,24.99,8.0,480,15,11,38
2026-03-07,SKU-SPO-403,Heavy-Duty Resistance Bands Set,Sports & Outdoors,2,24.99,8.0,480,15,11,38
2026-03-08,SKU-SPO-403,Heavy-Duty Resistance Bands Set,Sports & Outdoors,1,24.99,8.0,480,15,11,38
2026-03-09,SKU-SPO-403,Heavy-Duty Resistance Bands Set,Sports & Outdoors,1,24.99,8.0,480,15,11,38
2026-03-10,SKU-SPO-403,Heavy-Duty Resistance Bands Set,Sports & Outdoors,1,24.99,8.0,480,15,11,38
2026-03-11,SKU-SPO-403,Heavy-Duty Resistance Bands Set,Sports & Outdoors,3,24.99,8.0,480,15,11,38
2026-03-12,SKU-SPO-403,Heavy-Duty Resistance Bands Set,Sports & Outdoors,2,24.99,8.0,480,15,11,38
2026-03-13,SKU-SPO-403,Heavy-Duty Resistance Bands Set,Sports & Outdoors,0,24.99,8.0,480,15,11,38
2026-03-14,SKU-SPO-403,Heavy-Duty Resistance Bands Set,Sports & Outdoors,2,24.99,8.0,480,15,11,38
2026-03-15,SKU-SPO-403,Heavy-Duty Resistance Bands Set,Sports & Outdoors,2,24.99,8.0,480,15,11,38
2026-03-16,SKU-SPO-403,Heavy-Duty Resistance Bands Set,Sports & Outdoors,3,24.99,8.0,480,15,11,38
2026-03-17,SKU-SPO-403,Heavy-Duty Resistance Bands Set,Sports & Outdoors,0,24.99,8.0,480,15,11,38
2026-03-18,SKU-SPO-403,Heavy-Duty Resistance Bands Set,Sports & Outdoors,3,24.99,8.0,480,15,11,38
2026-03-19,SKU-SPO-403,Heavy-Duty Resistance Bands Set,Sports & Outdoors,1,24.99,8.0,480,15,11,38
2026-03-20,SKU-SPO-403,Heavy-Duty Resistance Bands Set,Sports & Outdoors,4,24.99,8.0,480,15,11,38
2026-03-21,SKU-SPO-403,Heavy-Duty Resistance Bands Set,Sports & Outdoors,1,24.99,8.0,480,15,11,38
2026-03-22,SKU-SPO-403,Heavy-Duty Resistance Bands Set,Sports & Outdoors,0,24.99,8.0,480,15,11,38
2026-03-23,SKU-SPO-403,Heavy-Duty Resistance Bands Set,Sports & Outdoors,1,24.99,8.0,480,15,11,38
2026-03-24,SKU-SPO-403,Heavy-Duty Resistance Bands Set,Sports & Outdoors,4,24.99,8.0,480,15,11,38
2026-03-25,SKU-SPO-403,Heavy-Duty Resistance Bands Set,Sports & Outdoors,2,24.99,8.0,480,15,11,38
2026-03-26,SKU-SPO-403,Heavy-Duty Resistance Bands Set,Sports & Outdoors,1,24.99,8.0,480,15,11,38
2026-03-27,SKU-SPO-403,Heavy-Duty Resistance Bands Set,Sports & Outdoors,0,24.99,8.0,480,15,11,38
2026-03-28,SKU-SPO-403,Heavy-Duty Resistance Bands Set,Sports & Outdoors,3,24.99,8.0,480,15,11,38
2026-03-29,SKU-SPO-403,Heavy-Duty Resistance Bands Set,Sports & Outdoors,3,24.99,8.0,480,15,11,38
2026-03-30,SKU-SPO-403,Heavy-Duty Resistance Bands Set,Sports & Outdoors,0,24.99,8.0,480,15,11,38
2026-03-31,SKU-SPO-403,Heavy-Duty Resistance Bands Set,Sports & Outdoors,1,24.99,8.0,480,15,11,38
2026-04-01,SKU-SPO-403,Heavy-Duty Resistance Bands Set,Sports & Outdoors,1,24.99,8.0,480,15,11,38
2026-04-02,SKU-SPO-403,Heavy-Duty Resistance Bands Set,Sports & Outdoors,2,24.99,8.0,480,15,11,38
2026-04-03,SKU-SPO-403,Heavy-Duty Resistance Bands Set,Sports & Outdoors,3,24.99,8.0,480,15,11,38
2026-04-04,SKU-SPO-403,Heavy-Duty Resistance Bands Set,Sports & Outdoors,5,24.99,8.0,480,15,11,38
2026-04-05,SKU-SPO-403,Heavy-Duty Resistance Bands Set,Sports & Outdoors,0,24.99,8.0,480,15,11,38
2026-04-06,SKU-SPO-403,Heavy-Duty Resistance Bands Set,Sports & Outdoors,4,24.99,8.0,480,15,11,38
2026-04-07,SKU-SPO-403,Heavy-Duty Resistance Bands Set,Sports & Outdoors,1,24.99,8.0,480,15,11,38
2026-04-08,SKU-SPO-403,Heavy-Duty Resistance Bands Set,Sports & Outdoors,2,24.99,8.0,480,15,11,38
2026-04-09,SKU-SPO-403,Heavy-Duty Resistance Bands Set,Sports & Outdoors,2,24.99,8.0,480,15,11,38
2026-04-10,SKU-SPO-403,Heavy-Duty Resistance Bands Set,Sports & Outdoors,0,24.99,8.0,480,15,11,38
2026-04-11,SKU-SPO-403,Heavy-Duty Resistance Bands Set,Sports & Outdoors,1,24.99,8.0,480,15,11,38
2026-04-12,SKU-SPO-403,Heavy-Duty Resistance Bands Set,Sports & Outdoors,0,24.99,8.0,480,15,11,38
2026-04-13,SKU-SPO-403,Heavy-Duty Resistance Bands Set,Sports & Outdoors,3,24.99,8.0,480,15,11,38
2026-04-14,SKU-SPO-403,Heavy-Duty Resistance Bands Set,Sports & Outdoors,2,24.99,8.0,480,15,11,38
2026-04-15,SKU-SPO-403,Heavy-Duty Resistance Bands Set,Sports & Outdoors,1,24.99,8.0,480,15,11,38
2026-04-16,SKU-SPO-403,Heavy-Duty Resistance Bands Set,Sports & Outdoors,0,24.99,8.0,480,15,11,38
2026-04-17,SKU-SPO-403,Heavy-Duty Resistance Bands Set,Sports & Outdoors,0,24.99,8.0,480,15,11,38
2026-04-18,SKU-SPO-403,Heavy-Duty Resistance Bands Set,Sports & Outdoors,1,24.99,8.0,480,15,11,38
2026-04-19,SKU-SPO-403,Heavy-Duty Resistance Bands Set,Sports & Outdoors,3,24.99,8.0,480,15,11,38
2026-04-20,SKU-SPO-403,Heavy-Duty Resistance Bands Set,Sports & Outdoors,1,24.99,8.0,480,15,11,38
2026-04-21,SKU-SPO-403,Heavy-Duty Resistance Bands Set,Sports & Outdoors,2,24.99,8.0,480,15,11,38
2026-04-22,SKU-SPO-403,Heavy-Duty Resistance Bands Set,Sports & Outdoors,5,24.99,8.0,480,15,11,38
2026-04-23,SKU-SPO-403,Heavy-Duty Resistance Bands Set,Sports & Outdoors,0,24.99,8.0,480,15,11,38
2026-04-24,SKU-SPO-403,Heavy-Duty Resistance Bands Set,Sports & Outdoors,2,24.99,8.0,480,15,11,38
2026-04-25,SKU-SPO-403,Heavy-Duty Resistance Bands Set,Sports & Outdoors,4,24.99,8.0,480,15,11,38
2026-04-26,SKU-SPO-403,Heavy-Duty Resistance Bands Set,Sports & Outdoors,2,24.99,8.0,480,15,11,38
2026-04-27,SKU-SPO-403,Heavy-Duty Resistance Bands Set,Sports & Outdoors,1,24.99,8.0,480,15,11,38
2026-04-28,SKU-SPO-403,Heavy-Duty Resistance Bands Set,Sports & Outdoors,2,24.99,8.0,480,15,11,38
2026-04-29,SKU-SPO-403,Heavy-Duty Resistance Bands Set,Sports & Outdoors,2,24.99,8.0,480,15,11,38
2026-04-30,SKU-SPO-403,Heavy-Duty Resistance Bands Set,Sports & Outdoors,2,24.99,8.0,480,15,11,38
2026-05-01,SKU-SPO-403,Heavy-Duty Resistance Bands Set,Sports & Outdoors,1,24.99,8.0,480,15,11,38
2026-05-02,SKU-SPO-403,Heavy-Duty Resistance Bands Set,Sports & Outdoors,5,24.99,8.0,480,15,11,38
2026-05-03,SKU-SPO-403,Heavy-Duty Resistance Bands Set,Sports & Outdoors,4,24.99,8.0,480,15,11,38
2026-05-04,SKU-SPO-403,Heavy-Duty Resistance Bands Set,Sports & Outdoors,4,24.99,8.0,480,15,11,38
2026-05-05,SKU-SPO-403,Heavy-Duty Resistance Bands Set,Sports & Outdoors,1,24.99,8.0,480,15,11,38
2026-05-06,SKU-SPO-403,Heavy-Duty Resistance Bands Set,Sports & Outdoors,1,24.99,8.0,480,15,11,38
2026-05-07,SKU-SPO-403,Heavy-Duty Resistance Bands Set,Sports & Outdoors,2,24.99,8.0,480,15,11,38
2026-05-08,SKU-SPO-403,Heavy-Duty Resistance Bands Set,Sports & Outdoors,2,24.99,8.0,480,15,11,38
2026-05-09,SKU-SPO-403,Heavy-Duty Resistance Bands Set,Sports & Outdoors,1,24.99,8.0,480,15,11,38
2026-05-10,SKU-SPO-403,Heavy-Duty Resistance Bands Set,Sports & Outdoors,7,24.99,8.0,480,15,11,38
2026-05-11,SKU-SPO-403,Heavy-Duty Resistance Bands Set,Sports & Outdoors,2,24.99,8.0,480,15,11,38
2026-05-12,SKU-SPO-403,Heavy-Duty Resistance Bands Set,Sports & Outdoors,0,24.99,8.0,480,15,11,38
2026-05-13,SKU-SPO-403,Heavy-Duty Resistance Bands Set,Sports & Outdoors,1,24.99,8.0,480,15,11,38
2026-05-14,SKU-SPO-403,Heavy-Duty Resistance Bands Set,Sports & Outdoors,3,24.99,8.0,480,15,11,38
2026-05-15,SKU-SPO-403,Heavy-Duty Resistance Bands Set,Sports & Outdoors,2,24.99,8.0,480,15,11,38
2026-05-16,SKU-SPO-403,Heavy-Duty Resistance Bands Set,Sports & Outdoors,2,24.99,8.0,480,15,11,38
2026-05-17,SKU-SPO-403,Heavy-Duty Resistance Bands Set,Sports & Outdoors,1,24.99,8.0,480,15,11,38
2026-05-18,SKU-SPO-403,Heavy-Duty Resistance Bands Set,Sports & Outdoors,0,24.99,8.0,480,15,11,38
2026-05-19,SKU-SPO-403,Heavy-Duty Resistance Bands Set,Sports & Outdoors,3,24.99,8.0,480,15,11,38
2026-05-20,SKU-SPO-403,Heavy-Duty Resistance Bands Set,Sports & Outdoors,3,24.99,8.0,480,15,11,38
2026-05-21,SKU-SPO-403,Heavy-Duty Resistance Bands Set,Sports & Outdoors,2,24.99,8.0,480,15,11,38
2026-05-22,SKU-SPO-403,Heavy-Duty Resistance Bands Set,Sports & Outdoors,0,24.99,8.0,480,15,11,38
2026-05-23,SKU-SPO-403,Heavy-Duty Resistance Bands Set,Sports & Outdoors,2,24.99,8.0,480,15,11,38
2026-05-24,SKU-SPO-403,Heavy-Duty Resistance Bands Set,Sports & Outdoors,3,24.99,8.0,480,15,11,38
2026-05-25,SKU-SPO-403,Heavy-Duty Resistance Bands Set,Sports & Outdoors,1,24.99,8.0,480,15,11,38
2026-05-26,SKU-SPO-403,Heavy-Duty Resistance Bands Set,Sports & Outdoors,2,24.99,8.0,480,15,11,38
2026-05-27,SKU-SPO-403,Heavy-Duty Resistance Bands Set,Sports & Outdoors,5,24.99,8.0,480,15,11,38
2026-05-28,SKU-SPO-403,Heavy-Duty Resistance Bands Set,Sports & Outdoors,3,24.99,8.0,480,15,11,38
2026-05-29,SKU-SPO-403,Heavy-Duty Resistance Bands Set,Sports & Outdoors,4,24.99,8.0,480,15,11,38
2026-05-30,SKU-SPO-403,Heavy-Duty Resistance Bands Set,Sports & Outdoors,3,24.99,8.0,480,15,11,38
2026-05-31,SKU-SPO-403,Heavy-Duty Resistance Bands Set,Sports & Outdoors,1,24.99,8.0,480,15,11,38
2026-06-01,SKU-SPO-403,Heavy-Duty Resistance Bands Set,Sports & Outdoors,1,24.99,8.0,480,15,11,38
2026-06-02,SKU-SPO-403,Heavy-Duty Resistance Bands Set,Sports & Outdoors,1,24.99,8.0,480,15,11,38
2026-06-03,SKU-SPO-403,Heavy-Duty Resistance Bands Set,Sports & Outdoors,2,24.99,8.0,480,15,11,38
2026-06-04,SKU-SPO-403,Heavy-Duty Resistance Bands Set,Sports & Outdoors,4,24.99,8.0,480,15,11,38
2026-06-05,SKU-SPO-403,Heavy-Duty Resistance Bands Set,Sports & Outdoors,0,24.99,8.0,480,15,11,38
2026-06-06,SKU-SPO-403,Heavy-Duty Resistance Bands Set,Sports & Outdoors,0,24.99,8.0,480,15,11,38
2026-06-07,SKU-SPO-403,Heavy-Duty Resistance Bands Set,Sports & Outdoors,2,24.99,8.0,480,15,11,38
2026-06-08,SKU-SPO-403,Heavy-Duty Resistance Bands Set,Sports & Outdoors,1,24.99,8.0,480,15,11,38
2026-06-09,SKU-SPO-403,Heavy-Duty Resistance Bands Set,Sports & Outdoors,0,24.99,8.0,480,15,11,38
2026-06-10,SKU-SPO-403,Heavy-Duty Resistance Bands Set,Sports & Outdoors,2,24.99,8.0,480,15,11,38
2026-06-11,SKU-SPO-403,Heavy-Duty Resistance Bands Set,Sports & Outdoors,0,24.99,8.0,480,15,11,38
2026-06-12,SKU-SPO-403,Heavy-Duty Resistance Bands Set,Sports & Outdoors,1,24.99,8.0,480,15,11,38
2026-06-13,SKU-SPO-403,Heavy-Duty Resistance Bands Set,Sports & Outdoors,1,24.99,8.0,480,15,11,38
2026-06-14,SKU-SPO-403,Heavy-Duty Resistance Bands Set,Sports & Outdoors,5,24.99,8.0,480,15,11,38
2026-06-15,SKU-SPO-403,Heavy-Duty Resistance Bands Set,Sports & Outdoors,4,24.99,8.0,480,15,11,38
2026-06-16,SKU-SPO-403,Heavy-Duty Resistance Bands Set,Sports & Outdoors,2,24.99,8.0,480,15,11,38
2026-06-17,SKU-SPO-403,Heavy-Duty Resistance Bands Set,Sports & Outdoors,0,24.99,8.0,480,15,11,38
2026-06-18,SKU-SPO-403,Heavy-Duty Resistance Bands Set,Sports & Outdoors,0,24.99,8.0,480,15,11,38
2026-06-19,SKU-SPO-403,Heavy-Duty Resistance Bands Set,Sports & Outdoors,2,24.99,8.0,480,15,11,38
2026-06-20,SKU-SPO-403,Heavy-Duty Resistance Bands Set,Sports & Outdoors,3,24.99,8.0,480,15,11,38
2026-06-21,SKU-SPO-403,Heavy-Duty Resistance Bands Set,Sports & Outdoors,2,24.99,8.0,480,15,11,38
2026-06-22,SKU-SPO-403,Heavy-Duty Resistance Bands Set,Sports & Outdoors,3,24.99,8.0,480,15,11,38
2026-06-23,SKU-SPO-403,Heavy-Duty Resistance Bands Set,Sports & Outdoors,1,24.99,8.0,480,15,11,38
2026-06-24,SKU-SPO-403,Heavy-Duty Resistance Bands Set,Sports & Outdoors,4,24.99,8.0,480,15,11,38
2026-06-25,SKU-SPO-403,Heavy-Duty Resistance Bands Set,Sports & Outdoors,1,24.99,8.0,480,15,11,38
2026-06-26,SKU-SPO-403,Heavy-Duty Resistance Bands Set,Sports & Outdoors,2,24.99,8.0,480,15,11,38
2026-06-27,SKU-SPO-403,Heavy-Duty Resistance Bands Set,Sports & Outdoors,4,24.99,8.0,480,15,11,38
2026-06-28,SKU-SPO-403,Heavy-Duty Resistance Bands Set,Sports & Outdoors,4,24.99,8.0,480,15,11,38
2026-06-29,SKU-SPO-403,Heavy-Duty Resistance Bands Set,Sports & Outdoors,2,24.99,8.0,480,15,11,38
2026-06-30,SKU-SPO-403,Heavy-Duty Resistance Bands Set,Sports & Outdoors,2,24.99,8.0,480,15,11,38
2026-07-01,SKU-SPO-403,Heavy-Duty Resistance Bands Set,Sports & Outdoors,0,24.99,8.0,480,15,11,38
2026-07-02,SKU-SPO-403,Heavy-Duty Resistance Bands Set,Sports & Outdoors,0,24.99,8.0,480,15,11,38
2026-07-03,SKU-SPO-403,Heavy-Duty Resistance Bands Set,Sports & Outdoors,1,24.99,8.0,480,15,11,38
2026-07-04,SKU-SPO-403,Heavy-Duty Resistance Bands Set,Sports & Outdoors,1,24.99,8.0,480,15,11,38
2026-07-05,SKU-SPO-403,Heavy-Duty Resistance Bands Set,Sports & Outdoors,1,24.99,8.0,480,15,11,38
2026-07-06,SKU-SPO-403,Heavy-Duty Resistance Bands Set,Sports & Outdoors,3,24.99,8.0,480,15,11,38
2026-07-07,SKU-SPO-403,Heavy-Duty Resistance Bands Set,Sports & Outdoors,1,24.99,8.0,480,15,11,38
2026-07-08,SKU-SPO-403,Heavy-Duty Resistance Bands Set,Sports & Outdoors,2,24.99,8.0,480,15,11,38
2026-07-09,SKU-SPO-403,Heavy-Duty Resistance Bands Set,Sports & Outdoors,2,24.99,8.0,480,15,11,38
2026-07-10,SKU-SPO-403,Heavy-Duty Resistance Bands Set,Sports & Outdoors,1,24.99,8.0,480,15,11,38
2026-07-11,SKU-SPO-403,Heavy-Duty Resistance Bands Set,Sports & Outdoors,4,24.99,8.0,480,15,11,38
2026-07-12,SKU-SPO-403,Heavy-Duty Resistance Bands Set,Sports & Outdoors,4,24.99,8.0,480,15,11,38
2026-07-13,SKU-SPO-403,Heavy-Duty Resistance Bands Set,Sports & Outdoors,2,24.99,8.0,480,15,11,38
2026-07-14,SKU-SPO-403,Heavy-Duty Resistance Bands Set,Sports & Outdoors,3,24.99,8.0,480,15,11,38
2026-07-15,SKU-SPO-403,Heavy-Duty Resistance Bands Set,Sports & Outdoors,2,24.99,8.0,480,15,11,38
2026-07-16,SKU-SPO-403,Heavy-Duty Resistance Bands Set,Sports & Outdoors,0,24.99,8.0,480,15,11,38
2026-07-17,SKU-SPO-403,Heavy-Duty Resistance Bands Set,Sports & Outdoors,0,24.99,8.0,480,15,11,38
2026-07-18,SKU-SPO-403,Heavy-Duty Resistance Bands Set,Sports & Outdoors,1,24.99,8.0,480,15,11,38
2026-07-19,SKU-SPO-403,Heavy-Duty Resistance Bands Set,Sports & Outdoors,4,24.99,8.0,480,15,11,38
2026-07-20,SKU-SPO-403,Heavy-Duty Resistance Bands Set,Sports & Outdoors,1,24.99,8.0,480,15,11,38
2026-07-21,SKU-SPO-403,Heavy-Duty Resistance Bands Set,Sports & Outdoors,1,24.99,8.0,480,15,11,38
2026-07-22,SKU-SPO-403,Heavy-Duty Resistance Bands Set,Sports & Outdoors,2,24.99,8.0,480,15,11,38
2026-07-23,SKU-SPO-403,Heavy-Duty Resistance Bands Set,Sports & Outdoors,1,24.99,8.0,480,15,11,38
2026-07-24,SKU-SPO-403,Heavy-Duty Resistance Bands Set,Sports & Outdoors,2,24.99,8.0,480,15,11,38
2026-07-25,SKU-SPO-403,Heavy-Duty Resistance Bands Set,Sports & Outdoors,1,24.99,8.0,480,15,11,38
2026-07-26,SKU-SPO-403,Heavy-Duty Resistance Bands Set,Sports & Outdoors,5,24.99,8.0,480,15,11,38
2026-07-27,SKU-SPO-403,Heavy-Duty Resistance Bands Set,Sports & Outdoors,0,24.99,8.0,480,15,11,38
2026-07-28,SKU-SPO-403,Heavy-Duty Resistance Bands Set,Sports & Outdoors,3,24.99,8.0,480,15,11,38
2026-07-29,SKU-SPO-403,Heavy-Duty Resistance Bands Set,Sports & Outdoors,2,24.99,8.0,480,15,11,38
2026-07-30,SKU-SPO-403,Heavy-Duty Resistance Bands Set,Sports & Outdoors,1,24.99,8.0,480,15,11,38
2026-07-31,SKU-SPO-403,Heavy-Duty Resistance Bands Set,Sports & Outdoors,1,24.99,8.0,480,15,11,38
2026-08-01,SKU-SPO-403,Heavy-Duty Resistance Bands Set,Sports & Outdoors,4,24.99,8.0,480,15,11,38
2026-08-02,SKU-SPO-403,Heavy-Duty Resistance Bands Set,Sports & Outdoors,1,24.99,8.0,480,15,11,38
2026-08-03,SKU-SPO-403,Heavy-Duty Resistance Bands Set,Sports & Outdoors,1,24.99,8.0,480,15,11,38
2026-08-04,SKU-SPO-403,Heavy-Duty Resistance Bands Set,Sports & Outdoors,2,24.99,8.0,480,15,11,38
2026-08-05,SKU-SPO-403,Heavy-Duty Resistance Bands Set,Sports & Outdoors,3,24.99,8.0,480,15,11,38
2026-08-06,SKU-SPO-403,Heavy-Duty Resistance Bands Set,Sports & Outdoors,3,24.99,8.0,480,15,11,38
2026-08-07,SKU-SPO-403,Heavy-Duty Resistance Bands Set,Sports & Outdoors,2,24.99,8.0,480,15,11,38
2026-08-08,SKU-SPO-403,Heavy-Duty Resistance Bands Set,Sports & Outdoors,3,24.99,8.0,480,15,11,38
2026-08-09,SKU-SPO-403,Heavy-Duty Resistance Bands Set,Sports & Outdoors,1,24.99,8.0,480,15,11,38
2026-08-10,SKU-SPO-403,Heavy-Duty Resistance Bands Set,Sports & Outdoors,0,24.99,8.0,480,15,11,38
2026-08-11,SKU-SPO-403,Heavy-Duty Resistance Bands Set,Sports & Outdoors,2,24.99,8.0,480,15,11,38
2026-08-12,SKU-SPO-403,Heavy-Duty Resistance Bands Set,Sports & Outdoors,4,24.99,8.0,480,15,11,38
2026-08-13,SKU-SPO-403,Heavy-Duty Resistance Bands Set,Sports & Outdoors,1,24.99,8.0,480,15,11,38
2026-08-14,SKU-SPO-403,Heavy-Duty Resistance Bands Set,Sports & Outdoors,1,24.99,8.0,480,15,11,38
2026-08-15,SKU-SPO-403,Heavy-Duty Resistance Bands Set,Sports & Outdoors,2,24.99,8.0,480,15,11,38
2026-08-16,SKU-SPO-403,Heavy-Duty Resistance Bands Set,Sports & Outdoors,2,24.99,8.0,480,15,11,38
2026-08-17,SKU-SPO-403,Heavy-Duty Resistance Bands Set,Sports & Outdoors,1,24.99,8.0,480,15,11,38
2026-08-18,SKU-SPO-403,Heavy-Duty Resistance Bands Set,Sports & Outdoors,2,24.99,8.0,480,15,11,38
2026-08-19,SKU-SPO-403,Heavy-Duty Resistance Bands Set,Sports & Outdoors,5,24.99,8.0,480,15,11,38
2026-08-20,SKU-SPO-403,Heavy-Duty Resistance Bands Set,Sports & Outdoors,2,24.99,8.0,480,15,11,38
2026-08-21,SKU-SPO-403,Heavy-Duty Resistance Bands Set,Sports & Outdoors,1,24.99,8.0,480,15,11,38
2026-08-22,SKU-SPO-403,Heavy-Duty Resistance Bands Set,Sports & Outdoors,0,24.99,8.0,480,15,11,38
2026-08-23,SKU-SPO-403,Heavy-Duty Resistance Bands Set,Sports & Outdoors,1,24.99,8.0,480,15,11,38
2026-08-24,SKU-SPO-403,Heavy-Duty Resistance Bands Set,Sports & Outdoors,4,24.99,8.0,480,15,11,38
2026-08-25,SKU-SPO-403,Heavy-Duty Resistance Bands Set,Sports & Outdoors,2,24.99,8.0,480,15,11,38
2026-08-26,SKU-SPO-403,Heavy-Duty Resistance Bands Set,Sports & Outdoors,0,24.99,8.0,480,15,11,38
2026-08-27,SKU-SPO-403,Heavy-Duty Resistance Bands Set,Sports & Outdoors,1,24.99,8.0,480,15,11,38
2026-03-01,SKU-SPO-404,Ultralight Backpacking Tent 2-Person,Sports & Outdoors,0,199.99,98.0,75,28,4,15
2026-03-02,SKU-SPO-404,Ultralight Backpacking Tent 2-Person,Sports & Outdoors,0,199.99,98.0,75,28,4,15
2026-03-03,SKU-SPO-404,Ultralight Backpacking Tent 2-Person,Sports & Outdoors,0,199.99,98.0,75,28,4,15
2026-03-04,SKU-SPO-404,Ultralight Backpacking Tent 2-Person,Sports & Outdoors,0,199.99,98.0,75,28,4,15
2026-03-05,SKU-SPO-404,Ultralight Backpacking Tent 2-Person,Sports & Outdoors,0,199.99,98.0,75,28,4,15
2026-03-06,SKU-SPO-404,Ultralight Backpacking Tent 2-Person,Sports & Outdoors,0,199.99,98.0,75,28,4,15
2026-03-07,SKU-SPO-404,Ultralight Backpacking Tent 2-Person,Sports & Outdoors,1,199.99,98.0,75,28,4,15
2026-03-08,SKU-SPO-404,Ultralight Backpacking Tent 2-Person,Sports & Outdoors,0,199.99,98.0,75,28,4,15
2026-03-09,SKU-SPO-404,Ultralight Backpacking Tent 2-Person,Sports & Outdoors,0,199.99,98.0,75,28,4,15
2026-03-10,SKU-SPO-404,Ultralight Backpacking Tent 2-Person,Sports & Outdoors,0,199.99,98.0,75,28,4,15
2026-03-11,SKU-SPO-404,Ultralight Backpacking Tent 2-Person,Sports & Outdoors,0,199.99,98.0,75,28,4,15
2026-03-12,SKU-SPO-404,Ultralight Backpacking Tent 2-Person,Sports & Outdoors,1,199.99,98.0,75,28,4,15
2026-03-13,SKU-SPO-404,Ultralight Backpacking Tent 2-Person,Sports & Outdoors,0,199.99,98.0,75,28,4,15
2026-03-14,SKU-SPO-404,Ultralight Backpacking Tent 2-Person,Sports & Outdoors,0,199.99,98.0,75,28,4,15
2026-03-15,SKU-SPO-404,Ultralight Backpacking Tent 2-Person,Sports & Outdoors,0,199.99,98.0,75,28,4,15
2026-03-16,SKU-SPO-404,Ultralight Backpacking Tent 2-Person,Sports & Outdoors,0,199.99,98.0,75,28,4,15
2026-03-17,SKU-SPO-404,Ultralight Backpacking Tent 2-Person,Sports & Outdoors,0,199.99,98.0,75,28,4,15
2026-03-18,SKU-SPO-404,Ultralight Backpacking Tent 2-Person,Sports & Outdoors,0,199.99,98.0,75,28,4,15
2026-03-19,SKU-SPO-404,Ultralight Backpacking Tent 2-Person,Sports & Outdoors,0,199.99,98.0,75,28,4,15
2026-03-20,SKU-SPO-404,Ultralight Backpacking Tent 2-Person,Sports & Outdoors,0,199.99,98.0,75,28,4,15
2026-03-21,SKU-SPO-404,Ultralight Backpacking Tent 2-Person,Sports & Outdoors,1,199.99,98.0,75,28,4,15
2026-03-22,SKU-SPO-404,Ultralight Backpacking Tent 2-Person,Sports & Outdoors,0,199.99,98.0,75,28,4,15
2026-03-23,SKU-SPO-404,Ultralight Backpacking Tent 2-Person,Sports & Outdoors,0,199.99,98.0,75,28,4,15
2026-03-24,SKU-SPO-404,Ultralight Backpacking Tent 2-Person,Sports & Outdoors,0,199.99,98.0,75,28,4,15
2026-03-25,SKU-SPO-404,Ultralight Backpacking Tent 2-Person,Sports & Outdoors,0,199.99,98.0,75,28,4,15
2026-03-26,SKU-SPO-404,Ultralight Backpacking Tent 2-Person,Sports & Outdoors,0,199.99,98.0,75,28,4,15
2026-03-27,SKU-SPO-404,Ultralight Backpacking Tent 2-Person,Sports & Outdoors,0,199.99,98.0,75,28,4,15
2026-03-28,SKU-SPO-404,Ultralight Backpacking Tent 2-Person,Sports & Outdoors,0,199.99,98.0,75,28,4,15
2026-03-29,SKU-SPO-404,Ultralight Backpacking Tent 2-Person,Sports & Outdoors,0,199.99,98.0,75,28,4,15
2026-03-30,SKU-SPO-404,Ultralight Backpacking Tent 2-Person,Sports & Outdoors,0,199.99,98.0,75,28,4,15
2026-03-31,SKU-SPO-404,Ultralight Backpacking Tent 2-Person,Sports & Outdoors,0,199.99,98.0,75,28,4,15
2026-04-01,SKU-SPO-404,Ultralight Backpacking Tent 2-Person,Sports & Outdoors,0,199.99,98.0,75,28,4,15
2026-04-02,SKU-SPO-404,Ultralight Backpacking Tent 2-Person,Sports & Outdoors,0,199.99,98.0,75,28,4,15
2026-04-03,SKU-SPO-404,Ultralight Backpacking Tent 2-Person,Sports & Outdoors,0,199.99,98.0,75,28,4,15
2026-04-04,SKU-SPO-404,Ultralight Backpacking Tent 2-Person,Sports & Outdoors,0,199.99,98.0,75,28,4,15
2026-04-05,SKU-SPO-404,Ultralight Backpacking Tent 2-Person,Sports & Outdoors,1,199.99,98.0,75,28,4,15
2026-04-06,SKU-SPO-404,Ultralight Backpacking Tent 2-Person,Sports & Outdoors,0,199.99,98.0,75,28,4,15
2026-04-07,SKU-SPO-404,Ultralight Backpacking Tent 2-Person,Sports & Outdoors,0,199.99,98.0,75,28,4,15
2026-04-08,SKU-SPO-404,Ultralight Backpacking Tent 2-Person,Sports & Outdoors,0,199.99,98.0,75,28,4,15
2026-04-09,SKU-SPO-404,Ultralight Backpacking Tent 2-Person,Sports & Outdoors,0,199.99,98.0,75,28,4,15
2026-04-10,SKU-SPO-404,Ultralight Backpacking Tent 2-Person,Sports & Outdoors,0,199.99,98.0,75,28,4,15
2026-04-11,SKU-SPO-404,Ultralight Backpacking Tent 2-Person,Sports & Outdoors,0,199.99,98.0,75,28,4,15
2026-04-12,SKU-SPO-404,Ultralight Backpacking Tent 2-Person,Sports & Outdoors,0,199.99,98.0,75,28,4,15
2026-04-13,SKU-SPO-404,Ultralight Backpacking Tent 2-Person,Sports & Outdoors,0,199.99,98.0,75,28,4,15
2026-04-14,SKU-SPO-404,Ultralight Backpacking Tent 2-Person,Sports & Outdoors,0,199.99,98.0,75,28,4,15
2026-04-15,SKU-SPO-404,Ultralight Backpacking Tent 2-Person,Sports & Outdoors,0,199.99,98.0,75,28,4,15
2026-04-16,SKU-SPO-404,Ultralight Backpacking Tent 2-Person,Sports & Outdoors,0,199.99,98.0,75,28,4,15
2026-04-17,SKU-SPO-404,Ultralight Backpacking Tent 2-Person,Sports & Outdoors,0,199.99,98.0,75,28,4,15
2026-04-18,SKU-SPO-404,Ultralight Backpacking Tent 2-Person,Sports & Outdoors,0,199.99,98.0,75,28,4,15
2026-04-19,SKU-SPO-404,Ultralight Backpacking Tent 2-Person,Sports & Outdoors,1,199.99,98.0,75,28,4,15
2026-04-20,SKU-SPO-404,Ultralight Backpacking Tent 2-Person,Sports & Outdoors,0,199.99,98.0,75,28,4,15
2026-04-21,SKU-SPO-404,Ultralight Backpacking Tent 2-Person,Sports & Outdoors,0,199.99,98.0,75,28,4,15
2026-04-22,SKU-SPO-404,Ultralight Backpacking Tent 2-Person,Sports & Outdoors,0,199.99,98.0,75,28,4,15
2026-04-23,SKU-SPO-404,Ultralight Backpacking Tent 2-Person,Sports & Outdoors,0,199.99,98.0,75,28,4,15
2026-04-24,SKU-SPO-404,Ultralight Backpacking Tent 2-Person,Sports & Outdoors,0,199.99,98.0,75,28,4,15
2026-04-25,SKU-SPO-404,Ultralight Backpacking Tent 2-Person,Sports & Outdoors,0,199.99,98.0,75,28,4,15
2026-04-26,SKU-SPO-404,Ultralight Backpacking Tent 2-Person,Sports & Outdoors,0,199.99,98.0,75,28,4,15
2026-04-27,SKU-SPO-404,Ultralight Backpacking Tent 2-Person,Sports & Outdoors,1,199.99,98.0,75,28,4,15
2026-04-28,SKU-SPO-404,Ultralight Backpacking Tent 2-Person,Sports & Outdoors,0,199.99,98.0,75,28,4,15
2026-04-29,SKU-SPO-404,Ultralight Backpacking Tent 2-Person,Sports & Outdoors,0,199.99,98.0,75,28,4,15
2026-04-30,SKU-SPO-404,Ultralight Backpacking Tent 2-Person,Sports & Outdoors,0,199.99,98.0,75,28,4,15
2026-05-01,SKU-SPO-404,Ultralight Backpacking Tent 2-Person,Sports & Outdoors,0,199.99,98.0,75,28,4,15
2026-05-02,SKU-SPO-404,Ultralight Backpacking Tent 2-Person,Sports & Outdoors,0,199.99,98.0,75,28,4,15
2026-05-03,SKU-SPO-404,Ultralight Backpacking Tent 2-Person,Sports & Outdoors,0,199.99,98.0,75,28,4,15
2026-05-04,SKU-SPO-404,Ultralight Backpacking Tent 2-Person,Sports & Outdoors,0,199.99,98.0,75,28,4,15
2026-05-05,SKU-SPO-404,Ultralight Backpacking Tent 2-Person,Sports & Outdoors,0,199.99,98.0,75,28,4,15
2026-05-06,SKU-SPO-404,Ultralight Backpacking Tent 2-Person,Sports & Outdoors,0,199.99,98.0,75,28,4,15
2026-05-07,SKU-SPO-404,Ultralight Backpacking Tent 2-Person,Sports & Outdoors,0,199.99,98.0,75,28,4,15
2026-05-08,SKU-SPO-404,Ultralight Backpacking Tent 2-Person,Sports & Outdoors,0,199.99,98.0,75,28,4,15
2026-05-09,SKU-SPO-404,Ultralight Backpacking Tent 2-Person,Sports & Outdoors,0,199.99,98.0,75,28,4,15
2026-05-10,SKU-SPO-404,Ultralight Backpacking Tent 2-Person,Sports & Outdoors,0,199.99,98.0,75,28,4,15
2026-05-11,SKU-SPO-404,Ultralight Backpacking Tent 2-Person,Sports & Outdoors,0,199.99,98.0,75,28,4,15
2026-05-12,SKU-SPO-404,Ultralight Backpacking Tent 2-Person,Sports & Outdoors,0,199.99,98.0,75,28,4,15
2026-05-13,SKU-SPO-404,Ultralight Backpacking Tent 2-Person,Sports & Outdoors,1,199.99,98.0,75,28,4,15
2026-05-14,SKU-SPO-404,Ultralight Backpacking Tent 2-Person,Sports & Outdoors,0,199.99,98.0,75,28,4,15
2026-05-15,SKU-SPO-404,Ultralight Backpacking Tent 2-Person,Sports & Outdoors,1,199.99,98.0,75,28,4,15
2026-05-16,SKU-SPO-404,Ultralight Backpacking Tent 2-Person,Sports & Outdoors,0,199.99,98.0,75,28,4,15
2026-05-17,SKU-SPO-404,Ultralight Backpacking Tent 2-Person,Sports & Outdoors,0,199.99,98.0,75,28,4,15
2026-05-18,SKU-SPO-404,Ultralight Backpacking Tent 2-Person,Sports & Outdoors,0,199.99,98.0,75,28,4,15
2026-05-19,SKU-SPO-404,Ultralight Backpacking Tent 2-Person,Sports & Outdoors,1,199.99,98.0,75,28,4,15
2026-05-20,SKU-SPO-404,Ultralight Backpacking Tent 2-Person,Sports & Outdoors,0,199.99,98.0,75,28,4,15
2026-05-21,SKU-SPO-404,Ultralight Backpacking Tent 2-Person,Sports & Outdoors,0,199.99,98.0,75,28,4,15
2026-05-22,SKU-SPO-404,Ultralight Backpacking Tent 2-Person,Sports & Outdoors,0,199.99,98.0,75,28,4,15
2026-05-23,SKU-SPO-404,Ultralight Backpacking Tent 2-Person,Sports & Outdoors,0,199.99,98.0,75,28,4,15
2026-05-24,SKU-SPO-404,Ultralight Backpacking Tent 2-Person,Sports & Outdoors,0,199.99,98.0,75,28,4,15
2026-05-25,SKU-SPO-404,Ultralight Backpacking Tent 2-Person,Sports & Outdoors,0,199.99,98.0,75,28,4,15
2026-05-26,SKU-SPO-404,Ultralight Backpacking Tent 2-Person,Sports & Outdoors,0,199.99,98.0,75,28,4,15
2026-05-27,SKU-SPO-404,Ultralight Backpacking Tent 2-Person,Sports & Outdoors,0,199.99,98.0,75,28,4,15
2026-05-28,SKU-SPO-404,Ultralight Backpacking Tent 2-Person,Sports & Outdoors,0,199.99,98.0,75,28,4,15
2026-05-29,SKU-SPO-404,Ultralight Backpacking Tent 2-Person,Sports & Outdoors,0,199.99,98.0,75,28,4,15
2026-05-30,SKU-SPO-404,Ultralight Backpacking Tent 2-Person,Sports & Outdoors,0,199.99,98.0,75,28,4,15
2026-05-31,SKU-SPO-404,Ultralight Backpacking Tent 2-Person,Sports & Outdoors,0,199.99,98.0,75,28,4,15
2026-06-01,SKU-SPO-404,Ultralight Backpacking Tent 2-Person,Sports & Outdoors,0,199.99,98.0,75,28,4,15
2026-06-02,SKU-SPO-404,Ultralight Backpacking Tent 2-Person,Sports & Outdoors,0,199.99,98.0,75,28,4,15
2026-06-03,SKU-SPO-404,Ultralight Backpacking Tent 2-Person,Sports & Outdoors,0,199.99,98.0,75,28,4,15
2026-06-04,SKU-SPO-404,Ultralight Backpacking Tent 2-Person,Sports & Outdoors,0,199.99,98.0,75,28,4,15
2026-06-05,SKU-SPO-404,Ultralight Backpacking Tent 2-Person,Sports & Outdoors,0,199.99,98.0,75,28,4,15
2026-06-06,SKU-SPO-404,Ultralight Backpacking Tent 2-Person,Sports & Outdoors,0,199.99,98.0,75,28,4,15
2026-06-07,SKU-SPO-404,Ultralight Backpacking Tent 2-Person,Sports & Outdoors,0,199.99,98.0,75,28,4,15
2026-06-08,SKU-SPO-404,Ultralight Backpacking Tent 2-Person,Sports & Outdoors,0,199.99,98.0,75,28,4,15
2026-06-09,SKU-SPO-404,Ultralight Backpacking Tent 2-Person,Sports & Outdoors,1,199.99,98.0,75,28,4,15
2026-06-10,SKU-SPO-404,Ultralight Backpacking Tent 2-Person,Sports & Outdoors,0,199.99,98.0,75,28,4,15
2026-06-11,SKU-SPO-404,Ultralight Backpacking Tent 2-Person,Sports & Outdoors,0,199.99,98.0,75,28,4,15
2026-06-12,SKU-SPO-404,Ultralight Backpacking Tent 2-Person,Sports & Outdoors,0,199.99,98.0,75,28,4,15
2026-06-13,SKU-SPO-404,Ultralight Backpacking Tent 2-Person,Sports & Outdoors,0,199.99,98.0,75,28,4,15
2026-06-14,SKU-SPO-404,Ultralight Backpacking Tent 2-Person,Sports & Outdoors,0,199.99,98.0,75,28,4,15
2026-06-15,SKU-SPO-404,Ultralight Backpacking Tent 2-Person,Sports & Outdoors,0,199.99,98.0,75,28,4,15
2026-06-16,SKU-SPO-404,Ultralight Backpacking Tent 2-Person,Sports & Outdoors,0,199.99,98.0,75,28,4,15
2026-06-17,SKU-SPO-404,Ultralight Backpacking Tent 2-Person,Sports & Outdoors,0,199.99,98.0,75,28,4,15
2026-06-18,SKU-SPO-404,Ultralight Backpacking Tent 2-Person,Sports & Outdoors,0,199.99,98.0,75,28,4,15
2026-06-19,SKU-SPO-404,Ultralight Backpacking Tent 2-Person,Sports & Outdoors,0,199.99,98.0,75,28,4,15
2026-06-20,SKU-SPO-404,Ultralight Backpacking Tent 2-Person,Sports & Outdoors,0,199.99,98.0,75,28,4,15
2026-06-21,SKU-SPO-404,Ultralight Backpacking Tent 2-Person,Sports & Outdoors,0,199.99,98.0,75,28,4,15
2026-06-22,SKU-SPO-404,Ultralight Backpacking Tent 2-Person,Sports & Outdoors,0,199.99,98.0,75,28,4,15
2026-06-23,SKU-SPO-404,Ultralight Backpacking Tent 2-Person,Sports & Outdoors,0,199.99,98.0,75,28,4,15
2026-06-24,SKU-SPO-404,Ultralight Backpacking Tent 2-Person,Sports & Outdoors,0,199.99,98.0,75,28,4,15
2026-06-25,SKU-SPO-404,Ultralight Backpacking Tent 2-Person,Sports & Outdoors,1,199.99,98.0,75,28,4,15
2026-06-26,SKU-SPO-404,Ultralight Backpacking Tent 2-Person,Sports & Outdoors,0,199.99,98.0,75,28,4,15
2026-06-27,SKU-SPO-404,Ultralight Backpacking Tent 2-Person,Sports & Outdoors,0,199.99,98.0,75,28,4,15
2026-06-28,SKU-SPO-404,Ultralight Backpacking Tent 2-Person,Sports & Outdoors,1,199.99,98.0,75,28,4,15
2026-06-29,SKU-SPO-404,Ultralight Backpacking Tent 2-Person,Sports & Outdoors,0,199.99,98.0,75,28,4,15
2026-06-30,SKU-SPO-404,Ultralight Backpacking Tent 2-Person,Sports & Outdoors,0,199.99,98.0,75,28,4,15
2026-07-01,SKU-SPO-404,Ultralight Backpacking Tent 2-Person,Sports & Outdoors,0,199.99,98.0,75,28,4,15
2026-07-02,SKU-SPO-404,Ultralight Backpacking Tent 2-Person,Sports & Outdoors,0,199.99,98.0,75,28,4,15
2026-07-03,SKU-SPO-404,Ultralight Backpacking Tent 2-Person,Sports & Outdoors,1,199.99,98.0,75,28,4,15
2026-07-04,SKU-SPO-404,Ultralight Backpacking Tent 2-Person,Sports & Outdoors,2,199.99,98.0,75,28,4,15
2026-07-05,SKU-SPO-404,Ultralight Backpacking Tent 2-Person,Sports & Outdoors,0,199.99,98.0,75,28,4,15
2026-07-06,SKU-SPO-404,Ultralight Backpacking Tent 2-Person,Sports & Outdoors,0,199.99,98.0,75,28,4,15
2026-07-07,SKU-SPO-404,Ultralight Backpacking Tent 2-Person,Sports & Outdoors,0,199.99,98.0,75,28,4,15
2026-07-08,SKU-SPO-404,Ultralight Backpacking Tent 2-Person,Sports & Outdoors,1,199.99,98.0,75,28,4,15
2026-07-09,SKU-SPO-404,Ultralight Backpacking Tent 2-Person,Sports & Outdoors,0,199.99,98.0,75,28,4,15
2026-07-10,SKU-SPO-404,Ultralight Backpacking Tent 2-Person,Sports & Outdoors,0,199.99,98.0,75,28,4,15
2026-07-11,SKU-SPO-404,Ultralight Backpacking Tent 2-Person,Sports & Outdoors,0,199.99,98.0,75,28,4,15
2026-07-12,SKU-SPO-404,Ultralight Backpacking Tent 2-Person,Sports & Outdoors,0,199.99,98.0,75,28,4,15
2026-07-13,SKU-SPO-404,Ultralight Backpacking Tent 2-Person,Sports & Outdoors,2,199.99,98.0,75,28,4,15
2026-07-14,SKU-SPO-404,Ultralight Backpacking Tent 2-Person,Sports & Outdoors,0,199.99,98.0,75,28,4,15
2026-07-15,SKU-SPO-404,Ultralight Backpacking Tent 2-Person,Sports & Outdoors,0,199.99,98.0,75,28,4,15
2026-07-16,SKU-SPO-404,Ultralight Backpacking Tent 2-Person,Sports & Outdoors,0,199.99,98.0,75,28,4,15
2026-07-17,SKU-SPO-404,Ultralight Backpacking Tent 2-Person,Sports & Outdoors,0,199.99,98.0,75,28,4,15
2026-07-18,SKU-SPO-404,Ultralight Backpacking Tent 2-Person,Sports & Outdoors,0,199.99,98.0,75,28,4,15
2026-07-19,SKU-SPO-404,Ultralight Backpacking Tent 2-Person,Sports & Outdoors,0,199.99,98.0,75,28,4,15
2026-07-20,SKU-SPO-404,Ultralight Backpacking Tent 2-Person,Sports & Outdoors,0,199.99,98.0,75,28,4,15
2026-07-21,SKU-SPO-404,Ultralight Backpacking Tent 2-Person,Sports & Outdoors,0,199.99,98.0,75,28,4,15
2026-07-22,SKU-SPO-404,Ultralight Backpacking Tent 2-Person,Sports & Outdoors,0,199.99,98.0,75,28,4,15
2026-07-23,SKU-SPO-404,Ultralight Backpacking Tent 2-Person,Sports & Outdoors,0,199.99,98.0,75,28,4,15
2026-07-24,SKU-SPO-404,Ultralight Backpacking Tent 2-Person,Sports & Outdoors,0,199.99,98.0,75,28,4,15
2026-07-25,SKU-SPO-404,Ultralight Backpacking Tent 2-Person,Sports & Outdoors,0,199.99,98.0,75,28,4,15
2026-07-26,SKU-SPO-404,Ultralight Backpacking Tent 2-Person,Sports & Outdoors,0,199.99,98.0,75,28,4,15
2026-07-27,SKU-SPO-404,Ultralight Backpacking Tent 2-Person,Sports & Outdoors,0,199.99,98.0,75,28,4,15
2026-07-28,SKU-SPO-404,Ultralight Backpacking Tent 2-Person,Sports & Outdoors,0,199.99,98.0,75,28,4,15
2026-07-29,SKU-SPO-404,Ultralight Backpacking Tent 2-Person,Sports & Outdoors,0,199.99,98.0,75,28,4,15
2026-07-30,SKU-SPO-404,Ultralight Backpacking Tent 2-Person,Sports & Outdoors,0,199.99,98.0,75,28,4,15
2026-07-31,SKU-SPO-404,Ultralight Backpacking Tent 2-Person,Sports & Outdoors,0,199.99,98.0,75,28,4,15
2026-08-01,SKU-SPO-404,Ultralight Backpacking Tent 2-Person,Sports & Outdoors,0,199.99,98.0,75,28,4,15
2026-08-02,SKU-SPO-404,Ultralight Backpacking Tent 2-Person,Sports & Outdoors,1,199.99,98.0,75,28,4,15
2026-08-03,SKU-SPO-404,Ultralight Backpacking Tent 2-Person,Sports & Outdoors,0,199.99,98.0,75,28,4,15
2026-08-04,SKU-SPO-404,Ultralight Backpacking Tent 2-Person,Sports & Outdoors,0,199.99,98.0,75,28,4,15
2026-08-05,SKU-SPO-404,Ultralight Backpacking Tent 2-Person,Sports & Outdoors,1,199.99,98.0,75,28,4,15
2026-08-06,SKU-SPO-404,Ultralight Backpacking Tent 2-Person,Sports & Outdoors,0,199.99,98.0,75,28,4,15
2026-08-07,SKU-SPO-404,Ultralight Backpacking Tent 2-Person,Sports & Outdoors,0,199.99,98.0,75,28,4,15
2026-08-08,SKU-SPO-404,Ultralight Backpacking Tent 2-Person,Sports & Outdoors,0,199.99,98.0,75,28,4,15
2026-08-09,SKU-SPO-404,Ultralight Backpacking Tent 2-Person,Sports & Outdoors,0,199.99,98.0,75,28,4,15
2026-08-10,SKU-SPO-404,Ultralight Backpacking Tent 2-Person,Sports & Outdoors,0,199.99,98.0,75,28,4,15
2026-08-11,SKU-SPO-404,Ultralight Backpacking Tent 2-Person,Sports & Outdoors,1,199.99,98.0,75,28,4,15
2026-08-12,SKU-SPO-404,Ultralight Backpacking Tent 2-Person,Sports & Outdoors,0,199.99,98.0,75,28,4,15
2026-08-13,SKU-SPO-404,Ultralight Backpacking Tent 2-Person,Sports & Outdoors,0,199.99,98.0,75,28,4,15
2026-08-14,SKU-SPO-404,Ultralight Backpacking Tent 2-Person,Sports & Outdoors,0,199.99,98.0,75,28,4,15
2026-08-15,SKU-SPO-404,Ultralight Backpacking Tent 2-Person,Sports & Outdoors,0,199.99,98.0,75,28,4,15
2026-08-16,SKU-SPO-404,Ultralight Backpacking Tent 2-Person,Sports & Outdoors,0,199.99,98.0,75,28,4,15
2026-08-17,SKU-SPO-404,Ultralight Backpacking Tent 2-Person,Sports & Outdoors,0,199.99,98.0,75,28,4,15
2026-08-18,SKU-SPO-404,Ultralight Backpacking Tent 2-Person,Sports & Outdoors,0,199.99,98.0,75,28,4,15
2026-08-19,SKU-SPO-404,Ultralight Backpacking Tent 2-Person,Sports & Outdoors,0,199.99,98.0,75,28,4,15
2026-08-20,SKU-SPO-404,Ultralight Backpacking Tent 2-Person,Sports & Outdoors,0,199.99,98.0,75,28,4,15
2026-08-21,SKU-SPO-404,Ultralight Backpacking Tent 2-Person,Sports & Outdoors,0,199.99,98.0,75,28,4,15
2026-08-22,SKU-SPO-404,Ultralight Backpacking Tent 2-Person,Sports & Outdoors,0,199.99,98.0,75,28,4,15
2026-08-23,SKU-SPO-404,Ultralight Backpacking Tent 2-Person,Sports & Outdoors,0,199.99,98.0,75,28,4,15
2026-08-24,SKU-SPO-404,Ultralight Backpacking Tent 2-Person,Sports & Outdoors,0,199.99,98.0,75,28,4,15
2026-08-25,SKU-SPO-404,Ultralight Backpacking Tent 2-Person,Sports & Outdoors,0,199.99,98.0,75,28,4,15
2026-08-26,SKU-SPO-404,Ultralight Backpacking Tent 2-Person,Sports & Outdoors,0,199.99,98.0,75,28,4,15
2026-08-27,SKU-SPO-404,Ultralight Backpacking Tent 2-Person,Sports & Outdoors,0,199.99,98.0,75,28,4,15
2026-03-01,SKU-SPO-405,Compact Camping Hammock Portable,Sports & Outdoors,7,34.99,13.0,95,14,22,78
2026-03-02,SKU-SPO-405,Compact Camping Hammock Portable,Sports & Outdoors,5,34.99,13.0,95,14,22,78
2026-03-03,SKU-SPO-405,Compact Camping Hammock Portable,Sports & Outdoors,5,34.99,13.0,95,14,22,78
2026-03-04,SKU-SPO-405,Compact Camping Hammock Portable,Sports & Outdoors,2,34.99,13.0,95,14,22,78
2026-03-05,SKU-SPO-405,Compact Camping Hammock Portable,Sports & Outdoors,6,34.99,13.0,95,14,22,78
2026-03-06,SKU-SPO-405,Compact Camping Hammock Portable,Sports & Outdoors,7,34.99,13.0,95,14,22,78
2026-03-07,SKU-SPO-405,Compact Camping Hammock Portable,Sports & Outdoors,6,34.99,13.0,95,14,22,78
2026-03-08,SKU-SPO-405,Compact Camping Hammock Portable,Sports & Outdoors,8,34.99,13.0,95,14,22,78
2026-03-09,SKU-SPO-405,Compact Camping Hammock Portable,Sports & Outdoors,2,34.99,13.0,95,14,22,78
2026-03-10,SKU-SPO-405,Compact Camping Hammock Portable,Sports & Outdoors,3,34.99,13.0,95,14,22,78
2026-03-11,SKU-SPO-405,Compact Camping Hammock Portable,Sports & Outdoors,6,34.99,13.0,95,14,22,78
2026-03-12,SKU-SPO-405,Compact Camping Hammock Portable,Sports & Outdoors,3,34.99,13.0,95,14,22,78
2026-03-13,SKU-SPO-405,Compact Camping Hammock Portable,Sports & Outdoors,2,34.99,13.0,95,14,22,78
2026-03-14,SKU-SPO-405,Compact Camping Hammock Portable,Sports & Outdoors,6,34.99,13.0,95,14,22,78
2026-03-15,SKU-SPO-405,Compact Camping Hammock Portable,Sports & Outdoors,3,34.99,13.0,95,14,22,78
2026-03-16,SKU-SPO-405,Compact Camping Hammock Portable,Sports & Outdoors,2,34.99,13.0,95,14,22,78
2026-03-17,SKU-SPO-405,Compact Camping Hammock Portable,Sports & Outdoors,6,34.99,13.0,95,14,22,78
2026-03-18,SKU-SPO-405,Compact Camping Hammock Portable,Sports & Outdoors,1,34.99,13.0,95,14,22,78
2026-03-19,SKU-SPO-405,Compact Camping Hammock Portable,Sports & Outdoors,10,34.99,13.0,95,14,22,78
2026-03-20,SKU-SPO-405,Compact Camping Hammock Portable,Sports & Outdoors,5,34.99,13.0,95,14,22,78
2026-03-21,SKU-SPO-405,Compact Camping Hammock Portable,Sports & Outdoors,5,34.99,13.0,95,14,22,78
2026-03-22,SKU-SPO-405,Compact Camping Hammock Portable,Sports & Outdoors,8,34.99,13.0,95,14,22,78
2026-03-23,SKU-SPO-405,Compact Camping Hammock Portable,Sports & Outdoors,5,34.99,13.0,95,14,22,78
2026-03-24,SKU-SPO-405,Compact Camping Hammock Portable,Sports & Outdoors,4,34.99,13.0,95,14,22,78
2026-03-25,SKU-SPO-405,Compact Camping Hammock Portable,Sports & Outdoors,3,34.99,13.0,95,14,22,78
2026-03-26,SKU-SPO-405,Compact Camping Hammock Portable,Sports & Outdoors,5,34.99,13.0,95,14,22,78
2026-03-27,SKU-SPO-405,Compact Camping Hammock Portable,Sports & Outdoors,4,34.99,13.0,95,14,22,78
2026-03-28,SKU-SPO-405,Compact Camping Hammock Portable,Sports & Outdoors,7,34.99,13.0,95,14,22,78
2026-03-29,SKU-SPO-405,Compact Camping Hammock Portable,Sports & Outdoors,4,34.99,13.0,95,14,22,78
2026-03-30,SKU-SPO-405,Compact Camping Hammock Portable,Sports & Outdoors,3,34.99,13.0,95,14,22,78
2026-03-31,SKU-SPO-405,Compact Camping Hammock Portable,Sports & Outdoors,7,34.99,13.0,95,14,22,78
2026-04-01,SKU-SPO-405,Compact Camping Hammock Portable,Sports & Outdoors,4,34.99,13.0,95,14,22,78
2026-04-02,SKU-SPO-405,Compact Camping Hammock Portable,Sports & Outdoors,3,34.99,13.0,95,14,22,78
2026-04-03,SKU-SPO-405,Compact Camping Hammock Portable,Sports & Outdoors,4,34.99,13.0,95,14,22,78
2026-04-04,SKU-SPO-405,Compact Camping Hammock Portable,Sports & Outdoors,7,34.99,13.0,95,14,22,78
2026-04-05,SKU-SPO-405,Compact Camping Hammock Portable,Sports & Outdoors,3,34.99,13.0,95,14,22,78
2026-04-06,SKU-SPO-405,Compact Camping Hammock Portable,Sports & Outdoors,3,34.99,13.0,95,14,22,78
2026-04-07,SKU-SPO-405,Compact Camping Hammock Portable,Sports & Outdoors,5,34.99,13.0,95,14,22,78
2026-04-08,SKU-SPO-405,Compact Camping Hammock Portable,Sports & Outdoors,2,34.99,13.0,95,14,22,78
2026-04-09,SKU-SPO-405,Compact Camping Hammock Portable,Sports & Outdoors,5,34.99,13.0,95,14,22,78
2026-04-10,SKU-SPO-405,Compact Camping Hammock Portable,Sports & Outdoors,2,34.99,13.0,95,14,22,78
2026-04-11,SKU-SPO-405,Compact Camping Hammock Portable,Sports & Outdoors,5,34.99,13.0,95,14,22,78
2026-04-12,SKU-SPO-405,Compact Camping Hammock Portable,Sports & Outdoors,3,34.99,13.0,95,14,22,78
2026-04-13,SKU-SPO-405,Compact Camping Hammock Portable,Sports & Outdoors,4,34.99,13.0,95,14,22,78
2026-04-14,SKU-SPO-405,Compact Camping Hammock Portable,Sports & Outdoors,6,34.99,13.0,95,14,22,78
2026-04-15,SKU-SPO-405,Compact Camping Hammock Portable,Sports & Outdoors,4,34.99,13.0,95,14,22,78
2026-04-16,SKU-SPO-405,Compact Camping Hammock Portable,Sports & Outdoors,5,34.99,13.0,95,14,22,78
2026-04-17,SKU-SPO-405,Compact Camping Hammock Portable,Sports & Outdoors,5,34.99,13.0,95,14,22,78
2026-04-18,SKU-SPO-405,Compact Camping Hammock Portable,Sports & Outdoors,5,34.99,13.0,95,14,22,78
2026-04-19,SKU-SPO-405,Compact Camping Hammock Portable,Sports & Outdoors,6,34.99,13.0,95,14,22,78
2026-04-20,SKU-SPO-405,Compact Camping Hammock Portable,Sports & Outdoors,4,34.99,13.0,95,14,22,78
2026-04-21,SKU-SPO-405,Compact Camping Hammock Portable,Sports & Outdoors,3,34.99,13.0,95,14,22,78
2026-04-22,SKU-SPO-405,Compact Camping Hammock Portable,Sports & Outdoors,6,34.99,13.0,95,14,22,78
2026-04-23,SKU-SPO-405,Compact Camping Hammock Portable,Sports & Outdoors,3,34.99,13.0,95,14,22,78
2026-04-24,SKU-SPO-405,Compact Camping Hammock Portable,Sports & Outdoors,1,34.99,13.0,95,14,22,78
2026-04-25,SKU-SPO-405,Compact Camping Hammock Portable,Sports & Outdoors,5,34.99,13.0,95,14,22,78
2026-04-26,SKU-SPO-405,Compact Camping Hammock Portable,Sports & Outdoors,7,34.99,13.0,95,14,22,78
2026-04-27,SKU-SPO-405,Compact Camping Hammock Portable,Sports & Outdoors,5,34.99,13.0,95,14,22,78
2026-04-28,SKU-SPO-405,Compact Camping Hammock Portable,Sports & Outdoors,6,34.99,13.0,95,14,22,78
2026-04-29,SKU-SPO-405,Compact Camping Hammock Portable,Sports & Outdoors,6,34.99,13.0,95,14,22,78
2026-04-30,SKU-SPO-405,Compact Camping Hammock Portable,Sports & Outdoors,2,34.99,13.0,95,14,22,78
2026-05-01,SKU-SPO-405,Compact Camping Hammock Portable,Sports & Outdoors,6,34.99,13.0,95,14,22,78
2026-05-02,SKU-SPO-405,Compact Camping Hammock Portable,Sports & Outdoors,4,34.99,13.0,95,14,22,78
2026-05-03,SKU-SPO-405,Compact Camping Hammock Portable,Sports & Outdoors,7,34.99,13.0,95,14,22,78
2026-05-04,SKU-SPO-405,Compact Camping Hammock Portable,Sports & Outdoors,2,34.99,13.0,95,14,22,78
2026-05-05,SKU-SPO-405,Compact Camping Hammock Portable,Sports & Outdoors,6,34.99,13.0,95,14,22,78
2026-05-06,SKU-SPO-405,Compact Camping Hammock Portable,Sports & Outdoors,5,34.99,13.0,95,14,22,78
2026-05-07,SKU-SPO-405,Compact Camping Hammock Portable,Sports & Outdoors,4,34.99,13.0,95,14,22,78
2026-05-08,SKU-SPO-405,Compact Camping Hammock Portable,Sports & Outdoors,1,34.99,13.0,95,14,22,78
2026-05-09,SKU-SPO-405,Compact Camping Hammock Portable,Sports & Outdoors,3,34.99,13.0,95,14,22,78
2026-05-10,SKU-SPO-405,Compact Camping Hammock Portable,Sports & Outdoors,8,34.99,13.0,95,14,22,78
2026-05-11,SKU-SPO-405,Compact Camping Hammock Portable,Sports & Outdoors,3,34.99,13.0,95,14,22,78
2026-05-12,SKU-SPO-405,Compact Camping Hammock Portable,Sports & Outdoors,7,34.99,13.0,95,14,22,78
2026-05-13,SKU-SPO-405,Compact Camping Hammock Portable,Sports & Outdoors,4,34.99,13.0,95,14,22,78
2026-05-14,SKU-SPO-405,Compact Camping Hammock Portable,Sports & Outdoors,5,34.99,13.0,95,14,22,78
2026-05-15,SKU-SPO-405,Compact Camping Hammock Portable,Sports & Outdoors,3,34.99,13.0,95,14,22,78
2026-05-16,SKU-SPO-405,Compact Camping Hammock Portable,Sports & Outdoors,3,34.99,13.0,95,14,22,78
2026-05-17,SKU-SPO-405,Compact Camping Hammock Portable,Sports & Outdoors,4,34.99,13.0,95,14,22,78
2026-05-18,SKU-SPO-405,Compact Camping Hammock Portable,Sports & Outdoors,1,34.99,13.0,95,14,22,78
2026-05-19,SKU-SPO-405,Compact Camping Hammock Portable,Sports & Outdoors,2,34.99,13.0,95,14,22,78
2026-05-20,SKU-SPO-405,Compact Camping Hammock Portable,Sports & Outdoors,4,34.99,13.0,95,14,22,78
2026-05-21,SKU-SPO-405,Compact Camping Hammock Portable,Sports & Outdoors,4,34.99,13.0,95,14,22,78
2026-05-22,SKU-SPO-405,Compact Camping Hammock Portable,Sports & Outdoors,7,34.99,13.0,95,14,22,78
2026-05-23,SKU-SPO-405,Compact Camping Hammock Portable,Sports & Outdoors,1,34.99,13.0,95,14,22,78
2026-05-24,SKU-SPO-405,Compact Camping Hammock Portable,Sports & Outdoors,3,34.99,13.0,95,14,22,78
2026-05-25,SKU-SPO-405,Compact Camping Hammock Portable,Sports & Outdoors,5,34.99,13.0,95,14,22,78
2026-05-26,SKU-SPO-405,Compact Camping Hammock Portable,Sports & Outdoors,3,34.99,13.0,95,14,22,78
2026-05-27,SKU-SPO-405,Compact Camping Hammock Portable,Sports & Outdoors,3,34.99,13.0,95,14,22,78
2026-05-28,SKU-SPO-405,Compact Camping Hammock Portable,Sports & Outdoors,5,34.99,13.0,95,14,22,78
2026-05-29,SKU-SPO-405,Compact Camping Hammock Portable,Sports & Outdoors,3,34.99,13.0,95,14,22,78
2026-05-30,SKU-SPO-405,Compact Camping Hammock Portable,Sports & Outdoors,9,34.99,13.0,95,14,22,78
2026-05-31,SKU-SPO-405,Compact Camping Hammock Portable,Sports & Outdoors,8,34.99,13.0,95,14,22,78
2026-06-01,SKU-SPO-405,Compact Camping Hammock Portable,Sports & Outdoors,2,34.99,13.0,95,14,22,78
2026-06-02,SKU-SPO-405,Compact Camping Hammock Portable,Sports & Outdoors,5,34.99,13.0,95,14,22,78
2026-06-03,SKU-SPO-405,Compact Camping Hammock Portable,Sports & Outdoors,5,34.99,13.0,95,14,22,78
2026-06-04,SKU-SPO-405,Compact Camping Hammock Portable,Sports & Outdoors,2,34.99,13.0,95,14,22,78
2026-06-05,SKU-SPO-405,Compact Camping Hammock Portable,Sports & Outdoors,3,34.99,13.0,95,14,22,78
2026-06-06,SKU-SPO-405,Compact Camping Hammock Portable,Sports & Outdoors,5,34.99,13.0,95,14,22,78
2026-06-07,SKU-SPO-405,Compact Camping Hammock Portable,Sports & Outdoors,14,34.99,13.0,95,14,22,78
2026-06-08,SKU-SPO-405,Compact Camping Hammock Portable,Sports & Outdoors,1,34.99,13.0,95,14,22,78
2026-06-09,SKU-SPO-405,Compact Camping Hammock Portable,Sports & Outdoors,2,34.99,13.0,95,14,22,78
2026-06-10,SKU-SPO-405,Compact Camping Hammock Portable,Sports & Outdoors,3,34.99,13.0,95,14,22,78
2026-06-11,SKU-SPO-405,Compact Camping Hammock Portable,Sports & Outdoors,9,34.99,13.0,95,14,22,78
2026-06-12,SKU-SPO-405,Compact Camping Hammock Portable,Sports & Outdoors,6,34.99,13.0,95,14,22,78
2026-06-13,SKU-SPO-405,Compact Camping Hammock Portable,Sports & Outdoors,9,34.99,13.0,95,14,22,78
2026-06-14,SKU-SPO-405,Compact Camping Hammock Portable,Sports & Outdoors,5,34.99,13.0,95,14,22,78
2026-06-15,SKU-SPO-405,Compact Camping Hammock Portable,Sports & Outdoors,3,34.99,13.0,95,14,22,78
2026-06-16,SKU-SPO-405,Compact Camping Hammock Portable,Sports & Outdoors,1,34.99,13.0,95,14,22,78
2026-06-17,SKU-SPO-405,Compact Camping Hammock Portable,Sports & Outdoors,2,34.99,13.0,95,14,22,78
2026-06-18,SKU-SPO-405,Compact Camping Hammock Portable,Sports & Outdoors,3,34.99,13.0,95,14,22,78
2026-06-19,SKU-SPO-405,Compact Camping Hammock Portable,Sports & Outdoors,4,34.99,13.0,95,14,22,78
2026-06-20,SKU-SPO-405,Compact Camping Hammock Portable,Sports & Outdoors,4,34.99,13.0,95,14,22,78
2026-06-21,SKU-SPO-405,Compact Camping Hammock Portable,Sports & Outdoors,8,34.99,13.0,95,14,22,78
2026-06-22,SKU-SPO-405,Compact Camping Hammock Portable,Sports & Outdoors,7,34.99,13.0,95,14,22,78
2026-06-23,SKU-SPO-405,Compact Camping Hammock Portable,Sports & Outdoors,6,34.99,13.0,95,14,22,78
2026-06-24,SKU-SPO-405,Compact Camping Hammock Portable,Sports & Outdoors,7,34.99,13.0,95,14,22,78
2026-06-25,SKU-SPO-405,Compact Camping Hammock Portable,Sports & Outdoors,0,34.99,13.0,95,14,22,78
2026-06-26,SKU-SPO-405,Compact Camping Hammock Portable,Sports & Outdoors,1,34.99,13.0,95,14,22,78
2026-06-27,SKU-SPO-405,Compact Camping Hammock Portable,Sports & Outdoors,8,34.99,13.0,95,14,22,78
2026-06-28,SKU-SPO-405,Compact Camping Hammock Portable,Sports & Outdoors,7,34.99,13.0,95,14,22,78
2026-06-29,SKU-SPO-405,Compact Camping Hammock Portable,Sports & Outdoors,4,34.99,13.0,95,14,22,78
2026-06-30,SKU-SPO-405,Compact Camping Hammock Portable,Sports & Outdoors,11,34.99,13.0,95,14,22,78
2026-07-01,SKU-SPO-405,Compact Camping Hammock Portable,Sports & Outdoors,6,34.99,13.0,95,14,22,78
2026-07-02,SKU-SPO-405,Compact Camping Hammock Portable,Sports & Outdoors,4,34.99,13.0,95,14,22,78
2026-07-03,SKU-SPO-405,Compact Camping Hammock Portable,Sports & Outdoors,4,34.99,13.0,95,14,22,78
2026-07-04,SKU-SPO-405,Compact Camping Hammock Portable,Sports & Outdoors,5,34.99,13.0,95,14,22,78
2026-07-05,SKU-SPO-405,Compact Camping Hammock Portable,Sports & Outdoors,5,34.99,13.0,95,14,22,78
2026-07-06,SKU-SPO-405,Compact Camping Hammock Portable,Sports & Outdoors,8,34.99,13.0,95,14,22,78
2026-07-07,SKU-SPO-405,Compact Camping Hammock Portable,Sports & Outdoors,4,34.99,13.0,95,14,22,78
2026-07-08,SKU-SPO-405,Compact Camping Hammock Portable,Sports & Outdoors,5,34.99,13.0,95,14,22,78
2026-07-09,SKU-SPO-405,Compact Camping Hammock Portable,Sports & Outdoors,2,34.99,13.0,95,14,22,78
2026-07-10,SKU-SPO-405,Compact Camping Hammock Portable,Sports & Outdoors,2,34.99,13.0,95,14,22,78
2026-07-11,SKU-SPO-405,Compact Camping Hammock Portable,Sports & Outdoors,4,34.99,13.0,95,14,22,78
2026-07-12,SKU-SPO-405,Compact Camping Hammock Portable,Sports & Outdoors,10,34.99,13.0,95,14,22,78
2026-07-13,SKU-SPO-405,Compact Camping Hammock Portable,Sports & Outdoors,6,34.99,13.0,95,14,22,78
2026-07-14,SKU-SPO-405,Compact Camping Hammock Portable,Sports & Outdoors,6,34.99,13.0,95,14,22,78
2026-07-15,SKU-SPO-405,Compact Camping Hammock Portable,Sports & Outdoors,4,34.99,13.0,95,14,22,78
2026-07-16,SKU-SPO-405,Compact Camping Hammock Portable,Sports & Outdoors,2,34.99,13.0,95,14,22,78
2026-07-17,SKU-SPO-405,Compact Camping Hammock Portable,Sports & Outdoors,4,34.99,13.0,95,14,22,78
2026-07-18,SKU-SPO-405,Compact Camping Hammock Portable,Sports & Outdoors,3,34.99,13.0,95,14,22,78
2026-07-19,SKU-SPO-405,Compact Camping Hammock Portable,Sports & Outdoors,4,34.99,13.0,95,14,22,78
2026-07-20,SKU-SPO-405,Compact Camping Hammock Portable,Sports & Outdoors,5,34.99,13.0,95,14,22,78
2026-07-21,SKU-SPO-405,Compact Camping Hammock Portable,Sports & Outdoors,3,34.99,13.0,95,14,22,78
2026-07-22,SKU-SPO-405,Compact Camping Hammock Portable,Sports & Outdoors,4,34.99,13.0,95,14,22,78
2026-07-23,SKU-SPO-405,Compact Camping Hammock Portable,Sports & Outdoors,2,34.99,13.0,95,14,22,78
2026-07-24,SKU-SPO-405,Compact Camping Hammock Portable,Sports & Outdoors,5,34.99,13.0,95,14,22,78
2026-07-25,SKU-SPO-405,Compact Camping Hammock Portable,Sports & Outdoors,7,34.99,13.0,95,14,22,78
2026-07-26,SKU-SPO-405,Compact Camping Hammock Portable,Sports & Outdoors,4,34.99,13.0,95,14,22,78
2026-07-27,SKU-SPO-405,Compact Camping Hammock Portable,Sports & Outdoors,4,34.99,13.0,95,14,22,78
2026-07-28,SKU-SPO-405,Compact Camping Hammock Portable,Sports & Outdoors,7,34.99,13.0,95,14,22,78
2026-07-29,SKU-SPO-405,Compact Camping Hammock Portable,Sports & Outdoors,5,34.99,13.0,95,14,22,78
2026-07-30,SKU-SPO-405,Compact Camping Hammock Portable,Sports & Outdoors,2,34.99,13.0,95,14,22,78
2026-07-31,SKU-SPO-405,Compact Camping Hammock Portable,Sports & Outdoors,5,34.99,13.0,95,14,22,78
2026-08-01,SKU-SPO-405,Compact Camping Hammock Portable,Sports & Outdoors,11,34.99,13.0,95,14,22,78
2026-08-02,SKU-SPO-405,Compact Camping Hammock Portable,Sports & Outdoors,3,34.99,13.0,95,14,22,78
2026-08-03,SKU-SPO-405,Compact Camping Hammock Portable,Sports & Outdoors,3,34.99,13.0,95,14,22,78
2026-08-04,SKU-SPO-405,Compact Camping Hammock Portable,Sports & Outdoors,3,34.99,13.0,95,14,22,78
2026-08-05,SKU-SPO-405,Compact Camping Hammock Portable,Sports & Outdoors,2,34.99,13.0,95,14,22,78
2026-08-06,SKU-SPO-405,Compact Camping Hammock Portable,Sports & Outdoors,4,34.99,13.0,95,14,22,78
2026-08-07,SKU-SPO-405,Compact Camping Hammock Portable,Sports & Outdoors,3,34.99,13.0,95,14,22,78
2026-08-08,SKU-SPO-405,Compact Camping Hammock Portable,Sports & Outdoors,6,34.99,13.0,95,14,22,78
2026-08-09,SKU-SPO-405,Compact Camping Hammock Portable,Sports & Outdoors,5,34.99,13.0,95,14,22,78
2026-08-10,SKU-SPO-405,Compact Camping Hammock Portable,Sports & Outdoors,4,34.99,13.0,95,14,22,78
2026-08-11,SKU-SPO-405,Compact Camping Hammock Portable,Sports & Outdoors,3,34.99,13.0,95,14,22,78
2026-08-12,SKU-SPO-405,Compact Camping Hammock Portable,Sports & Outdoors,2,34.99,13.0,95,14,22,78
2026-08-13,SKU-SPO-405,Compact Camping Hammock Portable,Sports & Outdoors,3,34.99,13.0,95,14,22,78
2026-08-14,SKU-SPO-405,Compact Camping Hammock Portable,Sports & Outdoors,5,34.99,13.0,95,14,22,78
2026-08-15,SKU-SPO-405,Compact Camping Hammock Portable,Sports & Outdoors,0,34.99,13.0,95,14,22,78
2026-08-16,SKU-SPO-405,Compact Camping Hammock Portable,Sports & Outdoors,2,34.99,13.0,95,14,22,78
2026-08-17,SKU-SPO-405,Compact Camping Hammock Portable,Sports & Outdoors,6,34.99,13.0,95,14,22,78
2026-08-18,SKU-SPO-405,Compact Camping Hammock Portable,Sports & Outdoors,3,34.99,13.0,95,14,22,78
2026-08-19,SKU-SPO-405,Compact Camping Hammock Portable,Sports & Outdoors,3,34.99,13.0,95,14,22,78
2026-08-20,SKU-SPO-405,Compact Camping Hammock Portable,Sports & Outdoors,3,34.99,13.0,95,14,22,78
2026-08-21,SKU-SPO-405,Compact Camping Hammock Portable,Sports & Outdoors,11,34.99,13.0,95,14,22,78
2026-08-22,SKU-SPO-405,Compact Camping Hammock Portable,Sports & Outdoors,4,34.99,13.0,95,14,22,78
2026-08-23,SKU-SPO-405,Compact Camping Hammock Portable,Sports & Outdoors,7,34.99,13.0,95,14,22,78
2026-08-24,SKU-SPO-405,Compact Camping Hammock Portable,Sports & Outdoors,2,34.99,13.0,95,14,22,78
2026-08-25,SKU-SPO-405,Compact Camping Hammock Portable,Sports & Outdoors,4,34.99,13.0,95,14,22,78
2026-08-26,SKU-SPO-405,Compact Camping Hammock Portable,Sports & Outdoors,2,34.99,13.0,95,14,22,78
2026-08-27,SKU-SPO-405,Compact Camping Hammock Portable,Sports & Outdoors,0,34.99,13.0,95,14,22,78
2026-07-15,SKU-HMK-107,Silicone Baking Mat Set,Home & Kitchen,5,18.5,6.0,22,10,21,73
2026-07-26,SKU-ELC-006,Bluetooth Conference Speaker,Electronics,3,89.99,42.0,65,14,22,78
2026-06-13,SKU-APP-204,Seamless Workout Compression Leggings,Apparel,9,44.99,16.0,4,10,28,98
2026-04-02,SKU-HMK-107,Silicone Baking Mat Set,Home & Kitchen,5,18.5,6.0,22,10,21,73
2026-07-06,SKU-HMK-105,Cast Iron Dutch Oven 5.5Qt,Home & Kitchen,0,84.99,41.0,140,21,3,11
2026-05-03,SKU-HMK-102,Stainless Steel French Press,Home & Kitchen,5,34.5,14.0,110,10,16,56
2026-03-20,SKU-SPO-401,Insulated Hydro Water Bottle 32oz,Sports & Outdoors,10,29.99,11.0,20,10,21,73
2026-05-25,SKU-HMK-101,Digital Air Fryer Oven 6Qt,Home & Kitchen,9,99.99,48.0,14,14,48,167
2026-07-19,SKU-ELC-007,Ergonomic Mechanical Keyboard,  Electronics ,6,119.0,58.0,18,12,25,87
2026-03-23,SKU-HMK-104,Electric Precision Milk Frother,Home & Kitchen,5,19.99,6.5,0,7,20,69
2026-08-10,SKU-APP-202,Moisture-Wicking Athletic Tee,Apparel,1,28.0,9.5,220,10,16,56
2026-03-16,SKU-APP-201,Thermal Fleece Running Hoodie,Apparel,10,59.99,24.0,16,14,48,167
2026-04-03,SKU-ELC-001,Wireless Noise-Canceling Headphones,Electronics,17,129.99,65.0,12,14,48,167
2026-05-21,SKU-APP-206,Organic Cotton Crewneck Sweatshirt,Apparel,3,49.5,20.0,135,12,19,67
2026-08-08,SKU-APP-201,Thermal Fleece Running Hoodie,Apparel,15,59.99,24.0,16,14,48,167
