date,category,sku,product_name,units_sold
2026-03-01,Apparel,SKU-APP-201,Thermal Fleece Running Hoodie,10.0
2026-03-01,Apparel,SKU-APP-202,Moisture-Wicking Athletic Tee,6.0
2026-03-01,Apparel,SKU-APP-203,Heavyweight Arctic Winter Parka,2.0
2026-03-01,Apparel,SKU-APP-204,Seamless Workout Compression Leggings,11.0
2026-03-01,Apparel,SKU-APP-205,Formal Wool Blazer Tailored,1.0
2026-03-01,Apparel,SKU-APP-206,Organic Cotton Crewneck Sweatshirt,1.0
2026-03-01,Electronics,SKU-ELC-001,Wireless Noise-Canceling Headphones,14.0
2026-03-01,Electronics,SKU-ELC-002,Smart Fitness Watch V2,2.0
2026-03-01,Electronics,SKU-ELC-003,4K Ultra-HD Action Camera,0.0
2026-03-01,Electronics,SKU-ELC-004,USB-C Fast Charging Cable 2M,9.0
2026-03-01,Electronics,SKU-ELC-005,Vintage Stereo Turntable,0.0
2026-03-01,Electronics,SKU-ELC-006,Bluetooth Conference Speaker,6.0
2026-03-01,Electronics,SKU-ELC-007,Ergonomic Mechanical Keyboard,2.0
2026-03-01,Health & Personal Care,SKU-HPC-301,Sonic Electric Toothbrush Pro,4.0
2026-03-01,Health & Personal Care,SKU-HPC-302,Collagen Peptide Powder 500g,7.0
2026-03-01,Health & Personal Care,SKU-HPC-303,Infrared Shiatsu Neck Massager,2.0
2026-03-01,Health & Personal Care,SKU-HPC-304,Daily Multivitamin Gummies 120ct,13.0
2026-03-01,Health & Personal Care,SKU-HPC-305,Aromatherapy Ultrasonic Diffuser,0.0
2026-03-01,Home & Kitchen,SKU-HMK-101,Digital Air Fryer Oven 6Qt,9.0
2026-03-01,Home & Kitchen,SKU-HMK-102,Stainless Steel French Press,10.0
2026-03-01,Home & Kitchen,SKU-HMK-103,Cold Brew Iced Coffee Pitcher,3.0
2026-03-01,Home & Kitchen,SKU-HMK-104,Electric Precision Milk Frother,8.0
2026-03-01,Home & Kitchen,SKU-HMK-105,Cast Iron Dutch Oven 5.5Qt,0.0
2026-03-01,Home & Kitchen,SKU-HMK-106,Smart WiFi Food Scale,8.0
2026-03-01,Home & Kitchen,SKU-HMK-107,Silicone Baking Mat Set,7.0
2026-03-01,Sports & Outdoors,SKU-SPO-401,Insulated Hydro Water Bottle 32oz,9.0
2026-03-01,Sports & Outdoors,SKU-SPO-402,Non-Slip High Density Yoga Mat,6.0
2026-03-01,Sports & Outdoors,SKU-SPO-403,Heavy-Duty Resistance Bands Set,5.0
2026-03-01,Sports & Outdoors,SKU-SPO-404,Ultralight Backpacking Tent 2-Person,0.0
2026-03-01,Sports & Outdoors,SKU-SPO-405,Compact Camping Hammock Portable,7.0
2026-03-02,Apparel,SKU-APP-201,Thermal Fleece Running Hoodie,5.0
2026-03-02,Apparel,SKU-APP-202,Moisture-Wicking Athletic Tee,4.0
2026-03-02,Apparel,SKU-APP-203,Heavyweight Arctic Winter Parka,6.0
2026-03-02,Apparel,SKU-APP-204,Seamless Workout Compression Leggings,4.0
2026-03-02,Apparel,SKU-APP-205,Formal Wool Blazer Tailored,0.0
2026-03-02,Apparel,SKU-APP-206,Organic Cotton Crewneck Sweatshirt,2.0
2026-03-02,Electronics,SKU-ELC-001,Wireless Noise-Canceling Headphones,6.0
2026-03-02,Electronics,SKU-ELC-002,Smart Fitness Watch V2,2.0
2026-03-02,Electronics,SKU-ELC-003,4K Ultra-HD Action Camera,0.0
2026-03-02,Electronics,SKU-ELC-004,USB-C Fast Charging Cable 2M,3.0
2026-03-02,Electronics,SKU-ELC-005,Vintage Stereo Turntable,0.0
2026-03-02,Electronics,SKU-ELC-006,Bluetooth Conference Speaker,3.0
2026-03-02,Electronics,SKU-ELC-007,Ergonomic Mechanical Keyboard,5.0
2026-03-02,Health & Personal Care,SKU-HPC-301,Sonic Electric Toothbrush Pro,12.0
2026-03-02,Health & Personal Care,SKU-HPC-302,Collagen Peptide Powder 500g,2.0
2026-03-02,Health & Personal Care,SKU-HPC-303,Infrared Shiatsu Neck Massager,1.0
2026-03-02,Health & Personal Care,SKU-HPC-304,Daily Multivitamin Gummies 120ct,9.0
2026-03-02,Health & Personal Care,SKU-HPC-305,Aromatherapy Ultrasonic Diffuser,0.0
2026-03-02,Home & Kitchen,SKU-HMK-101,Digital Air Fryer Oven 6Qt,6.0
2026-03-02,Home & Kitchen,SKU-HMK-102,Stainless Steel French Press,4.0
2026-03-02,Home & Kitchen,SKU-HMK-103,Cold Brew Iced Coffee Pitcher,0.0
2026-03-02,Home & Kitchen,SKU-HMK-104,Electric Precision Milk Frother,9.0
2026-03-02,Home & Kitchen,SKU-HMK-105,Cast Iron Dutch Oven 5.5Qt,1.0
2026-03-02,Home & Kitchen,SKU-HMK-106,Smart WiFi Food Scale,2.0
2026-03-02,Home & Kitchen,SKU-HMK-107,Silicone Baking Mat Set,5.0
2026-03-02,Sports & Outdoors,SKU-SPO-401,Insulated Hydro Water Bottle 32oz,1.0
2026-03-02,Sports & Outdoors,SKU-SPO-402,Non-Slip High Density Yoga Mat,4.0
2026-03-02,Sports & Outdoors,SKU-SPO-403,Heavy-Duty Resistance Bands Set,2.0
2026-03-02,Sports & Outdoors,SKU-SPO-404,Ultralight Backpacking Tent 2-Person,0.0
2026-03-02,Sports & Outdoors,SKU-SPO-405,Compact Camping Hammock Portable,5.0
2026-03-03,Apparel,SKU-APP-201,Thermal Fleece Running Hoodie,10.0
2026-03-03,Apparel,SKU-APP-202,Moisture-Wicking Athletic Tee,4.0
2026-03-03,Apparel,SKU-APP-203,Heavyweight Arctic Winter Parka,3.0
2026-03-03,Apparel,SKU-APP-204,Seamless Workout Compression Leggings,11.0
2026-03-03,Apparel,SKU-APP-205,Formal Wool Blazer Tailored,0.0
2026-03-03,Apparel,SKU-APP-206,Organic Cotton Crewneck Sweatshirt,1.0
2026-03-03,Electronics,SKU-ELC-001,Wireless Noise-Canceling Headphones,8.0
2026-03-03,Electronics,SKU-ELC-002,Smart Fitness Watch V2,3.0
2026-03-03,Electronics,SKU-ELC-003,4K Ultra-HD Action Camera,3.0
2026-03-03,Electronics,SKU-ELC-004,USB-C Fast Charging Cable 2M,6.0
2026-03-03,Electronics,SKU-ELC-005,Vintage Stereo Turntable,0.0
2026-03-03,Electronics,SKU-ELC-006,Bluetooth Conference Speaker,4.0
2026-03-03,Electronics,SKU-ELC-007,Ergonomic Mechanical Keyboard,6.0
2026-03-03,Health & Personal Care,SKU-HPC-301,Sonic Electric Toothbrush Pro,6.0
2026-03-03,Health & Personal Care,SKU-HPC-302,Collagen Peptide Powder 500g,4.0
2026-03-03,Health & Personal Care,SKU-HPC-303,Infrared Shiatsu Neck Massager,1.0
2026-03-03,Health & Personal Care,SKU-HPC-304,Daily Multivitamin Gummies 120ct,11.0
2026-03-03,Health & Personal Care,SKU-HPC-305,Aromatherapy Ultrasonic Diffuser,0.0
2026-03-03,Home & Kitchen,SKU-HMK-101,Digital Air Fryer Oven 6Qt,4.0
2026-03-03,Home & Kitchen,SKU-HMK-102,Stainless Steel French Press,5.0
2026-03-03,Home & Kitchen,SKU-HMK-103,Cold Brew Iced Coffee Pitcher,3.0
2026-03-03,Home & Kitchen,SKU-HMK-104,Electric Precision Milk Frother,8.0
2026-03-03,Home & Kitchen,SKU-HMK-105,Cast Iron Dutch Oven 5.5Qt,0.0
2026-03-03,Home & Kitchen,SKU-HMK-106,Smart WiFi Food Scale,6.0
2026-03-03,Home & Kitchen,SKU-HMK-107,Silicone Baking Mat Set,1.0
2026-03-03,Sports & Outdoors,SKU-SPO-401,Insulated Hydro Water Bottle 32oz,4.0
2026-03-03,Sports & Outdoors,SKU-SPO-402,Non-Slip High Density Yoga Mat,6.0
2026-03-03,Sports & Outdoors,SKU-SPO-403,Heavy-Duty Resistance Bands Set,1.0
2026-03-03,Sports & Outdoors,SKU-SPO-404,Ultralight Backpacking Tent 2-Person,0.0
2026-03-03,Sports & Outdoors,SKU-SPO-405,Compact Camping Hammock Portable,5.0
2026-03-04,Apparel,SKU-APP-201,Thermal Fleece Running Hoodie,14.0
2026-03-04,Apparel,SKU-APP-202,Moisture-Wicking Athletic Tee,2.0
2026-03-04,Apparel,SKU-APP-203,Heavyweight Arctic Winter Parka,1.0
2026-03-04,Apparel,SKU-APP-204,Seamless Workout Compression Leggings,3.0
2026-03-04,Apparel,SKU-APP-205,Formal Wool Blazer Tailored,0.0
2026-03-04,Apparel,SKU-APP-206,Organic Cotton Crewneck Sweatshirt,4.0
2026-03-04,Electronics,SKU-ELC-001,Wireless Noise-Canceling Headphones,9.0
2026-03-04,Electronics,SKU-ELC-002,Smart Fitness Watch V2,2.0
2026-03-04,Electronics,SKU-ELC-003,4K Ultra-HD Action Camera,1.0
2026-03-04,Electronics,SKU-ELC-004,USB-C Fast Charging Cable 2M,4.0
2026-03-04,Electronics,SKU-ELC-005,Vintage Stereo Turntable,0.0
2026-03-04,Electronics,SKU-ELC-006,Bluetooth Conference Speaker,8.0
2026-03-04,Electronics,SKU-ELC-007,Ergonomic Mechanical Keyboard,3.0
2026-03-04,Health & Personal Care,SKU-HPC-301,Sonic Electric Toothbrush Pro,7.0
2026-03-04,Health & Personal Care,SKU-HPC-302,Collagen Peptide Powder 500g,5.0
2026-03-04,Health & Personal Care,SKU-HPC-303,Infrared Shiatsu Neck Massager,3.0
2026-03-04,Health & Personal Care,SKU-HPC-304,Daily Multivitamin Gummies 120ct,11.0
2026-03-04,Health & Personal Care,SKU-HPC-305,Aromatherapy Ultrasonic Diffuser,0.0
2026-03-04,Home & Kitchen,SKU-HMK-101,Digital Air Fryer Oven 6Qt,10.0
2026-03-04,Home & Kitchen,SKU-HMK-102,Stainless Steel French Press,4.0
2026-03-04,Home & Kitchen,SKU-HMK-103,Cold Brew Iced Coffee Pitcher,1.0
2026-03-04,Home & Kitchen,SKU-HMK-104,Electric Precision Milk Frother,3.0
2026-03-04,Home & Kitchen,SKU-HMK-105,Cast Iron Dutch Oven 5.5Qt,0.0
2026-03-04,Home & Kitchen,SKU-HMK-106,Smart WiFi Food Scale,2.0
2026-03-04,Home & Kitchen,SKU-HMK-107,Silicone Baking Mat Set,6.0
2026-03-04,Sports & Outdoors,SKU-SPO-401,Insulated Hydro Water Bottle 32oz,9.0
2026-03-04,Sports & Outdoors,SKU-SPO-402,Non-Slip High Density Yoga Mat,7.0
2026-03-04,Sports & Outdoors,SKU-SPO-403,Heavy-Duty Resistance Bands Set,2.0
2026-03-04,Sports & Outdoors,SKU-SPO-404,Ultralight Backpacking Tent 2-Person,0.0
2026-03-04,Sports & Outdoors,SKU-SPO-405,Compact Camping Hammock Portable,2.0
2026-03-05,Apparel,SKU-APP-201,Thermal Fleece Running Hoodie,8.0
2026-03-05,Apparel,SKU-APP-202,Moisture-Wicking Athletic Tee,4.0
2026-03-05,Apparel,SKU-APP-203,Heavyweight Arctic Winter Parka,1.0
2026-03-05,Apparel,SKU-APP-204,Seamless Workout Compression Leggings,4.0
2026-03-05,Apparel,SKU-APP-205,Formal Wool Blazer Tailored,0.0
2026-03-05,Apparel,SKU-APP-206,Organic Cotton Crewneck Sweatshirt,2.0
2026-03-05,Electronics,SKU-ELC-001,Wireless Noise-Canceling Headphones,7.0
2026-03-05,Electronics,SKU-ELC-002,Smart Fitness Watch V2,2.0
2026-03-05,Electronics,SKU-ELC-003,4K Ultra-HD Action Camera,0.0
2026-03-05,Electronics,SKU-ELC-004,USB-C Fast Charging Cable 2M,6.0
2026-03-05,Electronics,SKU-ELC-005,Vintage Stereo Turntable,1.0
2026-03-05,Electronics,SKU-ELC-006,Bluetooth Conference Speaker,5.0
2026-03-05,Electronics,SKU-ELC-007,Ergonomic Mechanical Keyboard,3.0
2026-03-05,Health & Personal Care,SKU-HPC-301,Sonic Electric Toothbrush Pro,4.0
2026-03-05,Health & Personal Care,SKU-HPC-302,Collagen Peptide Powder 500g,5.0
2026-03-05,Health & Personal Care,SKU-HPC-303,Infrared Shiatsu Neck Massager,1.0
2026-03-05,Health & Personal Care,SKU-HPC-304,Daily Multivitamin Gummies 120ct,6.0
2026-03-05,Health & Personal Care,SKU-HPC-305,Aromatherapy Ultrasonic Diffuser,0.0
2026-03-05,Home & Kitchen,SKU-HMK-101,Digital Air Fryer Oven 6Qt,13.0
2026-03-05,Home & Kitchen,SKU-HMK-102,Stainless Steel French Press,5.0
2026-03-05,Home & Kitchen,SKU-HMK-103,Cold Brew Iced Coffee Pitcher,0.0
2026-03-05,Home & Kitchen,SKU-HMK-104,Electric Precision Milk Frother,6.0
2026-03-05,Home & Kitchen,SKU-HMK-105,Cast Iron Dutch Oven 5.5Qt,0.0
2026-03-05,Home & Kitchen,SKU-HMK-106,Smart WiFi Food Scale,3.0
2026-03-05,Home & Kitchen,SKU-HMK-107,Silicone Baking Mat Set,6.0
2026-03-05,Sports & Outdoors,SKU-SPO-401,Insulated Hydro Water Bottle 32oz,8.0
2026-03-05,Sports & Outdoors,SKU-SPO-402,Non-Slip High Density Yoga Mat,4.0
2026-03-05,Sports & Outdoors,SKU-SPO-403,Heavy-Duty Resistance Bands Set,2.0
2026-03-05,Sports & Outdoors,SKU-SPO-404,Ultralight Backpacking Tent 2-Person,0.0
2026-03-05,Sports & Outdoors,SKU-SPO-405,Compact Camping Hammock Portable,6.0
2026-03-06,Apparel,SKU-APP-201,Thermal Fleece Running Hoodie,4.0
2026-03-06,Apparel,SKU-APP-202,Moisture-Wicking Athletic Tee,6.0
2026-03-06,Apparel,SKU-APP-203,Heavyweight Arctic Winter Parka,1.0
2026-03-06,Apparel,SKU-APP-204,Seamless Workout Compression Leggings,5.0
2026-03-06,Apparel,SKU-APP-205,Formal Wool Blazer Tailored,0.0
2026-03-06,Apparel,SKU-APP-206,Organic Cotton Crewneck Sweatshirt,5.0
2026-03-06,Electronics,SKU-ELC-001,Wireless Noise-Canceling Headphones,6.0
2026-03-06,Electronics,SKU-ELC-002,Smart Fitness Watch V2,6.0
2026-03-06,Electronics,SKU-ELC-003,4K Ultra-HD Action Camera,3.0
2026-03-06,Electronics,SKU-ELC-004,USB-C Fast Charging Cable 2M,8.0
2026-03-06,Electronics,SKU-ELC-005,Vintage Stereo Turntable,1.0
2026-03-06,Electronics,SKU-ELC-006,Bluetooth Conference Speaker,2.0
2026-03-06,Electronics,SKU-ELC-007,Ergonomic Mechanical Keyboard,3.0
2026-03-06,Health & Personal Care,SKU-HPC-301,Sonic Electric Toothbrush Pro,8.0
2026-03-06,Health & Personal Care,SKU-HPC-302,Collagen Peptide Powder 500g,2.0
2026-03-06,Health & Personal Care,SKU-HPC-303,Infrared Shiatsu Neck Massager,2.0
2026-03-06,Health & Personal Care,SKU-HPC-304,Daily Multivitamin Gummies 120ct,6.0
2026-03-06,Health & Personal Care,SKU-HPC-305,Aromatherapy Ultrasonic Diffuser,0.0
2026-03-06,Home & Kitchen,SKU-HMK-101,Digital Air Fryer Oven 6Qt,6.0
2026-03-06,Home & Kitchen,SKU-HMK-102,Stainless Steel French Press,4.0
2026-03-06,Home & Kitchen,SKU-HMK-103,Cold Brew Iced Coffee Pitcher,3.0
2026-03-06,Home & Kitchen,SKU-HMK-104,Electric Precision Milk Frother,6.0
2026-03-06,Home & Kitchen,SKU-HMK-105,Cast Iron Dutch Oven 5.5Qt,0.0
2026-03-06,Home & Kitchen,SKU-HMK-106,Smart WiFi Food Scale,3.0
2026-03-06,Home & Kitchen,SKU-HMK-107,Silicone Baking Mat Set,5.0
2026-03-06,Sports & Outdoors,SKU-SPO-401,Insulated Hydro Water Bottle 32oz,5.0
2026-03-06,Sports & Outdoors,SKU-SPO-402,Non-Slip High Density Yoga Mat,2.0
2026-03-06,Sports & Outdoors,SKU-SPO-403,Heavy-Duty Resistance Bands Set,0.0
2026-03-06,Sports & Outdoors,SKU-SPO-404,Ultralight Backpacking Tent 2-Person,0.0
2026-03-06,Sports & Outdoors,SKU-SPO-405,Compact Camping Hammock Portable,7.0
2026-03-07,Apparel,SKU-APP-201,Thermal Fleece Running Hoodie,12.0
2026-03-07,Apparel,SKU-APP-202,Moisture-Wicking Athletic Tee,7.0
2026-03-07,Apparel,SKU-APP-203,Heavyweight Arctic Winter Parka,3.0
2026-03-07,Apparel,SKU-APP-204,Seamless Workout Compression Leggings,7.0
2026-03-07,Apparel,SKU-APP-205,Formal Wool Blazer Tailored,0.0
2026-03-07,Apparel,SKU-APP-206,Organic Cotton Crewneck Sweatshirt,6.0
2026-03-07,Electronics,SKU-ELC-001,Wireless Noise-Canceling Headphones,13.0
2026-03-07,Electronics,SKU-ELC-002,Smart Fitness Watch V2,3.0
2026-03-07,Electronics,SKU-ELC-003,4K Ultra-HD Action Camera,0.0
2026-03-07,Electronics,SKU-ELC-004,USB-C Fast Charging Cable 2M,5.0
2026-03-07,Electronics,SKU-ELC-005,Vintage Stereo Turntable,1.0
2026-03-07,Electronics,SKU-ELC-006,Bluetooth Conference Speaker,5.0
2026-03-07,Electronics,SKU-ELC-007,Ergonomic Mechanical Keyboard,7.0
2026-03-07,Health & Personal Care,SKU-HPC-301,Sonic Electric Toothbrush Pro,8.0
2026-03-07,Health & Personal Care,SKU-HPC-302,Collagen Peptide Powder 500g,12.0
2026-03-07,Health & Personal Care,SKU-HPC-303,Infrared Shiatsu Neck Massager,1.0
2026-03-07,Health & Personal Care,SKU-HPC-304,Daily Multivitamin Gummies 120ct,11.0
2026-03-07,Health & Personal Care,SKU-HPC-305,Aromatherapy Ultrasonic Diffuser,0.0
2026-03-07,Home & Kitchen,SKU-HMK-101,Digital Air Fryer Oven 6Qt,7.0
2026-03-07,Home & Kitchen,SKU-HMK-102,Stainless Steel French Press,5.0
2026-03-07,Home & Kitchen,SKU-HMK-103,Cold Brew Iced Coffee Pitcher,1.0
2026-03-07,Home & Kitchen,SKU-HMK-104,Electric Precision Milk Frother,8.0
2026-03-07,Home & Kitchen,SKU-HMK-105,Cast Iron Dutch Oven 5.5Qt,0.0
2026-03-07,Home & Kitchen,SKU-HMK-106,Smart WiFi Food Scale,5.0
2026-03-07,Home & Kitchen,SKU-HMK-107,Silicone Baking Mat Set,9.0
2026-03-07,Sports & Outdoors,SKU-SPO-401,Insulated Hydro Water Bottle 32oz,7.0
2026-03-07,Sports & Outdoors,SKU-SPO-402,Non-Slip High Density Yoga Mat,5.0
2026-03-07,Sports & Outdoors,SKU-SPO-403,Heavy-Duty Resistance Bands Set,2.0
2026-03-07,Sports & Outdoors,SKU-SPO-404,Ultralight Backpacking Tent 2-Person,1.0
2026-03-07,Sports & Outdoors,SKU-SPO-405,Compact Camping Hammock Portable,6.0
2026-03-08,Apparel,SKU-APP-201,Thermal Fleece Running Hoodie,10.0
2026-03-08,Apparel,SKU-APP-202,Moisture-Wicking Athletic Tee,7.0
2026-03-08,Apparel,SKU-APP-203,Heavyweight Arctic Winter Parka,9.0
2026-03-08,Apparel,SKU-APP-204,Seamless Workout Compression Leggings,8.0
2026-03-08,Apparel,SKU-APP-205,Formal Wool Blazer Tailored,3.0
2026-03-08,Apparel,SKU-APP-206,Organic Cotton Crewneck Sweatshirt,6.0
2026-03-08,Electronics,SKU-ELC-001,Wireless Noise-Canceling Headphones,12.0
2026-03-08,Electronics,SKU-ELC-002,Smart Fitness Watch V2,2.0
2026-03-08,Electronics,SKU-ELC-003,4K Ultra-HD Action Camera,5.0
2026-03-08,Electronics,SKU-ELC-004,USB-C Fast Charging Cable 2M,12.0
2026-03-08,Electronics,SKU-ELC-005,Vintage Stereo Turntable,0.0
2026-03-08,Electronics,SKU-ELC-006,Bluetooth Conference Speaker,8.0
2026-03-08,Electronics,SKU-ELC-007,Ergonomic Mechanical Keyboard,11.0
2026-03-08,Health & Personal Care,SKU-HPC-301,Sonic Electric Toothbrush Pro,10.0
2026-03-08,Health & Personal Care,SKU-HPC-302,Collagen Peptide Powder 500g,8.0
2026-03-08,Health & Personal Care,SKU-HPC-303,Infrared Shiatsu Neck Massager,0.0
2026-03-08,Health & Personal Care,SKU-HPC-304,Daily Multivitamin Gummies 120ct,7.0
2026-03-08,Health & Personal Care,SKU-HPC-305,Aromatherapy Ultrasonic Diffuser,0.0
2026-03-08,Home & Kitchen,SKU-HMK-101,Digital Air Fryer Oven 6Qt,13.0
2026-03-08,Home & Kitchen,SKU-HMK-102,Stainless Steel French Press,6.0
2026-03-08,Home & Kitchen,SKU-HMK-103,Cold Brew Iced Coffee Pitcher,1.0
2026-03-08,Home & Kitchen,SKU-HMK-104,Electric Precision Milk Frother,9.0
2026-03-08,Home & Kitchen,SKU-HMK-105,Cast Iron Dutch Oven 5.5Qt,0.0
2026-03-08,Home & Kitchen,SKU-HMK-106,Smart WiFi Food Scale,6.0
2026-03-08,Home & Kitchen,SKU-HMK-107,Silicone Baking Mat Set,5.0
2026-03-08,Sports & Outdoors,SKU-SPO-401,Insulated Hydro Water Bottle 32oz,2.0
2026-03-08,Sports & Outdoors,SKU-SPO-402,Non-Slip High Density Yoga Mat,10.0
2026-03-08,Sports & Outdoors,SKU-SPO-403,Heavy-Duty Resistance Bands Set,1.0
2026-03-08,Sports & Outdoors,SKU-SPO-404,Ultralight Backpacking Tent 2-Person,0.0
2026-03-08,Sports & Outdoors,SKU-SPO-405,Compact Camping Hammock Portable,8.0
2026-03-09,Apparel,SKU-APP-201,Thermal Fleece Running Hoodie,7.0
2026-03-09,Apparel,SKU-APP-202,Moisture-Wicking Athletic Tee,5.0
2026-03-09,Apparel,SKU-APP-203,Heavyweight Arctic Winter Parka,3.0
2026-03-09,Apparel,SKU-APP-204,Seamless Workout Compression Leggings,7.0
2026-03-09,Apparel,SKU-APP-205,Formal Wool Blazer Tailored,0.0
2026-03-09,Apparel,SKU-APP-206,Organic Cotton Crewneck Sweatshirt,3.0
2026-03-09,Electronics,SKU-ELC-001,Wireless Noise-Canceling Headphones,9.0
2026-03-09,Electronics,SKU-ELC-002,Smart Fitness Watch V2,6.0
2026-03-09,Electronics,SKU-ELC-003,4K Ultra-HD Action Camera,3.0
2026-03-09,Electronics,SKU-ELC-004,USB-C Fast Charging Cable 2M,12.0
2026-03-09,Electronics,SKU-ELC-005,Vintage Stereo Turntable,0.0
2026-03-09,Electronics,SKU-ELC-006,Bluetooth Conference Speaker,2.0
2026-03-09,Electronics,SKU-ELC-007,Ergonomic Mechanical Keyboard,5.0
2026-03-09,Health & Personal Care,SKU-HPC-301,Sonic Electric Toothbrush Pro,3.0
2026-03-09,Health & Personal Care,SKU-HPC-302,Collagen Peptide Powder 500g,4.0
2026-03-09,Health & Personal Care,SKU-HPC-303,Infrared Shiatsu Neck Massager,3.0
2026-03-09,Health & Personal Care,SKU-HPC-304,Daily Multivitamin Gummies 120ct,9.0
2026-03-09,Health & Personal Care,SKU-HPC-305,Aromatherapy Ultrasonic Diffuser,0.0
2026-03-09,Home & Kitchen,SKU-HMK-101,Digital Air Fryer Oven 6Qt,4.0
2026-03-09,Home & Kitchen,SKU-HMK-102,Stainless Steel French Press,5.0
2026-03-09,Home & Kitchen,SKU-HMK-103,Cold Brew Iced Coffee Pitcher,2.0
2026-03-09,Home & Kitchen,SKU-HMK-104,Electric Precision Milk Frother,6.0
2026-03-09,Home & Kitchen,SKU-HMK-105,Cast Iron Dutch Oven 5.5Qt,0.0
2026-03-09,Home & Kitchen,SKU-HMK-106,Smart WiFi Food Scale,8.0
2026-03-09,Home & Kitchen,SKU-HMK-107,Silicone Baking Mat Set,5.0
2026-03-09,Sports & Outdoors,SKU-SPO-401,Insulated Hydro Water Bottle 32oz,5.0
2026-03-09,Sports & Outdoors,SKU-SPO-402,Non-Slip High Density Yoga Mat,6.0
2026-03-09,Sports & Outdoors,SKU-SPO-403,Heavy-Duty Resistance Bands Set,1.0
2026-03-09,Sports & Outdoors,SKU-SPO-404,Ultralight Backpacking Tent 2-Person,0.0
2026-03-09,Sports & Outdoors,SKU-SPO-405,Compact Camping Hammock Portable,2.0
2026-03-10,Apparel,SKU-APP-201,Thermal Fleece Running Hoodie,7.0
2026-03-10,Apparel,SKU-APP-202,Moisture-Wicking Athletic Tee,2.0
2026-03-10,Apparel,SKU-APP-203,Heavyweight Arctic Winter Parka,1.0
2026-03-10,Apparel,SKU-APP-204,Seamless Workout Compression Leggings,3.0
2026-03-10,Apparel,SKU-APP-205,Formal Wool Blazer Tailored,0.0
2026-03-10,Apparel,SKU-APP-206,Organic Cotton Crewneck Sweatshirt,3.0
2026-03-10,Electronics,SKU-ELC-001,Wireless Noise-Canceling Headphones,9.0
2026-03-10,Electronics,SKU-ELC-002,Smart Fitness Watch V2,5.0
2026-03-10,Electronics,SKU-ELC-003,4K Ultra-HD Action Camera,2.0
2026-03-10,Electronics,SKU-ELC-004,USB-C Fast Charging Cable 2M,5.0
2026-03-10,Electronics,SKU-ELC-005,Vintage Stereo Turntable,0.0
2026-03-10,Electronics,SKU-ELC-006,Bluetooth Conference Speaker,4.0
2026-03-10,Electronics,SKU-ELC-007,Ergonomic Mechanical Keyboard,3.0
2026-03-10,Health & Personal Care,SKU-HPC-301,Sonic Electric Toothbrush Pro,10.0
2026-03-10,Health & Personal Care,SKU-HPC-302,Collagen Peptide Powder 500g,9.0
2026-03-10,Health & Personal Care,SKU-HPC-303,Infrared Shiatsu Neck Massager,0.0
2026-03-10,Health & Personal Care,SKU-HPC-304,Daily Multivitamin Gummies 120ct,5.0
2026-03-10,Health & Personal Care,SKU-HPC-305,Aromatherapy Ultrasonic Diffuser,0.0
2026-03-10,Home & Kitchen,SKU-HMK-101,Digital Air Fryer Oven 6Qt,11.0
2026-03-10,Home & Kitchen,SKU-HMK-102,Stainless Steel French Press,4.0
2026-03-10,Home & Kitchen,SKU-HMK-103,Cold Brew Iced Coffee Pitcher,1.0
2026-03-10,Home & Kitchen,SKU-HMK-104,Electric Precision Milk Frother,6.0
2026-03-10,Home & Kitchen,SKU-HMK-105,Cast Iron Dutch Oven 5.5Qt,0.0
2026-03-10,Home & Kitchen,SKU-HMK-106,Smart WiFi Food Scale,4.0
2026-03-10,Home & Kitchen,SKU-HMK-107,Silicone Baking Mat Set,7.0
2026-03-10,Sports & Outdoors,SKU-SPO-401,Insulated Hydro Water Bottle 32oz,6.0
2026-03-10,Sports & Outdoors,SKU-SPO-402,Non-Slip High Density Yoga Mat,8.0
2026-03-10,Sports & Outdoors,SKU-SPO-403,Heavy-Duty Resistance Bands Set,1.0
2026-03-10,Sports & Outdoors,SKU-SPO-404,Ultralight Backpacking Tent 2-Person,0.0
2026-03-10,Sports & Outdoors,SKU-SPO-405,Compact Camping Hammock Portable,3.0
2026-03-11,Apparel,SKU-APP-201,Thermal Fleece Running Hoodie,14.0
2026-03-11,Apparel,SKU-APP-202,Moisture-Wicking Athletic Tee,7.0
2026-03-11,Apparel,SKU-APP-203,Heavyweight Arctic Winter Parka,1.0
2026-03-11,Apparel,SKU-APP-204,Seamless Workout Compression Leggings,8.0
2026-03-11,Apparel,SKU-APP-205,Formal Wool Blazer Tailored,0.0
2026-03-11,Apparel,SKU-APP-206,Organic Cotton Crewneck Sweatshirt,4.0
2026-03-11,Electronics,SKU-ELC-001,Wireless Noise-Canceling Headphones,8.0
2026-03-11,Electronics,SKU-ELC-002,Smart Fitness Watch V2,6.0
2026-03-11,Electronics,SKU-ELC-003,4K Ultra-HD Action Camera,1.0
2026-03-11,Electronics,SKU-ELC-004,USB-C Fast Charging Cable 2M,7.0
2026-03-11,Electronics,SKU-ELC-005,Vintage Stereo Turntable,0.0
2026-03-11,Electronics,SKU-ELC-006,Bluetooth Conference Speaker,6.0
2026-03-11,Electronics,SKU-ELC-007,Ergonomic Mechanical Keyboard,7.0
2026-03-11,Health & Personal Care,SKU-HPC-301,Sonic Electric Toothbrush Pro,6.0
2026-03-11,Health & Personal Care,SKU-HPC-302,Collagen Peptide Powder 500g,8.0
2026-03-11,Health & Personal Care,SKU-HPC-303,Infrared Shiatsu Neck Massager,0.0
2026-03-11,Health & Personal Care,SKU-HPC-304,Daily Multivitamin Gummies 120ct,11.0
2026-03-11,Health & Personal Care,SKU-HPC-305,Aromatherapy Ultrasonic Diffuser,1.0
2026-03-11,Home & Kitchen,SKU-HMK-101,Digital Air Fryer Oven 6Qt,10.0
2026-03-11,Home & Kitchen,SKU-HMK-102,Stainless Steel French Press,4.0
2026-03-11,Home & Kitchen,SKU-HMK-103,Cold Brew Iced Coffee Pitcher,2.0
2026-03-11,Home & Kitchen,SKU-HMK-104,Electric Precision Milk Frother,9.0
2026-03-11,Home & Kitchen,SKU-HMK-105,Cast Iron Dutch Oven 5.5Qt,0.0
2026-03-11,Home & Kitchen,SKU-HMK-106,Smart WiFi Food Scale,7.0
2026-03-11,Home & Kitchen,SKU-HMK-107,Silicone Baking Mat Set,6.0
2026-03-11,Sports & Outdoors,SKU-SPO-401,Insulated Hydro Water Bottle 32oz,6.0
2026-03-11,Sports & Outdoors,SKU-SPO-402,Non-Slip High Density Yoga Mat,3.0
2026-03-11,Sports & Outdoors,SKU-SPO-403,Heavy-Duty Resistance Bands Set,3.0
2026-03-11,Sports & Outdoors,SKU-SPO-404,Ultralight Backpacking Tent 2-Person,0.0
2026-03-11,Sports & Outdoors,SKU-SPO-405,Compact Camping Hammock Portable,6.0
2026-03-12,Apparel,SKU-APP-201,Thermal Fleece Running Hoodie,8.0
2026-03-12,Apparel,SKU-APP-202,Moisture-Wicking Athletic Tee,3.0
2026-03-12,Apparel,SKU-APP-203,Heavyweight Arctic Winter Parka,1.0
2026-03-12,Apparel,SKU-APP-204,Seamless Workout Compression Leggings,5.0
2026-03-12,Apparel,SKU-APP-205,Formal Wool Blazer Tailored,1.0
2026-03-12,Apparel,SKU-APP-206,Organic Cotton Crewneck Sweatshirt,4.0
2026-03-12,Electronics,SKU-ELC-001,Wireless Noise-Canceling Headphones,6.0
2026-03-12,Electronics,SKU-ELC-002,Smart Fitness Watch V2,2.0
2026-03-12,Electronics,SKU-ELC-003,4K Ultra-HD Action Camera,3.0
2026-03-12,Electronics,SKU-ELC-004,USB-C Fast Charging Cable 2M,7.0
2026-03-12,Electronics,SKU-ELC-005,Vintage Stereo Turntable,0.0
2026-03-12,Electronics,SKU-ELC-006,Bluetooth Conference Speaker,3.0
2026-03-12,Electronics,SKU-ELC-007,Ergonomic Mechanical Keyboard,3.0
2026-03-12,Health & Personal Care,SKU-HPC-301,Sonic Electric Toothbrush Pro,4.0
2026-03-12,Health & Personal Care,SKU-HPC-302,Collagen Peptide Powder 500g,4.0
2026-03-12,Health & Personal Care,SKU-HPC-303,Infrared Shiatsu Neck Massager,3.0
2026-03-12,Health & Personal Care,SKU-HPC-304,Daily Multivitamin Gummies 120ct,5.0
2026-03-12,Health & Personal Care,SKU-HPC-305,Aromatherapy Ultrasonic Diffuser,0.0
2026-03-12,Home & Kitchen,SKU-HMK-101,Digital Air Fryer Oven 6Qt,6.0
2026-03-12,Home & Kitchen,SKU-HMK-102,Stainless Steel French Press,4.0
2026-03-12,Home & Kitchen,SKU-HMK-103,Cold Brew Iced Coffee Pitcher,3.0
2026-03-12,Home & Kitchen,SKU-HMK-104,Electric Precision Milk Frother,8.0
2026-03-12,Home & Kitchen,SKU-HMK-105,Cast Iron Dutch Oven 5.5Qt,0.0
2026-03-12,Home & Kitchen,SKU-HMK-106,Smart WiFi Food Scale,3.0
2026-03-12,Home & Kitchen,SKU-HMK-107,Silicone Baking Mat Set,9.0
2026-03-12,Sports & Outdoors,SKU-SPO-401,Insulated Hydro Water Bottle 32oz,5.0
2026-03-12,Sports & Outdoors,SKU-SPO-402,Non-Slip High Density Yoga Mat,5.0
2026-03-12,Sports & Outdoors,SKU-SPO-403,Heavy-Duty Resistance Bands Set,2.0
2026-03-12,Sports & Outdoors,SKU-SPO-404,Ultralight Backpacking Tent 2-Person,1.0
2026-03-12,Sports & Outdoors,SKU-SPO-405,Compact Camping Hammock Portable,3.0
2026-03-13,Apparel,SKU-APP-201,Thermal Fleece Running Hoodie,13.0
2026-03-13,Apparel,SKU-APP-202,Moisture-Wicking Athletic Tee,2.0
2026-03-13,Apparel,SKU-APP-203,Heavyweight Arctic Winter Parka,1.0
2026-03-13,Apparel,SKU-APP-204,Seamless Workout Compression Leggings,5.0
2026-03-13,Apparel,SKU-APP-205,Formal Wool Blazer Tailored,1.0
2026-03-13,Apparel,SKU-APP-206,Organic Cotton Crewneck Sweatshirt,3.0
2026-03-13,Electronics,SKU-ELC-001,Wireless Noise-Canceling Headphones,13.0
2026-03-13,Electronics,SKU-ELC-002,Smart Fitness Watch V2,4.0
2026-03-13,Electronics,SKU-ELC-003,4K Ultra-HD Action Camera,0.0
2026-03-13,Electronics,SKU-ELC-004,USB-C Fast Charging Cable 2M,4.0
2026-03-13,Electronics,SKU-ELC-005,Vintage Stereo Turntable,0.0
2026-03-13,Electronics,SKU-ELC-006,Bluetooth Conference Speaker,6.0
2026-03-13,Electronics,SKU-ELC-007,Ergonomic Mechanical Keyboard,5.0
2026-03-13,Health & Personal Care,SKU-HPC-301,Sonic Electric Toothbrush Pro,4.0
2026-03-13,Health & Personal Care,SKU-HPC-302,Collagen Peptide Powder 500g,4.0
2026-03-13,Health & Personal Care,SKU-HPC-303,Infrared Shiatsu Neck Massager,0.0
2026-03-13,Health & Personal Care,SKU-HPC-304,Daily Multivitamin Gummies 120ct,8.0
2026-03-13,Health & Personal Care,SKU-HPC-305,Aromatherapy Ultrasonic Diffuser,0.0
2026-03-13,Home & Kitchen,SKU-HMK-101,Digital Air Fryer Oven 6Qt,8.0
2026-03-13,Home & Kitchen,SKU-HMK-102,Stainless Steel French Press,8.0
2026-03-13,Home & Kitchen,SKU-HMK-103,Cold Brew Iced Coffee Pitcher,1.0
2026-03-13,Home & Kitchen,SKU-HMK-104,Electric Precision Milk Frother,13.0
2026-03-13,Home & Kitchen,SKU-HMK-105,Cast Iron Dutch Oven 5.5Qt,0.0
2026-03-13,Home & Kitchen,SKU-HMK-106,Smart WiFi Food Scale,1.0
2026-03-13,Home & Kitchen,SKU-HMK-107,Silicone Baking Mat Set,1.0
2026-03-13,Sports & Outdoors,SKU-SPO-401,Insulated Hydro Water Bottle 32oz,3.0
2026-03-13,Sports & Outdoors,SKU-SPO-402,Non-Slip High Density Yoga Mat,6.0
2026-03-13,Sports & Outdoors,SKU-SPO-403,Heavy-Duty Resistance Bands Set,0.0
2026-03-13,Sports & Outdoors,SKU-SPO-404,Ultralight Backpacking Tent 2-Person,0.0
2026-03-13,Sports & Outdoors,SKU-SPO-405,Compact Camping Hammock Portable,2.0
2026-03-14,Apparel,SKU-APP-201,Thermal Fleece Running Hoodie,13.0
2026-03-14,Apparel,SKU-APP-202,Moisture-Wicking Athletic Tee,13.0
2026-03-14,Apparel,SKU-APP-203,Heavyweight Arctic Winter Parka,2.0
2026-03-14,Apparel,SKU-APP-204,Seamless Workout Compression Leggings,17.0
2026-03-14,Apparel,SKU-APP-205,Formal Wool Blazer Tailored,0.0
2026-03-14,Apparel,SKU-APP-206,Organic Cotton Crewneck Sweatshirt,5.0
2026-03-14,Electronics,SKU-ELC-001,Wireless Noise-Canceling Headphones,7.0
2026-03-14,Electronics,SKU-ELC-002,Smart Fitness Watch V2,5.0
2026-03-14,Electronics,SKU-ELC-003,4K Ultra-HD Action Camera,3.0
2026-03-14,Electronics,SKU-ELC-004,USB-C Fast Charging Cable 2M,7.0
2026-03-14,Electronics,SKU-ELC-005,Vintage Stereo Turntable,0.0
2026-03-14,Electronics,SKU-ELC-006,Bluetooth Conference Speaker,7.0
2026-03-14,Electronics,SKU-ELC-007,Ergonomic Mechanical Keyboard,7.0
2026-03-14,Health & Personal Care,SKU-HPC-301,Sonic Electric Toothbrush Pro,5.0
2026-03-14,Health & Personal Care,SKU-HPC-302,Collagen Peptide Powder 500g,8.0
2026-03-14,Health & Personal Care,SKU-HPC-303,Infrared Shiatsu Neck Massager,1.0
2026-03-14,Health & Personal Care,SKU-HPC-304,Daily Multivitamin Gummies 120ct,5.0
2026-03-14,Health & Personal Care,SKU-HPC-305,Aromatherapy Ultrasonic Diffuser,0.0
2026-03-14,Home & Kitchen,SKU-HMK-101,Digital Air Fryer Oven 6Qt,13.0
2026-03-14,Home & Kitchen,SKU-HMK-102,Stainless Steel French Press,4.0
2026-03-14,Home & Kitchen,SKU-HMK-103,Cold Brew Iced Coffee Pitcher,1.0
2026-03-14,Home & Kitchen,SKU-HMK-104,Electric Precision Milk Frother,8.0
2026-03-14,Home & Kitchen,SKU-HMK-105,Cast Iron Dutch Oven 5.5Qt,0.0
2026-03-14,Home & Kitchen,SKU-HMK-106,Smart WiFi Food Scale,2.0
2026-03-14,Home & Kitchen,SKU-HMK-107,Silicone Baking Mat Set,8.0
2026-03-14,Sports & Outdoors,SKU-SPO-401,Insulated Hydro Water Bottle 32oz,6.0
2026-03-14,Sports & Outdoors,SKU-SPO-402,Non-Slip High Density Yoga Mat,8.0
2026-03-14,Sports & Outdoors,SKU-SPO-403,Heavy-Duty Resistance Bands Set,2.0
2026-03-14,Sports & Outdoors,SKU-SPO-404,Ultralight Backpacking Tent 2-Person,0.0
2026-03-14,Sports & Outdoors,SKU-SPO-405,Compact Camping Hammock Portable,6.0
2026-03-15,Apparel,SKU-APP-201,Thermal Fleece Running Hoodie,16.0
2026-03-15,Apparel,SKU-APP-202,Moisture-Wicking Athletic Tee,5.0
2026-03-15,Apparel,SKU-APP-203,Heavyweight Arctic Winter Parka,2.0
2026-03-15,Apparel,SKU-APP-204,Seamless Workout Compression Leggings,11.0
2026-03-15,Apparel,SKU-APP-205,Formal Wool Blazer Tailored,0.0
2026-03-15,Apparel,SKU-APP-206,Organic Cotton Crewneck Sweatshirt,6.0
2026-03-15,Electronics,SKU-ELC-001,Wireless Noise-Canceling Headphones,13.0
2026-03-15,Electronics,SKU-ELC-002,Smart Fitness Watch V2,7.0
2026-03-15,Electronics,SKU-ELC-003,4K Ultra-HD Action Camera,6.0
2026-03-15,Electronics,SKU-ELC-004,USB-C Fast Charging Cable 2M,14.0
2026-03-15,Electronics,SKU-ELC-005,Vintage Stereo Turntable,0.0
2026-03-15,Electronics,SKU-ELC-006,Bluetooth Conference Speaker,3.0
2026-03-15,Electronics,SKU-ELC-007,Ergonomic Mechanical Keyboard,6.0
2026-03-15,Health & Personal Care,SKU-HPC-301,Sonic Electric Toothbrush Pro,10.0
2026-03-15,Health & Personal Care,SKU-HPC-302,Collagen Peptide Powder 500g,8.0
2026-03-15,Health & Personal Care,SKU-HPC-303,Infrared Shiatsu Neck Massager,2.0
2026-03-15,Health & Personal Care,SKU-HPC-304,Daily Multivitamin Gummies 120ct,12.0
2026-03-15,Health & Personal Care,SKU-HPC-305,Aromatherapy Ultrasonic Diffuser,0.0
2026-03-15,Home & Kitchen,SKU-HMK-101,Digital Air Fryer Oven 6Qt,13.0
2026-03-15,Home & Kitchen,SKU-HMK-102,Stainless Steel French Press,3.0
2026-03-15,Home & Kitchen,SKU-HMK-103,Cold Brew Iced Coffee Pitcher,0.0
2026-03-15,Home & Kitchen,SKU-HMK-104,Electric Precision Milk Frother,6.0
2026-03-15,Home & Kitchen,SKU-HMK-105,Cast Iron Dutch Oven 5.5Qt,0.0
2026-03-15,Home & Kitchen,SKU-HMK-106,Smart WiFi Food Scale,9.0
2026-03-15,Home & Kitchen,SKU-HMK-107,Silicone Baking Mat Set,8.0
2026-03-15,Sports & Outdoors,SKU-SPO-401,Insulated Hydro Water Bottle 32oz,2.0
2026-03-15,Sports & Outdoors,SKU-SPO-402,Non-Slip High Density Yoga Mat,7.0
2026-03-15,Sports & Outdoors,SKU-SPO-403,Heavy-Duty Resistance Bands Set,2.0
2026-03-15,Sports & Outdoors,SKU-SPO-404,Ultralight Backpacking Tent 2-Person,0.0
2026-03-15,Sports & Outdoors,SKU-SPO-405,Compact Camping Hammock Portable,3.0
2026-03-16,Apparel,SKU-APP-201,Thermal Fleece Running Hoodie,10.0
2026-03-16,Apparel,SKU-APP-202,Moisture-Wicking Athletic Tee,7.0
2026-03-16,Apparel,SKU-APP-203,Heavyweight Arctic Winter Parka,1.0
2026-03-16,Apparel,SKU-APP-204,Seamless Workout Compression Leggings,6.0
2026-03-16,Apparel,SKU-APP-205,Formal Wool Blazer Tailored,0.0
2026-03-16,Apparel,SKU-APP-206,Organic Cotton Crewneck Sweatshirt,3.0
2026-03-16,Electronics,SKU-ELC-001,Wireless Noise-Canceling Headphones,8.0
2026-03-16,Electronics,SKU-ELC-002,Smart Fitness Watch V2,0.0
2026-03-16,Electronics,SKU-ELC-003,4K Ultra-HD Action Camera,4.0
2026-03-16,Electronics,SKU-ELC-004,USB-C Fast Charging Cable 2M,6.0
2026-03-16,Electronics,SKU-ELC-005,Vintage Stereo Turntable,0.0
2026-03-16,Electronics,SKU-ELC-006,Bluetooth Conference Speaker,5.0
2026-03-16,Electronics,SKU-ELC-007,Ergonomic Mechanical Keyboard,9.0
2026-03-16,Health & Personal Care,SKU-HPC-301,Sonic Electric Toothbrush Pro,8.0
2026-03-16,Health & Personal Care,SKU-HPC-302,Collagen Peptide Powder 500g,9.0
2026-03-16,Health & Personal Care,SKU-HPC-303,Infrared Shiatsu Neck Massager,0.0
2026-03-16,Health & Personal Care,SKU-HPC-304,Daily Multivitamin Gummies 120ct,8.0
2026-03-16,Health & Personal Care,SKU-HPC-305,Aromatherapy Ultrasonic Diffuser,0.0
2026-03-16,Home & Kitchen,SKU-HMK-101,Digital Air Fryer Oven 6Qt,12.0
2026-03-16,Home & Kitchen,SKU-HMK-102,Stainless Steel French Press,6.0
2026-03-16,Home & Kitchen,SKU-HMK-103,Cold Brew Iced Coffee Pitcher,0.0
2026-03-16,Home & Kitchen,SKU-HMK-104,Electric Precision Milk Frother,8.0
2026-03-16,Home & Kitchen,SKU-HMK-105,Cast Iron Dutch Oven 5.5Qt,1.0
2026-03-16,Home & Kitchen,SKU-HMK-106,Smart WiFi Food Scale,7.0
2026-03-16,Home & Kitchen,SKU-HMK-107,Silicone Baking Mat Set,7.0
2026-03-16,Sports & Outdoors,SKU-SPO-401,Insulated Hydro Water Bottle 32oz,7.0
2026-03-16,Sports & Outdoors,SKU-SPO-402,Non-Slip High Density Yoga Mat,3.0
2026-03-16,Sports & Outdoors,SKU-SPO-403,Heavy-Duty Resistance Bands Set,3.0
2026-03-16,Sports & Outdoors,SKU-SPO-404,Ultralight Backpacking Tent 2-Person,0.0
2026-03-16,Sports & Outdoors,SKU-SPO-405,Compact Camping Hammock Portable,2.0
2026-03-17,Apparel,SKU-APP-201,Thermal Fleece Running Hoodie,14.0
2026-03-17,Apparel,SKU-APP-202,Moisture-Wicking Athletic Tee,6.0
2026-03-17,Apparel,SKU-APP-203,Heavyweight Arctic Winter Parka,3.0
2026-03-17,Apparel,SKU-APP-204,Seamless Workout Compression Leggings,6.0
2026-03-17,Apparel,SKU-APP-205,Formal Wool Blazer Tailored,1.0
2026-03-17,Apparel,SKU-APP-206,Organic Cotton Crewneck Sweatshirt,7.0
2026-03-17,Electronics,SKU-ELC-001,Wireless Noise-Canceling Headphones,13.0
2026-03-17,Electronics,SKU-ELC-002,Smart Fitness Watch V2,6.0
2026-03-17,Electronics,SKU-ELC-003,4K Ultra-HD Action Camera,3.0
2026-03-17,Electronics,SKU-ELC-004,USB-C Fast Charging Cable 2M,7.0
2026-03-17,Electronics,SKU-ELC-005,Vintage Stereo Turntable,0.0
2026-03-17,Electronics,SKU-ELC-006,Bluetooth Conference Speaker,4.0
2026-03-17,Electronics,SKU-ELC-007,Ergonomic Mechanical Keyboard,5.0
2026-03-17,Health & Personal Care,SKU-HPC-301,Sonic Electric Toothbrush Pro,7.0
2026-03-17,Health & Personal Care,SKU-HPC-302,Collagen Peptide Powder 500g,3.0
2026-03-17,Health & Personal Care,SKU-HPC-303,Infrared Shiatsu Neck Massager,3.0
2026-03-17,Health & Personal Care,SKU-HPC-304,Daily Multivitamin Gummies 120ct,5.0
2026-03-17,Health & Personal Care,SKU-HPC-305,Aromatherapy Ultrasonic Diffuser,0.0
2026-03-17,Home & Kitchen,SKU-HMK-101,Digital Air Fryer Oven 6Qt,12.0
2026-03-17,Home & Kitchen,SKU-HMK-102,Stainless Steel French Press,4.0
2026-03-17,Home & Kitchen,SKU-HMK-103,Cold Brew Iced Coffee Pitcher,2.0
2026-03-17,Home & Kitchen,SKU-HMK-104,Electric Precision Milk Frother,7.0
2026-03-17,Home & Kitchen,SKU-HMK-105,Cast Iron Dutch Oven 5.5Qt,0.0
2026-03-17,Home & Kitchen,SKU-HMK-106,Smart WiFi Food Scale,7.0
2026-03-17,Home & Kitchen,SKU-HMK-107,Silicone Baking Mat Set,7.0
2026-03-17,Sports & Outdoors,SKU-SPO-401,Insulated Hydro Water Bottle 32oz,7.0
2026-03-17,Sports & Outdoors,SKU-SPO-402,Non-Slip High Density Yoga Mat,8.0
2026-03-17,Sports & Outdoors,SKU-SPO-403,Heavy-Duty Resistance Bands Set,0.0
2026-03-17,Sports & Outdoors,SKU-SPO-404,Ultralight Backpacking Tent 2-Person,0.0
2026-03-17,Sports & Outdoors,SKU-SPO-405,Compact Camping Hammock Portable,6.0
2026-03-18,Apparel,SKU-APP-201,Thermal Fleece Running Hoodie,8.0
2026-03-18,Apparel,SKU-APP-202,Moisture-Wicking Athletic Tee,3.0
2026-03-18,Apparel,SKU-APP-203,Heavyweight Arctic Winter Parka,1.0
2026-03-18,Apparel,SKU-APP-204,Seamless Workout Compression Leggings,3.0
2026-03-18,Apparel,SKU-APP-205,Formal Wool Blazer Tailored,0.0
2026-03-18,Apparel,SKU-APP-206,Organic Cotton Crewneck Sweatshirt,4.0
2026-03-18,Electronics,SKU-ELC-001,Wireless Noise-Canceling Headphones,6.0
2026-03-18,Electronics,SKU-ELC-002,Smart Fitness Watch V2,4.0
2026-03-18,Electronics,SKU-ELC-003,4K Ultra-HD Action Camera,0.0
2026-03-18,Electronics,SKU-ELC-004,USB-C Fast Charging Cable 2M,10.0
2026-03-18,Electronics,SKU-ELC-005,Vintage Stereo Turntable,0.0
2026-03-18,Electronics,SKU-ELC-006,Bluetooth Conference Speaker,7.0
2026-03-18,Electronics,SKU-ELC-007,Ergonomic Mechanical Keyboard,6.0
2026-03-18,Health & Personal Care,SKU-HPC-301,Sonic Electric Toothbrush Pro,7.0
2026-03-18,Health & Personal Care,SKU-HPC-302,Collagen Peptide Powder 500g,6.0
2026-03-18,Health & Personal Care,SKU-HPC-303,Infrared Shiatsu Neck Massager,1.0
2026-03-18,Health & Personal Care,SKU-HPC-304,Daily Multivitamin Gummies 120ct,9.0
2026-03-18,Health & Personal Care,SKU-HPC-305,Aromatherapy Ultrasonic Diffuser,0.0
2026-03-18,Home & Kitchen,SKU-HMK-101,Digital Air Fryer Oven 6Qt,7.0
2026-03-18,Home & Kitchen,SKU-HMK-102,Stainless Steel French Press,3.0
2026-03-18,Home & Kitchen,SKU-HMK-103,Cold Brew Iced Coffee Pitcher,0.0
2026-03-18,Home & Kitchen,SKU-HMK-104,Electric Precision Milk Frother,9.0
2026-03-18,Home & Kitchen,SKU-HMK-105,Cast Iron Dutch Oven 5.5Qt,0.0
2026-03-18,Home & Kitchen,SKU-HMK-106,Smart WiFi Food Scale,6.0
2026-03-18,Home & Kitchen,SKU-HMK-107,Silicone Baking Mat Set,4.0
2026-03-18,Sports & Outdoors,SKU-SPO-401,Insulated Hydro Water Bottle 32oz,7.0
2026-03-18,Sports & Outdoors,SKU-SPO-402,Non-Slip High Density Yoga Mat,6.0
2026-03-18,Sports & Outdoors,SKU-SPO-403,Heavy-Duty Resistance Bands Set,3.0
2026-03-18,Sports & Outdoors,SKU-SPO-404,Ultralight Backpacking Tent 2-Person,0.0
2026-03-18,Sports & Outdoors,SKU-SPO-405,Compact Camping Hammock Portable,1.0
2026-03-19,Apparel,SKU-APP-201,Thermal Fleece Running Hoodie,6.0
2026-03-19,Apparel,SKU-APP-202,Moisture-Wicking Athletic Tee,2.0
2026-03-19,Apparel,SKU-APP-203,Heavyweight Arctic Winter Parka,0.0
2026-03-19,Apparel,SKU-APP-204,Seamless Workout Compression Leggings,4.0
2026-03-19,Apparel,SKU-APP-205,Formal Wool Blazer Tailored,0.0
2026-03-19,Apparel,SKU-APP-206,Organic Cotton Crewneck Sweatshirt,5.0
2026-03-19,Electronics,SKU-ELC-001,Wireless Noise-Canceling Headphones,11.0
2026-03-19,Electronics,SKU-ELC-002,Smart Fitness Watch V2,2.0
2026-03-19,Electronics,SKU-ELC-003,4K Ultra-HD Action Camera,0.0
2026-03-19,Electronics,SKU-ELC-004,USB-C Fast Charging Cable 2M,10.0
2026-03-19,Electronics,SKU-ELC-005,Vintage Stereo Turntable,0.0
2026-03-19,Electronics,SKU-ELC-006,Bluetooth Conference Speaker,4.0
2026-03-19,Electronics,SKU-ELC-007,Ergonomic Mechanical Keyboard,5.0
2026-03-19,Health & Personal Care,SKU-HPC-301,Sonic Electric Toothbrush Pro,4.0
2026-03-19,Health & Personal Care,SKU-HPC-302,Collagen Peptide Powder 500g,4.0
2026-03-19,Health & Personal Care,SKU-HPC-303,Infrared Shiatsu Neck Massager,1.0
2026-03-19,Health & Personal Care,SKU-HPC-304,Daily Multivitamin Gummies 120ct,10.0
2026-03-19,Health & Personal Care,SKU-HPC-305,Aromatherapy Ultrasonic Diffuser,0.0
2026-03-19,Home & Kitchen,SKU-HMK-101,Digital Air Fryer Oven 6Qt,10.0
2026-03-19,Home & Kitchen,SKU-HMK-102,Stainless Steel French Press,3.0
2026-03-19,Home & Kitchen,SKU-HMK-103,Cold Brew Iced Coffee Pitcher,2.0
2026-03-19,Home & Kitchen,SKU-HMK-104,Electric Precision Milk Frother,8.0
2026-03-19,Home & Kitchen,SKU-HMK-105,Cast Iron Dutch Oven 5.5Qt,0.0
2026-03-19,Home & Kitchen,SKU-HMK-106,Smart WiFi Food Scale,6.0
2026-03-19,Home & Kitchen,SKU-HMK-107,Silicone Baking Mat Set,6.0
2026-03-19,Sports & Outdoors,SKU-SPO-401,Insulated Hydro Water Bottle 32oz,5.0
2026-03-19,Sports & Outdoors,SKU-SPO-402,Non-Slip High Density Yoga Mat,1.0
2026-03-19,Sports & Outdoors,SKU-SPO-403,Heavy-Duty Resistance Bands Set,1.0
2026-03-19,Sports & Outdoors,SKU-SPO-404,Ultralight Backpacking Tent 2-Person,0.0
2026-03-19,Sports & Outdoors,SKU-SPO-405,Compact Camping Hammock Portable,10.0
2026-03-20,Apparel,SKU-APP-201,Thermal Fleece Running Hoodie,9.0
2026-03-20,Apparel,SKU-APP-202,Moisture-Wicking Athletic Tee,4.0
2026-03-20,Apparel,SKU-APP-203,Heavyweight Arctic Winter Parka,2.0
2026-03-20,Apparel,SKU-APP-204,Seamless Workout Compression Leggings,12.0
2026-03-20,Apparel,SKU-APP-205,Formal Wool Blazer Tailored,2.0
2026-03-20,Apparel,SKU-APP-206,Organic Cotton Crewneck Sweatshirt,0.0
2026-03-20,Electronics,SKU-ELC-001,Wireless Noise-Canceling Headphones,6.0
2026-03-20,Electronics,SKU-ELC-002,Smart Fitness Watch V2,4.0
2026-03-20,Electronics,SKU-ELC-003,4K Ultra-HD Action Camera,2.0
2026-03-20,Electronics,SKU-ELC-004,USB-C Fast Charging Cable 2M,11.0
2026-03-20,Electronics,SKU-ELC-005,Vintage Stereo Turntable,0.0
2026-03-20,Electronics,SKU-ELC-006,Bluetooth Conference Speaker,2.0
2026-03-20,Electronics,SKU-ELC-007,Ergonomic Mechanical Keyboard,4.0
2026-03-20,Health & Personal Care,SKU-HPC-301,Sonic Electric Toothbrush Pro,5.0
2026-03-20,Health & Personal Care,SKU-HPC-302,Collagen Peptide Powder 500g,3.0
2026-03-20,Health & Personal Care,SKU-HPC-303,Infrared Shiatsu Neck Massager,0.0
2026-03-20,Health & Personal Care,SKU-HPC-304,Daily Multivitamin Gummies 120ct,3.0
2026-03-20,Health & Personal Care,SKU-HPC-305,Aromatherapy Ultrasonic Diffuser,0.0
2026-03-20,Home & Kitchen,SKU-HMK-101,Digital Air Fryer Oven 6Qt,7.0
2026-03-20,Home & Kitchen,SKU-HMK-102,Stainless Steel French Press,4.0
2026-03-20,Home & Kitchen,SKU-HMK-103,Cold Brew Iced Coffee Pitcher,0.0
2026-03-20,Home & Kitchen,SKU-HMK-104,Electric Precision Milk Frother,8.0
2026-03-20,Home & Kitchen,SKU-HMK-105,Cast Iron Dutch Oven 5.5Qt,0.0
2026-03-20,Home & Kitchen,SKU-HMK-106,Smart WiFi Food Scale,2.0
2026-03-20,Home & Kitchen,SKU-HMK-107,Silicone Baking Mat Set,10.0
2026-03-20,Sports & Outdoors,SKU-SPO-401,Insulated Hydro Water Bottle 32oz,10.0
2026-03-20,Sports & Outdoors,SKU-SPO-402,Non-Slip High Density Yoga Mat,3.0
2026-03-20,Sports & Outdoors,SKU-SPO-403,Heavy-Duty Resistance Bands Set,4.0
2026-03-20,Sports & Outdoors,SKU-SPO-404,Ultralight Backpacking Tent 2-Person,0.0
2026-03-20,Sports & Outdoors,SKU-SPO-405,Compact Camping Hammock Portable,5.0
2026-03-21,Apparel,SKU-APP-201,Thermal Fleece Running Hoodie,15.0
2026-03-21,Apparel,SKU-APP-202,Moisture-Wicking Athletic Tee,10.0
2026-03-21,Apparel,SKU-APP-203,Heavyweight Arctic Winter Parka,6.0
2026-03-21,Apparel,SKU-APP-204,Seamless Workout Compression Leggings,9.0
2026-03-21,Apparel,SKU-APP-205,Formal Wool Blazer Tailored,0.0
2026-03-21,Apparel,SKU-APP-206,Organic Cotton Crewneck Sweatshirt,4.0
2026-03-21,Electronics,SKU-ELC-001,Wireless Noise-Canceling Headphones,8.0
2026-03-21,Electronics,SKU-ELC-002,Smart Fitness Watch V2,8.0
2026-03-21,Electronics,SKU-ELC-003,4K Ultra-HD Action Camera,5.0
2026-03-21,Electronics,SKU-ELC-004,USB-C Fast Charging Cable 2M,14.0
2026-03-21,Electronics,SKU-ELC-005,Vintage Stereo Turntable,0.0
2026-03-21,Electronics,SKU-ELC-006,Bluetooth Conference Speaker,4.0
2026-03-21,Electronics,SKU-ELC-007,Ergonomic Mechanical Keyboard,8.0
2026-03-21,Health & Personal Care,SKU-HPC-301,Sonic Electric Toothbrush Pro,11.0
2026-03-21,Health & Personal Care,SKU-HPC-302,Collagen Peptide Powder 500g,3.0
2026-03-21,Health & Personal Care,SKU-HPC-303,Infrared Shiatsu Neck Massager,4.0
2026-03-21,Health & Personal Care,SKU-HPC-304,Daily Multivitamin Gummies 120ct,12.0
2026-03-21,Health & Personal Care,SKU-HPC-305,Aromatherapy Ultrasonic Diffuser,0.0
2026-03-21,Home & Kitchen,SKU-HMK-101,Digital Air Fryer Oven 6Qt,15.0
2026-03-21,Home & Kitchen,SKU-HMK-102,Stainless Steel French Press,7.0
2026-03-21,Home & Kitchen,SKU-HMK-103,Cold Brew Iced Coffee Pitcher,1.0
2026-03-21,Home & Kitchen,SKU-HMK-104,Electric Precision Milk Frother,8.0
2026-03-21,Home & Kitchen,SKU-HMK-105,Cast Iron Dutch Oven 5.5Qt,0.0
2026-03-21,Home & Kitchen,SKU-HMK-106,Smart WiFi Food Scale,9.0
2026-03-21,Home & Kitchen,SKU-HMK-107,Silicone Baking Mat Set,11.0
2026-03-21,Sports & Outdoors,SKU-SPO-401,Insulated Hydro Water Bottle 32oz,4.0
2026-03-21,Sports & Outdoors,SKU-SPO-402,Non-Slip High Density Yoga Mat,8.0
2026-03-21,Sports & Outdoors,SKU-SPO-403,Heavy-Duty Resistance Bands Set,1.0
2026-03-21,Sports & Outdoors,SKU-SPO-404,Ultralight Backpacking Tent 2-Person,1.0
2026-03-21,Sports & Outdoors,SKU-SPO-405,Compact Camping Hammock Portable,5.0
2026-03-22,Apparel,SKU-APP-201,Thermal Fleece Running Hoodie,11.0
2026-03-22,Apparel,SKU-APP-202,Moisture-Wicking Athletic Tee,3.0
2026-03-22,Apparel,SKU-APP-203,Heavyweight Arctic Winter Parka,1.0
2026-03-22,Apparel,SKU-APP-204,Seamless Workout Compression Leggings,12.0
2026-03-22,Apparel,SKU-APP-205,Formal Wool Blazer Tailored,0.0
2026-03-22,Apparel,SKU-APP-206,Organic Cotton Crewneck Sweatshirt,8.0
2026-03-22,Electronics,SKU-ELC-001,Wireless Noise-Canceling Headphones,14.0
2026-03-22,Electronics,SKU-ELC-002,Smart Fitness Watch V2,5.0
2026-03-22,Electronics,SKU-ELC-003,4K Ultra-HD Action Camera,4.0
2026-03-22,Electronics,SKU-ELC-004,USB-C Fast Charging Cable 2M,10.0
2026-03-22,Electronics,SKU-ELC-005,Vintage Stereo Turntable,1.0
2026-03-22,Electronics,SKU-ELC-006,Bluetooth Conference Speaker,12.0
2026-03-22,Electronics,SKU-ELC-007,Ergonomic Mechanical Keyboard,10.0
2026-03-22,Health & Personal Care,SKU-HPC-301,Sonic Electric Toothbrush Pro,5.0
2026-03-22,Health & Personal Care,SKU-HPC-302,Collagen Peptide Powder 500g,3.0
2026-03-22,Health & Personal Care,SKU-HPC-303,Infrared Shiatsu Neck Massager,4.0
2026-03-22,Health & Personal Care,SKU-HPC-304,Daily Multivitamin Gummies 120ct,11.0
2026-03-22,Health & Personal Care,SKU-HPC-305,Aromatherapy Ultrasonic Diffuser,0.0
2026-03-22,Home & Kitchen,SKU-HMK-101,Digital Air Fryer Oven 6Qt,16.0
2026-03-22,Home & Kitchen,SKU-HMK-102,Stainless Steel French Press,6.0
2026-03-22,Home & Kitchen,SKU-HMK-103,Cold Brew Iced Coffee Pitcher,1.0
2026-03-22,Home & Kitchen,SKU-HMK-104,Electric Precision Milk Frother,7.0
2026-03-22,Home & Kitchen,SKU-HMK-105,Cast Iron Dutch Oven 5.5Qt,0.0
2026-03-22,Home & Kitchen,SKU-HMK-106,Smart WiFi Food Scale,7.0
2026-03-22,Home & Kitchen,SKU-HMK-107,Silicone Baking Mat Set,7.0
2026-03-22,Sports & Outdoors,SKU-SPO-401,Insulated Hydro Water Bottle 32oz,10.0
2026-03-22,Sports & Outdoors,SKU-SPO-402,Non-Slip High Density Yoga Mat,10.0
2026-03-22,Sports & Outdoors,SKU-SPO-403,Heavy-Duty Resistance Bands Set,0.0
2026-03-22,Sports & Outdoors,SKU-SPO-404,Ultralight Backpacking Tent 2-Person,0.0
2026-03-22,Sports & Outdoors,SKU-SPO-405,Compact Camping Hammock Portable,8.0
2026-03-23,Apparel,SKU-APP-201,Thermal Fleece Running Hoodie,10.0
2026-03-23,Apparel,SKU-APP-202,Moisture-Wicking Athletic Tee,5.0
2026-03-23,Apparel,SKU-APP-203,Heavyweight Arctic Winter Parka,1.0
2026-03-23,Apparel,SKU-APP-204,Seamless Workout Compression Leggings,12.0
2026-03-23,Apparel,SKU-APP-205,Formal Wool Blazer Tailored,0.0
2026-03-23,Apparel,SKU-APP-206,Organic Cotton Crewneck Sweatshirt,2.0
2026-03-23,Electronics,SKU-ELC-001,Wireless Noise-Canceling Headphones,9.0
2026-03-23,Electronics,SKU-ELC-002,Smart Fitness Watch V2,2.0
2026-03-23,Electronics,SKU-ELC-003,4K Ultra-HD Action Camera,1.0
2026-03-23,Electronics,SKU-ELC-004,USB-C Fast Charging Cable 2M,8.0
2026-03-23,Electronics,SKU-ELC-005,Vintage Stereo Turntable,0.0
2026-03-23,Electronics,SKU-ELC-006,Bluetooth Conference Speaker,7.0
2026-03-23,Electronics,SKU-ELC-007,Ergonomic Mechanical Keyboard,5.0
2026-03-23,Health & Personal Care,SKU-HPC-301,Sonic Electric Toothbrush Pro,6.0
2026-03-23,Health & Personal Care,SKU-HPC-302,Collagen Peptide Powder 500g,3.0
2026-03-23,Health & Personal Care,SKU-HPC-303,Infrared Shiatsu Neck Massager,2.0
2026-03-23,Health & Personal Care,SKU-HPC-304,Daily Multivitamin Gummies 120ct,4.0
2026-03-23,Health & Personal Care,SKU-HPC-305,Aromatherapy Ultrasonic Diffuser,0.0
2026-03-23,Home & Kitchen,SKU-HMK-101,Digital Air Fryer Oven 6Qt,8.0
2026-03-23,Home & Kitchen,SKU-HMK-102,Stainless Steel French Press,2.0
2026-03-23,Home & Kitchen,SKU-HMK-103,Cold Brew Iced Coffee Pitcher,1.0
2026-03-23,Home & Kitchen,SKU-HMK-104,Electric Precision Milk Frother,5.0
2026-03-23,Home & Kitchen,SKU-HMK-105,Cast Iron Dutch Oven 5.5Qt,0.0
2026-03-23,Home & Kitchen,SKU-HMK-106,Smart WiFi Food Scale,4.0
2026-03-23,Home & Kitchen,SKU-HMK-107,Silicone Baking Mat Set,5.0
2026-03-23,Sports & Outdoors,SKU-SPO-401,Insulated Hydro Water Bottle 32oz,5.0
2026-03-23,Sports & Outdoors,SKU-SPO-402,Non-Slip High Density Yoga Mat,6.0
2026-03-23,Sports & Outdoors,SKU-SPO-403,Heavy-Duty Resistance Bands Set,1.0
2026-03-23,Sports & Outdoors,SKU-SPO-404,Ultralight Backpacking Tent 2-Person,0.0
2026-03-23,Sports & Outdoors,SKU-SPO-405,Compact Camping Hammock Portable,5.0
2026-03-24,Apparel,SKU-APP-201,Thermal Fleece Running Hoodie,13.0
2026-03-24,Apparel,SKU-APP-202,Moisture-Wicking Athletic Tee,6.0
2026-03-24,Apparel,SKU-APP-203,Heavyweight Arctic Winter Parka,0.0
2026-03-24,Apparel,SKU-APP-204,Seamless Workout Compression Leggings,7.0
2026-03-24,Apparel,SKU-APP-205,Formal Wool Blazer Tailored,0.0
2026-03-24,Apparel,SKU-APP-206,Organic Cotton Crewneck Sweatshirt,4.0
2026-03-24,Electronics,SKU-ELC-001,Wireless Noise-Canceling Headphones,5.0
2026-03-24,Electronics,SKU-ELC-002,Smart Fitness Watch V2,8.0
2026-03-24,Electronics,SKU-ELC-003,4K Ultra-HD Action Camera,1.0
2026-03-24,Electronics,SKU-ELC-004,USB-C Fast Charging Cable 2M,6.0
2026-03-24,Electronics,SKU-ELC-005,Vintage Stereo Turntable,0.0
2026-03-24,Electronics,SKU-ELC-006,Bluetooth Conference Speaker,7.0
2026-03-24,Electronics,SKU-ELC-007,Ergonomic Mechanical Keyboard,7.0
2026-03-24,Health & Personal Care,SKU-HPC-301,Sonic Electric Toothbrush Pro,5.0
2026-03-24,Health & Personal Care,SKU-HPC-302,Collagen Peptide Powder 500g,2.0
2026-03-24,Health & Personal Care,SKU-HPC-303,Infrared Shiatsu Neck Massager,2.0
2026-03-24,Health & Personal Care,SKU-HPC-304,Daily Multivitamin Gummies 120ct,11.0
2026-03-24,Health & Personal Care,SKU-HPC-305,Aromatherapy Ultrasonic Diffuser,0.0
2026-03-24,Home & Kitchen,SKU-HMK-101,Digital Air Fryer Oven 6Qt,12.0
2026-03-24,Home & Kitchen,SKU-HMK-102,Stainless Steel French Press,3.0
2026-03-24,Home & Kitchen,SKU-HMK-103,Cold Brew Iced Coffee Pitcher,3.0
2026-03-24,Home & Kitchen,SKU-HMK-104,Electric Precision Milk Frother,7.0
2026-03-24,Home & Kitchen,SKU-HMK-105,Cast Iron Dutch Oven 5.5Qt,0.0
2026-03-24,Home & Kitchen,SKU-HMK-106,Smart WiFi Food Scale,6.0
2026-03-24,Home & Kitchen,SKU-HMK-107,Silicone Baking Mat Set,7.0
2026-03-24,Sports & Outdoors,SKU-SPO-401,Insulated Hydro Water Bottle 32oz,4.0
2026-03-24,Sports & Outdoors,SKU-SPO-402,Non-Slip High Density Yoga Mat,6.0
2026-03-24,Sports & Outdoors,SKU-SPO-403,Heavy-Duty Resistance Bands Set,4.0
2026-03-24,Sports & Outdoors,SKU-SPO-404,Ultralight Backpacking Tent 2-Person,0.0
2026-03-24,Sports & Outdoors,SKU-SPO-405,Compact Camping Hammock Portable,4.0
2026-03-25,Apparel,SKU-APP-201,Thermal Fleece Running Hoodie,8.0
2026-03-25,Apparel,SKU-APP-202,Moisture-Wicking Athletic Tee,4.0
2026-03-25,Apparel,SKU-APP-203,Heavyweight Arctic Winter Parka,1.0
2026-03-25,Apparel,SKU-APP-204,Seamless Workout Compression Leggings,10.0
2026-03-25,Apparel,SKU-APP-205,Formal Wool Blazer Tailored,0.0
2026-03-25,Apparel,SKU-APP-206,Organic Cotton Crewneck Sweatshirt,2.0
2026-03-25,Electronics,SKU-ELC-001,Wireless Noise-Canceling Headphones,9.0
2026-03-25,Electronics,SKU-ELC-002,Smart Fitness Watch V2,4.0
2026-03-25,Electronics,SKU-ELC-003,4K Ultra-HD Action Camera,3.0
2026-03-25,Electronics,SKU-ELC-004,USB-C Fast Charging Cable 2M,6.0
2026-03-25,Electronics,SKU-ELC-005,Vintage Stereo Turntable,1.0
2026-03-25,Electronics,SKU-ELC-006,Bluetooth Conference Speaker,4.0
2026-03-25,Electronics,SKU-ELC-007,Ergonomic Mechanical Keyboard,6.0
2026-03-25,Health & Personal Care,SKU-HPC-301,Sonic Electric Toothbrush Pro,5.0
2026-03-25,Health & Personal Care,SKU-HPC-302,Collagen Peptide Powder 500g,2.0
2026-03-25,Health & Personal Care,SKU-HPC-303,Infrared Shiatsu Neck Massager,1.0
2026-03-25,Health & Personal Care,SKU-HPC-304,Daily Multivitamin Gummies 120ct,5.0
2026-03-25,Health & Personal Care,SKU-HPC-305,Aromatherapy Ultrasonic Diffuser,0.0
2026-03-25,Home & Kitchen,SKU-HMK-101,Digital Air Fryer Oven 6Qt,6.0
2026-03-25,Home & Kitchen,SKU-HMK-102,Stainless Steel French Press,9.0
2026-03-25,Home & Kitchen,SKU-HMK-103,Cold Brew Iced Coffee Pitcher,1.0
2026-03-25,Home & Kitchen,SKU-HMK-104,Electric Precision Milk Frother,7.0
2026-03-25,Home & Kitchen,SKU-HMK-105,Cast Iron Dutch Oven 5.5Qt,0.0
2026-03-25,Home & Kitchen,SKU-HMK-106,Smart WiFi Food Scale,4.0
2026-03-25,Home & Kitchen,SKU-HMK-107,Silicone Baking Mat Set,6.0
2026-03-25,Sports & Outdoors,SKU-SPO-401,Insulated Hydro Water Bottle 32oz,3.0
2026-03-25,Sports & Outdoors,SKU-SPO-402,Non-Slip High Density Yoga Mat,4.0
2026-03-25,Sports & Outdoors,SKU-SPO-403,Heavy-Duty Resistance Bands Set,2.0
2026-03-25,Sports & Outdoors,SKU-SPO-404,Ultralight Backpacking Tent 2-Person,0.0
2026-03-25,Sports & Outdoors,SKU-SPO-405,Compact Camping Hammock Portable,3.0
2026-03-26,Apparel,SKU-APP-201,Thermal Fleece Running Hoodie,10.0
2026-03-26,Apparel,SKU-APP-202,Moisture-Wicking Athletic Tee,4.0
2026-03-26,Apparel,SKU-APP-203,Heavyweight Arctic Winter Parka,2.0
2026-03-26,Apparel,SKU-APP-204,Seamless Workout Compression Leggings,7.0
2026-03-26,Apparel,SKU-APP-205,Formal Wool Blazer Tailored,0.0
2026-03-26,Apparel,SKU-APP-206,Organic Cotton Crewneck Sweatshirt,4.0
2026-03-26,Electronics,SKU-ELC-001,Wireless Noise-Canceling Headphones,11.0
2026-03-26,Electronics,SKU-ELC-002,Smart Fitness Watch V2,8.0
2026-03-26,Electronics,SKU-ELC-003,4K Ultra-HD Action Camera,2.0
2026-03-26,Electronics,SKU-ELC-004,USB-C Fast Charging Cable 2M,7.0
2026-03-26,Electronics,SKU-ELC-005,Vintage Stereo Turntable,0.0
2026-03-26,Electronics,SKU-ELC-006,Bluetooth Conference Speaker,1.0
2026-03-26,Electronics,SKU-ELC-007,Ergonomic Mechanical Keyboard,4.0
2026-03-26,Health & Personal Care,SKU-HPC-301,Sonic Electric Toothbrush Pro,10.0
2026-03-26,Health & Personal Care,SKU-HPC-302,Collagen Peptide Powder 500g,8.0
2026-03-26,Health & Personal Care,SKU-HPC-303,Infrared Shiatsu Neck Massager,1.0
2026-03-26,Health & Personal Care,SKU-HPC-304,Daily Multivitamin Gummies 120ct,5.0
2026-03-26,Health & Personal Care,SKU-HPC-305,Aromatherapy Ultrasonic Diffuser,1.0
2026-03-26,Home & Kitchen,SKU-HMK-101,Digital Air Fryer Oven 6Qt,6.0
2026-03-26,Home & Kitchen,SKU-HMK-102,Stainless Steel French Press,4.0
2026-03-26,Home & Kitchen,SKU-HMK-103,Cold Brew Iced Coffee Pitcher,2.0
2026-03-26,Home & Kitchen,SKU-HMK-104,Electric Precision Milk Frother,9.0
2026-03-26,Home & Kitchen,SKU-HMK-105,Cast Iron Dutch Oven 5.5Qt,0.0
2026-03-26,Home & Kitchen,SKU-HMK-106,Smart WiFi Food Scale,4.0
2026-03-26,Home & Kitchen,SKU-HMK-107,Silicone Baking Mat Set,3.0
2026-03-26,Sports & Outdoors,SKU-SPO-401,Insulated Hydro Water Bottle 32oz,7.0
2026-03-26,Sports & Outdoors,SKU-SPO-402,Non-Slip High Density Yoga Mat,0.0
2026-03-26,Sports & Outdoors,SKU-SPO-403,Heavy-Duty Resistance Bands Set,1.0
2026-03-26,Sports & Outdoors,SKU-SPO-404,Ultralight Backpacking Tent 2-Person,0.0
2026-03-26,Sports & Outdoors,SKU-SPO-405,Compact Camping Hammock Portable,5.0
2026-03-27,Apparel,SKU-APP-201,Thermal Fleece Running Hoodie,4.0
2026-03-27,Apparel,SKU-APP-202,Moisture-Wicking Athletic Tee,3.0
2026-03-27,Apparel,SKU-APP-203,Heavyweight Arctic Winter Parka,0.0
2026-03-27,Apparel,SKU-APP-204,Seamless Workout Compression Leggings,3.0
2026-03-27,Apparel,SKU-APP-205,Formal Wool Blazer Tailored,0.0
2026-03-27,Apparel,SKU-APP-206,Organic Cotton Crewneck Sweatshirt,4.0
2026-03-27,Electronics,SKU-ELC-001,Wireless Noise-Canceling Headphones,9.0
2026-03-27,Electronics,SKU-ELC-002,Smart Fitness Watch V2,6.0
2026-03-27,Electronics,SKU-ELC-003,4K Ultra-HD Action Camera,3.0
2026-03-27,Electronics,SKU-ELC-004,USB-C Fast Charging Cable 2M,6.0
2026-03-27,Electronics,SKU-ELC-005,Vintage Stereo Turntable,0.0
2026-03-27,Electronics,SKU-ELC-006,Bluetooth Conference Speaker,10.0
2026-03-27,Electronics,SKU-ELC-007,Ergonomic Mechanical Keyboard,3.0
2026-03-27,Health & Personal Care,SKU-HPC-301,Sonic Electric Toothbrush Pro,5.0
2026-03-27,Health & Personal Care,SKU-HPC-302,Collagen Peptide Powder 500g,6.0
2026-03-27,Health & Personal Care,SKU-HPC-303,Infrared Shiatsu Neck Massager,0.0
2026-03-27,Health & Personal Care,SKU-HPC-304,Daily Multivitamin Gummies 120ct,7.0
2026-03-27,Health & Personal Care,SKU-HPC-305,Aromatherapy Ultrasonic Diffuser,0.0
2026-03-27,Home & Kitchen,SKU-HMK-101,Digital Air Fryer Oven 6Qt,10.0
2026-03-27,Home & Kitchen,SKU-HMK-102,Stainless Steel French Press,3.0
2026-03-27,Home & Kitchen,SKU-HMK-103,Cold Brew Iced Coffee Pitcher,3.0
2026-03-27,Home & Kitchen,SKU-HMK-104,Electric Precision Milk Frother,12.0
2026-03-27,Home & Kitchen,SKU-HMK-105,Cast Iron Dutch Oven 5.5Qt,0.0
2026-03-27,Home & Kitchen,SKU-HMK-106,Smart WiFi Food Scale,3.0
2026-03-27,Home & Kitchen,SKU-HMK-107,Silicone Baking Mat Set,5.0
2026-03-27,Sports & Outdoors,SKU-SPO-401,Insulated Hydro Water Bottle 32oz,4.0
2026-03-27,Sports & Outdoors,SKU-SPO-402,Non-Slip High Density Yoga Mat,4.0
2026-03-27,Sports & Outdoors,SKU-SPO-403,Heavy-Duty Resistance Bands Set,0.0
2026-03-27,Sports & Outdoors,SKU-SPO-404,Ultralight Backpacking Tent 2-Person,0.0
2026-03-27,Sports & Outdoors,SKU-SPO-405,Compact Camping Hammock Portable,4.0
2026-03-28,Apparel,SKU-APP-201,Thermal Fleece Running Hoodie,8.0
2026-03-28,Apparel,SKU-APP-202,Moisture-Wicking Athletic Tee,5.0
2026-03-28,Apparel,SKU-APP-203,Heavyweight Arctic Winter Parka,1.0
2026-03-28,Apparel,SKU-APP-204,Seamless Workout Compression Leggings,14.0
2026-03-28,Apparel,SKU-APP-205,Formal Wool Blazer Tailored,0.0
2026-03-28,Apparel,SKU-APP-206,Organic Cotton Crewneck Sweatshirt,7.0
2026-03-28,Electronics,SKU-ELC-001,Wireless Noise-Canceling Headphones,7.0
2026-03-28,Electronics,SKU-ELC-002,Smart Fitness Watch V2,6.0
2026-03-28,Electronics,SKU-ELC-003,4K Ultra-HD Action Camera,3.0
2026-03-28,Electronics,SKU-ELC-004,USB-C Fast Charging Cable 2M,17.0
2026-03-28,Electronics,SKU-ELC-005,Vintage Stereo Turntable,0.0
2026-03-28,Electronics,SKU-ELC-006,Bluetooth Conference Speaker,5.0
2026-03-28,Electronics,SKU-ELC-007,Ergonomic Mechanical Keyboard,3.0
2026-03-28,Health & Personal Care,SKU-HPC-301,Sonic Electric Toothbrush Pro,4.0
2026-03-28,Health & Personal Care,SKU-HPC-302,Collagen Peptide Powder 500g,9.0
2026-03-28,Health & Personal Care,SKU-HPC-303,Infrared Shiatsu Neck Massager,0.0
2026-03-28,Health & Personal Care,SKU-HPC-304,Daily Multivitamin Gummies 120ct,10.0
2026-03-28,Health & Personal Care,SKU-HPC-305,Aromatherapy Ultrasonic Diffuser,1.0
2026-03-28,Home & Kitchen,SKU-HMK-101,Digital Air Fryer Oven 6Qt,12.0
2026-03-28,Home & Kitchen,SKU-HMK-102,Stainless Steel French Press,6.0
2026-03-28,Home & Kitchen,SKU-HMK-103,Cold Brew Iced Coffee Pitcher,0.0
2026-03-28,Home & Kitchen,SKU-HMK-104,Electric Precision Milk Frother,8.0
2026-03-28,Home & Kitchen,SKU-HMK-105,Cast Iron Dutch Oven 5.5Qt,0.0
2026-03-28,Home & Kitchen,SKU-HMK-106,Smart WiFi Food Scale,8.0
2026-03-28,Home & Kitchen,SKU-HMK-107,Silicone Baking Mat Set,4.0
2026-03-28,Sports & Outdoors,SKU-SPO-401,Insulated Hydro Water Bottle 32oz,8.0
2026-03-28,Sports & Outdoors,SKU-SPO-402,Non-Slip High Density Yoga Mat,4.0
2026-03-28,Sports & Outdoors,SKU-SPO-403,Heavy-Duty Resistance Bands Set,3.0
2026-03-28,Sports & Outdoors,SKU-SPO-404,Ultralight Backpacking Tent 2-Person,0.0
2026-03-28,Sports & Outdoors,SKU-SPO-405,Compact Camping Hammock Portable,7.0
2026-03-29,Apparel,SKU-APP-201,Thermal Fleece Running Hoodie,13.0
2026-03-29,Apparel,SKU-APP-202,Moisture-Wicking Athletic Tee,3.0
2026-03-29,Apparel,SKU-APP-203,Heavyweight Arctic Winter Parka,1.0
2026-03-29,Apparel,SKU-APP-204,Seamless Workout Compression Leggings,8.0
2026-03-29,Apparel,SKU-APP-205,Formal Wool Blazer Tailored,1.0
2026-03-29,Apparel,SKU-APP-206,Organic Cotton Crewneck Sweatshirt,3.0
2026-03-29,Electronics,SKU-ELC-001,Wireless Noise-Canceling Headphones,13.0
2026-03-29,Electronics,SKU-ELC-002,Smart Fitness Watch V2,9.0
2026-03-29,Electronics,SKU-ELC-003,4K Ultra-HD Action Camera,1.0
2026-03-29,Electronics,SKU-ELC-004,USB-C Fast Charging Cable 2M,8.0
2026-03-29,Electronics,SKU-ELC-005,Vintage Stereo Turntable,0.0
2026-03-29,Electronics,SKU-ELC-006,Bluetooth Conference Speaker,6.0
2026-03-29,Electronics,SKU-ELC-007,Ergonomic Mechanical Keyboard,9.0
2026-03-29,Health & Personal Care,SKU-HPC-301,Sonic Electric Toothbrush Pro,7.0
2026-03-29,Health & Personal Care,SKU-HPC-302,Collagen Peptide Powder 500g,4.0
2026-03-29,Health & Personal Care,SKU-HPC-303,Infrared Shiatsu Neck Massager,5.0
2026-03-29,Health & Personal Care,SKU-HPC-304,Daily Multivitamin Gummies 120ct,10.0
2026-03-29,Health & Personal Care,SKU-HPC-305,Aromatherapy Ultrasonic Diffuser,0.0
2026-03-29,Home & Kitchen,SKU-HMK-101,Digital Air Fryer Oven 6Qt,13.0
2026-03-29,Home & Kitchen,SKU-HMK-102,Stainless Steel French Press,8.0
2026-03-29,Home & Kitchen,SKU-HMK-103,Cold Brew Iced Coffee Pitcher,1.0
2026-03-29,Home & Kitchen,SKU-HMK-104,Electric Precision Milk Frother,12.0
2026-03-29,Home & Kitchen,SKU-HMK-105,Cast Iron Dutch Oven 5.5Qt,0.0
2026-03-29,Home & Kitchen,SKU-HMK-106,Smart WiFi Food Scale,6.0
2026-03-29,Home & Kitchen,SKU-HMK-107,Silicone Baking Mat Set,9.0
2026-03-29,Sports & Outdoors,SKU-SPO-401,Insulated Hydro Water Bottle 32oz,14.0
2026-03-29,Sports & Outdoors,SKU-SPO-402,Non-Slip High Density Yoga Mat,3.0
2026-03-29,Sports & Outdoors,SKU-SPO-403,Heavy-Duty Resistance Bands Set,3.0
2026-03-29,Sports & Outdoors,SKU-SPO-404,Ultralight Backpacking Tent 2-Person,0.0
2026-03-29,Sports & Outdoors,SKU-SPO-405,Compact Camping Hammock Portable,4.0
2026-03-30,Apparel,SKU-APP-201,Thermal Fleece Running Hoodie,3.0
2026-03-30,Apparel,SKU-APP-202,Moisture-Wicking Athletic Tee,2.0
2026-03-30,Apparel,SKU-APP-203,Heavyweight Arctic Winter Parka,2.0
2026-03-30,Apparel,SKU-APP-204,Seamless Workout Compression Leggings,7.0
2026-03-30,Apparel,SKU-APP-205,Formal Wool Blazer Tailored,1.0
2026-03-30,Apparel,SKU-APP-206,Organic Cotton Crewneck Sweatshirt,2.0
2026-03-30,Electronics,SKU-ELC-001,Wireless Noise-Canceling Headphones,10.0
2026-03-30,Electronics,SKU-ELC-002,Smart Fitness Watch V2,3.0
2026-03-30,Electronics,SKU-ELC-003,4K Ultra-HD Action Camera,1.0
2026-03-30,Electronics,SKU-ELC-004,USB-C Fast Charging Cable 2M,5.0
2026-03-30,Electronics,SKU-ELC-005,Vintage Stereo Turntable,0.0
2026-03-30,Electronics,SKU-ELC-006,Bluetooth Conference Speaker,3.0
2026-03-30,Electronics,SKU-ELC-007,Ergonomic Mechanical Keyboard,5.0
2026-03-30,Health & Personal Care,SKU-HPC-301,Sonic Electric Toothbrush Pro,5.0
2026-03-30,Health & Personal Care,SKU-HPC-302,Collagen Peptide Powder 500g,7.0
2026-03-30,Health & Personal Care,SKU-HPC-303,Infrared Shiatsu Neck Massager,0.0
2026-03-30,Health & Personal Care,SKU-HPC-304,Daily Multivitamin Gummies 120ct,11.0
2026-03-30,Health & Personal Care,SKU-HPC-305,Aromatherapy Ultrasonic Diffuser,1.0
2026-03-30,Home & Kitchen,SKU-HMK-101,Digital Air Fryer Oven 6Qt,3.0
2026-03-30,Home & Kitchen,SKU-HMK-102,Stainless Steel French Press,2.0
2026-03-30,Home & Kitchen,SKU-HMK-103,Cold Brew Iced Coffee Pitcher,2.0
2026-03-30,Home & Kitchen,SKU-HMK-104,Electric Precision Milk Frother,4.0
2026-03-30,Home & Kitchen,SKU-HMK-105,Cast Iron Dutch Oven 5.5Qt,0.0
2026-03-30,Home & Kitchen,SKU-HMK-106,Smart WiFi Food Scale,4.0
2026-03-30,Home & Kitchen,SKU-HMK-107,Silicone Baking Mat Set,5.0
2026-03-30,Sports & Outdoors,SKU-SPO-401,Insulated Hydro Water Bottle 32oz,5.0
2026-03-30,Sports & Outdoors,SKU-SPO-402,Non-Slip High Density Yoga Mat,3.0
2026-03-30,Sports & Outdoors,SKU-SPO-403,Heavy-Duty Resistance Bands Set,0.0
2026-03-30,Sports & Outdoors,SKU-SPO-404,Ultralight Backpacking Tent 2-Person,0.0
2026-03-30,Sports & Outdoors,SKU-SPO-405,Compact Camping Hammock Portable,3.0
2026-03-31,Apparel,SKU-APP-201,Thermal Fleece Running Hoodie,12.0
2026-03-31,Apparel,SKU-APP-202,Moisture-Wicking Athletic Tee,6.0
2026-03-31,Apparel,SKU-APP-203,Heavyweight Arctic Winter Parka,3.0
2026-03-31,Apparel,SKU-APP-204,Seamless Workout Compression Leggings,5.0
2026-03-31,Apparel,SKU-APP-205,Formal Wool Blazer Tailored,0.0
2026-03-31,Apparel,SKU-APP-206,Organic Cotton Crewneck Sweatshirt,3.0
2026-03-31,Electronics,SKU-ELC-001,Wireless Noise-Canceling Headphones,11.0
2026-03-31,Electronics,SKU-ELC-002,Smart Fitness Watch V2,4.0
2026-03-31,Electronics,SKU-ELC-003,4K Ultra-HD Action Camera,2.0
2026-03-31,Electronics,SKU-ELC-004,USB-C Fast Charging Cable 2M,9.0
2026-03-31,Electronics,SKU-ELC-005,Vintage Stereo Turntable,0.0
2026-03-31,Electronics,SKU-ELC-006,Bluetooth Conference Speaker,3.0
2026-03-31,Electronics,SKU-ELC-007,Ergonomic Mechanical Keyboard,7.0
2026-03-31,Health & Personal Care,SKU-HPC-301,Sonic Electric Toothbrush Pro,10.0
2026-03-31,Health & Personal Care,SKU-HPC-302,Collagen Peptide Powder 500g,3.0
2026-03-31,Health & Personal Care,SKU-HPC-303,Infrared Shiatsu Neck Massager,5.0
2026-03-31,Health & Personal Care,SKU-HPC-304,Daily Multivitamin Gummies 120ct,10.0
2026-03-31,Health & Personal Care,SKU-HPC-305,Aromatherapy Ultrasonic Diffuser,1.0
2026-03-31,Home & Kitchen,SKU-HMK-101,Digital Air Fryer Oven 6Qt,8.0
2026-03-31,Home & Kitchen,SKU-HMK-102,Stainless Steel French Press,4.0
2026-03-31,Home & Kitchen,SKU-HMK-103,Cold Brew Iced Coffee Pitcher,3.0
2026-03-31,Home & Kitchen,SKU-HMK-104,Electric Precision Milk Frother,9.0
2026-03-31,Home & Kitchen,SKU-HMK-105,Cast Iron Dutch Oven 5.5Qt,0.0
2026-03-31,Home & Kitchen,SKU-HMK-106,Smart WiFi Food Scale,5.0
2026-03-31,Home & Kitchen,SKU-HMK-107,Silicone Baking Mat Set,6.0
2026-03-31,Sports & Outdoors,SKU-SPO-401,Insulated Hydro Water Bottle 32oz,6.0
2026-03-31,Sports & Outdoors,SKU-SPO-402,Non-Slip High Density Yoga Mat,6.0
2026-03-31,Sports & Outdoors,SKU-SPO-403,Heavy-Duty Resistance Bands Set,1.0
2026-03-31,Sports & Outdoors,SKU-SPO-404,Ultralight Backpacking Tent 2-Person,0.0
2026-03-31,Sports & Outdoors,SKU-SPO-405,Compact Camping Hammock Portable,7.0
2026-04-01,Apparel,SKU-APP-201,Thermal Fleece Running Hoodie,9.0
2026-04-01,Apparel,SKU-APP-202,Moisture-Wicking Athletic Tee,8.0
2026-04-01,Apparel,SKU-APP-203,Heavyweight Arctic Winter Parka,1.0
2026-04-01,Apparel,SKU-APP-204,Seamless Workout Compression Leggings,10.0
2026-04-01,Apparel,SKU-APP-205,Formal Wool Blazer Tailored,0.0
2026-04-01,Apparel,SKU-APP-206,Organic Cotton Crewneck Sweatshirt,6.0
2026-04-01,Electronics,SKU-ELC-001,Wireless Noise-Canceling Headphones,9.0
2026-04-01,Electronics,SKU-ELC-002,Smart Fitness Watch V2,7.0
2026-04-01,Electronics,SKU-ELC-003,4K Ultra-HD Action Camera,0.0
2026-04-01,Electronics,SKU-ELC-004,USB-C Fast Charging Cable 2M,11.0
2026-04-01,Electronics,SKU-ELC-005,Vintage Stereo Turntable,1.0
2026-04-01,Electronics,SKU-ELC-006,Bluetooth Conference Speaker,2.0
2026-04-01,Electronics,SKU-ELC-007,Ergonomic Mechanical Keyboard,8.0
2026-04-01,Health & Personal Care,SKU-HPC-301,Sonic Electric Toothbrush Pro,9.0
2026-04-01,Health & Personal Care,SKU-HPC-302,Collagen Peptide Powder 500g,10.0
2026-04-01,Health & Personal Care,SKU-HPC-303,Infrared Shiatsu Neck Massager,1.0
2026-04-01,Health & Personal Care,SKU-HPC-304,Daily Multivitamin Gummies 120ct,10.0
2026-04-01,Health & Personal Care,SKU-HPC-305,Aromatherapy Ultrasonic Diffuser,0.0
2026-04-01,Home & Kitchen,SKU-HMK-101,Digital Air Fryer Oven 6Qt,5.0
2026-04-01,Home & Kitchen,SKU-HMK-102,Stainless Steel French Press,3.0
2026-04-01,Home & Kitchen,SKU-HMK-103,Cold Brew Iced Coffee Pitcher,3.0
2026-04-01,Home & Kitchen,SKU-HMK-104,Electric Precision Milk Frother,9.0
2026-04-01,Home & Kitchen,SKU-HMK-105,Cast Iron Dutch Oven 5.5Qt,0.0
2026-04-01,Home & Kitchen,SKU-HMK-106,Smart WiFi Food Scale,0.0
2026-04-01,Home & Kitchen,SKU-HMK-107,Silicone Baking Mat Set,8.0
2026-04-01,Sports & Outdoors,SKU-SPO-401,Insulated Hydro Water Bottle 32oz,4.0
2026-04-01,Sports & Outdoors,SKU-SPO-402,Non-Slip High Density Yoga Mat,4.0
2026-04-01,Sports & Outdoors,SKU-SPO-403,Heavy-Duty Resistance Bands Set,1.0
2026-04-01,Sports & Outdoors,SKU-SPO-404,Ultralight Backpacking Tent 2-Person,0.0
2026-04-01,Sports & Outdoors,SKU-SPO-405,Compact Camping Hammock Portable,4.0
2026-04-02,Apparel,SKU-APP-201,Thermal Fleece Running Hoodie,11.0
2026-04-02,Apparel,SKU-APP-202,Moisture-Wicking Athletic Tee,4.0
2026-04-02,Apparel,SKU-APP-203,Heavyweight Arctic Winter Parka,4.0
2026-04-02,Apparel,SKU-APP-204,Seamless Workout Compression Leggings,11.0
2026-04-02,Apparel,SKU-APP-205,Formal Wool Blazer Tailored,0.0
2026-04-02,Apparel,SKU-APP-206,Organic Cotton Crewneck Sweatshirt,7.0
2026-04-02,Electronics,SKU-ELC-001,Wireless Noise-Canceling Headphones,14.0
2026-04-02,Electronics,SKU-ELC-002,Smart Fitness Watch V2,3.0
2026-04-02,Electronics,SKU-ELC-003,4K Ultra-HD Action Camera,3.0
2026-04-02,Electronics,SKU-ELC-004,USB-C Fast Charging Cable 2M,10.0
2026-04-02,Electronics,SKU-ELC-005,Vintage Stereo Turntable,0.0
2026-04-02,Electronics,SKU-ELC-006,Bluetooth Conference Speaker,2.0
2026-04-02,Electronics,SKU-ELC-007,Ergonomic Mechanical Keyboard,11.0
2026-04-02,Health & Personal Care,SKU-HPC-301,Sonic Electric Toothbrush Pro,5.0
2026-04-02,Health & Personal Care,SKU-HPC-302,Collagen Peptide Powder 500g,4.0
2026-04-02,Health & Personal Care,SKU-HPC-303,Infrared Shiatsu Neck Massager,1.0
2026-04-02,Health & Personal Care,SKU-HPC-304,Daily Multivitamin Gummies 120ct,9.0
2026-04-02,Health & Personal Care,SKU-HPC-305,Aromatherapy Ultrasonic Diffuser,0.0
2026-04-02,Home & Kitchen,SKU-HMK-101,Digital Air Fryer Oven 6Qt,8.0
2026-04-02,Home & Kitchen,SKU-HMK-102,Stainless Steel French Press,5.0
2026-04-02,Home & Kitchen,SKU-HMK-103,Cold Brew Iced Coffee Pitcher,4.0
2026-04-02,Home & Kitchen,SKU-HMK-104,Electric Precision Milk Frother,4.0
2026-04-02,Home & Kitchen,SKU-HMK-105,Cast Iron Dutch Oven 5.5Qt,0.0
2026-04-02,Home & Kitchen,SKU-HMK-106,Smart WiFi Food Scale,1.0
2026-04-02,Home & Kitchen,SKU-HMK-107,Silicone Baking Mat Set,5.0
2026-04-02,Sports & Outdoors,SKU-SPO-401,Insulated Hydro Water Bottle 32oz,6.0
2026-04-02,Sports & Outdoors,SKU-SPO-402,Non-Slip High Density Yoga Mat,3.0
2026-04-02,Sports & Outdoors,SKU-SPO-403,Heavy-Duty Resistance Bands Set,2.0
2026-04-02,Sports & Outdoors,SKU-SPO-404,Ultralight Backpacking Tent 2-Person,0.0
2026-04-02,Sports & Outdoors,SKU-SPO-405,Compact Camping Hammock Portable,3.0
2026-04-03,Apparel,SKU-APP-201,Thermal Fleece Running Hoodie,9.0
2026-04-03,Apparel,SKU-APP-202,Moisture-Wicking Athletic Tee,1.0
2026-04-03,Apparel,SKU-APP-203,Heavyweight Arctic Winter Parka,3.0
2026-04-03,Apparel,SKU-APP-204,Seamless Workout Compression Leggings,8.0
2026-04-03,Apparel,SKU-APP-205,Formal Wool Blazer Tailored,0.0
2026-04-03,Apparel,SKU-APP-206,Organic Cotton Crewneck Sweatshirt,5.0
2026-04-03,Electronics,SKU-ELC-001,Wireless Noise-Canceling Headphones,17.0
2026-04-03,Electronics,SKU-ELC-002,Smart Fitness Watch V2,11.0
2026-04-03,Electronics,SKU-ELC-003,4K Ultra-HD Action Camera,3.0
2026-04-03,Electronics,SKU-ELC-004,USB-C Fast Charging Cable 2M,5.0
2026-04-03,Electronics,SKU-ELC-005,Vintage Stereo Turntable,1.0
2026-04-03,Electronics,SKU-ELC-006,Bluetooth Conference Speaker,6.0
2026-04-03,Electronics,SKU-ELC-007,Ergonomic Mechanical Keyboard,6.0
2026-04-03,Health & Personal Care,SKU-HPC-301,Sonic Electric Toothbrush Pro,6.0
2026-04-03,Health & Personal Care,SKU-HPC-302,Collagen Peptide Powder 500g,7.0
2026-04-03,Health & Personal Care,SKU-HPC-303,Infrared Shiatsu Neck Massager,0.0
2026-04-03,Health & Personal Care,SKU-HPC-304,Daily Multivitamin Gummies 120ct,5.0
2026-04-03,Health & Personal Care,SKU-HPC-305,Aromatherapy Ultrasonic Diffuser,0.0
2026-04-03,Home & Kitchen,SKU-HMK-101,Digital Air Fryer Oven 6Qt,7.0
2026-04-03,Home & Kitchen,SKU-HMK-102,Stainless Steel French Press,0.0
2026-04-03,Home & Kitchen,SKU-HMK-103,Cold Brew Iced Coffee Pitcher,0.0
2026-04-03,Home & Kitchen,SKU-HMK-104,Electric Precision Milk Frother,11.0
2026-04-03,Home & Kitchen,SKU-HMK-105,Cast Iron Dutch Oven 5.5Qt,0.0
2026-04-03,Home & Kitchen,SKU-HMK-106,Smart WiFi Food Scale,4.0
2026-04-03,Home & Kitchen,SKU-HMK-107,Silicone Baking Mat Set,3.0
2026-04-03,Sports & Outdoors,SKU-SPO-401,Insulated Hydro Water Bottle 32oz,2.0
2026-04-03,Sports & Outdoors,SKU-SPO-402,Non-Slip High Density Yoga Mat,3.0
2026-04-03,Sports & Outdoors,SKU-SPO-403,Heavy-Duty Resistance Bands Set,3.0
2026-04-03,Sports & Outdoors,SKU-SPO-404,Ultralight Backpacking Tent 2-Person,0.0
2026-04-03,Sports & Outdoors,SKU-SPO-405,Compact Camping Hammock Portable,4.0
2026-04-04,Apparel,SKU-APP-201,Thermal Fleece Running Hoodie,13.0
2026-04-04,Apparel,SKU-APP-202,Moisture-Wicking Athletic Tee,4.0
2026-04-04,Apparel,SKU-APP-203,Heavyweight Arctic Winter Parka,3.0
2026-04-04,Apparel,SKU-APP-204,Seamless Workout Compression Leggings,8.0
2026-04-04,Apparel,SKU-APP-205,Formal Wool Blazer Tailored,0.0
2026-04-04,Apparel,SKU-APP-206,Organic Cotton Crewneck Sweatshirt,4.0
2026-04-04,Electronics,SKU-ELC-001,Wireless Noise-Canceling Headphones,17.0
2026-04-04,Electronics,SKU-ELC-002,Smart Fitness Watch V2,5.0
2026-04-04,Electronics,SKU-ELC-003,4K Ultra-HD Action Camera,3.0
2026-04-04,Electronics,SKU-ELC-004,USB-C Fast Charging Cable 2M,3.0
2026-04-04,Electronics,SKU-ELC-005,Vintage Stereo Turntable,0.0
2026-04-04,Electronics,SKU-ELC-006,Bluetooth Conference Speaker,1.0
2026-04-04,Electronics,SKU-ELC-007,Ergonomic Mechanical Keyboard,8.0
2026-04-04,Health & Personal Care,SKU-HPC-301,Sonic Electric Toothbrush Pro,7.0
2026-04-04,Health & Personal Care,SKU-HPC-302,Collagen Peptide Powder 500g,2.0
2026-04-04,Health & Personal Care,SKU-HPC-303,Infrared Shiatsu Neck Massager,1.0
2026-04-04,Health & Personal Care,SKU-HPC-304,Daily Multivitamin Gummies 120ct,11.0
2026-04-04,Health & Personal Care,SKU-HPC-305,Aromatherapy Ultrasonic Diffuser,0.0
2026-04-04,Home & Kitchen,SKU-HMK-101,Digital Air Fryer Oven 6Qt,8.0
2026-04-04,Home & Kitchen,SKU-HMK-102,Stainless Steel French Press,5.0
2026-04-04,Home & Kitchen,SKU-HMK-103,Cold Brew Iced Coffee Pitcher,0.0
2026-04-04,Home & Kitchen,SKU-HMK-104,Electric Precision Milk Frother,14.0
2026-04-04,Home & Kitchen,SKU-HMK-105,Cast Iron Dutch Oven 5.5Qt,1.0
2026-04-04,Home & Kitchen,SKU-HMK-106,Smart WiFi Food Scale,3.0
2026-04-04,Home & Kitchen,SKU-HMK-107,Silicone Baking Mat Set,7.0
2026-04-04,Sports & Outdoors,SKU-SPO-401,Insulated Hydro Water Bottle 32oz,7.0
2026-04-04,Sports & Outdoors,SKU-SPO-402,Non-Slip High Density Yoga Mat,3.0
2026-04-04,Sports & Outdoors,SKU-SPO-403,Heavy-Duty Resistance Bands Set,5.0
2026-04-04,Sports & Outdoors,SKU-SPO-404,Ultralight Backpacking Tent 2-Person,0.0
2026-04-04,Sports & Outdoors,SKU-SPO-405,Compact Camping Hammock Portable,7.0
2026-04-05,Apparel,SKU-APP-201,Thermal Fleece Running Hoodie,9.0
2026-04-05,Apparel,SKU-APP-202,Moisture-Wicking Athletic Tee,3.0
2026-04-05,Apparel,SKU-APP-203,Heavyweight Arctic Winter Parka,4.0
2026-04-05,Apparel,SKU-APP-204,Seamless Workout Compression Leggings,11.0
2026-04-05,Apparel,SKU-APP-205,Formal Wool Blazer Tailored,0.0
2026-04-05,Apparel,SKU-APP-206,Organic Cotton Crewneck Sweatshirt,5.0
2026-04-05,Electronics,SKU-ELC-001,Wireless Noise-Canceling Headphones,11.0
2026-04-05,Electronics,SKU-ELC-002,Smart Fitness Watch V2,3.0
2026-04-05,Electronics,SKU-ELC-003,4K Ultra-HD Action Camera,3.0
2026-04-05,Electronics,SKU-ELC-004,USB-C Fast Charging Cable 2M,12.0
2026-04-05,Electronics,SKU-ELC-005,Vintage Stereo Turntable,0.0
2026-04-05,Electronics,SKU-ELC-006,Bluetooth Conference Speaker,4.0
2026-04-05,Electronics,SKU-ELC-007,Ergonomic Mechanical Keyboard,12.0
2026-04-05,Health & Personal Care,SKU-HPC-301,Sonic Electric Toothbrush Pro,12.0
2026-04-05,Health & Personal Care,SKU-HPC-302,Collagen Peptide Powder 500g,3.0
2026-04-05,Health & Personal Care,SKU-HPC-303,Infrared Shiatsu Neck Massager,2.0
2026-04-05,Health & Personal Care,SKU-HPC-304,Daily Multivitamin Gummies 120ct,9.0
2026-04-05,Health & Personal Care,SKU-HPC-305,Aromatherapy Ultrasonic Diffuser,3.0
2026-04-05,Home & Kitchen,SKU-HMK-101,Digital Air Fryer Oven 6Qt,14.0
2026-04-05,Home & Kitchen,SKU-HMK-102,Stainless Steel French Press,5.0
2026-04-05,Home & Kitchen,SKU-HMK-103,Cold Brew Iced Coffee Pitcher,3.0
2026-04-05,Home & Kitchen,SKU-HMK-104,Electric Precision Milk Frother,9.0
2026-04-05,Home & Kitchen,SKU-HMK-105,Cast Iron Dutch Oven 5.5Qt,0.0
2026-04-05,Home & Kitchen,SKU-HMK-106,Smart WiFi Food Scale,6.0
2026-04-05,Home & Kitchen,SKU-HMK-107,Silicone Baking Mat Set,10.0
2026-04-05,Sports & Outdoors,SKU-SPO-401,Insulated Hydro Water Bottle 32oz,10.0
2026-04-05,Sports & Outdoors,SKU-SPO-402,Non-Slip High Density Yoga Mat,7.0
2026-04-05,Sports & Outdoors,SKU-SPO-403,Heavy-Duty Resistance Bands Set,0.0
2026-04-05,Sports & Outdoors,SKU-SPO-404,Ultralight Backpacking Tent 2-Person,1.0
2026-04-05,Sports & Outdoors,SKU-SPO-405,Compact Camping Hammock Portable,3.0
2026-04-06,Apparel,SKU-APP-201,Thermal Fleece Running Hoodie,10.0
2026-04-06,Apparel,SKU-APP-202,Moisture-Wicking Athletic Tee,9.0
2026-04-06,Apparel,SKU-APP-203,Heavyweight Arctic Winter Parka,2.0
2026-04-06,Apparel,SKU-APP-204,Seamless Workout Compression Leggings,8.0
2026-04-06,Apparel,SKU-APP-205,Formal Wool Blazer Tailored,0.0
2026-04-06,Apparel,SKU-APP-206,Organic Cotton Crewneck Sweatshirt,3.0
2026-04-06,Electronics,SKU-ELC-001,Wireless Noise-Canceling Headphones,6.0
2026-04-06,Electronics,SKU-ELC-002,Smart Fitness Watch V2,7.0
2026-04-06,Electronics,SKU-ELC-003,4K Ultra-HD Action Camera,3.0
2026-04-06,Electronics,SKU-ELC-004,USB-C Fast Charging Cable 2M,4.0
2026-04-06,Electronics,SKU-ELC-005,Vintage Stereo Turntable,0.0
2026-04-06,Electronics,SKU-ELC-006,Bluetooth Conference Speaker,2.0
2026-04-06,Electronics,SKU-ELC-007,Ergonomic Mechanical Keyboard,2.0
2026-04-06,Health & Personal Care,SKU-HPC-301,Sonic Electric Toothbrush Pro,9.0
2026-04-06,Health & Personal Care,SKU-HPC-302,Collagen Peptide Powder 500g,5.0
2026-04-06,Health & Personal Care,SKU-HPC-303,Infrared Shiatsu Neck Massager,2.0
2026-04-06,Health & Personal Care,SKU-HPC-304,Daily Multivitamin Gummies 120ct,7.0
2026-04-06,Health & Personal Care,SKU-HPC-305,Aromatherapy Ultrasonic Diffuser,0.0
2026-04-06,Home & Kitchen,SKU-HMK-101,Digital Air Fryer Oven 6Qt,9.0
2026-04-06,Home & Kitchen,SKU-HMK-102,Stainless Steel French Press,6.0
2026-04-06,Home & Kitchen,SKU-HMK-103,Cold Brew Iced Coffee Pitcher,2.0
2026-04-06,Home & Kitchen,SKU-HMK-104,Electric Precision Milk Frother,8.0
2026-04-06,Home & Kitchen,SKU-HMK-105,Cast Iron Dutch Oven 5.5Qt,0.0
2026-04-06,Home & Kitchen,SKU-HMK-106,Smart WiFi Food Scale,6.0
2026-04-06,Home & Kitchen,SKU-HMK-107,Silicone Baking Mat Set,5.0
2026-04-06,Sports & Outdoors,SKU-SPO-401,Insulated Hydro Water Bottle 32oz,5.0
2026-04-06,Sports & Outdoors,SKU-SPO-402,Non-Slip High Density Yoga Mat,5.0
2026-04-06,Sports & Outdoors,SKU-SPO-403,Heavy-Duty Resistance Bands Set,4.0
2026-04-06,Sports & Outdoors,SKU-SPO-404,Ultralight Backpacking Tent 2-Person,0.0
2026-04-06,Sports & Outdoors,SKU-SPO-405,Compact Camping Hammock Portable,3.0
2026-04-07,Apparel,SKU-APP-201,Thermal Fleece Running Hoodie,8.0
2026-04-07,Apparel,SKU-APP-202,Moisture-Wicking Athletic Tee,7.0
2026-04-07,Apparel,SKU-APP-203,Heavyweight Arctic Winter Parka,2.0
2026-04-07,Apparel,SKU-APP-204,Seamless Workout Compression Leggings,7.0
2026-04-07,Apparel,SKU-APP-205,Formal Wool Blazer Tailored,0.0
2026-04-07,Apparel,SKU-APP-206,Organic Cotton Crewneck Sweatshirt,5.0
2026-04-07,Electronics,SKU-ELC-001,Wireless Noise-Canceling Headphones,7.0
2026-04-07,Electronics,SKU-ELC-002,Smart Fitness Watch V2,7.0
2026-04-07,Electronics,SKU-ELC-003,4K Ultra-HD Action Camera,3.0
2026-04-07,Electronics,SKU-ELC-004,USB-C Fast Charging Cable 2M,9.0
2026-04-07,Electronics,SKU-ELC-005,Vintage Stereo Turntable,0.0
2026-04-07,Electronics,SKU-ELC-006,Bluetooth Conference Speaker,6.0
2026-04-07,Electronics,SKU-ELC-007,Ergonomic Mechanical Keyboard,5.0
2026-04-07,Health & Personal Care,SKU-HPC-301,Sonic Electric Toothbrush Pro,5.0
2026-04-07,Health & Personal Care,SKU-HPC-302,Collagen Peptide Powder 500g,9.0
2026-04-07,Health & Personal Care,SKU-HPC-303,Infrared Shiatsu Neck Massager,0.0
2026-04-07,Health & Personal Care,SKU-HPC-304,Daily Multivitamin Gummies 120ct,8.0
2026-04-07,Health & Personal Care,SKU-HPC-305,Aromatherapy Ultrasonic Diffuser,0.0
2026-04-07,Home & Kitchen,SKU-HMK-101,Digital Air Fryer Oven 6Qt,7.0
2026-04-07,Home & Kitchen,SKU-HMK-102,Stainless Steel French Press,4.0
2026-04-07,Home & Kitchen,SKU-HMK-103,Cold Brew Iced Coffee Pitcher,1.0
2026-04-07,Home & Kitchen,SKU-HMK-104,Electric Precision Milk Frother,12.0
2026-04-07,Home & Kitchen,SKU-HMK-105,Cast Iron Dutch Oven 5.5Qt,0.0
2026-04-07,Home & Kitchen,SKU-HMK-106,Smart WiFi Food Scale,0.0
2026-04-07,Home & Kitchen,SKU-HMK-107,Silicone Baking Mat Set,7.0
2026-04-07,Sports & Outdoors,SKU-SPO-401,Insulated Hydro Water Bottle 32oz,6.0
2026-04-07,Sports & Outdoors,SKU-SPO-402,Non-Slip High Density Yoga Mat,8.0
2026-04-07,Sports & Outdoors,SKU-SPO-403,Heavy-Duty Resistance Bands Set,1.0
2026-04-07,Sports & Outdoors,SKU-SPO-404,Ultralight Backpacking Tent 2-Person,0.0
2026-04-07,Sports & Outdoors,SKU-SPO-405,Compact Camping Hammock Portable,5.0
2026-04-08,Apparel,SKU-APP-201,Thermal Fleece Running Hoodie,10.0
2026-04-08,Apparel,SKU-APP-202,Moisture-Wicking Athletic Tee,2.0
2026-04-08,Apparel,SKU-APP-203,Heavyweight Arctic Winter Parka,0.0
2026-04-08,Apparel,SKU-APP-204,Seamless Workout Compression Leggings,9.0
2026-04-08,Apparel,SKU-APP-205,Formal Wool Blazer Tailored,0.0
2026-04-08,Apparel,SKU-APP-206,Organic Cotton Crewneck Sweatshirt,4.0
2026-04-08,Electronics,SKU-ELC-001,Wireless Noise-Canceling Headphones,8.0
2026-04-08,Electronics,SKU-ELC-002,Smart Fitness Watch V2,5.0
2026-04-08,Electronics,SKU-ELC-003,4K Ultra-HD Action Camera,2.0
2026-04-08,Electronics,SKU-ELC-004,USB-C Fast Charging Cable 2M,7.0
2026-04-08,Electronics,SKU-ELC-005,Vintage Stereo Turntable,0.0
2026-04-08,Electronics,SKU-ELC-006,Bluetooth Conference Speaker,3.0
2026-04-08,Electronics,SKU-ELC-007,Ergonomic Mechanical Keyboard,9.0
2026-04-08,Health & Personal Care,SKU-HPC-301,Sonic Electric Toothbrush Pro,5.0
2026-04-08,Health & Personal Care,SKU-HPC-302,Collagen Peptide Powder 500g,6.0
2026-04-08,Health & Personal Care,SKU-HPC-303,Infrared Shiatsu Neck Massager,3.0
2026-04-08,Health & Personal Care,SKU-HPC-304,Daily Multivitamin Gummies 120ct,7.0
2026-04-08,Health & Personal Care,SKU-HPC-305,Aromatherapy Ultrasonic Diffuser,0.0
2026-04-08,Home & Kitchen,SKU-HMK-101,Digital Air Fryer Oven 6Qt,9.0
2026-04-08,Home & Kitchen,SKU-HMK-102,Stainless Steel French Press,6.0
2026-04-08,Home & Kitchen,SKU-HMK-103,Cold Brew Iced Coffee Pitcher,1.0
2026-04-08,Home & Kitchen,SKU-HMK-104,Electric Precision Milk Frother,6.0
2026-04-08,Home & Kitchen,SKU-HMK-105,Cast Iron Dutch Oven 5.5Qt,0.0
2026-04-08,Home & Kitchen,SKU-HMK-106,Smart WiFi Food Scale,3.0
2026-04-08,Home & Kitchen,SKU-HMK-107,Silicone Baking Mat Set,9.0
2026-04-08,Sports & Outdoors,SKU-SPO-401,Insulated Hydro Water Bottle 32oz,6.0
2026-04-08,Sports & Outdoors,SKU-SPO-402,Non-Slip High Density Yoga Mat,9.0
2026-04-08,Sports & Outdoors,SKU-SPO-403,Heavy-Duty Resistance Bands Set,2.0
2026-04-08,Sports & Outdoors,SKU-SPO-404,Ultralight Backpacking Tent 2-Person,0.0
2026-04-08,Sports & Outdoors,SKU-SPO-405,Compact Camping Hammock Portable,2.0
2026-04-09,Apparel,SKU-APP-201,Thermal Fleece Running Hoodie,5.0
2026-04-09,Apparel,SKU-APP-202,Moisture-Wicking Athletic Tee,4.0
2026-04-09,Apparel,SKU-APP-203,Heavyweight Arctic Winter Parka,1.0
2026-04-09,Apparel,SKU-APP-204,Seamless Workout Compression Leggings,9.0
2026-04-09,Apparel,SKU-APP-205,Formal Wool Blazer Tailored,0.0
2026-04-09,Apparel,SKU-APP-206,Organic Cotton Crewneck Sweatshirt,3.0
2026-04-09,Electronics,SKU-ELC-001,Wireless Noise-Canceling Headphones,8.0
2026-04-09,Electronics,SKU-ELC-002,Smart Fitness Watch V2,3.0
2026-04-09,Electronics,SKU-ELC-003,4K Ultra-HD Action Camera,2.0
2026-04-09,Electronics,SKU-ELC-004,USB-C Fast Charging Cable 2M,11.0
2026-04-09,Electronics,SKU-ELC-005,Vintage Stereo Turntable,0.0
2026-04-09,Electronics,SKU-ELC-006,Bluetooth Conference Speaker,5.0
2026-04-09,Electronics,SKU-ELC-007,Ergonomic Mechanical Keyboard,6.0
2026-04-09,Health & Personal Care,SKU-HPC-301,Sonic Electric Toothbrush Pro,7.0
2026-04-09,Health & Personal Care,SKU-HPC-302,Collagen Peptide Powder 500g,3.0
2026-04-09,Health & Personal Care,SKU-HPC-303,Infrared Shiatsu Neck Massager,3.0
2026-04-09,Health & Personal Care,SKU-HPC-304,Daily Multivitamin Gummies 120ct,11.0
2026-04-09,Health & Personal Care,SKU-HPC-305,Aromatherapy Ultrasonic Diffuser,0.0
2026-04-09,Home & Kitchen,SKU-HMK-101,Digital Air Fryer Oven 6Qt,9.0
2026-04-09,Home & Kitchen,SKU-HMK-102,Stainless Steel French Press,6.0
2026-04-09,Home & Kitchen,SKU-HMK-103,Cold Brew Iced Coffee Pitcher,1.0
2026-04-09,Home & Kitchen,SKU-HMK-104,Electric Precision Milk Frother,8.0
2026-04-09,Home & Kitchen,SKU-HMK-105,Cast Iron Dutch Oven 5.5Qt,0.0
2026-04-09,Home & Kitchen,SKU-HMK-106,Smart WiFi Food Scale,4.0
2026-04-09,Home & Kitchen,SKU-HMK-107,Silicone Baking Mat Set,1.0
2026-04-09,Sports & Outdoors,SKU-SPO-401,Insulated Hydro Water Bottle 32oz,5.0
2026-04-09,Sports & Outdoors,SKU-SPO-402,Non-Slip High Density Yoga Mat,9.0
2026-04-09,Sports & Outdoors,SKU-SPO-403,Heavy-Duty Resistance Bands Set,2.0
2026-04-09,Sports & Outdoors,SKU-SPO-404,Ultralight Backpacking Tent 2-Person,0.0
2026-04-09,Sports & Outdoors,SKU-SPO-405,Compact Camping Hammock Portable,5.0
2026-04-10,Apparel,SKU-APP-201,Thermal Fleece Running Hoodie,15.0
2026-04-10,Apparel,SKU-APP-202,Moisture-Wicking Athletic Tee,9.0
2026-04-10,Apparel,SKU-APP-203,Heavyweight Arctic Winter Parka,3.0
2026-04-10,Apparel,SKU-APP-204,Seamless Workout Compression Leggings,7.0
2026-04-10,Apparel,SKU-APP-205,Formal Wool Blazer Tailored,0.0
2026-04-10,Apparel,SKU-APP-206,Organic Cotton Crewneck Sweatshirt,6.0
2026-04-10,Electronics,SKU-ELC-001,Wireless Noise-Canceling Headphones,11.0
2026-04-10,Electronics,SKU-ELC-002,Smart Fitness Watch V2,5.0
2026-04-10,Electronics,SKU-ELC-003,4K Ultra-HD Action Camera,0.0
2026-04-10,Electronics,SKU-ELC-004,USB-C Fast Charging Cable 2M,8.0
2026-04-10,Electronics,SKU-ELC-005,Vintage Stereo Turntable,0.0
2026-04-10,Electronics,SKU-ELC-006,Bluetooth Conference Speaker,3.0
2026-04-10,Electronics,SKU-ELC-007,Ergonomic Mechanical Keyboard,6.0
2026-04-10,Health & Personal Care,SKU-HPC-301,Sonic Electric Toothbrush Pro,6.0
2026-04-10,Health & Personal Care,SKU-HPC-302,Collagen Peptide Powder 500g,2.0
2026-04-10,Health & Personal Care,SKU-HPC-303,Infrared Shiatsu Neck Massager,3.0
2026-04-10,Health & Personal Care,SKU-HPC-304,Daily Multivitamin Gummies 120ct,10.0
2026-04-10,Health & Personal Care,SKU-HPC-305,Aromatherapy Ultrasonic Diffuser,0.0
2026-04-10,Home & Kitchen,SKU-HMK-101,Digital Air Fryer Oven 6Qt,15.0
2026-04-10,Home & Kitchen,SKU-HMK-102,Stainless Steel French Press,2.0
2026-04-10,Home & Kitchen,SKU-HMK-103,Cold Brew Iced Coffee Pitcher,3.0
2026-04-10,Home & Kitchen,SKU-HMK-104,Electric Precision Milk Frother,12.0
2026-04-10,Home & Kitchen,SKU-HMK-105,Cast Iron Dutch Oven 5.5Qt,0.0
2026-04-10,Home & Kitchen,SKU-HMK-106,Smart WiFi Food Scale,4.0
2026-04-10,Home & Kitchen,SKU-HMK-107,Silicone Baking Mat Set,11.0
2026-04-10,Sports & Outdoors,SKU-SPO-401,Insulated Hydro Water Bottle 32oz,8.0
2026-04-10,Sports & Outdoors,SKU-SPO-402,Non-Slip High Density Yoga Mat,3.0
2026-04-10,Sports & Outdoors,SKU-SPO-403,Heavy-Duty Resistance Bands Set,0.0
2026-04-10,Sports & Outdoors,SKU-SPO-404,Ultralight Backpacking Tent 2-Person,0.0
2026-04-10,Sports & Outdoors,SKU-SPO-405,Compact Camping Hammock Portable,2.0
2026-04-11,Apparel,SKU-APP-201,Thermal Fleece Running Hoodie,16.0
2026-04-11,Apparel,SKU-APP-202,Moisture-Wicking Athletic Tee,9.0
2026-04-11,Apparel,SKU-APP-203,Heavyweight Arctic Winter Parka,3.0
2026-04-11,Apparel,SKU-APP-204,Seamless Workout Compression Leggings,11.0
2026-04-11,Apparel,SKU-APP-205,Formal Wool Blazer Tailored,0.0
2026-04-11,Apparel,SKU-APP-206,Organic Cotton Crewneck Sweatshirt,3.0
2026-04-11,Electronics,SKU-ELC-001,Wireless Noise-Canceling Headphones,10.0
2026-04-11,Electronics,SKU-ELC-002,Smart Fitness Watch V2,6.0
2026-04-11,Electronics,SKU-ELC-003,4K Ultra-HD Action Camera,4.0
2026-04-11,Electronics,SKU-ELC-004,USB-C Fast Charging Cable 2M,13.0
2026-04-11,Electronics,SKU-ELC-005,Vintage Stereo Turntable,0.0
2026-04-11,Electronics,SKU-ELC-006,Bluetooth Conference Speaker,4.0
2026-04-11,Electronics,SKU-ELC-007,Ergonomic Mechanical Keyboard,7.0
2026-04-11,Health & Personal Care,SKU-HPC-301,Sonic Electric Toothbrush Pro,7.0
2026-04-11,Health & Personal Care,SKU-HPC-302,Collagen Peptide Powder 500g,10.0
2026-04-11,Health & Personal Care,SKU-HPC-303,Infrared Shiatsu Neck Massager,2.0
2026-04-11,Health & Personal Care,SKU-HPC-304,Daily Multivitamin Gummies 120ct,10.0
2026-04-11,Health & Personal Care,SKU-HPC-305,Aromatherapy Ultrasonic Diffuser,3.0
2026-04-11,Home & Kitchen,SKU-HMK-101,Digital Air Fryer Oven 6Qt,15.0
2026-04-11,Home & Kitchen,SKU-HMK-102,Stainless Steel French Press,8.0
2026-04-11,Home & Kitchen,SKU-HMK-103,Cold Brew Iced Coffee Pitcher,2.0
2026-04-11,Home & Kitchen,SKU-HMK-104,Electric Precision Milk Frother,14.0
2026-04-11,Home & Kitchen,SKU-HMK-105,Cast Iron Dutch Oven 5.5Qt,0.0
2026-04-11,Home & Kitchen,SKU-HMK-106,Smart WiFi Food Scale,6.0
2026-04-11,Home & Kitchen,SKU-HMK-107,Silicone Baking Mat Set,6.0
2026-04-11,Sports & Outdoors,SKU-SPO-401,Insulated Hydro Water Bottle 32oz,10.0
2026-04-11,Sports & Outdoors,SKU-SPO-402,Non-Slip High Density Yoga Mat,6.0
2026-04-11,Sports & Outdoors,SKU-SPO-403,Heavy-Duty Resistance Bands Set,1.0
2026-04-11,Sports & Outdoors,SKU-SPO-404,Ultralight Backpacking Tent 2-Person,0.0
2026-04-11,Sports & Outdoors,SKU-SPO-405,Compact Camping Hammock Portable,5.0
2026-04-12,Apparel,SKU-APP-201,Thermal Fleece Running Hoodie,4.0
2026-04-12,Apparel,SKU-APP-202,Moisture-Wicking Athletic Tee,2.0
2026-04-12,Apparel,SKU-APP-203,Heavyweight Arctic Winter Parka,2.0
2026-04-12,Apparel,SKU-APP-204,Seamless Workout Compression Leggings,14.0
2026-04-12,Apparel,SKU-APP-205,Formal Wool Blazer Tailored,0.0
2026-04-12,Apparel,SKU-APP-206,Organic Cotton Crewneck Sweatshirt,7.0
2026-04-12,Electronics,SKU-ELC-001,Wireless Noise-Canceling Headphones,15.0
2026-04-12,Electronics,SKU-ELC-002,Smart Fitness Watch V2,6.0
2026-04-12,Electronics,SKU-ELC-003,4K Ultra-HD Action Camera,1.0
2026-04-12,Electronics,SKU-ELC-004,USB-C Fast Charging Cable 2M,7.0
2026-04-12,Electronics,SKU-ELC-005,Vintage Stereo Turntable,0.0
2026-04-12,Electronics,SKU-ELC-006,Bluetooth Conference Speaker,5.0
2026-04-12,Electronics,SKU-ELC-007,Ergonomic Mechanical Keyboard,10.0
2026-04-12,Health & Personal Care,SKU-HPC-301,Sonic Electric Toothbrush Pro,3.0
2026-04-12,Health & Personal Care,SKU-HPC-302,Collagen Peptide Powder 500g,4.0
2026-04-12,Health & Personal Care,SKU-HPC-303,Infrared Shiatsu Neck Massager,2.0
2026-04-12,Health & Personal Care,SKU-HPC-304,Daily Multivitamin Gummies 120ct,12.0
2026-04-12,Health & Personal Care,SKU-HPC-305,Aromatherapy Ultrasonic Diffuser,0.0
2026-04-12,Home & Kitchen,SKU-HMK-101,Digital Air Fryer Oven 6Qt,0.0
2026-04-12,Home & Kitchen,SKU-HMK-102,Stainless Steel French Press,8.0
2026-04-12,Home & Kitchen,SKU-HMK-103,Cold Brew Iced Coffee Pitcher,1.0
2026-04-12,Home & Kitchen,SKU-HMK-104,Electric Precision Milk Frother,12.0
2026-04-12,Home & Kitchen,SKU-HMK-105,Cast Iron Dutch Oven 5.5Qt,0.0
2026-04-12,Home & Kitchen,SKU-HMK-106,Smart WiFi Food Scale,8.0
2026-04-12,Home & Kitchen,SKU-HMK-107,Silicone Baking Mat Set,14.0
2026-04-12,Sports & Outdoors,SKU-SPO-401,Insulated Hydro Water Bottle 32oz,11.0
2026-04-12,Sports & Outdoors,SKU-SPO-402,Non-Slip High Density Yoga Mat,13.0
2026-04-12,Sports & Outdoors,SKU-SPO-403,Heavy-Duty Resistance Bands Set,0.0
2026-04-12,Sports & Outdoors,SKU-SPO-404,Ultralight Backpacking Tent 2-Person,0.0
2026-04-12,Sports & Outdoors,SKU-SPO-405,Compact Camping Hammock Portable,3.0
2026-04-13,Apparel,SKU-APP-201,Thermal Fleece Running Hoodie,11.0
2026-04-13,Apparel,SKU-APP-202,Moisture-Wicking Athletic Tee,5.0
2026-04-13,Apparel,SKU-APP-203,Heavyweight Arctic Winter Parka,4.0
2026-04-13,Apparel,SKU-APP-204,Seamless Workout Compression Leggings,9.0
2026-04-13,Apparel,SKU-APP-205,Formal Wool Blazer Tailored,0.0
2026-04-13,Apparel,SKU-APP-206,Organic Cotton Crewneck Sweatshirt,8.0
2026-04-13,Electronics,SKU-ELC-001,Wireless Noise-Canceling Headphones,5.0
2026-04-13,Electronics,SKU-ELC-002,Smart Fitness Watch V2,7.0
2026-04-13,Electronics,SKU-ELC-003,4K Ultra-HD Action Camera,1.0
2026-04-13,Electronics,SKU-ELC-004,USB-C Fast Charging Cable 2M,9.0
2026-04-13,Electronics,SKU-ELC-005,Vintage Stereo Turntable,0.0
2026-04-13,Electronics,SKU-ELC-006,Bluetooth Conference Speaker,4.0
2026-04-13,Electronics,SKU-ELC-007,Ergonomic Mechanical Keyboard,6.0
2026-04-13,Health & Personal Care,SKU-HPC-301,Sonic Electric Toothbrush Pro,5.0
2026-04-13,Health & Personal Care,SKU-HPC-302,Collagen Peptide Powder 500g,3.0
2026-04-13,Health & Personal Care,SKU-HPC-303,Infrared Shiatsu Neck Massager,1.0
2026-04-13,Health & Personal Care,SKU-HPC-304,Daily Multivitamin Gummies 120ct,2.0
2026-04-13,Health & Personal Care,SKU-HPC-305,Aromatherapy Ultrasonic Diffuser,0.0
2026-04-13,Home & Kitchen,SKU-HMK-101,Digital Air Fryer Oven 6Qt,8.0
2026-04-13,Home & Kitchen,SKU-HMK-102,Stainless Steel French Press,2.0
2026-04-13,Home & Kitchen,SKU-HMK-103,Cold Brew Iced Coffee Pitcher,4.0
2026-04-13,Home & Kitchen,SKU-HMK-104,Electric Precision Milk Frother,6.0
2026-04-13,Home & Kitchen,SKU-HMK-105,Cast Iron Dutch Oven 5.5Qt,0.0
2026-04-13,Home & Kitchen,SKU-HMK-106,Smart WiFi Food Scale,5.0
2026-04-13,Home & Kitchen,SKU-HMK-107,Silicone Baking Mat Set,7.0
2026-04-13,Sports & Outdoors,SKU-SPO-401,Insulated Hydro Water Bottle 32oz,6.0
2026-04-13,Sports & Outdoors,SKU-SPO-402,Non-Slip High Density Yoga Mat,3.0
2026-04-13,Sports & Outdoors,SKU-SPO-403,Heavy-Duty Resistance Bands Set,3.0
2026-04-13,Sports & Outdoors,SKU-SPO-404,Ultralight Backpacking Tent 2-Person,0.0
2026-04-13,Sports & Outdoors,SKU-SPO-405,Compact Camping Hammock Portable,4.0
2026-04-14,Apparel,SKU-APP-201,Thermal Fleece Running Hoodie,9.0
2026-04-14,Apparel,SKU-APP-202,Moisture-Wicking Athletic Tee,4.0
2026-04-14,Apparel,SKU-APP-203,Heavyweight Arctic Winter Parka,1.0
2026-04-14,Apparel,SKU-APP-204,Seamless Workout Compression Leggings,15.0
2026-04-14,Apparel,SKU-APP-205,Formal Wool Blazer Tailored,1.0
2026-04-14,Apparel,SKU-APP-206,Organic Cotton Crewneck Sweatshirt,6.0
2026-04-14,Electronics,SKU-ELC-001,Wireless Noise-Canceling Headphones,8.0
2026-04-14,Electronics,SKU-ELC-002,Smart Fitness Watch V2,4.0
2026-04-14,Electronics,SKU-ELC-003,4K Ultra-HD Action Camera,0.0
2026-04-14,Electronics,SKU-ELC-004,USB-C Fast Charging Cable 2M,7.0
2026-04-14,Electronics,SKU-ELC-005,Vintage Stereo Turntable,0.0
2026-04-14,Electronics,SKU-ELC-006,Bluetooth Conference Speaker,4.0
2026-04-14,Electronics,SKU-ELC-007,Ergonomic Mechanical Keyboard,10.0
2026-04-14,Health & Personal Care,SKU-HPC-301,Sonic Electric Toothbrush Pro,7.0
2026-04-14,Health & Personal Care,SKU-HPC-302,Collagen Peptide Powder 500g,3.0
2026-04-14,Health & Personal Care,SKU-HPC-303,Infrared Shiatsu Neck Massager,2.0
2026-04-14,Health & Personal Care,SKU-HPC-304,Daily Multivitamin Gummies 120ct,5.0
2026-04-14,Health & Personal Care,SKU-HPC-305,Aromatherapy Ultrasonic Diffuser,1.0
2026-04-14,Home & Kitchen,SKU-HMK-101,Digital Air Fryer Oven 6Qt,11.0
2026-04-14,Home & Kitchen,SKU-HMK-102,Stainless Steel French Press,3.0
2026-04-14,Home & Kitchen,SKU-HMK-103,Cold Brew Iced Coffee Pitcher,2.0
2026-04-14,Home & Kitchen,SKU-HMK-104,Electric Precision Milk Frother,7.0
2026-04-14,Home & Kitchen,SKU-HMK-105,Cast Iron Dutch Oven 5.5Qt,0.0
2026-04-14,Home & Kitchen,SKU-HMK-106,Smart WiFi Food Scale,3.0
2026-04-14,Home & Kitchen,SKU-HMK-107,Silicone Baking Mat Set,1.0
2026-04-14,Sports & Outdoors,SKU-SPO-401,Insulated Hydro Water Bottle 32oz,1.0
2026-04-14,Sports & Outdoors,SKU-SPO-402,Non-Slip High Density Yoga Mat,5.0
2026-04-14,Sports & Outdoors,SKU-SPO-403,Heavy-Duty Resistance Bands Set,2.0
2026-04-14,Sports & Outdoors,SKU-SPO-404,Ultralight Backpacking Tent 2-Person,0.0
2026-04-14,Sports & Outdoors,SKU-SPO-405,Compact Camping Hammock Portable,6.0
2026-04-15,Apparel,SKU-APP-201,Thermal Fleece Running Hoodie,12.0
2026-04-15,Apparel,SKU-APP-202,Moisture-Wicking Athletic Tee,2.0
2026-04-15,Apparel,SKU-APP-203,Heavyweight Arctic Winter Parka,2.0
2026-04-15,Apparel,SKU-APP-204,Seamless Workout Compression Leggings,9.0
2026-04-15,Apparel,SKU-APP-205,Formal Wool Blazer Tailored,0.0
2026-04-15,Apparel,SKU-APP-206,Organic Cotton Crewneck Sweatshirt,4.0
2026-04-15,Electronics,SKU-ELC-001,Wireless Noise-Canceling Headphones,8.0
2026-04-15,Electronics,SKU-ELC-002,Smart Fitness Watch V2,2.0
2026-04-15,Electronics,SKU-ELC-003,4K Ultra-HD Action Camera,1.0
2026-04-15,Electronics,SKU-ELC-004,USB-C Fast Charging Cable 2M,4.0
2026-04-15,Electronics,SKU-ELC-005,Vintage Stereo Turntable,0.0
2026-04-15,Electronics,SKU-ELC-006,Bluetooth Conference Speaker,1.0
2026-04-15,Electronics,SKU-ELC-007,Ergonomic Mechanical Keyboard,6.0
2026-04-15,Health & Personal Care,SKU-HPC-301,Sonic Electric Toothbrush Pro,6.0
2026-04-15,Health & Personal Care,SKU-HPC-302,Collagen Peptide Powder 500g,3.0
2026-04-15,Health & Personal Care,SKU-HPC-303,Infrared Shiatsu Neck Massager,2.0
2026-04-15,Health & Personal Care,SKU-HPC-304,Daily Multivitamin Gummies 120ct,9.0
2026-04-15,Health & Personal Care,SKU-HPC-305,Aromatherapy Ultrasonic Diffuser,0.0
2026-04-15,Home & Kitchen,SKU-HMK-101,Digital Air Fryer Oven 6Qt,13.0
2026-04-15,Home & Kitchen,SKU-HMK-102,Stainless Steel French Press,5.0
2026-04-15,Home & Kitchen,SKU-HMK-103,Cold Brew Iced Coffee Pitcher,0.0
2026-04-15,Home & Kitchen,SKU-HMK-104,Electric Precision Milk Frother,11.0
2026-04-15,Home & Kitchen,SKU-HMK-105,Cast Iron Dutch Oven 5.5Qt,0.0
2026-04-15,Home & Kitchen,SKU-HMK-106,Smart WiFi Food Scale,6.0
2026-04-15,Home & Kitchen,SKU-HMK-107,Silicone Baking Mat Set,12.0
2026-04-15,Sports & Outdoors,SKU-SPO-401,Insulated Hydro Water Bottle 32oz,6.0
2026-04-15,Sports & Outdoors,SKU-SPO-402,Non-Slip High Density Yoga Mat,7.0
2026-04-15,Sports & Outdoors,SKU-SPO-403,Heavy-Duty Resistance Bands Set,1.0
2026-04-15,Sports & Outdoors,SKU-SPO-404,Ultralight Backpacking Tent 2-Person,0.0
2026-04-15,Sports & Outdoors,SKU-SPO-405,Compact Camping Hammock Portable,4.0
2026-04-16,Apparel,SKU-APP-201,Thermal Fleece Running Hoodie,12.0
2026-04-16,Apparel,SKU-APP-202,Moisture-Wicking Athletic Tee,2.0
2026-04-16,Apparel,SKU-APP-203,Heavyweight Arctic Winter Parka,0.0
2026-04-16,Apparel,SKU-APP-204,Seamless Workout Compression Leggings,10.0
2026-04-16,Apparel,SKU-APP-205,Formal Wool Blazer Tailored,0.0
2026-04-16,Apparel,SKU-APP-206,Organic Cotton Crewneck Sweatshirt,0.0
2026-04-16,Electronics,SKU-ELC-001,Wireless Noise-Canceling Headphones,12.0
2026-04-16,Electronics,SKU-ELC-002,Smart Fitness Watch V2,7.0
2026-04-16,Electronics,SKU-ELC-003,4K Ultra-HD Action Camera,5.0
2026-04-16,Electronics,SKU-ELC-004,USB-C Fast Charging Cable 2M,3.0
2026-04-16,Electronics,SKU-ELC-005,Vintage Stereo Turntable,0.0
2026-04-16,Electronics,SKU-ELC-006,Bluetooth Conference Speaker,6.0
2026-04-16,Electronics,SKU-ELC-007,Ergonomic Mechanical Keyboard,4.0
2026-04-16,Health & Personal Care,SKU-HPC-301,Sonic Electric Toothbrush Pro,7.0
2026-04-16,Health & Personal Care,SKU-HPC-302,Collagen Peptide Powder 500g,2.0
2026-04-16,Health & Personal Care,SKU-HPC-303,Infrared Shiatsu Neck Massager,1.0
2026-04-16,Health & Personal Care,SKU-HPC-304,Daily Multivitamin Gummies 120ct,9.0
2026-04-16,Health & Personal Care,SKU-HPC-305,Aromatherapy Ultrasonic Diffuser,0.0
2026-04-16,Home & Kitchen,SKU-HMK-101,Digital Air Fryer Oven 6Qt,10.0
2026-04-16,Home & Kitchen,SKU-HMK-102,Stainless Steel French Press,5.0
2026-04-16,Home & Kitchen,SKU-HMK-103,Cold Brew Iced Coffee Pitcher,3.0
2026-04-16,Home & Kitchen,SKU-HMK-104,Electric Precision Milk Frother,9.0
2026-04-16,Home & Kitchen,SKU-HMK-105,Cast Iron Dutch Oven 5.5Qt,0.0
2026-04-16,Home & Kitchen,SKU-HMK-106,Smart WiFi Food Scale,6.0
2026-04-16,Home & Kitchen,SKU-HMK-107,Silicone Baking Mat Set,3.0
2026-04-16,Sports & Outdoors,SKU-SPO-401,Insulated Hydro Water Bottle 32oz,8.0
2026-04-16,Sports & Outdoors,SKU-SPO-402,Non-Slip High Density Yoga Mat,3.0
2026-04-16,Sports & Outdoors,SKU-SPO-403,Heavy-Duty Resistance Bands Set,0.0
2026-04-16,Sports & Outdoors,SKU-SPO-404,Ultralight Backpacking Tent 2-Person,0.0
2026-04-16,Sports & Outdoors,SKU-SPO-405,Compact Camping Hammock Portable,5.0
2026-04-17,Apparel,SKU-APP-201,Thermal Fleece Running Hoodie,6.0
2026-04-17,Apparel,SKU-APP-202,Moisture-Wicking Athletic Tee,7.0
2026-04-17,Apparel,SKU-APP-203,Heavyweight Arctic Winter Parka,3.0
2026-04-17,Apparel,SKU-APP-204,Seamless Workout Compression Leggings,13.0
2026-04-17,Apparel,SKU-APP-205,Formal Wool Blazer Tailored,0.0
2026-04-17,Apparel,SKU-APP-206,Organic Cotton Crewneck Sweatshirt,1.0
2026-04-17,Electronics,SKU-ELC-001,Wireless Noise-Canceling Headphones,4.0
2026-04-17,Electronics,SKU-ELC-002,Smart Fitness Watch V2,10.0
2026-04-17,Electronics,SKU-ELC-003,4K Ultra-HD Action Camera,1.0
2026-04-17,Electronics,SKU-ELC-004,USB-C Fast Charging Cable 2M,5.0
2026-04-17,Electronics,SKU-ELC-005,Vintage Stereo Turntable,0.0
2026-04-17,Electronics,SKU-ELC-006,Bluetooth Conference Speaker,3.0
2026-04-17,Electronics,SKU-ELC-007,Ergonomic Mechanical Keyboard,7.0
2026-04-17,Health & Personal Care,SKU-HPC-301,Sonic Electric Toothbrush Pro,6.0
2026-04-17,Health & Personal Care,SKU-HPC-302,Collagen Peptide Powder 500g,1.0
2026-04-17,Health & Personal Care,SKU-HPC-303,Infrared Shiatsu Neck Massager,0.0
2026-04-17,Health & Personal Care,SKU-HPC-304,Daily Multivitamin Gummies 120ct,4.0
2026-04-17,Health & Personal Care,SKU-HPC-305,Aromatherapy Ultrasonic Diffuser,0.0
2026-04-17,Home & Kitchen,SKU-HMK-101,Digital Air Fryer Oven 6Qt,13.0
2026-04-17,Home & Kitchen,SKU-HMK-102,Stainless Steel French Press,3.0
2026-04-17,Home & Kitchen,SKU-HMK-103,Cold Brew Iced Coffee Pitcher,1.0
2026-04-17,Home & Kitchen,SKU-HMK-104,Electric Precision Milk Frother,4.0
2026-04-17,Home & Kitchen,SKU-HMK-105,Cast Iron Dutch Oven 5.5Qt,0.0
2026-04-17,Home & Kitchen,SKU-HMK-106,Smart WiFi Food Scale,2.0
2026-04-17,Home & Kitchen,SKU-HMK-107,Silicone Baking Mat Set,1.0
2026-04-17,Sports & Outdoors,SKU-SPO-401,Insulated Hydro Water Bottle 32oz,3.0
2026-04-17,Sports & Outdoors,SKU-SPO-402,Non-Slip High Density Yoga Mat,3.0
2026-04-17,Sports & Outdoors,SKU-SPO-403,Heavy-Duty Resistance Bands Set,0.0
2026-04-17,Sports & Outdoors,SKU-SPO-404,Ultralight Backpacking Tent 2-Person,0.0
2026-04-17,Sports & Outdoors,SKU-SPO-405,Compact Camping Hammock Portable,5.0
2026-04-18,Apparel,SKU-APP-201,Thermal Fleece Running Hoodie,14.0
2026-04-18,Apparel,SKU-APP-202,Moisture-Wicking Athletic Tee,5.0
2026-04-18,Apparel,SKU-APP-203,Heavyweight Arctic Winter Parka,4.0
2026-04-18,Apparel,SKU-APP-204,Seamless Workout Compression Leggings,14.0
2026-04-18,Apparel,SKU-APP-205,Formal Wool Blazer Tailored,0.0
2026-04-18,Apparel,SKU-APP-206,Organic Cotton Crewneck Sweatshirt,4.0
2026-04-18,Electronics,SKU-ELC-001,Wireless Noise-Canceling Headphones,11.0
2026-04-18,Electronics,SKU-ELC-002,Smart Fitness Watch V2,4.0
2026-04-18,Electronics,SKU-ELC-003,4K Ultra-HD Action Camera,3.0
2026-04-18,Electronics,SKU-ELC-004,USB-C Fast Charging Cable 2M,11.0
2026-04-18,Electronics,SKU-ELC-005,Vintage Stereo Turntable,0.0
2026-04-18,Electronics,SKU-ELC-006,Bluetooth Conference Speaker,8.0
2026-04-18,Electronics,SKU-ELC-007,Ergonomic Mechanical Keyboard,5.0
2026-04-18,Health & Personal Care,SKU-HPC-301,Sonic Electric Toothbrush Pro,7.0
2026-04-18,Health & Personal Care,SKU-HPC-302,Collagen Peptide Powder 500g,4.0
2026-04-18,Health & Personal Care,SKU-HPC-303,Infrared Shiatsu Neck Massager,4.0
2026-04-18,Health & Personal Care,SKU-HPC-304,Daily Multivitamin Gummies 120ct,17.0
2026-04-18,Health & Personal Care,SKU-HPC-305,Aromatherapy Ultrasonic Diffuser,0.0
2026-04-18,Home & Kitchen,SKU-HMK-101,Digital Air Fryer Oven 6Qt,15.0
2026-04-18,Home & Kitchen,SKU-HMK-102,Stainless Steel French Press,4.0
2026-04-18,Home & Kitchen,SKU-HMK-103,Cold Brew Iced Coffee Pitcher,2.0
2026-04-18,Home & Kitchen,SKU-HMK-104,Electric Precision Milk Frother,10.0
2026-04-18,Home & Kitchen,SKU-HMK-105,Cast Iron Dutch Oven 5.5Qt,0.0
2026-04-18,Home & Kitchen,SKU-HMK-106,Smart WiFi Food Scale,7.0
2026-04-18,Home & Kitchen,SKU-HMK-107,Silicone Baking Mat Set,10.0
2026-04-18,Sports & Outdoors,SKU-SPO-401,Insulated Hydro Water Bottle 32oz,9.0
2026-04-18,Sports & Outdoors,SKU-SPO-402,Non-Slip High Density Yoga Mat,9.0
2026-04-18,Sports & Outdoors,SKU-SPO-403,Heavy-Duty Resistance Bands Set,1.0
2026-04-18,Sports & Outdoors,SKU-SPO-404,Ultralight Backpacking Tent 2-Person,0.0
2026-04-18,Sports & Outdoors,SKU-SPO-405,Compact Camping Hammock Portable,5.0
2026-04-19,Apparel,SKU-APP-201,Thermal Fleece Running Hoodie,8.0
2026-04-19,Apparel,SKU-APP-202,Moisture-Wicking Athletic Tee,4.0
2026-04-19,Apparel,SKU-APP-203,Heavyweight Arctic Winter Parka,0.0
2026-04-19,Apparel,SKU-APP-204,Seamless Workout Compression Leggings,12.0
2026-04-19,Apparel,SKU-APP-205,Formal Wool Blazer Tailored,0.0
2026-04-19,Apparel,SKU-APP-206,Organic Cotton Crewneck Sweatshirt,3.0
2026-04-19,Electronics,SKU-ELC-001,Wireless Noise-Canceling Headphones,10.0
2026-04-19,Electronics,SKU-ELC-002,Smart Fitness Watch V2,4.0
2026-04-19,Electronics,SKU-ELC-003,4K Ultra-HD Action Camera,2.0
2026-04-19,Electronics,SKU-ELC-004,USB-C Fast Charging Cable 2M,8.0
2026-04-19,Electronics,SKU-ELC-005,Vintage Stereo Turntable,0.0
2026-04-19,Electronics,SKU-ELC-006,Bluetooth Conference Speaker,7.0
2026-04-19,Electronics,SKU-ELC-007,Ergonomic Mechanical Keyboard,7.0
2026-04-19,Health & Personal Care,SKU-HPC-301,Sonic Electric Toothbrush Pro,12.0
2026-04-19,Health & Personal Care,SKU-HPC-302,Collagen Peptide Powder 500g,5.0
2026-04-19,Health & Personal Care,SKU-HPC-303,Infrared Shiatsu Neck Massager,2.0
2026-04-19,Health & Personal Care,SKU-HPC-304,Daily Multivitamin Gummies 120ct,13.0
2026-04-19,Health & Personal Care,SKU-HPC-305,Aromatherapy Ultrasonic Diffuser,0.0
2026-04-19,Home & Kitchen,SKU-HMK-101,Digital Air Fryer Oven 6Qt,15.0
2026-04-19,Home & Kitchen,SKU-HMK-102,Stainless Steel French Press,4.0
2026-04-19,Home & Kitchen,SKU-HMK-103,Cold Brew Iced Coffee Pitcher,1.0
2026-04-19,Home & Kitchen,SKU-HMK-104,Electric Precision Milk Frother,8.0
2026-04-19,Home & Kitchen,SKU-HMK-105,Cast Iron Dutch Oven 5.5Qt,0.0
2026-04-19,Home & Kitchen,SKU-HMK-106,Smart WiFi Food Scale,3.0
2026-04-19,Home & Kitchen,SKU-HMK-107,Silicone Baking Mat Set,4.0
2026-04-19,Sports & Outdoors,SKU-SPO-401,Insulated Hydro Water Bottle 32oz,4.0
2026-04-19,Sports & Outdoors,SKU-SPO-402,Non-Slip High Density Yoga Mat,4.0
2026-04-19,Sports & Outdoors,SKU-SPO-403,Heavy-Duty Resistance Bands Set,3.0
2026-04-19,Sports & Outdoors,SKU-SPO-404,Ultralight Backpacking Tent 2-Person,1.0
2026-04-19,Sports & Outdoors,SKU-SPO-405,Compact Camping Hammock Portable,6.0
2026-04-20,Apparel,SKU-APP-201,Thermal Fleece Running Hoodie,10.0
2026-04-20,Apparel,SKU-APP-202,Moisture-Wicking Athletic Tee,2.0
2026-04-20,Apparel,SKU-APP-203,Heavyweight Arctic Winter Parka,1.0
2026-04-20,Apparel,SKU-APP-204,Seamless Workout Compression Leggings,10.0
2026-04-20,Apparel,SKU-APP-205,Formal Wool Blazer Tailored,0.0
2026-04-20,Apparel,SKU-APP-206,Organic Cotton Crewneck Sweatshirt,9.0
2026-04-20,Electronics,SKU-ELC-001,Wireless Noise-Canceling Headphones,17.0
2026-04-20,Electronics,SKU-ELC-002,Smart Fitness Watch V2,3.0
2026-04-20,Electronics,SKU-ELC-003,4K Ultra-HD Action Camera,1.0
2026-04-20,Electronics,SKU-ELC-004,USB-C Fast Charging Cable 2M,7.0
2026-04-20,Electronics,SKU-ELC-005,Vintage Stereo Turntable,0.0
2026-04-20,Electronics,SKU-ELC-006,Bluetooth Conference Speaker,5.0
2026-04-20,Electronics,SKU-ELC-007,Ergonomic Mechanical Keyboard,3.0
2026-04-20,Health & Personal Care,SKU-HPC-301,Sonic Electric Toothbrush Pro,4.0
2026-04-20,Health & Personal Care,SKU-HPC-302,Collagen Peptide Powder 500g,5.0
2026-04-20,Health & Personal Care,SKU-HPC-303,Infrared Shiatsu Neck Massager,1.0
2026-04-20,Health & Personal Care,SKU-HPC-304,Daily Multivitamin Gummies 120ct,7.0
2026-04-20,Health & Personal Care,SKU-HPC-305,Aromatherapy Ultrasonic Diffuser,1.0
2026-04-20,Home & Kitchen,SKU-HMK-101,Digital Air Fryer Oven 6Qt,7.0
2026-04-20,Home & Kitchen,SKU-HMK-102,Stainless Steel French Press,0.0
2026-04-20,Home & Kitchen,SKU-HMK-103,Cold Brew Iced Coffee Pitcher,2.0
2026-04-20,Home & Kitchen,SKU-HMK-104,Electric Precision Milk Frother,5.0
2026-04-20,Home & Kitchen,SKU-HMK-105,Cast Iron Dutch Oven 5.5Qt,0.0
2026-04-20,Home & Kitchen,SKU-HMK-106,Smart WiFi Food Scale,3.0
2026-04-20,Home & Kitchen,SKU-HMK-107,Silicone Baking Mat Set,6.0
2026-04-20,Sports & Outdoors,SKU-SPO-401,Insulated Hydro Water Bottle 32oz,6.0
2026-04-20,Sports & Outdoors,SKU-SPO-402,Non-Slip High Density Yoga Mat,8.0
2026-04-20,Sports & Outdoors,SKU-SPO-403,Heavy-Duty Resistance Bands Set,1.0
2026-04-20,Sports & Outdoors,SKU-SPO-404,Ultralight Backpacking Tent 2-Person,0.0
2026-04-20,Sports & Outdoors,SKU-SPO-405,Compact Camping Hammock Portable,4.0
2026-04-21,Apparel,SKU-APP-201,Thermal Fleece Running Hoodie,9.0
2026-04-21,Apparel,SKU-APP-202,Moisture-Wicking Athletic Tee,1.0
2026-04-21,Apparel,SKU-APP-203,Heavyweight Arctic Winter Parka,1.0
2026-04-21,Apparel,SKU-APP-204,Seamless Workout Compression Leggings,5.0
2026-04-21,Apparel,SKU-APP-205,Formal Wool Blazer Tailored,0.0
2026-04-21,Apparel,SKU-APP-206,Organic Cotton Crewneck Sweatshirt,6.0
2026-04-21,Electronics,SKU-ELC-001,Wireless Noise-Canceling Headphones,8.0
2026-04-21,Electronics,SKU-ELC-002,Smart Fitness Watch V2,5.0
2026-04-21,Electronics,SKU-ELC-003,4K Ultra-HD Action Camera,0.0
2026-04-21,Electronics,SKU-ELC-004,USB-C Fast Charging Cable 2M,5.0
2026-04-21,Electronics,SKU-ELC-005,Vintage Stereo Turntable,0.0
2026-04-21,Electronics,SKU-ELC-006,Bluetooth Conference Speaker,5.0
2026-04-21,Electronics,SKU-ELC-007,Ergonomic Mechanical Keyboard,3.0
2026-04-21,Health & Personal Care,SKU-HPC-301,Sonic Electric Toothbrush Pro,4.0
2026-04-21,Health & Personal Care,SKU-HPC-302,Collagen Peptide Powder 500g,4.0
2026-04-21,Health & Personal Care,SKU-HPC-303,Infrared Shiatsu Neck Massager,2.0
2026-04-21,Health & Personal Care,SKU-HPC-304,Daily Multivitamin Gummies 120ct,7.0
2026-04-21,Health & Personal Care,SKU-HPC-305,Aromatherapy Ultrasonic Diffuser,0.0
2026-04-21,Home & Kitchen,SKU-HMK-101,Digital Air Fryer Oven 6Qt,7.0
2026-04-21,Home & Kitchen,SKU-HMK-102,Stainless Steel French Press,4.0
2026-04-21,Home & Kitchen,SKU-HMK-103,Cold Brew Iced Coffee Pitcher,3.0
2026-04-21,Home & Kitchen,SKU-HMK-104,Electric Precision Milk Frother,11.0
2026-04-21,Home & Kitchen,SKU-HMK-105,Cast Iron Dutch Oven 5.5Qt,0.0
2026-04-21,Home & Kitchen,SKU-HMK-106,Smart WiFi Food Scale,8.0
2026-04-21,Home & Kitchen,SKU-HMK-107,Silicone Baking Mat Set,4.0
2026-04-21,Sports & Outdoors,SKU-SPO-401,Insulated Hydro Water Bottle 32oz,5.0
2026-04-21,Sports & Outdoors,SKU-SPO-402,Non-Slip High Density Yoga Mat,5.0
2026-04-21,Sports & Outdoors,SKU-SPO-403,Heavy-Duty Resistance Bands Set,2.0
2026-04-21,Sports & Outdoors,SKU-SPO-404,Ultralight Backpacking Tent 2-Person,0.0
2026-04-21,Sports & Outdoors,SKU-SPO-405,Compact Camping Hammock Portable,3.0
2026-04-22,Apparel,SKU-APP-201,Thermal Fleece Running Hoodie,11.0
2026-04-22,Apparel,SKU-APP-202,Moisture-Wicking Athletic Tee,4.0
2026-04-22,Apparel,SKU-APP-203,Heavyweight Arctic Winter Parka,0.0
2026-04-22,Apparel,SKU-APP-204,Seamless Workout Compression Leggings,7.0
2026-04-22,Apparel,SKU-APP-205,Formal Wool Blazer Tailored,0.0
2026-04-22,Apparel,SKU-APP-206,Organic Cotton Crewneck Sweatshirt,5.0
2026-04-22,Electronics,SKU-ELC-001,Wireless Noise-Canceling Headphones,14.0
2026-04-22,Electronics,SKU-ELC-002,Smart Fitness Watch V2,4.0
2026-04-22,Electronics,SKU-ELC-003,4K Ultra-HD Action Camera,2.0
2026-04-22,Electronics,SKU-ELC-004,USB-C Fast Charging Cable 2M,2.0
2026-04-22,Electronics,SKU-ELC-005,Vintage Stereo Turntable,0.0
2026-04-22,Electronics,SKU-ELC-006,Bluetooth Conference Speaker,3.0
2026-04-22,Electronics,SKU-ELC-007,Ergonomic Mechanical Keyboard,2.0
2026-04-22,Health & Personal Care,SKU-HPC-301,Sonic Electric Toothbrush Pro,5.0
2026-04-22,Health & Personal Care,SKU-HPC-302,Collagen Peptide Powder 500g,4.0
2026-04-22,Health & Personal Care,SKU-HPC-303,Infrared Shiatsu Neck Massager,0.0
2026-04-22,Health & Personal Care,SKU-HPC-304,Daily Multivitamin Gummies 120ct,3.0
2026-04-22,Health & Personal Care,SKU-HPC-305,Aromatherapy Ultrasonic Diffuser,0.0
2026-04-22,Home & Kitchen,SKU-HMK-101,Digital Air Fryer Oven 6Qt,9.0
2026-04-22,Home & Kitchen,SKU-HMK-102,Stainless Steel French Press,1.0
2026-04-22,Home & Kitchen,SKU-HMK-103,Cold Brew Iced Coffee Pitcher,2.0
2026-04-22,Home & Kitchen,SKU-HMK-104,Electric Precision Milk Frother,6.0
2026-04-22,Home & Kitchen,SKU-HMK-105,Cast Iron Dutch Oven 5.5Qt,0.0
2026-04-22,Home & Kitchen,SKU-HMK-106,Smart WiFi Food Scale,0.0
2026-04-22,Home & Kitchen,SKU-HMK-107,Silicone Baking Mat Set,9.0
2026-04-22,Sports & Outdoors,SKU-SPO-401,Insulated Hydro Water Bottle 32oz,0.0
2026-04-22,Sports & Outdoors,SKU-SPO-402,Non-Slip High Density Yoga Mat,7.0
2026-04-22,Sports & Outdoors,SKU-SPO-403,Heavy-Duty Resistance Bands Set,5.0
2026-04-22,Sports & Outdoors,SKU-SPO-404,Ultralight Backpacking Tent 2-Person,0.0
2026-04-22,Sports & Outdoors,SKU-SPO-405,Compact Camping Hammock Portable,6.0
2026-04-23,Apparel,SKU-APP-201,Thermal Fleece Running Hoodie,8.0
2026-04-23,Apparel,SKU-APP-202,Moisture-Wicking Athletic Tee,5.0
2026-04-23,Apparel,SKU-APP-203,Heavyweight Arctic Winter Parka,0.0
2026-04-23,Apparel,SKU-APP-204,Seamless Workout Compression Leggings,10.0
2026-04-23,Apparel,SKU-APP-205,Formal Wool Blazer Tailored,0.0
2026-04-23,Apparel,SKU-APP-206,Organic Cotton Crewneck Sweatshirt,4.0
2026-04-23,Electronics,SKU-ELC-001,Wireless Noise-Canceling Headphones,7.0
2026-04-23,Electronics,SKU-ELC-002,Smart Fitness Watch V2,4.0
2026-04-23,Electronics,SKU-ELC-003,4K Ultra-HD Action Camera,2.0
2026-04-23,Electronics,SKU-ELC-004,USB-C Fast Charging Cable 2M,9.0
2026-04-23,Electronics,SKU-ELC-005,Vintage Stereo Turntable,3.0
2026-04-23,Electronics,SKU-ELC-006,Bluetooth Conference Speaker,4.0
2026-04-23,Electronics,SKU-ELC-007,Ergonomic Mechanical Keyboard,2.0
2026-04-23,Health & Personal Care,SKU-HPC-301,Sonic Electric Toothbrush Pro,9.0
2026-04-23,Health & Personal Care,SKU-HPC-302,Collagen Peptide Powder 500g,3.0
2026-04-23,Health & Personal Care,SKU-HPC-303,Infrared Shiatsu Neck Massager,3.0
2026-04-23,Health & Personal Care,SKU-HPC-304,Daily Multivitamin Gummies 120ct,7.0
2026-04-23,Health & Personal Care,SKU-HPC-305,Aromatherapy Ultrasonic Diffuser,1.0
2026-04-23,Home & Kitchen,SKU-HMK-101,Digital Air Fryer Oven 6Qt,6.0
2026-04-23,Home & Kitchen,SKU-HMK-102,Stainless Steel French Press,5.0
2026-04-23,Home & Kitchen,SKU-HMK-103,Cold Brew Iced Coffee Pitcher,2.0
2026-04-23,Home & Kitchen,SKU-HMK-104,Electric Precision Milk Frother,8.0
2026-04-23,Home & Kitchen,SKU-HMK-105,Cast Iron Dutch Oven 5.5Qt,0.0
2026-04-23,Home & Kitchen,SKU-HMK-106,Smart WiFi Food Scale,2.0
2026-04-23,Home & Kitchen,SKU-HMK-107,Silicone Baking Mat Set,4.0
2026-04-23,Sports & Outdoors,SKU-SPO-401,Insulated Hydro Water Bottle 32oz,3.0
2026-04-23,Sports & Outdoors,SKU-SPO-402,Non-Slip High Density Yoga Mat,2.0
2026-04-23,Sports & Outdoors,SKU-SPO-403,Heavy-Duty Resistance Bands Set,0.0
2026-04-23,Sports & Outdoors,SKU-SPO-404,Ultralight Backpacking Tent 2-Person,0.0
2026-04-23,Sports & Outdoors,SKU-SPO-405,Compact Camping Hammock Portable,3.0
2026-04-24,Apparel,SKU-APP-201,Thermal Fleece Running Hoodie,11.0
2026-04-24,Apparel,SKU-APP-202,Moisture-Wicking Athletic Tee,3.0
2026-04-24,Apparel,SKU-APP-203,Heavyweight Arctic Winter Parka,2.0
2026-04-24,Apparel,SKU-APP-204,Seamless Workout Compression Leggings,6.0
2026-04-24,Apparel,SKU-APP-205,Formal Wool Blazer Tailored,0.0
2026-04-24,Apparel,SKU-APP-206,Organic Cotton Crewneck Sweatshirt,3.0
2026-04-24,Electronics,SKU-ELC-001,Wireless Noise-Canceling Headphones,8.0
2026-04-24,Electronics,SKU-ELC-002,Smart Fitness Watch V2,3.0
2026-04-24,Electronics,SKU-ELC-003,4K Ultra-HD Action Camera,3.0
2026-04-24,Electronics,SKU-ELC-004,USB-C Fast Charging Cable 2M,6.0
2026-04-24,Electronics,SKU-ELC-005,Vintage Stereo Turntable,0.0
2026-04-24,Electronics,SKU-ELC-006,Bluetooth Conference Speaker,4.0
2026-04-24,Electronics,SKU-ELC-007,Ergonomic Mechanical Keyboard,3.0
2026-04-24,Health & Personal Care,SKU-HPC-301,Sonic Electric Toothbrush Pro,9.0
2026-04-24,Health & Personal Care,SKU-HPC-302,Collagen Peptide Powder 500g,3.0
2026-04-24,Health & Personal Care,SKU-HPC-303,Infrared Shiatsu Neck Massager,3.0
2026-04-24,Health & Personal Care,SKU-HPC-304,Daily Multivitamin Gummies 120ct,8.0
2026-04-24,Health & Personal Care,SKU-HPC-305,Aromatherapy Ultrasonic Diffuser,0.0
2026-04-24,Home & Kitchen,SKU-HMK-101,Digital Air Fryer Oven 6Qt,10.0
2026-04-24,Home & Kitchen,SKU-HMK-102,Stainless Steel French Press,4.0
2026-04-24,Home & Kitchen,SKU-HMK-103,Cold Brew Iced Coffee Pitcher,1.0
2026-04-24,Home & Kitchen,SKU-HMK-104,Electric Precision Milk Frother,6.0
2026-04-24,Home & Kitchen,SKU-HMK-105,Cast Iron Dutch Oven 5.5Qt,0.0
2026-04-24,Home & Kitchen,SKU-HMK-106,Smart WiFi Food Scale,1.0
2026-04-24,Home & Kitchen,SKU-HMK-107,Silicone Baking Mat Set,9.0
2026-04-24,Sports & Outdoors,SKU-SPO-401,Insulated Hydro Water Bottle 32oz,5.0
2026-04-24,Sports & Outdoors,SKU-SPO-402,Non-Slip High Density Yoga Mat,2.0
2026-04-24,Sports & Outdoors,SKU-SPO-403,Heavy-Duty Resistance Bands Set,2.0
2026-04-24,Sports & Outdoors,SKU-SPO-404,Ultralight Backpacking Tent 2-Person,0.0
2026-04-24,Sports & Outdoors,SKU-SPO-405,Compact Camping Hammock Portable,1.0
2026-04-25,Apparel,SKU-APP-201,Thermal Fleece Running Hoodie,13.0
2026-04-25,Apparel,SKU-APP-202,Moisture-Wicking Athletic Tee,2.0
2026-04-25,Apparel,SKU-APP-203,Heavyweight Arctic Winter Parka,1.0
2026-04-25,Apparel,SKU-APP-204,Seamless Workout Compression Leggings,11.0
2026-04-25,Apparel,SKU-APP-205,Formal Wool Blazer Tailored,0.0
2026-04-25,Apparel,SKU-APP-206,Organic Cotton Crewneck Sweatshirt,9.0
2026-04-25,Electronics,SKU-ELC-001,Wireless Noise-Canceling Headphones,11.0
2026-04-25,Electronics,SKU-ELC-002,Smart Fitness Watch V2,4.0
2026-04-25,Electronics,SKU-ELC-003,4K Ultra-HD Action Camera,3.0
2026-04-25,Electronics,SKU-ELC-004,USB-C Fast Charging Cable 2M,5.0
2026-04-25,Electronics,SKU-ELC-005,Vintage Stereo Turntable,0.0
2026-04-25,Electronics,SKU-ELC-006,Bluetooth Conference Speaker,7.0
2026-04-25,Electronics,SKU-ELC-007,Ergonomic Mechanical Keyboard,5.0
2026-04-25,Health & Personal Care,SKU-HPC-301,Sonic Electric Toothbrush Pro,10.0
2026-04-25,Health & Personal Care,SKU-HPC-302,Collagen Peptide Powder 500g,7.0
2026-04-25,Health & Personal Care,SKU-HPC-303,Infrared Shiatsu Neck Massager,2.0
2026-04-25,Health & Personal Care,SKU-HPC-304,Daily Multivitamin Gummies 120ct,9.0
2026-04-25,Health & Personal Care,SKU-HPC-305,Aromatherapy Ultrasonic Diffuser,1.0
2026-04-25,Home & Kitchen,SKU-HMK-101,Digital Air Fryer Oven 6Qt,10.0
2026-04-25,Home & Kitchen,SKU-HMK-102,Stainless Steel French Press,6.0
2026-04-25,Home & Kitchen,SKU-HMK-103,Cold Brew Iced Coffee Pitcher,4.0
2026-04-25,Home & Kitchen,SKU-HMK-104,Electric Precision Milk Frother,6.0
2026-04-25,Home & Kitchen,SKU-HMK-105,Cast Iron Dutch Oven 5.5Qt,0.0
2026-04-25,Home & Kitchen,SKU-HMK-106,Smart WiFi Food Scale,2.0
2026-04-25,Home & Kitchen,SKU-HMK-107,Silicone Baking Mat Set,7.0
2026-04-25,Sports & Outdoors,SKU-SPO-401,Insulated Hydro Water Bottle 32oz,11.0
2026-04-25,Sports & Outdoors,SKU-SPO-402,Non-Slip High Density Yoga Mat,7.0
2026-04-25,Sports & Outdoors,SKU-SPO-403,Heavy-Duty Resistance Bands Set,4.0
2026-04-25,Sports & Outdoors,SKU-SPO-404,Ultralight Backpacking Tent 2-Person,0.0
2026-04-25,Sports & Outdoors,SKU-SPO-405,Compact Camping Hammock Portable,5.0
2026-04-26,Apparel,SKU-APP-201,Thermal Fleece Running Hoodie,9.0
2026-04-26,Apparel,SKU-APP-202,Moisture-Wicking Athletic Tee,6.0
2026-04-26,Apparel,SKU-APP-203,Heavyweight Arctic Winter Parka,3.0
2026-04-26,Apparel,SKU-APP-204,Seamless Workout Compression Leggings,16.0
2026-04-26,Apparel,SKU-APP-205,Formal Wool Blazer Tailored,0.0
2026-04-26,Apparel,SKU-APP-206,Organic Cotton Crewneck Sweatshirt,4.0
2026-04-26,Electronics,SKU-ELC-001,Wireless Noise-Canceling Headphones,11.0
2026-04-26,Electronics,SKU-ELC-002,Smart Fitness Watch V2,5.0
2026-04-26,Electronics,SKU-ELC-003,4K Ultra-HD Action Camera,0.0
2026-04-26,Electronics,SKU-ELC-004,USB-C Fast Charging Cable 2M,8.0
2026-04-26,Electronics,SKU-ELC-005,Vintage Stereo Turntable,0.0
2026-04-26,Electronics,SKU-ELC-006,Bluetooth Conference Speaker,6.0
2026-04-26,Electronics,SKU-ELC-007,Ergonomic Mechanical Keyboard,3.0
2026-04-26,Health & Personal Care,SKU-HPC-301,Sonic Electric Toothbrush Pro,12.0
2026-04-26,Health & Personal Care,SKU-HPC-302,Collagen Peptide Powder 500g,3.0
2026-04-26,Health & Personal Care,SKU-HPC-303,Infrared Shiatsu Neck Massager,3.0
2026-04-26,Health & Personal Care,SKU-HPC-304,Daily Multivitamin Gummies 120ct,13.0
2026-04-26,Health & Personal Care,SKU-HPC-305,Aromatherapy Ultrasonic Diffuser,1.0
2026-04-26,Home & Kitchen,SKU-HMK-101,Digital Air Fryer Oven 6Qt,12.0
2026-04-26,Home & Kitchen,SKU-HMK-102,Stainless Steel French Press,2.0
2026-04-26,Home & Kitchen,SKU-HMK-103,Cold Brew Iced Coffee Pitcher,1.0
2026-04-26,Home & Kitchen,SKU-HMK-104,Electric Precision Milk Frother,7.0
2026-04-26,Home & Kitchen,SKU-HMK-105,Cast Iron Dutch Oven 5.5Qt,0.0
2026-04-26,Home & Kitchen,SKU-HMK-106,Smart WiFi Food Scale,5.0
2026-04-26,Home & Kitchen,SKU-HMK-107,Silicone Baking Mat Set,7.0
2026-04-26,Sports & Outdoors,SKU-SPO-401,Insulated Hydro Water Bottle 32oz,5.0
2026-04-26,Sports & Outdoors,SKU-SPO-402,Non-Slip High Density Yoga Mat,6.0
2026-04-26,Sports & Outdoors,SKU-SPO-403,Heavy-Duty Resistance Bands Set,2.0
2026-04-26,Sports & Outdoors,SKU-SPO-404,Ultralight Backpacking Tent 2-Person,0.0
2026-04-26,Sports & Outdoors,SKU-SPO-405,Compact Camping Hammock Portable,7.0
2026-04-27,Apparel,SKU-APP-201,Thermal Fleece Running Hoodie,14.0
2026-04-27,Apparel,SKU-APP-202,Moisture-Wicking Athletic Tee,0.0
2026-04-27,Apparel,SKU-APP-203,Heavyweight Arctic Winter Parka,3.0
2026-04-27,Apparel,SKU-APP-204,Seamless Workout Compression Leggings,5.0
2026-04-27,Apparel,SKU-APP-205,Formal Wool Blazer Tailored,0.0
2026-04-27,Apparel,SKU-APP-206,Organic Cotton Crewneck Sweatshirt,2.0
2026-04-27,Electronics,SKU-ELC-001,Wireless Noise-Canceling Headphones,7.0
2026-04-27,Electronics,SKU-ELC-002,Smart Fitness Watch V2,1.0
2026-04-27,Electronics,SKU-ELC-003,4K Ultra-HD Action Camera,2.0
2026-04-27,Electronics,SKU-ELC-004,USB-C Fast Charging Cable 2M,9.0
2026-04-27,Electronics,SKU-ELC-005,Vintage Stereo Turntable,0.0
2026-04-27,Electronics,SKU-ELC-006,Bluetooth Conference Speaker,3.0
2026-04-27,Electronics,SKU-ELC-007,Ergonomic Mechanical Keyboard,10.0
2026-04-27,Health & Personal Care,SKU-HPC-301,Sonic Electric Toothbrush Pro,1.0
2026-04-27,Health & Personal Care,SKU-HPC-302,Collagen Peptide Powder 500g,3.0
2026-04-27,Health & Personal Care,SKU-HPC-303,Infrared Shiatsu Neck Massager,0.0
2026-04-27,Health & Personal Care,SKU-HPC-304,Daily Multivitamin Gummies 120ct,13.0
2026-04-27,Health & Personal Care,SKU-HPC-305,Aromatherapy Ultrasonic Diffuser,0.0
2026-04-27,Home & Kitchen,SKU-HMK-101,Digital Air Fryer Oven 6Qt,9.0
2026-04-27,Home & Kitchen,SKU-HMK-102,Stainless Steel French Press,4.0
2026-04-27,Home & Kitchen,SKU-HMK-103,Cold Brew Iced Coffee Pitcher,0.0
2026-04-27,Home & Kitchen,SKU-HMK-104,Electric Precision Milk Frother,5.0
2026-04-27,Home & Kitchen,SKU-HMK-105,Cast Iron Dutch Oven 5.5Qt,0.0
2026-04-27,Home & Kitchen,SKU-HMK-106,Smart WiFi Food Scale,7.0
2026-04-27,Home & Kitchen,SKU-HMK-107,Silicone Baking Mat Set,4.0
2026-04-27,Sports & Outdoors,SKU-SPO-401,Insulated Hydro Water Bottle 32oz,2.0
2026-04-27,Sports & Outdoors,SKU-SPO-402,Non-Slip High Density Yoga Mat,4.0
2026-04-27,Sports & Outdoors,SKU-SPO-403,Heavy-Duty Resistance Bands Set,1.0
2026-04-27,Sports & Outdoors,SKU-SPO-404,Ultralight Backpacking Tent 2-Person,1.0
2026-04-27,Sports & Outdoors,SKU-SPO-405,Compact Camping Hammock Portable,5.0
2026-04-28,Apparel,SKU-APP-201,Thermal Fleece Running Hoodie,8.0
2026-04-28,Apparel,SKU-APP-202,Moisture-Wicking Athletic Tee,2.0
2026-04-28,Apparel,SKU-APP-203,Heavyweight Arctic Winter Parka,1.0
2026-04-28,Apparel,SKU-APP-204,Seamless Workout Compression Leggings,9.0
2026-04-28,Apparel,SKU-APP-205,Formal Wool Blazer Tailored,0.0
2026-04-28,Apparel,SKU-APP-206,Organic Cotton Crewneck Sweatshirt,1.0
2026-04-28,Electronics,SKU-ELC-001,Wireless Noise-Canceling Headphones,8.0
2026-04-28,Electronics,SKU-ELC-002,Smart Fitness Watch V2,0.0
2026-04-28,Electronics,SKU-ELC-003,4K Ultra-HD Action Camera,2.0
2026-04-28,Electronics,SKU-ELC-004,USB-C Fast Charging Cable 2M,7.0
2026-04-28,Electronics,SKU-ELC-005,Vintage Stereo Turntable,0.0
2026-04-28,Electronics,SKU-ELC-006,Bluetooth Conference Speaker,1.0
2026-04-28,Electronics,SKU-ELC-007,Ergonomic Mechanical Keyboard,3.0
2026-04-28,Health & Personal Care,SKU-HPC-301,Sonic Electric Toothbrush Pro,8.0
2026-04-28,Health & Personal Care,SKU-HPC-302,Collagen Peptide Powder 500g,6.0
2026-04-28,Health & Personal Care,SKU-HPC-303,Infrared Shiatsu Neck Massager,6.0
2026-04-28,Health & Personal Care,SKU-HPC-304,Daily Multivitamin Gummies 120ct,8.0
2026-04-28,Health & Personal Care,SKU-HPC-305,Aromatherapy Ultrasonic Diffuser,0.0
2026-04-28,Home & Kitchen,SKU-HMK-101,Digital Air Fryer Oven 6Qt,12.0
2026-04-28,Home & Kitchen,SKU-HMK-102,Stainless Steel French Press,5.0
2026-04-28,Home & Kitchen,SKU-HMK-103,Cold Brew Iced Coffee Pitcher,1.0
2026-04-28,Home & Kitchen,SKU-HMK-104,Electric Precision Milk Frother,7.0
2026-04-28,Home & Kitchen,SKU-HMK-105,Cast Iron Dutch Oven 5.5Qt,0.0
2026-04-28,Home & Kitchen,SKU-HMK-106,Smart WiFi Food Scale,2.0
2026-04-28,Home & Kitchen,SKU-HMK-107,Silicone Baking Mat Set,7.0
2026-04-28,Sports & Outdoors,SKU-SPO-401,Insulated Hydro Water Bottle 32oz,5.0
2026-04-28,Sports & Outdoors,SKU-SPO-402,Non-Slip High Density Yoga Mat,4.0
2026-04-28,Sports & Outdoors,SKU-SPO-403,Heavy-Duty Resistance Bands Set,2.0
2026-04-28,Sports & Outdoors,SKU-SPO-404,Ultralight Backpacking Tent 2-Person,0.0
2026-04-28,Sports & Outdoors,SKU-SPO-405,Compact Camping Hammock Portable,6.0
2026-04-29,Apparel,SKU-APP-201,Thermal Fleece Running Hoodie,8.0
2026-04-29,Apparel,SKU-APP-202,Moisture-Wicking Athletic Tee,1.0
2026-04-29,Apparel,SKU-APP-203,Heavyweight Arctic Winter Parka,1.0
2026-04-29,Apparel,SKU-APP-204,Seamless Workout Compression Leggings,10.0
2026-04-29,Apparel,SKU-APP-205,Formal Wool Blazer Tailored,0.0
2026-04-29,Apparel,SKU-APP-206,Organic Cotton Crewneck Sweatshirt,2.0
2026-04-29,Electronics,SKU-ELC-001,Wireless Noise-Canceling Headphones,7.0
2026-04-29,Electronics,SKU-ELC-002,Smart Fitness Watch V2,5.0
2026-04-29,Electronics,SKU-ELC-003,4K Ultra-HD Action Camera,1.0
2026-04-29,Electronics,SKU-ELC-004,USB-C Fast Charging Cable 2M,3.0
2026-04-29,Electronics,SKU-ELC-005,Vintage Stereo Turntable,0.0
2026-04-29,Electronics,SKU-ELC-006,Bluetooth Conference Speaker,2.0
2026-04-29,Electronics,SKU-ELC-007,Ergonomic Mechanical Keyboard,7.0
2026-04-29,Health & Personal Care,SKU-HPC-301,Sonic Electric Toothbrush Pro,4.0
2026-04-29,Health & Personal Care,SKU-HPC-302,Collagen Peptide Powder 500g,5.0
2026-04-29,Health & Personal Care,SKU-HPC-303,Infrared Shiatsu Neck Massager,0.0
2026-04-29,Health & Personal Care,SKU-HPC-304,Daily Multivitamin Gummies 120ct,13.0
2026-04-29,Health & Personal Care,SKU-HPC-305,Aromatherapy Ultrasonic Diffuser,1.0
2026-04-29,Home & Kitchen,SKU-HMK-101,Digital Air Fryer Oven 6Qt,13.0
2026-04-29,Home & Kitchen,SKU-HMK-102,Stainless Steel French Press,3.0
2026-04-29,Home & Kitchen,SKU-HMK-103,Cold Brew Iced Coffee Pitcher,0.0
2026-04-29,Home & Kitchen,SKU-HMK-104,Electric Precision Milk Frother,4.0
2026-04-29,Home & Kitchen,SKU-HMK-105,Cast Iron Dutch Oven 5.5Qt,0.0
2026-04-29,Home & Kitchen,SKU-HMK-106,Smart WiFi Food Scale,4.0
2026-04-29,Home & Kitchen,SKU-HMK-107,Silicone Baking Mat Set,7.0
2026-04-29,Sports & Outdoors,SKU-SPO-401,Insulated Hydro Water Bottle 32oz,6.0
2026-04-29,Sports & Outdoors,SKU-SPO-402,Non-Slip High Density Yoga Mat,8.0
2026-04-29,Sports & Outdoors,SKU-SPO-403,Heavy-Duty Resistance Bands Set,2.0
2026-04-29,Sports & Outdoors,SKU-SPO-404,Ultralight Backpacking Tent 2-Person,0.0
2026-04-29,Sports & Outdoors,SKU-SPO-405,Compact Camping Hammock Portable,6.0
2026-04-30,Apparel,SKU-APP-201,Thermal Fleece Running Hoodie,11.0
2026-04-30,Apparel,SKU-APP-202,Moisture-Wicking Athletic Tee,4.0
2026-04-30,Apparel,SKU-APP-203,Heavyweight Arctic Winter Parka,1.0
2026-04-30,Apparel,SKU-APP-204,Seamless Workout Compression Leggings,5.0
2026-04-30,Apparel,SKU-APP-205,Formal Wool Blazer Tailored,0.0
2026-04-30,Apparel,SKU-APP-206,Organic Cotton Crewneck Sweatshirt,1.0
2026-04-30,Electronics,SKU-ELC-001,Wireless Noise-Canceling Headphones,11.0
2026-04-30,Electronics,SKU-ELC-002,Smart Fitness Watch V2,4.0
2026-04-30,Electronics,SKU-ELC-003,4K Ultra-HD Action Camera,3.0
2026-04-30,Electronics,SKU-ELC-004,USB-C Fast Charging Cable 2M,8.0
2026-04-30,Electronics,SKU-ELC-005,Vintage Stereo Turntable,0.0
2026-04-30,Electronics,SKU-ELC-006,Bluetooth Conference Speaker,5.0
2026-04-30,Electronics,SKU-ELC-007,Ergonomic Mechanical Keyboard,2.0
2026-04-30,Health & Personal Care,SKU-HPC-301,Sonic Electric Toothbrush Pro,3.0
2026-04-30,Health & Personal Care,SKU-HPC-302,Collagen Peptide Powder 500g,3.0
2026-04-30,Health & Personal Care,SKU-HPC-303,Infrared Shiatsu Neck Massager,2.0
2026-04-30,Health & Personal Care,SKU-HPC-304,Daily Multivitamin Gummies 120ct,8.0
2026-04-30,Health & Personal Care,SKU-HPC-305,Aromatherapy Ultrasonic Diffuser,0.0
2026-04-30,Home & Kitchen,SKU-HMK-101,Digital Air Fryer Oven 6Qt,8.0
2026-04-30,Home & Kitchen,SKU-HMK-102,Stainless Steel French Press,6.0
2026-04-30,Home & Kitchen,SKU-HMK-103,Cold Brew Iced Coffee Pitcher,0.0
2026-04-30,Home & Kitchen,SKU-HMK-104,Electric Precision Milk Frother,12.0
2026-04-30,Home & Kitchen,SKU-HMK-105,Cast Iron Dutch Oven 5.5Qt,0.0
2026-04-30,Home & Kitchen,SKU-HMK-106,Smart WiFi Food Scale,0.0
2026-04-30,Home & Kitchen,SKU-HMK-107,Silicone Baking Mat Set,3.0
2026-04-30,Sports & Outdoors,SKU-SPO-401,Insulated Hydro Water Bottle 32oz,4.0
2026-04-30,Sports & Outdoors,SKU-SPO-402,Non-Slip High Density Yoga Mat,7.0
2026-04-30,Sports & Outdoors,SKU-SPO-403,Heavy-Duty Resistance Bands Set,2.0
2026-04-30,Sports & Outdoors,SKU-SPO-404,Ultralight Backpacking Tent 2-Person,0.0
2026-04-30,Sports & Outdoors,SKU-SPO-405,Compact Camping Hammock Portable,2.0
2026-05-01,Apparel,SKU-APP-201,Thermal Fleece Running Hoodie,12.0
2026-05-01,Apparel,SKU-APP-202,Moisture-Wicking Athletic Tee,2.0
2026-05-01,Apparel,SKU-APP-203,Heavyweight Arctic Winter Parka,4.0
2026-05-01,Apparel,SKU-APP-204,Seamless Workout Compression Leggings,9.0
2026-05-01,Apparel,SKU-APP-205,Formal Wool Blazer Tailored,0.0
2026-05-01,Apparel,SKU-APP-206,Organic Cotton Crewneck Sweatshirt,5.0
2026-05-01,Electronics,SKU-ELC-001,Wireless Noise-Canceling Headphones,10.0
2026-05-01,Electronics,SKU-ELC-002,Smart Fitness Watch V2,2.0
2026-05-01,Electronics,SKU-ELC-003,4K Ultra-HD Action Camera,0.0
2026-05-01,Electronics,SKU-ELC-004,USB-C Fast Charging Cable 2M,5.0
2026-05-01,Electronics,SKU-ELC-005,Vintage Stereo Turntable,0.0
2026-05-01,Electronics,SKU-ELC-006,Bluetooth Conference Speaker,0.0
2026-05-01,Electronics,SKU-ELC-007,Ergonomic Mechanical Keyboard,6.0
2026-05-01,Health & Personal Care,SKU-HPC-301,Sonic Electric Toothbrush Pro,3.0
2026-05-01,Health & Personal Care,SKU-HPC-302,Collagen Peptide Powder 500g,4.0
2026-05-01,Health & Personal Care,SKU-HPC-303,Infrared Shiatsu Neck Massager,3.0
2026-05-01,Health & Personal Care,SKU-HPC-304,Daily Multivitamin Gummies 120ct,7.0
2026-05-01,Health & Personal Care,SKU-HPC-305,Aromatherapy Ultrasonic Diffuser,0.0
2026-05-01,Home & Kitchen,SKU-HMK-101,Digital Air Fryer Oven 6Qt,11.0
2026-05-01,Home & Kitchen,SKU-HMK-102,Stainless Steel French Press,3.0
2026-05-01,Home & Kitchen,SKU-HMK-103,Cold Brew Iced Coffee Pitcher,2.0
2026-05-01,Home & Kitchen,SKU-HMK-104,Electric Precision Milk Frother,12.0
2026-05-01,Home & Kitchen,SKU-HMK-105,Cast Iron Dutch Oven 5.5Qt,0.0
2026-05-01,Home & Kitchen,SKU-HMK-106,Smart WiFi Food Scale,7.0
2026-05-01,Home & Kitchen,SKU-HMK-107,Silicone Baking Mat Set,5.0
2026-05-01,Sports & Outdoors,SKU-SPO-401,Insulated Hydro Water Bottle 32oz,4.0
2026-05-01,Sports & Outdoors,SKU-SPO-402,Non-Slip High Density Yoga Mat,0.0
2026-05-01,Sports & Outdoors,SKU-SPO-403,Heavy-Duty Resistance Bands Set,1.0
2026-05-01,Sports & Outdoors,SKU-SPO-404,Ultralight Backpacking Tent 2-Person,0.0
2026-05-01,Sports & Outdoors,SKU-SPO-405,Compact Camping Hammock Portable,6.0
2026-05-02,Apparel,SKU-APP-201,Thermal Fleece Running Hoodie,11.0
2026-05-02,Apparel,SKU-APP-202,Moisture-Wicking Athletic Tee,5.0
2026-05-02,Apparel,SKU-APP-203,Heavyweight Arctic Winter Parka,4.0
2026-05-02,Apparel,SKU-APP-204,Seamless Workout Compression Leggings,7.0
2026-05-02,Apparel,SKU-APP-205,Formal Wool Blazer Tailored,0.0
2026-05-02,Apparel,SKU-APP-206,Organic Cotton Crewneck Sweatshirt,3.0
2026-05-02,Electronics,SKU-ELC-001,Wireless Noise-Canceling Headphones,15.0
2026-05-02,Electronics,SKU-ELC-002,Smart Fitness Watch V2,5.0
2026-05-02,Electronics,SKU-ELC-003,4K Ultra-HD Action Camera,1.0
2026-05-02,Electronics,SKU-ELC-004,USB-C Fast Charging Cable 2M,15.0
2026-05-02,Electronics,SKU-ELC-005,Vintage Stereo Turntable,0.0
2026-05-02,Electronics,SKU-ELC-006,Bluetooth Conference Speaker,2.0
2026-05-02,Electronics,SKU-ELC-007,Ergonomic Mechanical Keyboard,8.0
2026-05-02,Health & Personal Care,SKU-HPC-301,Sonic Electric Toothbrush Pro,7.0
2026-05-02,Health & Personal Care,SKU-HPC-302,Collagen Peptide Powder 500g,3.0
2026-05-02,Health & Personal Care,SKU-HPC-303,Infrared Shiatsu Neck Massager,2.0
2026-05-02,Health & Personal Care,SKU-HPC-304,Daily Multivitamin Gummies 120ct,10.0
2026-05-02,Health & Personal Care,SKU-HPC-305,Aromatherapy Ultrasonic Diffuser,0.0
2026-05-02,Home & Kitchen,SKU-HMK-101,Digital Air Fryer Oven 6Qt,12.0
2026-05-02,Home & Kitchen,SKU-HMK-102,Stainless Steel French Press,7.0
2026-05-02,Home & Kitchen,SKU-HMK-103,Cold Brew Iced Coffee Pitcher,1.0
2026-05-02,Home & Kitchen,SKU-HMK-104,Electric Precision Milk Frother,9.0
2026-05-02,Home & Kitchen,SKU-HMK-105,Cast Iron Dutch Oven 5.5Qt,0.0
2026-05-02,Home & Kitchen,SKU-HMK-106,Smart WiFi Food Scale,5.0
2026-05-02,Home & Kitchen,SKU-HMK-107,Silicone Baking Mat Set,8.0
2026-05-02,Sports & Outdoors,SKU-SPO-401,Insulated Hydro Water Bottle 32oz,7.0
2026-05-02,Sports & Outdoors,SKU-SPO-402,Non-Slip High Density Yoga Mat,5.0
2026-05-02,Sports & Outdoors,SKU-SPO-403,Heavy-Duty Resistance Bands Set,5.0
2026-05-02,Sports & Outdoors,SKU-SPO-404,Ultralight Backpacking Tent 2-Person,0.0
2026-05-02,Sports & Outdoors,SKU-SPO-405,Compact Camping Hammock Portable,4.0
2026-05-03,Apparel,SKU-APP-201,Thermal Fleece Running Hoodie,16.0
2026-05-03,Apparel,SKU-APP-202,Moisture-Wicking Athletic Tee,6.0
2026-05-03,Apparel,SKU-APP-203,Heavyweight Arctic Winter Parka,2.0
2026-05-03,Apparel,SKU-APP-204,Seamless Workout Compression Leggings,11.0
2026-05-03,Apparel,SKU-APP-205,Formal Wool Blazer Tailored,0.0
2026-05-03,Apparel,SKU-APP-206,Organic Cotton Crewneck Sweatshirt,8.0
2026-05-03,Electronics,SKU-ELC-001,Wireless Noise-Canceling Headphones,11.0
2026-05-03,Electronics,SKU-ELC-002,Smart Fitness Watch V2,8.0
2026-05-03,Electronics,SKU-ELC-003,4K Ultra-HD Action Camera,2.0
2026-05-03,Electronics,SKU-ELC-004,USB-C Fast Charging Cable 2M,19.0
2026-05-03,Electronics,SKU-ELC-005,Vintage Stereo Turntable,1.0
2026-05-03,Electronics,SKU-ELC-006,Bluetooth Conference Speaker,4.0
2026-05-03,Electronics,SKU-ELC-007,Ergonomic Mechanical Keyboard,6.0
2026-05-03,Health & Personal Care,SKU-HPC-301,Sonic Electric Toothbrush Pro,8.0
2026-05-03,Health & Personal Care,SKU-HPC-302,Collagen Peptide Powder 500g,8.0
2026-05-03,Health & Personal Care,SKU-HPC-303,Infrared Shiatsu Neck Massager,1.0
2026-05-03,Health & Personal Care,SKU-HPC-304,Daily Multivitamin Gummies 120ct,10.0
2026-05-03,Health & Personal Care,SKU-HPC-305,Aromatherapy Ultrasonic Diffuser,1.0
2026-05-03,Home & Kitchen,SKU-HMK-101,Digital Air Fryer Oven 6Qt,10.0
2026-05-03,Home & Kitchen,SKU-HMK-102,Stainless Steel French Press,5.0
2026-05-03,Home & Kitchen,SKU-HMK-103,Cold Brew Iced Coffee Pitcher,5.0
2026-05-03,Home & Kitchen,SKU-HMK-104,Electric Precision Milk Frother,8.0
2026-05-03,Home & Kitchen,SKU-HMK-105,Cast Iron Dutch Oven 5.5Qt,0.0
2026-05-03,Home & Kitchen,SKU-HMK-106,Smart WiFi Food Scale,4.0
2026-05-03,Home & Kitchen,SKU-HMK-107,Silicone Baking Mat Set,6.0
2026-05-03,Sports & Outdoors,SKU-SPO-401,Insulated Hydro Water Bottle 32oz,5.0
2026-05-03,Sports & Outdoors,SKU-SPO-402,Non-Slip High Density Yoga Mat,3.0
2026-05-03,Sports & Outdoors,SKU-SPO-403,Heavy-Duty Resistance Bands Set,4.0
2026-05-03,Sports & Outdoors,SKU-SPO-404,Ultralight Backpacking Tent 2-Person,0.0
2026-05-03,Sports & Outdoors,SKU-SPO-405,Compact Camping Hammock Portable,7.0
2026-05-04,Apparel,SKU-APP-201,Thermal Fleece Running Hoodie,10.0
2026-05-04,Apparel,SKU-APP-202,Moisture-Wicking Athletic Tee,2.0
2026-05-04,Apparel,SKU-APP-203,Heavyweight Arctic Winter Parka,1.0
2026-05-04,Apparel,SKU-APP-204,Seamless Workout Compression Leggings,7.0
2026-05-04,Apparel,SKU-APP-205,Formal Wool Blazer Tailored,0.0
2026-05-04,Apparel,SKU-APP-206,Organic Cotton Crewneck Sweatshirt,7.0
2026-05-04,Electronics,SKU-ELC-001,Wireless Noise-Canceling Headphones,11.0
2026-05-04,Electronics,SKU-ELC-002,Smart Fitness Watch V2,1.0
2026-05-04,Electronics,SKU-ELC-003,4K Ultra-HD Action Camera,2.0
2026-05-04,Electronics,SKU-ELC-004,USB-C Fast Charging Cable 2M,11.0
2026-05-04,Electronics,SKU-ELC-005,Vintage Stereo Turntable,1.0
2026-05-04,Electronics,SKU-ELC-006,Bluetooth Conference Speaker,3.0
2026-05-04,Electronics,SKU-ELC-007,Ergonomic Mechanical Keyboard,4.0
2026-05-04,Health & Personal Care,SKU-HPC-301,Sonic Electric Toothbrush Pro,5.0
2026-05-04,Health & Personal Care,SKU-HPC-302,Collagen Peptide Powder 500g,6.0
2026-05-04,Health & Personal Care,SKU-HPC-303,Infrared Shiatsu Neck Massager,0.0
2026-05-04,Health & Personal Care,SKU-HPC-304,Daily Multivitamin Gummies 120ct,9.0
2026-05-04,Health & Personal Care,SKU-HPC-305,Aromatherapy Ultrasonic Diffuser,0.0
2026-05-04,Home & Kitchen,SKU-HMK-101,Digital Air Fryer Oven 6Qt,11.0
2026-05-04,Home & Kitchen,SKU-HMK-102,Stainless Steel French Press,4.0
2026-05-04,Home & Kitchen,SKU-HMK-103,Cold Brew Iced Coffee Pitcher,3.0
2026-05-04,Home & Kitchen,SKU-HMK-104,Electric Precision Milk Frother,8.0
2026-05-04,Home & Kitchen,SKU-HMK-105,Cast Iron Dutch Oven 5.5Qt,0.0
2026-05-04,Home & Kitchen,SKU-HMK-106,Smart WiFi Food Scale,8.0
2026-05-04,Home & Kitchen,SKU-HMK-107,Silicone Baking Mat Set,2.0
2026-05-04,Sports & Outdoors,SKU-SPO-401,Insulated Hydro Water Bottle 32oz,7.0
2026-05-04,Sports & Outdoors,SKU-SPO-402,Non-Slip High Density Yoga Mat,2.0
2026-05-04,Sports & Outdoors,SKU-SPO-403,Heavy-Duty Resistance Bands Set,4.0
2026-05-04,Sports & Outdoors,SKU-SPO-404,Ultralight Backpacking Tent 2-Person,0.0
2026-05-04,Sports & Outdoors,SKU-SPO-405,Compact Camping Hammock Portable,2.0
2026-05-05,Apparel,SKU-APP-201,Thermal Fleece Running Hoodie,9.0
2026-05-05,Apparel,SKU-APP-202,Moisture-Wicking Athletic Tee,1.0
2026-05-05,Apparel,SKU-APP-203,Heavyweight Arctic Winter Parka,1.0
2026-05-05,Apparel,SKU-APP-204,Seamless Workout Compression Leggings,9.0
2026-05-05,Apparel,SKU-APP-205,Formal Wool Blazer Tailored,0.0
2026-05-05,Apparel,SKU-APP-206,Organic Cotton Crewneck Sweatshirt,4.0
2026-05-05,Electronics,SKU-ELC-001,Wireless Noise-Canceling Headphones,12.0
2026-05-05,Electronics,SKU-ELC-002,Smart Fitness Watch V2,5.0
2026-05-05,Electronics,SKU-ELC-003,4K Ultra-HD Action Camera,1.0
2026-05-05,Electronics,SKU-ELC-004,USB-C Fast Charging Cable 2M,13.0
2026-05-05,Electronics,SKU-ELC-005,Vintage Stereo Turntable,0.0
2026-05-05,Electronics,SKU-ELC-006,Bluetooth Conference Speaker,3.0
2026-05-05,Electronics,SKU-ELC-007,Ergonomic Mechanical Keyboard,4.0
2026-05-05,Health & Personal Care,SKU-HPC-301,Sonic Electric Toothbrush Pro,3.0
2026-05-05,Health & Personal Care,SKU-HPC-302,Collagen Peptide Powder 500g,6.0
2026-05-05,Health & Personal Care,SKU-HPC-303,Infrared Shiatsu Neck Massager,1.0
2026-05-05,Health & Personal Care,SKU-HPC-304,Daily Multivitamin Gummies 120ct,7.0
2026-05-05,Health & Personal Care,SKU-HPC-305,Aromatherapy Ultrasonic Diffuser,0.0
2026-05-05,Home & Kitchen,SKU-HMK-101,Digital Air Fryer Oven 6Qt,10.0
2026-05-05,Home & Kitchen,SKU-HMK-102,Stainless Steel French Press,4.0
2026-05-05,Home & Kitchen,SKU-HMK-103,Cold Brew Iced Coffee Pitcher,1.0
2026-05-05,Home & Kitchen,SKU-HMK-104,Electric Precision Milk Frother,6.0
2026-05-05,Home & Kitchen,SKU-HMK-105,Cast Iron Dutch Oven 5.5Qt,1.0
2026-05-05,Home & Kitchen,SKU-HMK-106,Smart WiFi Food Scale,2.0
2026-05-05,Home & Kitchen,SKU-HMK-107,Silicone Baking Mat Set,9.0
2026-05-05,Sports & Outdoors,SKU-SPO-401,Insulated Hydro Water Bottle 32oz,2.0
2026-05-05,Sports & Outdoors,SKU-SPO-402,Non-Slip High Density Yoga Mat,2.0
2026-05-05,Sports & Outdoors,SKU-SPO-403,Heavy-Duty Resistance Bands Set,1.0
2026-05-05,Sports & Outdoors,SKU-SPO-404,Ultralight Backpacking Tent 2-Person,0.0
2026-05-05,Sports & Outdoors,SKU-SPO-405,Compact Camping Hammock Portable,6.0
2026-05-06,Apparel,SKU-APP-201,Thermal Fleece Running Hoodie,9.0
2026-05-06,Apparel,SKU-APP-202,Moisture-Wicking Athletic Tee,7.0
2026-05-06,Apparel,SKU-APP-203,Heavyweight Arctic Winter Parka,6.0
2026-05-06,Apparel,SKU-APP-204,Seamless Workout Compression Leggings,10.0
2026-05-06,Apparel,SKU-APP-205,Formal Wool Blazer Tailored,0.0
2026-05-06,Apparel,SKU-APP-206,Organic Cotton Crewneck Sweatshirt,1.0
2026-05-06,Electronics,SKU-ELC-001,Wireless Noise-Canceling Headphones,17.0
2026-05-06,Electronics,SKU-ELC-002,Smart Fitness Watch V2,6.0
2026-05-06,Electronics,SKU-ELC-003,4K Ultra-HD Action Camera,1.0
2026-05-06,Electronics,SKU-ELC-004,USB-C Fast Charging Cable 2M,4.0
2026-05-06,Electronics,SKU-ELC-005,Vintage Stereo Turntable,0.0
2026-05-06,Electronics,SKU-ELC-006,Bluetooth Conference Speaker,2.0
2026-05-06,Electronics,SKU-ELC-007,Ergonomic Mechanical Keyboard,3.0
2026-05-06,Health & Personal Care,SKU-HPC-301,Sonic Electric Toothbrush Pro,5.0
2026-05-06,Health & Personal Care,SKU-HPC-302,Collagen Peptide Powder 500g,3.0
2026-05-06,Health & Personal Care,SKU-HPC-303,Infrared Shiatsu Neck Massager,2.0
2026-05-06,Health & Personal Care,SKU-HPC-304,Daily Multivitamin Gummies 120ct,8.0
2026-05-06,Health & Personal Care,SKU-HPC-305,Aromatherapy Ultrasonic Diffuser,0.0
2026-05-06,Home & Kitchen,SKU-HMK-101,Digital Air Fryer Oven 6Qt,7.0
2026-05-06,Home & Kitchen,SKU-HMK-102,Stainless Steel French Press,4.0
2026-05-06,Home & Kitchen,SKU-HMK-103,Cold Brew Iced Coffee Pitcher,2.0
2026-05-06,Home & Kitchen,SKU-HMK-104,Electric Precision Milk Frother,6.0
2026-05-06,Home & Kitchen,SKU-HMK-105,Cast Iron Dutch Oven 5.5Qt,0.0
2026-05-06,Home & Kitchen,SKU-HMK-106,Smart WiFi Food Scale,5.0
2026-05-06,Home & Kitchen,SKU-HMK-107,Silicone Baking Mat Set,8.0
2026-05-06,Sports & Outdoors,SKU-SPO-401,Insulated Hydro Water Bottle 32oz,3.0
2026-05-06,Sports & Outdoors,SKU-SPO-402,Non-Slip High Density Yoga Mat,7.0
2026-05-06,Sports & Outdoors,SKU-SPO-403,Heavy-Duty Resistance Bands Set,1.0
2026-05-06,Sports & Outdoors,SKU-SPO-404,Ultralight Backpacking Tent 2-Person,0.0
2026-05-06,Sports & Outdoors,SKU-SPO-405,Compact Camping Hammock Portable,5.0
2026-05-07,Apparel,SKU-APP-201,Thermal Fleece Running Hoodie,8.0
2026-05-07,Apparel,SKU-APP-202,Moisture-Wicking Athletic Tee,2.0
2026-05-07,Apparel,SKU-APP-203,Heavyweight Arctic Winter Parka,4.0
2026-05-07,Apparel,SKU-APP-204,Seamless Workout Compression Leggings,10.0
2026-05-07,Apparel,SKU-APP-205,Formal Wool Blazer Tailored,0.0
2026-05-07,Apparel,SKU-APP-206,Organic Cotton Crewneck Sweatshirt,4.0
2026-05-07,Electronics,SKU-ELC-001,Wireless Noise-Canceling Headphones,10.0
2026-05-07,Electronics,SKU-ELC-002,Smart Fitness Watch V2,0.0
2026-05-07,Electronics,SKU-ELC-003,4K Ultra-HD Action Camera,0.0
2026-05-07,Electronics,SKU-ELC-004,USB-C Fast Charging Cable 2M,8.0
2026-05-07,Electronics,SKU-ELC-005,Vintage Stereo Turntable,0.0
2026-05-07,Electronics,SKU-ELC-006,Bluetooth Conference Speaker,4.0
2026-05-07,Electronics,SKU-ELC-007,Ergonomic Mechanical Keyboard,2.0
2026-05-07,Health & Personal Care,SKU-HPC-301,Sonic Electric Toothbrush Pro,7.0
2026-05-07,Health & Personal Care,SKU-HPC-302,Collagen Peptide Powder 500g,2.0
2026-05-07,Health & Personal Care,SKU-HPC-303,Infrared Shiatsu Neck Massager,2.0
2026-05-07,Health & Personal Care,SKU-HPC-304,Daily Multivitamin Gummies 120ct,4.0
2026-05-07,Health & Personal Care,SKU-HPC-305,Aromatherapy Ultrasonic Diffuser,0.0
2026-05-07,Home & Kitchen,SKU-HMK-101,Digital Air Fryer Oven 6Qt,13.0
2026-05-07,Home & Kitchen,SKU-HMK-102,Stainless Steel French Press,4.0
2026-05-07,Home & Kitchen,SKU-HMK-103,Cold Brew Iced Coffee Pitcher,1.0
2026-05-07,Home & Kitchen,SKU-HMK-104,Electric Precision Milk Frother,4.0
2026-05-07,Home & Kitchen,SKU-HMK-105,Cast Iron Dutch Oven 5.5Qt,0.0
2026-05-07,Home & Kitchen,SKU-HMK-106,Smart WiFi Food Scale,4.0
2026-05-07,Home & Kitchen,SKU-HMK-107,Silicone Baking Mat Set,4.0
2026-05-07,Sports & Outdoors,SKU-SPO-401,Insulated Hydro Water Bottle 32oz,4.0
2026-05-07,Sports & Outdoors,SKU-SPO-402,Non-Slip High Density Yoga Mat,2.0
2026-05-07,Sports & Outdoors,SKU-SPO-403,Heavy-Duty Resistance Bands Set,2.0
2026-05-07,Sports & Outdoors,SKU-SPO-404,Ultralight Backpacking Tent 2-Person,0.0
2026-05-07,Sports & Outdoors,SKU-SPO-405,Compact Camping Hammock Portable,4.0
2026-05-08,Apparel,SKU-APP-201,Thermal Fleece Running Hoodie,8.0
2026-05-08,Apparel,SKU-APP-202,Moisture-Wicking Athletic Tee,4.0
2026-05-08,Apparel,SKU-APP-203,Heavyweight Arctic Winter Parka,2.0
2026-05-08,Apparel,SKU-APP-204,Seamless Workout Compression Leggings,9.0
2026-05-08,Apparel,SKU-APP-205,Formal Wool Blazer Tailored,0.0
2026-05-08,Apparel,SKU-APP-206,Organic Cotton Crewneck Sweatshirt,2.0
2026-05-08,Electronics,SKU-ELC-001,Wireless Noise-Canceling Headphones,6.0
2026-05-08,Electronics,SKU-ELC-002,Smart Fitness Watch V2,4.0
2026-05-08,Electronics,SKU-ELC-003,4K Ultra-HD Action Camera,1.0
2026-05-08,Electronics,SKU-ELC-004,USB-C Fast Charging Cable 2M,5.0
2026-05-08,Electronics,SKU-ELC-005,Vintage Stereo Turntable,0.0
2026-05-08,Electronics,SKU-ELC-006,Bluetooth Conference Speaker,8.0
2026-05-08,Electronics,SKU-ELC-007,Ergonomic Mechanical Keyboard,6.0
2026-05-08,Health & Personal Care,SKU-HPC-301,Sonic Electric Toothbrush Pro,4.0
2026-05-08,Health & Personal Care,SKU-HPC-302,Collagen Peptide Powder 500g,1.0
2026-05-08,Health & Personal Care,SKU-HPC-303,Infrared Shiatsu Neck Massager,1.0
2026-05-08,Health & Personal Care,SKU-HPC-304,Daily Multivitamin Gummies 120ct,11.0
2026-05-08,Health & Personal Care,SKU-HPC-305,Aromatherapy Ultrasonic Diffuser,0.0
2026-05-08,Home & Kitchen,SKU-HMK-101,Digital Air Fryer Oven 6Qt,8.0
2026-05-08,Home & Kitchen,SKU-HMK-102,Stainless Steel French Press,4.0
2026-05-08,Home & Kitchen,SKU-HMK-103,Cold Brew Iced Coffee Pitcher,2.0
2026-05-08,Home & Kitchen,SKU-HMK-104,Electric Precision Milk Frother,7.0
2026-05-08,Home & Kitchen,SKU-HMK-105,Cast Iron Dutch Oven 5.5Qt,0.0
2026-05-08,Home & Kitchen,SKU-HMK-106,Smart WiFi Food Scale,2.0
2026-05-08,Home & Kitchen,SKU-HMK-107,Silicone Baking Mat Set,3.0
2026-05-08,Sports & Outdoors,SKU-SPO-401,Insulated Hydro Water Bottle 32oz,2.0
2026-05-08,Sports & Outdoors,SKU-SPO-402,Non-Slip High Density Yoga Mat,2.0
2026-05-08,Sports & Outdoors,SKU-SPO-403,Heavy-Duty Resistance Bands Set,2.0
2026-05-08,Sports & Outdoors,SKU-SPO-404,Ultralight Backpacking Tent 2-Person,0.0
2026-05-08,Sports & Outdoors,SKU-SPO-405,Compact Camping Hammock Portable,1.0
2026-05-09,Apparel,SKU-APP-201,Thermal Fleece Running Hoodie,9.0
2026-05-09,Apparel,SKU-APP-202,Moisture-Wicking Athletic Tee,0.0
2026-05-09,Apparel,SKU-APP-203,Heavyweight Arctic Winter Parka,1.0
2026-05-09,Apparel,SKU-APP-204,Seamless Workout Compression Leggings,11.0
2026-05-09,Apparel,SKU-APP-205,Formal Wool Blazer Tailored,0.0
2026-05-09,Apparel,SKU-APP-206,Organic Cotton Crewneck Sweatshirt,7.0
2026-05-09,Electronics,SKU-ELC-001,Wireless Noise-Canceling Headphones,14.0
2026-05-09,Electronics,SKU-ELC-002,Smart Fitness Watch V2,3.0
2026-05-09,Electronics,SKU-ELC-003,4K Ultra-HD Action Camera,2.0
2026-05-09,Electronics,SKU-ELC-004,USB-C Fast Charging Cable 2M,10.0
2026-05-09,Electronics,SKU-ELC-005,Vintage Stereo Turntable,0.0
2026-05-09,Electronics,SKU-ELC-006,Bluetooth Conference Speaker,5.0
2026-05-09,Electronics,SKU-ELC-007,Ergonomic Mechanical Keyboard,9.0
2026-05-09,Health & Personal Care,SKU-HPC-301,Sonic Electric Toothbrush Pro,3.0
2026-05-09,Health & Personal Care,SKU-HPC-302,Collagen Peptide Powder 500g,3.0
2026-05-09,Health & Personal Care,SKU-HPC-303,Infrared Shiatsu Neck Massager,4.0
2026-05-09,Health & Personal Care,SKU-HPC-304,Daily Multivitamin Gummies 120ct,6.0
2026-05-09,Health & Personal Care,SKU-HPC-305,Aromatherapy Ultrasonic Diffuser,0.0
2026-05-09,Home & Kitchen,SKU-HMK-101,Digital Air Fryer Oven 6Qt,9.0
2026-05-09,Home & Kitchen,SKU-HMK-102,Stainless Steel French Press,7.0
2026-05-09,Home & Kitchen,SKU-HMK-103,Cold Brew Iced Coffee Pitcher,1.0
2026-05-09,Home & Kitchen,SKU-HMK-104,Electric Precision Milk Frother,11.0
2026-05-09,Home & Kitchen,SKU-HMK-105,Cast Iron Dutch Oven 5.5Qt,0.0
2026-05-09,Home & Kitchen,SKU-HMK-106,Smart WiFi Food Scale,6.0
2026-05-09,Home & Kitchen,SKU-HMK-107,Silicone Baking Mat Set,10.0
2026-05-09,Sports & Outdoors,SKU-SPO-401,Insulated Hydro Water Bottle 32oz,3.0
2026-05-09,Sports & Outdoors,SKU-SPO-402,Non-Slip High Density Yoga Mat,3.0
2026-05-09,Sports & Outdoors,SKU-SPO-403,Heavy-Duty Resistance Bands Set,1.0
2026-05-09,Sports & Outdoors,SKU-SPO-404,Ultralight Backpacking Tent 2-Person,0.0
2026-05-09,Sports & Outdoors,SKU-SPO-405,Compact Camping Hammock Portable,3.0
2026-05-10,Apparel,SKU-APP-201,Thermal Fleece Running Hoodie,10.0
2026-05-10,Apparel,SKU-APP-202,Moisture-Wicking Athletic Tee,7.0
2026-05-10,Apparel,SKU-APP-203,Heavyweight Arctic Winter Parka,2.0
2026-05-10,Apparel,SKU-APP-204,Seamless Workout Compression Leggings,21.0
2026-05-10,Apparel,SKU-APP-205,Formal Wool Blazer Tailored,0.0
2026-05-10,Apparel,SKU-APP-206,Organic Cotton Crewneck Sweatshirt,7.0
2026-05-10,Electronics,SKU-ELC-001,Wireless Noise-Canceling Headphones,13.0
2026-05-10,Electronics,SKU-ELC-002,Smart Fitness Watch V2,3.0
2026-05-10,Electronics,SKU-ELC-003,4K Ultra-HD Action Camera,1.0
2026-05-10,Electronics,SKU-ELC-004,USB-C Fast Charging Cable 2M,14.0
2026-05-10,Electronics,SKU-ELC-005,Vintage Stereo Turntable,0.0
2026-05-10,Electronics,SKU-ELC-006,Bluetooth Conference Speaker,5.0
2026-05-10,Electronics,SKU-ELC-007,Ergonomic Mechanical Keyboard,7.0
2026-05-10,Health & Personal Care,SKU-HPC-301,Sonic Electric Toothbrush Pro,9.0
2026-05-10,Health & Personal Care,SKU-HPC-302,Collagen Peptide Powder 500g,5.0
2026-05-10,Health & Personal Care,SKU-HPC-303,Infrared Shiatsu Neck Massager,1.0
2026-05-10,Health & Personal Care,SKU-HPC-304,Daily Multivitamin Gummies 120ct,6.0
2026-05-10,Health & Personal Care,SKU-HPC-305,Aromatherapy Ultrasonic Diffuser,1.0
2026-05-10,Home & Kitchen,SKU-HMK-101,Digital Air Fryer Oven 6Qt,21.0
2026-05-10,Home & Kitchen,SKU-HMK-102,Stainless Steel French Press,3.0
2026-05-10,Home & Kitchen,SKU-HMK-103,Cold Brew Iced Coffee Pitcher,5.0
2026-05-10,Home & Kitchen,SKU-HMK-104,Electric Precision Milk Frother,14.0
2026-05-10,Home & Kitchen,SKU-HMK-105,Cast Iron Dutch Oven 5.5Qt,0.0
2026-05-10,Home & Kitchen,SKU-HMK-106,Smart WiFi Food Scale,6.0
2026-05-10,Home & Kitchen,SKU-HMK-107,Silicone Baking Mat Set,4.0
2026-05-10,Sports & Outdoors,SKU-SPO-401,Insulated Hydro Water Bottle 32oz,6.0
2026-05-10,Sports & Outdoors,SKU-SPO-402,Non-Slip High Density Yoga Mat,3.0
2026-05-10,Sports & Outdoors,SKU-SPO-403,Heavy-Duty Resistance Bands Set,7.0
2026-05-10,Sports & Outdoors,SKU-SPO-404,Ultralight Backpacking Tent 2-Person,0.0
2026-05-10,Sports & Outdoors,SKU-SPO-405,Compact Camping Hammock Portable,8.0
2026-05-11,Apparel,SKU-APP-201,Thermal Fleece Running Hoodie,11.0
2026-05-11,Apparel,SKU-APP-202,Moisture-Wicking Athletic Tee,3.0
2026-05-11,Apparel,SKU-APP-203,Heavyweight Arctic Winter Parka,2.0
2026-05-11,Apparel,SKU-APP-204,Seamless Workout Compression Leggings,7.0
2026-05-11,Apparel,SKU-APP-205,Formal Wool Blazer Tailored,0.0
2026-05-11,Apparel,SKU-APP-206,Organic Cotton Crewneck Sweatshirt,5.0
2026-05-11,Electronics,SKU-ELC-001,Wireless Noise-Canceling Headphones,14.0
2026-05-11,Electronics,SKU-ELC-002,Smart Fitness Watch V2,3.0
2026-05-11,Electronics,SKU-ELC-003,4K Ultra-HD Action Camera,4.0
2026-05-11,Electronics,SKU-ELC-004,USB-C Fast Charging Cable 2M,12.0
2026-05-11,Electronics,SKU-ELC-005,Vintage Stereo Turntable,1.0
2026-05-11,Electronics,SKU-ELC-006,Bluetooth Conference Speaker,4.0
2026-05-11,Electronics,SKU-ELC-007,Ergonomic Mechanical Keyboard,7.0
2026-05-11,Health & Personal Care,SKU-HPC-301,Sonic Electric Toothbrush Pro,8.0
2026-05-11,Health & Personal Care,SKU-HPC-302,Collagen Peptide Powder 500g,7.0
2026-05-11,Health & Personal Care,SKU-HPC-303,Infrared Shiatsu Neck Massager,1.0
2026-05-11,Health & Personal Care,SKU-HPC-304,Daily Multivitamin Gummies 120ct,6.0
2026-05-11,Health & Personal Care,SKU-HPC-305,Aromatherapy Ultrasonic Diffuser,0.0
2026-05-11,Home & Kitchen,SKU-HMK-101,Digital Air Fryer Oven 6Qt,9.0
2026-05-11,Home & Kitchen,SKU-HMK-102,Stainless Steel French Press,3.0
2026-05-11,Home & Kitchen,SKU-HMK-103,Cold Brew Iced Coffee Pitcher,1.0
2026-05-11,Home & Kitchen,SKU-HMK-104,Electric Precision Milk Frother,7.0
2026-05-11,Home & Kitchen,SKU-HMK-105,Cast Iron Dutch Oven 5.5Qt,1.0
2026-05-11,Home & Kitchen,SKU-HMK-106,Smart WiFi Food Scale,2.0
2026-05-11,Home & Kitchen,SKU-HMK-107,Silicone Baking Mat Set,5.0
2026-05-11,Sports & Outdoors,SKU-SPO-401,Insulated Hydro Water Bottle 32oz,8.0
2026-05-11,Sports & Outdoors,SKU-SPO-402,Non-Slip High Density Yoga Mat,3.0
2026-05-11,Sports & Outdoors,SKU-SPO-403,Heavy-Duty Resistance Bands Set,2.0
2026-05-11,Sports & Outdoors,SKU-SPO-404,Ultralight Backpacking Tent 2-Person,0.0
2026-05-11,Sports & Outdoors,SKU-SPO-405,Compact Camping Hammock Portable,3.0
2026-05-12,Apparel,SKU-APP-201,Thermal Fleece Running Hoodie,4.0
2026-05-12,Apparel,SKU-APP-202,Moisture-Wicking Athletic Tee,1.0
2026-05-12,Apparel,SKU-APP-203,Heavyweight Arctic Winter Parka,1.0
2026-05-12,Apparel,SKU-APP-204,Seamless Workout Compression Leggings,2.0
2026-05-12,Apparel,SKU-APP-205,Formal Wool Blazer Tailored,0.0
2026-05-12,Apparel,SKU-APP-206,Organic Cotton Crewneck Sweatshirt,3.0
2026-05-12,Electronics,SKU-ELC-001,Wireless Noise-Canceling Headphones,5.0
2026-05-12,Electronics,SKU-ELC-002,Smart Fitness Watch V2,1.0
2026-05-12,Electronics,SKU-ELC-003,4K Ultra-HD Action Camera,1.0
2026-05-12,Electronics,SKU-ELC-004,USB-C Fast Charging Cable 2M,5.0
2026-05-12,Electronics,SKU-ELC-005,Vintage Stereo Turntable,0.0
2026-05-12,Electronics,SKU-ELC-006,Bluetooth Conference Speaker,3.0
2026-05-12,Electronics,SKU-ELC-007,Ergonomic Mechanical Keyboard,5.0
2026-05-12,Health & Personal Care,SKU-HPC-301,Sonic Electric Toothbrush Pro,4.0
2026-05-12,Health & Personal Care,SKU-HPC-302,Collagen Peptide Powder 500g,2.0
2026-05-12,Health & Personal Care,SKU-HPC-303,Infrared Shiatsu Neck Massager,3.0
2026-05-12,Health & Personal Care,SKU-HPC-304,Daily Multivitamin Gummies 120ct,7.0
2026-05-12,Health & Personal Care,SKU-HPC-305,Aromatherapy Ultrasonic Diffuser,0.0
2026-05-12,Home & Kitchen,SKU-HMK-101,Digital Air Fryer Oven 6Qt,5.0
2026-05-12,Home & Kitchen,SKU-HMK-102,Stainless Steel French Press,2.0
2026-05-12,Home & Kitchen,SKU-HMK-103,Cold Brew Iced Coffee Pitcher,4.0
2026-05-12,Home & Kitchen,SKU-HMK-104,Electric Precision Milk Frother,10.0
2026-05-12,Home & Kitchen,SKU-HMK-105,Cast Iron Dutch Oven 5.5Qt,0.0
2026-05-12,Home & Kitchen,SKU-HMK-106,Smart WiFi Food Scale,1.0
2026-05-12,Home & Kitchen,SKU-HMK-107,Silicone Baking Mat Set,4.0
2026-05-12,Sports & Outdoors,SKU-SPO-401,Insulated Hydro Water Bottle 32oz,4.0
2026-05-12,Sports & Outdoors,SKU-SPO-402,Non-Slip High Density Yoga Mat,2.0
2026-05-12,Sports & Outdoors,SKU-SPO-403,Heavy-Duty Resistance Bands Set,0.0
2026-05-12,Sports & Outdoors,SKU-SPO-404,Ultralight Backpacking Tent 2-Person,0.0
2026-05-12,Sports & Outdoors,SKU-SPO-405,Compact Camping Hammock Portable,7.0
2026-05-13,Apparel,SKU-APP-201,Thermal Fleece Running Hoodie,3.0
2026-05-13,Apparel,SKU-APP-202,Moisture-Wicking Athletic Tee,4.0
2026-05-13,Apparel,SKU-APP-203,Heavyweight Arctic Winter Parka,0.0
2026-05-13,Apparel,SKU-APP-204,Seamless Workout Compression Leggings,9.0
2026-05-13,Apparel,SKU-APP-205,Formal Wool Blazer Tailored,0.0
2026-05-13,Apparel,SKU-APP-206,Organic Cotton Crewneck Sweatshirt,3.0
2026-05-13,Electronics,SKU-ELC-001,Wireless Noise-Canceling Headphones,9.0
2026-05-13,Electronics,SKU-ELC-002,Smart Fitness Watch V2,6.0
2026-05-13,Electronics,SKU-ELC-003,4K Ultra-HD Action Camera,2.0
2026-05-13,Electronics,SKU-ELC-004,USB-C Fast Charging Cable 2M,10.0
2026-05-13,Electronics,SKU-ELC-005,Vintage Stereo Turntable,0.0
2026-05-13,Electronics,SKU-ELC-006,Bluetooth Conference Speaker,0.0
2026-05-13,Electronics,SKU-ELC-007,Ergonomic Mechanical Keyboard,6.0
2026-05-13,Health & Personal Care,SKU-HPC-301,Sonic Electric Toothbrush Pro,5.0
2026-05-13,Health & Personal Care,SKU-HPC-302,Collagen Peptide Powder 500g,5.0
2026-05-13,Health & Personal Care,SKU-HPC-303,Infrared Shiatsu Neck Massager,6.0
2026-05-13,Health & Personal Care,SKU-HPC-304,Daily Multivitamin Gummies 120ct,9.0
2026-05-13,Health & Personal Care,SKU-HPC-305,Aromatherapy Ultrasonic Diffuser,0.0
2026-05-13,Home & Kitchen,SKU-HMK-101,Digital Air Fryer Oven 6Qt,15.0
2026-05-13,Home & Kitchen,SKU-HMK-102,Stainless Steel French Press,3.0
2026-05-13,Home & Kitchen,SKU-HMK-103,Cold Brew Iced Coffee Pitcher,0.0
2026-05-13,Home & Kitchen,SKU-HMK-104,Electric Precision Milk Frother,6.0
2026-05-13,Home & Kitchen,SKU-HMK-105,Cast Iron Dutch Oven 5.5Qt,0.0
2026-05-13,Home & Kitchen,SKU-HMK-106,Smart WiFi Food Scale,2.0
2026-05-13,Home & Kitchen,SKU-HMK-107,Silicone Baking Mat Set,7.0
2026-05-13,Sports & Outdoors,SKU-SPO-401,Insulated Hydro Water Bottle 32oz,6.0
2026-05-13,Sports & Outdoors,SKU-SPO-402,Non-Slip High Density Yoga Mat,6.0
2026-05-13,Sports & Outdoors,SKU-SPO-403,Heavy-Duty Resistance Bands Set,1.0
2026-05-13,Sports & Outdoors,SKU-SPO-404,Ultralight Backpacking Tent 2-Person,1.0
2026-05-13,Sports & Outdoors,SKU-SPO-405,Compact Camping Hammock Portable,4.0
2026-05-14,Apparel,SKU-APP-201,Thermal Fleece Running Hoodie,8.0
2026-05-14,Apparel,SKU-APP-202,Moisture-Wicking Athletic Tee,5.0
2026-05-14,Apparel,SKU-APP-203,Heavyweight Arctic Winter Parka,0.0
2026-05-14,Apparel,SKU-APP-204,Seamless Workout Compression Leggings,9.0
2026-05-14,Apparel,SKU-APP-205,Formal Wool Blazer Tailored,0.0
2026-05-14,Apparel,SKU-APP-206,Organic Cotton Crewneck Sweatshirt,5.0
2026-05-14,Electronics,SKU-ELC-001,Wireless Noise-Canceling Headphones,5.0
2026-05-14,Electronics,SKU-ELC-002,Smart Fitness Watch V2,2.0
2026-05-14,Electronics,SKU-ELC-003,4K Ultra-HD Action Camera,1.0
2026-05-14,Electronics,SKU-ELC-004,USB-C Fast Charging Cable 2M,12.0
2026-05-14,Electronics,SKU-ELC-005,Vintage Stereo Turntable,0.0
2026-05-14,Electronics,SKU-ELC-006,Bluetooth Conference Speaker,3.0
2026-05-14,Electronics,SKU-ELC-007,Ergonomic Mechanical Keyboard,3.0
2026-05-14,Health & Personal Care,SKU-HPC-301,Sonic Electric Toothbrush Pro,3.0
2026-05-14,Health & Personal Care,SKU-HPC-302,Collagen Peptide Powder 500g,4.0
2026-05-14,Health & Personal Care,SKU-HPC-303,Infrared Shiatsu Neck Massager,4.0
2026-05-14,Health & Personal Care,SKU-HPC-304,Daily Multivitamin Gummies 120ct,13.0
2026-05-14,Health & Personal Care,SKU-HPC-305,Aromatherapy Ultrasonic Diffuser,0.0
2026-05-14,Home & Kitchen,SKU-HMK-101,Digital Air Fryer Oven 6Qt,6.0
2026-05-14,Home & Kitchen,SKU-HMK-102,Stainless Steel French Press,5.0
2026-05-14,Home & Kitchen,SKU-HMK-103,Cold Brew Iced Coffee Pitcher,2.0
2026-05-14,Home & Kitchen,SKU-HMK-104,Electric Precision Milk Frother,7.0
2026-05-14,Home & Kitchen,SKU-HMK-105,Cast Iron Dutch Oven 5.5Qt,0.0
2026-05-14,Home & Kitchen,SKU-HMK-106,Smart WiFi Food Scale,1.0
2026-05-14,Home & Kitchen,SKU-HMK-107,Silicone Baking Mat Set,6.0
2026-05-14,Sports & Outdoors,SKU-SPO-401,Insulated Hydro Water Bottle 32oz,5.0
2026-05-14,Sports & Outdoors,SKU-SPO-402,Non-Slip High Density Yoga Mat,5.0
2026-05-14,Sports & Outdoors,SKU-SPO-403,Heavy-Duty Resistance Bands Set,3.0
2026-05-14,Sports & Outdoors,SKU-SPO-404,Ultralight Backpacking Tent 2-Person,0.0
2026-05-14,Sports & Outdoors,SKU-SPO-405,Compact Camping Hammock Portable,5.0
2026-05-15,Apparel,SKU-APP-201,Thermal Fleece Running Hoodie,8.0
2026-05-15,Apparel,SKU-APP-202,Moisture-Wicking Athletic Tee,2.0
2026-05-15,Apparel,SKU-APP-203,Heavyweight Arctic Winter Parka,1.0
2026-05-15,Apparel,SKU-APP-204,Seamless Workout Compression Leggings,13.0
2026-05-15,Apparel,SKU-APP-205,Formal Wool Blazer Tailored,0.0
2026-05-15,Apparel,SKU-APP-206,Organic Cotton Crewneck Sweatshirt,5.0
2026-05-15,Electronics,SKU-ELC-001,Wireless Noise-Canceling Headphones,7.0
2026-05-15,Electronics,SKU-ELC-002,Smart Fitness Watch V2,4.0
2026-05-15,Electronics,SKU-ELC-003,4K Ultra-HD Action Camera,3.0
2026-05-15,Electronics,SKU-ELC-004,USB-C Fast Charging Cable 2M,7.0
2026-05-15,Electronics,SKU-ELC-005,Vintage Stereo Turntable,0.0
2026-05-15,Electronics,SKU-ELC-006,Bluetooth Conference Speaker,5.0
2026-05-15,Electronics,SKU-ELC-007,Ergonomic Mechanical Keyboard,4.0
2026-05-15,Health & Personal Care,SKU-HPC-301,Sonic Electric Toothbrush Pro,5.0
2026-05-15,Health & Personal Care,SKU-HPC-302,Collagen Peptide Powder 500g,2.0
2026-05-15,Health & Personal Care,SKU-HPC-303,Infrared Shiatsu Neck Massager,2.0
2026-05-15,Health & Personal Care,SKU-HPC-304,Daily Multivitamin Gummies 120ct,10.0
2026-05-15,Health & Personal Care,SKU-HPC-305,Aromatherapy Ultrasonic Diffuser,0.0
2026-05-15,Home & Kitchen,SKU-HMK-101,Digital Air Fryer Oven 6Qt,8.0
2026-05-15,Home & Kitchen,SKU-HMK-102,Stainless Steel French Press,4.0
2026-05-15,Home & Kitchen,SKU-HMK-103,Cold Brew Iced Coffee Pitcher,2.0
2026-05-15,Home & Kitchen,SKU-HMK-104,Electric Precision Milk Frother,8.0
2026-05-15,Home & Kitchen,SKU-HMK-105,Cast Iron Dutch Oven 5.5Qt,0.0
2026-05-15,Home & Kitchen,SKU-HMK-106,Smart WiFi Food Scale,3.0
2026-05-15,Home & Kitchen,SKU-HMK-107,Silicone Baking Mat Set,4.0
2026-05-15,Sports & Outdoors,SKU-SPO-401,Insulated Hydro Water Bottle 32oz,3.0
2026-05-15,Sports & Outdoors,SKU-SPO-402,Non-Slip High Density Yoga Mat,3.0
2026-05-15,Sports & Outdoors,SKU-SPO-403,Heavy-Duty Resistance Bands Set,2.0
2026-05-15,Sports & Outdoors,SKU-SPO-404,Ultralight Backpacking Tent 2-Person,1.0
2026-05-15,Sports & Outdoors,SKU-SPO-405,Compact Camping Hammock Portable,3.0
2026-05-16,Apparel,SKU-APP-201,Thermal Fleece Running Hoodie,18.0
2026-05-16,Apparel,SKU-APP-202,Moisture-Wicking Athletic Tee,2.0
2026-05-16,Apparel,SKU-APP-203,Heavyweight Arctic Winter Parka,4.0
2026-05-16,Apparel,SKU-APP-204,Seamless Workout Compression Leggings,11.0
2026-05-16,Apparel,SKU-APP-205,Formal Wool Blazer Tailored,0.0
2026-05-16,Apparel,SKU-APP-206,Organic Cotton Crewneck Sweatshirt,3.0
2026-05-16,Electronics,SKU-ELC-001,Wireless Noise-Canceling Headphones,6.0
2026-05-16,Electronics,SKU-ELC-002,Smart Fitness Watch V2,1.0
2026-05-16,Electronics,SKU-ELC-003,4K Ultra-HD Action Camera,1.0
2026-05-16,Electronics,SKU-ELC-004,USB-C Fast Charging Cable 2M,13.0
2026-05-16,Electronics,SKU-ELC-005,Vintage Stereo Turntable,0.0
2026-05-16,Electronics,SKU-ELC-006,Bluetooth Conference Speaker,5.0
2026-05-16,Electronics,SKU-ELC-007,Ergonomic Mechanical Keyboard,6.0
2026-05-16,Health & Personal Care,SKU-HPC-301,Sonic Electric Toothbrush Pro,9.0
2026-05-16,Health & Personal Care,SKU-HPC-302,Collagen Peptide Powder 500g,3.0
2026-05-16,Health & Personal Care,SKU-HPC-303,Infrared Shiatsu Neck Massager,2.0
2026-05-16,Health & Personal Care,SKU-HPC-304,Daily Multivitamin Gummies 120ct,14.0
2026-05-16,Health & Personal Care,SKU-HPC-305,Aromatherapy Ultrasonic Diffuser,0.0
2026-05-16,Home & Kitchen,SKU-HMK-101,Digital Air Fryer Oven 6Qt,13.0
2026-05-16,Home & Kitchen,SKU-HMK-102,Stainless Steel French Press,2.0
2026-05-16,Home & Kitchen,SKU-HMK-103,Cold Brew Iced Coffee Pitcher,1.0
2026-05-16,Home & Kitchen,SKU-HMK-104,Electric Precision Milk Frother,10.0
2026-05-16,Home & Kitchen,SKU-HMK-105,Cast Iron Dutch Oven 5.5Qt,0.0
2026-05-16,Home & Kitchen,SKU-HMK-106,Smart WiFi Food Scale,4.0
2026-05-16,Home & Kitchen,SKU-HMK-107,Silicone Baking Mat Set,11.0
2026-05-16,Sports & Outdoors,SKU-SPO-401,Insulated Hydro Water Bottle 32oz,4.0
2026-05-16,Sports & Outdoors,SKU-SPO-402,Non-Slip High Density Yoga Mat,5.0
2026-05-16,Sports & Outdoors,SKU-SPO-403,Heavy-Duty Resistance Bands Set,2.0
2026-05-16,Sports & Outdoors,SKU-SPO-404,Ultralight Backpacking Tent 2-Person,0.0
2026-05-16,Sports & Outdoors,SKU-SPO-405,Compact Camping Hammock Portable,3.0
2026-05-17,Apparel,SKU-APP-201,Thermal Fleece Running Hoodie,9.0
2026-05-17,Apparel,SKU-APP-202,Moisture-Wicking Athletic Tee,4.0
2026-05-17,Apparel,SKU-APP-203,Heavyweight Arctic Winter Parka,2.0
2026-05-17,Apparel,SKU-APP-204,Seamless Workout Compression Leggings,12.0
2026-05-17,Apparel,SKU-APP-205,Formal Wool Blazer Tailored,0.0
2026-05-17,Apparel,SKU-APP-206,Organic Cotton Crewneck Sweatshirt,5.0
2026-05-17,Electronics,SKU-ELC-001,Wireless Noise-Canceling Headphones,9.0
2026-05-17,Electronics,SKU-ELC-002,Smart Fitness Watch V2,3.0
2026-05-17,Electronics,SKU-ELC-003,4K Ultra-HD Action Camera,1.0
2026-05-17,Electronics,SKU-ELC-004,USB-C Fast Charging Cable 2M,13.0
2026-05-17,Electronics,SKU-ELC-005,Vintage Stereo Turntable,0.0
2026-05-17,Electronics,SKU-ELC-006,Bluetooth Conference Speaker,2.0
2026-05-17,Electronics,SKU-ELC-007,Ergonomic Mechanical Keyboard,6.0
2026-05-17,Health & Personal Care,SKU-HPC-301,Sonic Electric Toothbrush Pro,6.0
2026-05-17,Health & Personal Care,SKU-HPC-302,Collagen Peptide Powder 500g,5.0
2026-05-17,Health & Personal Care,SKU-HPC-303,Infrared Shiatsu Neck Massager,0.0
2026-05-17,Health & Personal Care,SKU-HPC-304,Daily Multivitamin Gummies 120ct,11.0
2026-05-17,Health & Personal Care,SKU-HPC-305,Aromatherapy Ultrasonic Diffuser,0.0
2026-05-17,Home & Kitchen,SKU-HMK-101,Digital Air Fryer Oven 6Qt,10.0
2026-05-17,Home & Kitchen,SKU-HMK-102,Stainless Steel French Press,3.0
2026-05-17,Home & Kitchen,SKU-HMK-103,Cold Brew Iced Coffee Pitcher,4.0
2026-05-17,Home & Kitchen,SKU-HMK-104,Electric Precision Milk Frother,9.0
2026-05-17,Home & Kitchen,SKU-HMK-105,Cast Iron Dutch Oven 5.5Qt,0.0
2026-05-17,Home & Kitchen,SKU-HMK-106,Smart WiFi Food Scale,8.0
2026-05-17,Home & Kitchen,SKU-HMK-107,Silicone Baking Mat Set,6.0
2026-05-17,Sports & Outdoors,SKU-SPO-401,Insulated Hydro Water Bottle 32oz,5.0
2026-05-17,Sports & Outdoors,SKU-SPO-402,Non-Slip High Density Yoga Mat,5.0
2026-05-17,Sports & Outdoors,SKU-SPO-403,Heavy-Duty Resistance Bands Set,1.0
2026-05-17,Sports & Outdoors,SKU-SPO-404,Ultralight Backpacking Tent 2-Person,0.0
2026-05-17,Sports & Outdoors,SKU-SPO-405,Compact Camping Hammock Portable,4.0
2026-05-18,Apparel,SKU-APP-201,Thermal Fleece Running Hoodie,15.0
2026-05-18,Apparel,SKU-APP-202,Moisture-Wicking Athletic Tee,4.0
2026-05-18,Apparel,SKU-APP-203,Heavyweight Arctic Winter Parka,0.0
2026-05-18,Apparel,SKU-APP-204,Seamless Workout Compression Leggings,7.0
2026-05-18,Apparel,SKU-APP-205,Formal Wool Blazer Tailored,0.0
2026-05-18,Apparel,SKU-APP-206,Organic Cotton Crewneck Sweatshirt,6.0
2026-05-18,Electronics,SKU-ELC-001,Wireless Noise-Canceling Headphones,10.0
2026-05-18,Electronics,SKU-ELC-002,Smart Fitness Watch V2,1.0
2026-05-18,Electronics,SKU-ELC-003,4K Ultra-HD Action Camera,2.0
2026-05-18,Electronics,SKU-ELC-004,USB-C Fast Charging Cable 2M,6.0
2026-05-18,Electronics,SKU-ELC-005,Vintage Stereo Turntable,0.0
2026-05-18,Electronics,SKU-ELC-006,Bluetooth Conference Speaker,8.0
2026-05-18,Electronics,SKU-ELC-007,Ergonomic Mechanical Keyboard,10.0
2026-05-18,Health & Personal Care,SKU-HPC-301,Sonic Electric Toothbrush Pro,2.0
2026-05-18,Health & Personal Care,SKU-HPC-302,Collagen Peptide Powder 500g,10.0
2026-05-18,Health & Personal Care,SKU-HPC-303,Infrared Shiatsu Neck Massager,2.0
2026-05-18,Health & Personal Care,SKU-HPC-304,Daily Multivitamin Gummies 120ct,10.0
2026-05-18,Health & Personal Care,SKU-HPC-305,Aromatherapy Ultrasonic Diffuser,2.0
2026-05-18,Home & Kitchen,SKU-HMK-101,Digital Air Fryer Oven 6Qt,9.0
2026-05-18,Home & Kitchen,SKU-HMK-102,Stainless Steel French Press,7.0
2026-05-18,Home & Kitchen,SKU-HMK-103,Cold Brew Iced Coffee Pitcher,2.0
2026-05-18,Home & Kitchen,SKU-HMK-104,Electric Precision Milk Frother,8.0
2026-05-18,Home & Kitchen,SKU-HMK-105,Cast Iron Dutch Oven 5.5Qt,0.0
2026-05-18,Home & Kitchen,SKU-HMK-106,Smart WiFi Food Scale,0.0
2026-05-18,Home & Kitchen,SKU-HMK-107,Silicone Baking Mat Set,6.0
2026-05-18,Sports & Outdoors,SKU-SPO-401,Insulated Hydro Water Bottle 32oz,4.0
2026-05-18,Sports & Outdoors,SKU-SPO-402,Non-Slip High Density Yoga Mat,6.0
2026-05-18,Sports & Outdoors,SKU-SPO-403,Heavy-Duty Resistance Bands Set,0.0
2026-05-18,Sports & Outdoors,SKU-SPO-404,Ultralight Backpacking Tent 2-Person,0.0
2026-05-18,Sports & Outdoors,SKU-SPO-405,Compact Camping Hammock Portable,1.0
2026-05-19,Apparel,SKU-APP-201,Thermal Fleece Running Hoodie,7.0
2026-05-19,Apparel,SKU-APP-202,Moisture-Wicking Athletic Tee,4.0
2026-05-19,Apparel,SKU-APP-203,Heavyweight Arctic Winter Parka,4.0
2026-05-19,Apparel,SKU-APP-204,Seamless Workout Compression Leggings,8.0
2026-05-19,Apparel,SKU-APP-205,Formal Wool Blazer Tailored,0.0
2026-05-19,Apparel,SKU-APP-206,Organic Cotton Crewneck Sweatshirt,7.0
2026-05-19,Electronics,SKU-ELC-001,Wireless Noise-Canceling Headphones,7.0
2026-05-19,Electronics,SKU-ELC-002,Smart Fitness Watch V2,2.0
2026-05-19,Electronics,SKU-ELC-003,4K Ultra-HD Action Camera,1.0
2026-05-19,Electronics,SKU-ELC-004,USB-C Fast Charging Cable 2M,0.0
2026-05-19,Electronics,SKU-ELC-005,Vintage Stereo Turntable,0.0
2026-05-19,Electronics,SKU-ELC-006,Bluetooth Conference Speaker,4.0
2026-05-19,Electronics,SKU-ELC-007,Ergonomic Mechanical Keyboard,4.0
2026-05-19,Health & Personal Care,SKU-HPC-301,Sonic Electric Toothbrush Pro,1.0
2026-05-19,Health & Personal Care,SKU-HPC-302,Collagen Peptide Powder 500g,4.0
2026-05-19,Health & Personal Care,SKU-HPC-303,Infrared Shiatsu Neck Massager,4.0
2026-05-19,Health & Personal Care,SKU-HPC-304,Daily Multivitamin Gummies 120ct,7.0
2026-05-19,Health & Personal Care,SKU-HPC-305,Aromatherapy Ultrasonic Diffuser,0.0
2026-05-19,Home & Kitchen,SKU-HMK-101,Digital Air Fryer Oven 6Qt,6.0
2026-05-19,Home & Kitchen,SKU-HMK-102,Stainless Steel French Press,2.0
2026-05-19,Home & Kitchen,SKU-HMK-103,Cold Brew Iced Coffee Pitcher,4.0
2026-05-19,Home & Kitchen,SKU-HMK-104,Electric Precision Milk Frother,11.0
2026-05-19,Home & Kitchen,SKU-HMK-105,Cast Iron Dutch Oven 5.5Qt,0.0
2026-05-19,Home & Kitchen,SKU-HMK-106,Smart WiFi Food Scale,3.0
2026-05-19,Home & Kitchen,SKU-HMK-107,Silicone Baking Mat Set,2.0
2026-05-19,Sports & Outdoors,SKU-SPO-401,Insulated Hydro Water Bottle 32oz,4.0
2026-05-19,Sports & Outdoors,SKU-SPO-402,Non-Slip High Density Yoga Mat,3.0
2026-05-19,Sports & Outdoors,SKU-SPO-403,Heavy-Duty Resistance Bands Set,3.0
2026-05-19,Sports & Outdoors,SKU-SPO-404,Ultralight Backpacking Tent 2-Person,1.0
2026-05-19,Sports & Outdoors,SKU-SPO-405,Compact Camping Hammock Portable,2.0
2026-05-20,Apparel,SKU-APP-201,Thermal Fleece Running Hoodie,10.0
2026-05-20,Apparel,SKU-APP-202,Moisture-Wicking Athletic Tee,4.0
2026-05-20,Apparel,SKU-APP-203,Heavyweight Arctic Winter Parka,5.0
2026-05-20,Apparel,SKU-APP-204,Seamless Workout Compression Leggings,9.0
2026-05-20,Apparel,SKU-APP-205,Formal Wool Blazer Tailored,0.0
2026-05-20,Apparel,SKU-APP-206,Organic Cotton Crewneck Sweatshirt,4.0
2026-05-20,Electronics,SKU-ELC-001,Wireless Noise-Canceling Headphones,8.0
2026-05-20,Electronics,SKU-ELC-002,Smart Fitness Watch V2,3.0
2026-05-20,Electronics,SKU-ELC-003,4K Ultra-HD Action Camera,2.0
2026-05-20,Electronics,SKU-ELC-004,USB-C Fast Charging Cable 2M,6.0
2026-05-20,Electronics,SKU-ELC-005,Vintage Stereo Turntable,0.0
2026-05-20,Electronics,SKU-ELC-006,Bluetooth Conference Speaker,4.0
2026-05-20,Electronics,SKU-ELC-007,Ergonomic Mechanical Keyboard,4.0
2026-05-20,Health & Personal Care,SKU-HPC-301,Sonic Electric Toothbrush Pro,7.0
2026-05-20,Health & Personal Care,SKU-HPC-302,Collagen Peptide Powder 500g,4.0
2026-05-20,Health & Personal Care,SKU-HPC-303,Infrared Shiatsu Neck Massager,1.0
2026-05-20,Health & Personal Care,SKU-HPC-304,Daily Multivitamin Gummies 120ct,12.0
2026-05-20,Health & Personal Care,SKU-HPC-305,Aromatherapy Ultrasonic Diffuser,0.0
2026-05-20,Home & Kitchen,SKU-HMK-101,Digital Air Fryer Oven 6Qt,17.0
2026-05-20,Home & Kitchen,SKU-HMK-102,Stainless Steel French Press,6.0
2026-05-20,Home & Kitchen,SKU-HMK-103,Cold Brew Iced Coffee Pitcher,1.0
2026-05-20,Home & Kitchen,SKU-HMK-104,Electric Precision Milk Frother,8.0
2026-05-20,Home & Kitchen,SKU-HMK-105,Cast Iron Dutch Oven 5.5Qt,0.0
2026-05-20,Home & Kitchen,SKU-HMK-106,Smart WiFi Food Scale,1.0
2026-05-20,Home & Kitchen,SKU-HMK-107,Silicone Baking Mat Set,3.0
2026-05-20,Sports & Outdoors,SKU-SPO-401,Insulated Hydro Water Bottle 32oz,8.0
2026-05-20,Sports & Outdoors,SKU-SPO-402,Non-Slip High Density Yoga Mat,5.0
2026-05-20,Sports & Outdoors,SKU-SPO-403,Heavy-Duty Resistance Bands Set,3.0
2026-05-20,Sports & Outdoors,SKU-SPO-404,Ultralight Backpacking Tent 2-Person,0.0
2026-05-20,Sports & Outdoors,SKU-SPO-405,Compact Camping Hammock Portable,4.0
2026-05-21,Apparel,SKU-APP-201,Thermal Fleece Running Hoodie,15.0
2026-05-21,Apparel,SKU-APP-202,Moisture-Wicking Athletic Tee,2.0
2026-05-21,Apparel,SKU-APP-203,Heavyweight Arctic Winter Parka,2.0
2026-05-21,Apparel,SKU-APP-204,Seamless Workout Compression Leggings,7.0
2026-05-21,Apparel,SKU-APP-205,Formal Wool Blazer Tailored,0.0
2026-05-21,Apparel,SKU-APP-206,Organic Cotton Crewneck Sweatshirt,3.0
2026-05-21,Electronics,SKU-ELC-001,Wireless Noise-Canceling Headphones,8.0
2026-05-21,Electronics,SKU-ELC-002,Smart Fitness Watch V2,3.0
2026-05-21,Electronics,SKU-ELC-003,4K Ultra-HD Action Camera,2.0
2026-05-21,Electronics,SKU-ELC-004,USB-C Fast Charging Cable 2M,2.0
2026-05-21,Electronics,SKU-ELC-005,Vintage Stereo Turntable,0.0
2026-05-21,Electronics,SKU-ELC-006,Bluetooth Conference Speaker,5.0
2026-05-21,Electronics,SKU-ELC-007,Ergonomic Mechanical Keyboard,6.0
2026-05-21,Health & Personal Care,SKU-HPC-301,Sonic Electric Toothbrush Pro,4.0
2026-05-21,Health & Personal Care,SKU-HPC-302,Collagen Peptide Powder 500g,2.0
2026-05-21,Health & Personal Care,SKU-HPC-303,Infrared Shiatsu Neck Massager,2.0
2026-05-21,Health & Personal Care,SKU-HPC-304,Daily Multivitamin Gummies 120ct,9.0
2026-05-21,Health & Personal Care,SKU-HPC-305,Aromatherapy Ultrasonic Diffuser,0.0
2026-05-21,Home & Kitchen,SKU-HMK-101,Digital Air Fryer Oven 6Qt,8.0
2026-05-21,Home & Kitchen,SKU-HMK-102,Stainless Steel French Press,3.0
2026-05-21,Home & Kitchen,SKU-HMK-103,Cold Brew Iced Coffee Pitcher,1.0
2026-05-21,Home & Kitchen,SKU-HMK-104,Electric Precision Milk Frother,7.0
2026-05-21,Home & Kitchen,SKU-HMK-105,Cast Iron Dutch Oven 5.5Qt,1.0
2026-05-21,Home & Kitchen,SKU-HMK-106,Smart WiFi Food Scale,7.0
2026-05-21,Home & Kitchen,SKU-HMK-107,Silicone Baking Mat Set,5.0
2026-05-21,Sports & Outdoors,SKU-SPO-401,Insulated Hydro Water Bottle 32oz,4.0
2026-05-21,Sports & Outdoors,SKU-SPO-402,Non-Slip High Density Yoga Mat,3.0
2026-05-21,Sports & Outdoors,SKU-SPO-403,Heavy-Duty Resistance Bands Set,2.0
2026-05-21,Sports & Outdoors,SKU-SPO-404,Ultralight Backpacking Tent 2-Person,0.0
2026-05-21,Sports & Outdoors,SKU-SPO-405,Compact Camping Hammock Portable,4.0
2026-05-22,Apparel,SKU-APP-201,Thermal Fleece Running Hoodie,13.0
2026-05-22,Apparel,SKU-APP-202,Moisture-Wicking Athletic Tee,1.0
2026-05-22,Apparel,SKU-APP-203,Heavyweight Arctic Winter Parka,1.0
2026-05-22,Apparel,SKU-APP-204,Seamless Workout Compression Leggings,3.0
2026-05-22,Apparel,SKU-APP-205,Formal Wool Blazer Tailored,0.0
2026-05-22,Apparel,SKU-APP-206,Organic Cotton Crewneck Sweatshirt,3.0
2026-05-22,Electronics,SKU-ELC-001,Wireless Noise-Canceling Headphones,15.0
2026-05-22,Electronics,SKU-ELC-002,Smart Fitness Watch V2,2.0
2026-05-22,Electronics,SKU-ELC-003,4K Ultra-HD Action Camera,2.0
2026-05-22,Electronics,SKU-ELC-004,USB-C Fast Charging Cable 2M,11.0
2026-05-22,Electronics,SKU-ELC-005,Vintage Stereo Turntable,0.0
2026-05-22,Electronics,SKU-ELC-006,Bluetooth Conference Speaker,0.0
2026-05-22,Electronics,SKU-ELC-007,Ergonomic Mechanical Keyboard,4.0
2026-05-22,Health & Personal Care,SKU-HPC-301,Sonic Electric Toothbrush Pro,2.0
2026-05-22,Health & Personal Care,SKU-HPC-302,Collagen Peptide Powder 500g,2.0
2026-05-22,Health & Personal Care,SKU-HPC-303,Infrared Shiatsu Neck Massager,1.0
2026-05-22,Health & Personal Care,SKU-HPC-304,Daily Multivitamin Gummies 120ct,5.0
2026-05-22,Health & Personal Care,SKU-HPC-305,Aromatherapy Ultrasonic Diffuser,0.0
2026-05-22,Home & Kitchen,SKU-HMK-101,Digital Air Fryer Oven 6Qt,11.0
2026-05-22,Home & Kitchen,SKU-HMK-102,Stainless Steel French Press,2.0
2026-05-22,Home & Kitchen,SKU-HMK-103,Cold Brew Iced Coffee Pitcher,4.0
2026-05-22,Home & Kitchen,SKU-HMK-104,Electric Precision Milk Frother,6.0
2026-05-22,Home & Kitchen,SKU-HMK-105,Cast Iron Dutch Oven 5.5Qt,0.0
2026-05-22,Home & Kitchen,SKU-HMK-106,Smart WiFi Food Scale,3.0
2026-05-22,Home & Kitchen,SKU-HMK-107,Silicone Baking Mat Set,7.0
2026-05-22,Sports & Outdoors,SKU-SPO-401,Insulated Hydro Water Bottle 32oz,4.0
2026-05-22,Sports & Outdoors,SKU-SPO-402,Non-Slip High Density Yoga Mat,3.0
2026-05-22,Sports & Outdoors,SKU-SPO-403,Heavy-Duty Resistance Bands Set,0.0
2026-05-22,Sports & Outdoors,SKU-SPO-404,Ultralight Backpacking Tent 2-Person,0.0
2026-05-22,Sports & Outdoors,SKU-SPO-405,Compact Camping Hammock Portable,7.0
2026-05-23,Apparel,SKU-APP-201,Thermal Fleece Running Hoodie,11.0
2026-05-23,Apparel,SKU-APP-202,Moisture-Wicking Athletic Tee,2.0
2026-05-23,Apparel,SKU-APP-203,Heavyweight Arctic Winter Parka,3.0
2026-05-23,Apparel,SKU-APP-204,Seamless Workout Compression Leggings,10.0
2026-05-23,Apparel,SKU-APP-205,Formal Wool Blazer Tailored,1.0
2026-05-23,Apparel,SKU-APP-206,Organic Cotton Crewneck Sweatshirt,7.0
2026-05-23,Electronics,SKU-ELC-001,Wireless Noise-Canceling Headphones,14.0
2026-05-23,Electronics,SKU-ELC-002,Smart Fitness Watch V2,6.0
2026-05-23,Electronics,SKU-ELC-003,4K Ultra-HD Action Camera,4.0
2026-05-23,Electronics,SKU-ELC-004,USB-C Fast Charging Cable 2M,16.0
2026-05-23,Electronics,SKU-ELC-005,Vintage Stereo Turntable,0.0
2026-05-23,Electronics,SKU-ELC-006,Bluetooth Conference Speaker,5.0
2026-05-23,Electronics,SKU-ELC-007,Ergonomic Mechanical Keyboard,6.0
2026-05-23,Health & Personal Care,SKU-HPC-301,Sonic Electric Toothbrush Pro,8.0
2026-05-23,Health & Personal Care,SKU-HPC-302,Collagen Peptide Powder 500g,2.0
2026-05-23,Health & Personal Care,SKU-HPC-303,Infrared Shiatsu Neck Massager,3.0
2026-05-23,Health & Personal Care,SKU-HPC-304,Daily Multivitamin Gummies 120ct,5.0
2026-05-23,Health & Personal Care,SKU-HPC-305,Aromatherapy Ultrasonic Diffuser,0.0
2026-05-23,Home & Kitchen,SKU-HMK-101,Digital Air Fryer Oven 6Qt,12.0
2026-05-23,Home & Kitchen,SKU-HMK-102,Stainless Steel French Press,3.0
2026-05-23,Home & Kitchen,SKU-HMK-103,Cold Brew Iced Coffee Pitcher,2.0
2026-05-23,Home & Kitchen,SKU-HMK-104,Electric Precision Milk Frother,11.0
2026-05-23,Home & Kitchen,SKU-HMK-105,Cast Iron Dutch Oven 5.5Qt,0.0
2026-05-23,Home & Kitchen,SKU-HMK-106,Smart WiFi Food Scale,6.0
2026-05-23,Home & Kitchen,SKU-HMK-107,Silicone Baking Mat Set,3.0
2026-05-23,Sports & Outdoors,SKU-SPO-401,Insulated Hydro Water Bottle 32oz,3.0
2026-05-23,Sports & Outdoors,SKU-SPO-402,Non-Slip High Density Yoga Mat,2.0
2026-05-23,Sports & Outdoors,SKU-SPO-403,Heavy-Duty Resistance Bands Set,2.0
2026-05-23,Sports & Outdoors,SKU-SPO-404,Ultralight Backpacking Tent 2-Person,0.0
2026-05-23,Sports & Outdoors,SKU-SPO-405,Compact Camping Hammock Portable,1.0
2026-05-24,Apparel,SKU-APP-201,Thermal Fleece Running Hoodie,15.0
2026-05-24,Apparel,SKU-APP-202,Moisture-Wicking Athletic Tee,6.0
2026-05-24,Apparel,SKU-APP-203,Heavyweight Arctic Winter Parka,1.0
2026-05-24,Apparel,SKU-APP-204,Seamless Workout Compression Leggings,7.0
2026-05-24,Apparel,SKU-APP-205,Formal Wool Blazer Tailored,1.0
2026-05-24,Apparel,SKU-APP-206,Organic Cotton Crewneck Sweatshirt,7.0
2026-05-24,Electronics,SKU-ELC-001,Wireless Noise-Canceling Headphones,14.0
2026-05-24,Electronics,SKU-ELC-002,Smart Fitness Watch V2,7.0
2026-05-24,Electronics,SKU-ELC-003,4K Ultra-HD Action Camera,2.0
2026-05-24,Electronics,SKU-ELC-004,USB-C Fast Charging Cable 2M,10.0
2026-05-24,Electronics,SKU-ELC-005,Vintage Stereo Turntable,0.0
2026-05-24,Electronics,SKU-ELC-006,Bluetooth Conference Speaker,5.0
2026-05-24,Electronics,SKU-ELC-007,Ergonomic Mechanical Keyboard,5.0
2026-05-24,Health & Personal Care,SKU-HPC-301,Sonic Electric Toothbrush Pro,2.0
2026-05-24,Health & Personal Care,SKU-HPC-302,Collagen Peptide Powder 500g,5.0
2026-05-24,Health & Personal Care,SKU-HPC-303,Infrared Shiatsu Neck Massager,4.0
2026-05-24,Health & Personal Care,SKU-HPC-304,Daily Multivitamin Gummies 120ct,9.0
2026-05-24,Health & Personal Care,SKU-HPC-305,Aromatherapy Ultrasonic Diffuser,0.0
2026-05-24,Home & Kitchen,SKU-HMK-101,Digital Air Fryer Oven 6Qt,14.0
2026-05-24,Home & Kitchen,SKU-HMK-102,Stainless Steel French Press,3.0
2026-05-24,Home & Kitchen,SKU-HMK-103,Cold Brew Iced Coffee Pitcher,1.0
2026-05-24,Home & Kitchen,SKU-HMK-104,Electric Precision Milk Frother,15.0
2026-05-24,Home & Kitchen,SKU-HMK-105,Cast Iron Dutch Oven 5.5Qt,0.0
2026-05-24,Home & Kitchen,SKU-HMK-106,Smart WiFi Food Scale,5.0
2026-05-24,Home & Kitchen,SKU-HMK-107,Silicone Baking Mat Set,5.0
2026-05-24,Sports & Outdoors,SKU-SPO-401,Insulated Hydro Water Bottle 32oz,6.0
2026-05-24,Sports & Outdoors,SKU-SPO-402,Non-Slip High Density Yoga Mat,2.0
2026-05-24,Sports & Outdoors,SKU-SPO-403,Heavy-Duty Resistance Bands Set,3.0
2026-05-24,Sports & Outdoors,SKU-SPO-404,Ultralight Backpacking Tent 2-Person,0.0
2026-05-24,Sports & Outdoors,SKU-SPO-405,Compact Camping Hammock Portable,3.0
2026-05-25,Apparel,SKU-APP-201,Thermal Fleece Running Hoodie,9.0
2026-05-25,Apparel,SKU-APP-202,Moisture-Wicking Athletic Tee,5.0
2026-05-25,Apparel,SKU-APP-203,Heavyweight Arctic Winter Parka,1.0
2026-05-25,Apparel,SKU-APP-204,Seamless Workout Compression Leggings,6.0
2026-05-25,Apparel,SKU-APP-205,Formal Wool Blazer Tailored,0.0
2026-05-25,Apparel,SKU-APP-206,Organic Cotton Crewneck Sweatshirt,3.0
2026-05-25,Electronics,SKU-ELC-001,Wireless Noise-Canceling Headphones,13.0
2026-05-25,Electronics,SKU-ELC-002,Smart Fitness Watch V2,1.0
2026-05-25,Electronics,SKU-ELC-003,4K Ultra-HD Action Camera,2.0
2026-05-25,Electronics,SKU-ELC-004,USB-C Fast Charging Cable 2M,8.0
2026-05-25,Electronics,SKU-ELC-005,Vintage Stereo Turntable,0.0
2026-05-25,Electronics,SKU-ELC-006,Bluetooth Conference Speaker,1.0
2026-05-25,Electronics,SKU-ELC-007,Ergonomic Mechanical Keyboard,3.0
2026-05-25,Health & Personal Care,SKU-HPC-301,Sonic Electric Toothbrush Pro,2.0
2026-05-25,Health & Personal Care,SKU-HPC-302,Collagen Peptide Powder 500g,3.0
2026-05-25,Health & Personal Care,SKU-HPC-303,Infrared Shiatsu Neck Massager,0.0
2026-05-25,Health & Personal Care,SKU-HPC-304,Daily Multivitamin Gummies 120ct,9.0
2026-05-25,Health & Personal Care,SKU-HPC-305,Aromatherapy Ultrasonic Diffuser,1.0
2026-05-25,Home & Kitchen,SKU-HMK-101,Digital Air Fryer Oven 6Qt,9.0
2026-05-25,Home & Kitchen,SKU-HMK-102,Stainless Steel French Press,5.0
2026-05-25,Home & Kitchen,SKU-HMK-103,Cold Brew Iced Coffee Pitcher,1.0
2026-05-25,Home & Kitchen,SKU-HMK-104,Electric Precision Milk Frother,7.0
2026-05-25,Home & Kitchen,SKU-HMK-105,Cast Iron Dutch Oven 5.5Qt,1.0
2026-05-25,Home & Kitchen,SKU-HMK-106,Smart WiFi Food Scale,4.0
2026-05-25,Home & Kitchen,SKU-HMK-107,Silicone Baking Mat Set,2.0
2026-05-25,Sports & Outdoors,SKU-SPO-401,Insulated Hydro Water Bottle 32oz,5.0
2026-05-25,Sports & Outdoors,SKU-SPO-402,Non-Slip High Density Yoga Mat,4.0
2026-05-25,Sports & Outdoors,SKU-SPO-403,Heavy-Duty Resistance Bands Set,1.0
2026-05-25,Sports & Outdoors,SKU-SPO-404,Ultralight Backpacking Tent 2-Person,0.0
2026-05-25,Sports & Outdoors,SKU-SPO-405,Compact Camping Hammock Portable,5.0
2026-05-26,Apparel,SKU-APP-201,Thermal Fleece Running Hoodie,9.0
2026-05-26,Apparel,SKU-APP-202,Moisture-Wicking Athletic Tee,5.0
2026-05-26,Apparel,SKU-APP-203,Heavyweight Arctic Winter Parka,1.0
2026-05-26,Apparel,SKU-APP-204,Seamless Workout Compression Leggings,10.0
2026-05-26,Apparel,SKU-APP-205,Formal Wool Blazer Tailored,1.0
2026-05-26,Apparel,SKU-APP-206,Organic Cotton Crewneck Sweatshirt,4.0
2026-05-26,Electronics,SKU-ELC-001,Wireless Noise-Canceling Headphones,6.0
2026-05-26,Electronics,SKU-ELC-002,Smart Fitness Watch V2,4.0
2026-05-26,Electronics,SKU-ELC-003,4K Ultra-HD Action Camera,0.0
2026-05-26,Electronics,SKU-ELC-004,USB-C Fast Charging Cable 2M,9.0
2026-05-26,Electronics,SKU-ELC-005,Vintage Stereo Turntable,0.0
2026-05-26,Electronics,SKU-ELC-006,Bluetooth Conference Speaker,5.0
2026-05-26,Electronics,SKU-ELC-007,Ergonomic Mechanical Keyboard,2.0
2026-05-26,Health & Personal Care,SKU-HPC-301,Sonic Electric Toothbrush Pro,8.0
2026-05-26,Health & Personal Care,SKU-HPC-302,Collagen Peptide Powder 500g,3.0
2026-05-26,Health & Personal Care,SKU-HPC-303,Infrared Shiatsu Neck Massager,2.0
2026-05-26,Health & Personal Care,SKU-HPC-304,Daily Multivitamin Gummies 120ct,5.0
2026-05-26,Health & Personal Care,SKU-HPC-305,Aromatherapy Ultrasonic Diffuser,0.0
2026-05-26,Home & Kitchen,SKU-HMK-101,Digital Air Fryer Oven 6Qt,15.0
2026-05-26,Home & Kitchen,SKU-HMK-102,Stainless Steel French Press,3.0
2026-05-26,Home & Kitchen,SKU-HMK-103,Cold Brew Iced Coffee Pitcher,2.0
2026-05-26,Home & Kitchen,SKU-HMK-104,Electric Precision Milk Frother,4.0
2026-05-26,Home & Kitchen,SKU-HMK-105,Cast Iron Dutch Oven 5.5Qt,0.0
2026-05-26,Home & Kitchen,SKU-HMK-106,Smart WiFi Food Scale,2.0
2026-05-26,Home & Kitchen,SKU-HMK-107,Silicone Baking Mat Set,2.0
2026-05-26,Sports & Outdoors,SKU-SPO-401,Insulated Hydro Water Bottle 32oz,4.0
2026-05-26,Sports & Outdoors,SKU-SPO-402,Non-Slip High Density Yoga Mat,3.0
2026-05-26,Sports & Outdoors,SKU-SPO-403,Heavy-Duty Resistance Bands Set,2.0
2026-05-26,Sports & Outdoors,SKU-SPO-404,Ultralight Backpacking Tent 2-Person,0.0
2026-05-26,Sports & Outdoors,SKU-SPO-405,Compact Camping Hammock Portable,3.0
2026-05-27,Apparel,SKU-APP-201,Thermal Fleece Running Hoodie,11.0
2026-05-27,Apparel,SKU-APP-202,Moisture-Wicking Athletic Tee,4.0
2026-05-27,Apparel,SKU-APP-203,Heavyweight Arctic Winter Parka,0.0
2026-05-27,Apparel,SKU-APP-204,Seamless Workout Compression Leggings,9.0
2026-05-27,Apparel,SKU-APP-205,Formal Wool Blazer Tailored,0.0
2026-05-27,Apparel,SKU-APP-206,Organic Cotton Crewneck Sweatshirt,7.0
2026-05-27,Electronics,SKU-ELC-001,Wireless Noise-Canceling Headphones,9.0
2026-05-27,Electronics,SKU-ELC-002,Smart Fitness Watch V2,5.0
2026-05-27,Electronics,SKU-ELC-003,4K Ultra-HD Action Camera,1.0
2026-05-27,Electronics,SKU-ELC-004,USB-C Fast Charging Cable 2M,15.0
2026-05-27,Electronics,SKU-ELC-005,Vintage Stereo Turntable,0.0
2026-05-27,Electronics,SKU-ELC-006,Bluetooth Conference Speaker,4.0
2026-05-27,Electronics,SKU-ELC-007,Ergonomic Mechanical Keyboard,3.0
2026-05-27,Health & Personal Care,SKU-HPC-301,Sonic Electric Toothbrush Pro,4.0
2026-05-27,Health & Personal Care,SKU-HPC-302,Collagen Peptide Powder 500g,3.0
2026-05-27,Health & Personal Care,SKU-HPC-303,Infrared Shiatsu Neck Massager,2.0
2026-05-27,Health & Personal Care,SKU-HPC-304,Daily Multivitamin Gummies 120ct,11.0
2026-05-27,Health & Personal Care,SKU-HPC-305,Aromatherapy Ultrasonic Diffuser,0.0
2026-05-27,Home & Kitchen,SKU-HMK-101,Digital Air Fryer Oven 6Qt,8.0
2026-05-27,Home & Kitchen,SKU-HMK-102,Stainless Steel French Press,3.0
2026-05-27,Home & Kitchen,SKU-HMK-103,Cold Brew Iced Coffee Pitcher,2.0
2026-05-27,Home & Kitchen,SKU-HMK-104,Electric Precision Milk Frother,6.0
2026-05-27,Home & Kitchen,SKU-HMK-105,Cast Iron Dutch Oven 5.5Qt,0.0
2026-05-27,Home & Kitchen,SKU-HMK-106,Smart WiFi Food Scale,2.0
2026-05-27,Home & Kitchen,SKU-HMK-107,Silicone Baking Mat Set,2.0
2026-05-27,Sports & Outdoors,SKU-SPO-401,Insulated Hydro Water Bottle 32oz,2.0
2026-05-27,Sports & Outdoors,SKU-SPO-402,Non-Slip High Density Yoga Mat,2.0
2026-05-27,Sports & Outdoors,SKU-SPO-403,Heavy-Duty Resistance Bands Set,5.0
2026-05-27,Sports & Outdoors,SKU-SPO-404,Ultralight Backpacking Tent 2-Person,0.0
2026-05-27,Sports & Outdoors,SKU-SPO-405,Compact Camping Hammock Portable,3.0
2026-05-28,Apparel,SKU-APP-201,Thermal Fleece Running Hoodie,10.0
2026-05-28,Apparel,SKU-APP-202,Moisture-Wicking Athletic Tee,5.0
2026-05-28,Apparel,SKU-APP-203,Heavyweight Arctic Winter Parka,0.0
2026-05-28,Apparel,SKU-APP-204,Seamless Workout Compression Leggings,10.0
2026-05-28,Apparel,SKU-APP-205,Formal Wool Blazer Tailored,1.0
2026-05-28,Apparel,SKU-APP-206,Organic Cotton Crewneck Sweatshirt,3.0
2026-05-28,Electronics,SKU-ELC-001,Wireless Noise-Canceling Headphones,11.0
2026-05-28,Electronics,SKU-ELC-002,Smart Fitness Watch V2,5.0
2026-05-28,Electronics,SKU-ELC-003,4K Ultra-HD Action Camera,1.0
2026-05-28,Electronics,SKU-ELC-004,USB-C Fast Charging Cable 2M,9.0
2026-05-28,Electronics,SKU-ELC-005,Vintage Stereo Turntable,0.0
2026-05-28,Electronics,SKU-ELC-006,Bluetooth Conference Speaker,7.0
2026-05-28,Electronics,SKU-ELC-007,Ergonomic Mechanical Keyboard,2.0
2026-05-28,Health & Personal Care,SKU-HPC-301,Sonic Electric Toothbrush Pro,3.0
2026-05-28,Health & Personal Care,SKU-HPC-302,Collagen Peptide Powder 500g,4.0
2026-05-28,Health & Personal Care,SKU-HPC-303,Infrared Shiatsu Neck Massager,1.0
2026-05-28,Health & Personal Care,SKU-HPC-304,Daily Multivitamin Gummies 120ct,5.0
2026-05-28,Health & Personal Care,SKU-HPC-305,Aromatherapy Ultrasonic Diffuser,0.0
2026-05-28,Home & Kitchen,SKU-HMK-101,Digital Air Fryer Oven 6Qt,5.0
2026-05-28,Home & Kitchen,SKU-HMK-102,Stainless Steel French Press,2.0
2026-05-28,Home & Kitchen,SKU-HMK-103,Cold Brew Iced Coffee Pitcher,2.0
2026-05-28,Home & Kitchen,SKU-HMK-104,Electric Precision Milk Frother,10.0
2026-05-28,Home & Kitchen,SKU-HMK-105,Cast Iron Dutch Oven 5.5Qt,0.0
2026-05-28,Home & Kitchen,SKU-HMK-106,Smart WiFi Food Scale,5.0
2026-05-28,Home & Kitchen,SKU-HMK-107,Silicone Baking Mat Set,10.0
2026-05-28,Sports & Outdoors,SKU-SPO-401,Insulated Hydro Water Bottle 32oz,5.0
2026-05-28,Sports & Outdoors,SKU-SPO-402,Non-Slip High Density Yoga Mat,2.0
2026-05-28,Sports & Outdoors,SKU-SPO-403,Heavy-Duty Resistance Bands Set,3.0
2026-05-28,Sports & Outdoors,SKU-SPO-404,Ultralight Backpacking Tent 2-Person,0.0
2026-05-28,Sports & Outdoors,SKU-SPO-405,Compact Camping Hammock Portable,5.0
2026-05-29,Apparel,SKU-APP-201,Thermal Fleece Running Hoodie,9.0
2026-05-29,Apparel,SKU-APP-202,Moisture-Wicking Athletic Tee,3.0
2026-05-29,Apparel,SKU-APP-203,Heavyweight Arctic Winter Parka,3.0
2026-05-29,Apparel,SKU-APP-204,Seamless Workout Compression Leggings,5.0
2026-05-29,Apparel,SKU-APP-205,Formal Wool Blazer Tailored,0.0
2026-05-29,Apparel,SKU-APP-206,Organic Cotton Crewneck Sweatshirt,2.0
2026-05-29,Electronics,SKU-ELC-001,Wireless Noise-Canceling Headphones,7.0
2026-05-29,Electronics,SKU-ELC-002,Smart Fitness Watch V2,1.0
2026-05-29,Electronics,SKU-ELC-003,4K Ultra-HD Action Camera,2.0
2026-05-29,Electronics,SKU-ELC-004,USB-C Fast Charging Cable 2M,8.0
2026-05-29,Electronics,SKU-ELC-005,Vintage Stereo Turntable,0.0
2026-05-29,Electronics,SKU-ELC-006,Bluetooth Conference Speaker,4.0
2026-05-29,Electronics,SKU-ELC-007,Ergonomic Mechanical Keyboard,8.0
2026-05-29,Health & Personal Care,SKU-HPC-301,Sonic Electric Toothbrush Pro,8.0
2026-05-29,Health & Personal Care,SKU-HPC-302,Collagen Peptide Powder 500g,4.0
2026-05-29,Health & Personal Care,SKU-HPC-303,Infrared Shiatsu Neck Massager,2.0
2026-05-29,Health & Personal Care,SKU-HPC-304,Daily Multivitamin Gummies 120ct,4.0
2026-05-29,Health & Personal Care,SKU-HPC-305,Aromatherapy Ultrasonic Diffuser,0.0
2026-05-29,Home & Kitchen,SKU-HMK-101,Digital Air Fryer Oven 6Qt,9.0
2026-05-29,Home & Kitchen,SKU-HMK-102,Stainless Steel French Press,6.0
2026-05-29,Home & Kitchen,SKU-HMK-103,Cold Brew Iced Coffee Pitcher,1.0
2026-05-29,Home & Kitchen,SKU-HMK-104,Electric Precision Milk Frother,9.0
2026-05-29,Home & Kitchen,SKU-HMK-105,Cast Iron Dutch Oven 5.5Qt,0.0
2026-05-29,Home & Kitchen,SKU-HMK-106,Smart WiFi Food Scale,5.0
2026-05-29,Home & Kitchen,SKU-HMK-107,Silicone Baking Mat Set,3.0
2026-05-29,Sports & Outdoors,SKU-SPO-401,Insulated Hydro Water Bottle 32oz,11.0
2026-05-29,Sports & Outdoors,SKU-SPO-402,Non-Slip High Density Yoga Mat,1.0
2026-05-29,Sports & Outdoors,SKU-SPO-403,Heavy-Duty Resistance Bands Set,4.0
2026-05-29,Sports & Outdoors,SKU-SPO-404,Ultralight Backpacking Tent 2-Person,0.0
2026-05-29,Sports & Outdoors,SKU-SPO-405,Compact Camping Hammock Portable,3.0
2026-05-30,Apparel,SKU-APP-201,Thermal Fleece Running Hoodie,13.0
2026-05-30,Apparel,SKU-APP-202,Moisture-Wicking Athletic Tee,5.0
2026-05-30,Apparel,SKU-APP-203,Heavyweight Arctic Winter Parka,3.0
2026-05-30,Apparel,SKU-APP-204,Seamless Workout Compression Leggings,11.0
2026-05-30,Apparel,SKU-APP-205,Formal Wool Blazer Tailored,1.0
2026-05-30,Apparel,SKU-APP-206,Organic Cotton Crewneck Sweatshirt,6.0
2026-05-30,Electronics,SKU-ELC-001,Wireless Noise-Canceling Headphones,9.0
2026-05-30,Electronics,SKU-ELC-002,Smart Fitness Watch V2,7.0
2026-05-30,Electronics,SKU-ELC-003,4K Ultra-HD Action Camera,4.0
2026-05-30,Electronics,SKU-ELC-004,USB-C Fast Charging Cable 2M,21.0
2026-05-30,Electronics,SKU-ELC-005,Vintage Stereo Turntable,0.0
2026-05-30,Electronics,SKU-ELC-006,Bluetooth Conference Speaker,4.0
2026-05-30,Electronics,SKU-ELC-007,Ergonomic Mechanical Keyboard,9.0
2026-05-30,Health & Personal Care,SKU-HPC-301,Sonic Electric Toothbrush Pro,5.0
2026-05-30,Health & Personal Care,SKU-HPC-302,Collagen Peptide Powder 500g,5.0
2026-05-30,Health & Personal Care,SKU-HPC-303,Infrared Shiatsu Neck Massager,2.0
2026-05-30,Health & Personal Care,SKU-HPC-304,Daily Multivitamin Gummies 120ct,11.0
2026-05-30,Health & Personal Care,SKU-HPC-305,Aromatherapy Ultrasonic Diffuser,1.0
2026-05-30,Home & Kitchen,SKU-HMK-101,Digital Air Fryer Oven 6Qt,5.0
2026-05-30,Home & Kitchen,SKU-HMK-102,Stainless Steel French Press,4.0
2026-05-30,Home & Kitchen,SKU-HMK-103,Cold Brew Iced Coffee Pitcher,1.0
2026-05-30,Home & Kitchen,SKU-HMK-104,Electric Precision Milk Frother,13.0
2026-05-30,Home & Kitchen,SKU-HMK-105,Cast Iron Dutch Oven 5.5Qt,0.0
2026-05-30,Home & Kitchen,SKU-HMK-106,Smart WiFi Food Scale,2.0
2026-05-30,Home & Kitchen,SKU-HMK-107,Silicone Baking Mat Set,3.0
2026-05-30,Sports & Outdoors,SKU-SPO-401,Insulated Hydro Water Bottle 32oz,8.0
2026-05-30,Sports & Outdoors,SKU-SPO-402,Non-Slip High Density Yoga Mat,2.0
2026-05-30,Sports & Outdoors,SKU-SPO-403,Heavy-Duty Resistance Bands Set,3.0
2026-05-30,Sports & Outdoors,SKU-SPO-404,Ultralight Backpacking Tent 2-Person,0.0
2026-05-30,Sports & Outdoors,SKU-SPO-405,Compact Camping Hammock Portable,9.0
2026-05-31,Apparel,SKU-APP-201,Thermal Fleece Running Hoodie,19.0
2026-05-31,Apparel,SKU-APP-202,Moisture-Wicking Athletic Tee,9.0
2026-05-31,Apparel,SKU-APP-203,Heavyweight Arctic Winter Parka,1.0
2026-05-31,Apparel,SKU-APP-204,Seamless Workout Compression Leggings,12.0
2026-05-31,Apparel,SKU-APP-205,Formal Wool Blazer Tailored,0.0
2026-05-31,Apparel,SKU-APP-206,Organic Cotton Crewneck Sweatshirt,6.0
2026-05-31,Electronics,SKU-ELC-001,Wireless Noise-Canceling Headphones,9.0
2026-05-31,Electronics,SKU-ELC-002,Smart Fitness Watch V2,6.0
2026-05-31,Electronics,SKU-ELC-003,4K Ultra-HD Action Camera,3.0
2026-05-31,Electronics,SKU-ELC-004,USB-C Fast Charging Cable 2M,11.0
2026-05-31,Electronics,SKU-ELC-005,Vintage Stereo Turntable,0.0
2026-05-31,Electronics,SKU-ELC-006,Bluetooth Conference Speaker,7.0
2026-05-31,Electronics,SKU-ELC-007,Ergonomic Mechanical Keyboard,4.0
2026-05-31,Health & Personal Care,SKU-HPC-301,Sonic Electric Toothbrush Pro,9.0
2026-05-31,Health & Personal Care,SKU-HPC-302,Collagen Peptide Powder 500g,8.0
2026-05-31,Health & Personal Care,SKU-HPC-303,Infrared Shiatsu Neck Massager,1.0
2026-05-31,Health & Personal Care,SKU-HPC-304,Daily Multivitamin Gummies 120ct,8.0
2026-05-31,Health & Personal Care,SKU-HPC-305,Aromatherapy Ultrasonic Diffuser,0.0
2026-05-31,Home & Kitchen,SKU-HMK-101,Digital Air Fryer Oven 6Qt,17.0
2026-05-31,Home & Kitchen,SKU-HMK-102,Stainless Steel French Press,5.0
2026-05-31,Home & Kitchen,SKU-HMK-103,Cold Brew Iced Coffee Pitcher,3.0
2026-05-31,Home & Kitchen,SKU-HMK-104,Electric Precision Milk Frother,13.0
2026-05-31,Home & Kitchen,SKU-HMK-105,Cast Iron Dutch Oven 5.5Qt,0.0
2026-05-31,Home & Kitchen,SKU-HMK-106,Smart WiFi Food Scale,6.0
2026-05-31,Home & Kitchen,SKU-HMK-107,Silicone Baking Mat Set,7.0
2026-05-31,Sports & Outdoors,SKU-SPO-401,Insulated Hydro Water Bottle 32oz,5.0
2026-05-31,Sports & Outdoors,SKU-SPO-402,Non-Slip High Density Yoga Mat,6.0
2026-05-31,Sports & Outdoors,SKU-SPO-403,Heavy-Duty Resistance Bands Set,1.0
2026-05-31,Sports & Outdoors,SKU-SPO-404,Ultralight Backpacking Tent 2-Person,0.0
2026-05-31,Sports & Outdoors,SKU-SPO-405,Compact Camping Hammock Portable,8.0
2026-06-01,Apparel,SKU-APP-201,Thermal Fleece Running Hoodie,12.0
2026-06-01,Apparel,SKU-APP-202,Moisture-Wicking Athletic Tee,3.0
2026-06-01,Apparel,SKU-APP-203,Heavyweight Arctic Winter Parka,0.0
2026-06-01,Apparel,SKU-APP-204,Seamless Workout Compression Leggings,13.0
2026-06-01,Apparel,SKU-APP-205,Formal Wool Blazer Tailored,0.0
2026-06-01,Apparel,SKU-APP-206,Organic Cotton Crewneck Sweatshirt,3.0
2026-06-01,Electronics,SKU-ELC-001,Wireless Noise-Canceling Headphones,8.0
2026-06-01,Electronics,SKU-ELC-002,Smart Fitness Watch V2,6.0
2026-06-01,Electronics,SKU-ELC-003,4K Ultra-HD Action Camera,0.0
2026-06-01,Electronics,SKU-ELC-004,USB-C Fast Charging Cable 2M,8.0
2026-06-01,Electronics,SKU-ELC-005,Vintage Stereo Turntable,2.0
2026-06-01,Electronics,SKU-ELC-006,Bluetooth Conference Speaker,3.0
2026-06-01,Electronics,SKU-ELC-007,Ergonomic Mechanical Keyboard,4.0
2026-06-01,Health & Personal Care,SKU-HPC-301,Sonic Electric Toothbrush Pro,7.0
2026-06-01,Health & Personal Care,SKU-HPC-302,Collagen Peptide Powder 500g,7.0
2026-06-01,Health & Personal Care,SKU-HPC-303,Infrared Shiatsu Neck Massager,5.0
2026-06-01,Health & Personal Care,SKU-HPC-304,Daily Multivitamin Gummies 120ct,6.0
2026-06-01,Health & Personal Care,SKU-HPC-305,Aromatherapy Ultrasonic Diffuser,0.0
2026-06-01,Home & Kitchen,SKU-HMK-101,Digital Air Fryer Oven 6Qt,8.0
2026-06-01,Home & Kitchen,SKU-HMK-102,Stainless Steel French Press,4.0
2026-06-01,Home & Kitchen,SKU-HMK-103,Cold Brew Iced Coffee Pitcher,3.0
2026-06-01,Home & Kitchen,SKU-HMK-104,Electric Precision Milk Frother,12.0
2026-06-01,Home & Kitchen,SKU-HMK-105,Cast Iron Dutch Oven 5.5Qt,0.0
2026-06-01,Home & Kitchen,SKU-HMK-106,Smart WiFi Food Scale,3.0
2026-06-01,Home & Kitchen,SKU-HMK-107,Silicone Baking Mat Set,6.0
2026-06-01,Sports & Outdoors,SKU-SPO-401,Insulated Hydro Water Bottle 32oz,4.0
2026-06-01,Sports & Outdoors,SKU-SPO-402,Non-Slip High Density Yoga Mat,6.0
2026-06-01,Sports & Outdoors,SKU-SPO-403,Heavy-Duty Resistance Bands Set,1.0
2026-06-01,Sports & Outdoors,SKU-SPO-404,Ultralight Backpacking Tent 2-Person,0.0
2026-06-01,Sports & Outdoors,SKU-SPO-405,Compact Camping Hammock Portable,2.0
2026-06-02,Apparel,SKU-APP-201,Thermal Fleece Running Hoodie,6.0
2026-06-02,Apparel,SKU-APP-202,Moisture-Wicking Athletic Tee,2.0
2026-06-02,Apparel,SKU-APP-203,Heavyweight Arctic Winter Parka,0.0
2026-06-02,Apparel,SKU-APP-204,Seamless Workout Compression Leggings,8.0
2026-06-02,Apparel,SKU-APP-205,Formal Wool Blazer Tailored,0.0
2026-06-02,Apparel,SKU-APP-206,Organic Cotton Crewneck Sweatshirt,2.0
2026-06-02,Electronics,SKU-ELC-001,Wireless Noise-Canceling Headphones,15.0
2026-06-02,Electronics,SKU-ELC-002,Smart Fitness Watch V2,6.0
2026-06-02,Electronics,SKU-ELC-003,4K Ultra-HD Action Camera,3.0
2026-06-02,Electronics,SKU-ELC-004,USB-C Fast Charging Cable 2M,9.0
2026-06-02,Electronics,SKU-ELC-005,Vintage Stereo Turntable,0.0
2026-06-02,Electronics,SKU-ELC-006,Bluetooth Conference Speaker,3.0
2026-06-02,Electronics,SKU-ELC-007,Ergonomic Mechanical Keyboard,5.0
2026-06-02,Health & Personal Care,SKU-HPC-301,Sonic Electric Toothbrush Pro,10.0
2026-06-02,Health & Personal Care,SKU-HPC-302,Collagen Peptide Powder 500g,4.0
2026-06-02,Health & Personal Care,SKU-HPC-303,Infrared Shiatsu Neck Massager,3.0
2026-06-02,Health & Personal Care,SKU-HPC-304,Daily Multivitamin Gummies 120ct,8.0
2026-06-02,Health & Personal Care,SKU-HPC-305,Aromatherapy Ultrasonic Diffuser,0.0
2026-06-02,Home & Kitchen,SKU-HMK-101,Digital Air Fryer Oven 6Qt,8.0
2026-06-02,Home & Kitchen,SKU-HMK-102,Stainless Steel French Press,3.0
2026-06-02,Home & Kitchen,SKU-HMK-103,Cold Brew Iced Coffee Pitcher,2.0
2026-06-02,Home & Kitchen,SKU-HMK-104,Electric Precision Milk Frother,9.0
2026-06-02,Home & Kitchen,SKU-HMK-105,Cast Iron Dutch Oven 5.5Qt,0.0
2026-06-02,Home & Kitchen,SKU-HMK-106,Smart WiFi Food Scale,3.0
2026-06-02,Home & Kitchen,SKU-HMK-107,Silicone Baking Mat Set,6.0
2026-06-02,Sports & Outdoors,SKU-SPO-401,Insulated Hydro Water Bottle 32oz,9.0
2026-06-02,Sports & Outdoors,SKU-SPO-402,Non-Slip High Density Yoga Mat,5.0
2026-06-02,Sports & Outdoors,SKU-SPO-403,Heavy-Duty Resistance Bands Set,1.0
2026-06-02,Sports & Outdoors,SKU-SPO-404,Ultralight Backpacking Tent 2-Person,0.0
2026-06-02,Sports & Outdoors,SKU-SPO-405,Compact Camping Hammock Portable,5.0
2026-06-03,Apparel,SKU-APP-201,Thermal Fleece Running Hoodie,12.0
2026-06-03,Apparel,SKU-APP-202,Moisture-Wicking Athletic Tee,6.0
2026-06-03,Apparel,SKU-APP-203,Heavyweight Arctic Winter Parka,1.0
2026-06-03,Apparel,SKU-APP-204,Seamless Workout Compression Leggings,13.0
2026-06-03,Apparel,SKU-APP-205,Formal Wool Blazer Tailored,0.0
2026-06-03,Apparel,SKU-APP-206,Organic Cotton Crewneck Sweatshirt,1.0
2026-06-03,Electronics,SKU-ELC-001,Wireless Noise-Canceling Headphones,10.0
2026-06-03,Electronics,SKU-ELC-002,Smart Fitness Watch V2,4.0
2026-06-03,Electronics,SKU-ELC-003,4K Ultra-HD Action Camera,0.0
2026-06-03,Electronics,SKU-ELC-004,USB-C Fast Charging Cable 2M,7.0
2026-06-03,Electronics,SKU-ELC-005,Vintage Stereo Turntable,0.0
2026-06-03,Electronics,SKU-ELC-006,Bluetooth Conference Speaker,4.0
2026-06-03,Electronics,SKU-ELC-007,Ergonomic Mechanical Keyboard,2.0
2026-06-03,Health & Personal Care,SKU-HPC-301,Sonic Electric Toothbrush Pro,5.0
2026-06-03,Health & Personal Care,SKU-HPC-302,Collagen Peptide Powder 500g,5.0
2026-06-03,Health & Personal Care,SKU-HPC-303,Infrared Shiatsu Neck Massager,1.0
2026-06-03,Health & Personal Care,SKU-HPC-304,Daily Multivitamin Gummies 120ct,7.0
2026-06-03,Health & Personal Care,SKU-HPC-305,Aromatherapy Ultrasonic Diffuser,0.0
2026-06-03,Home & Kitchen,SKU-HMK-101,Digital Air Fryer Oven 6Qt,8.0
2026-06-03,Home & Kitchen,SKU-HMK-102,Stainless Steel French Press,2.0
2026-06-03,Home & Kitchen,SKU-HMK-103,Cold Brew Iced Coffee Pitcher,3.0
2026-06-03,Home & Kitchen,SKU-HMK-104,Electric Precision Milk Frother,8.0
2026-06-03,Home & Kitchen,SKU-HMK-105,Cast Iron Dutch Oven 5.5Qt,0.0
2026-06-03,Home & Kitchen,SKU-HMK-106,Smart WiFi Food Scale,1.0
2026-06-03,Home & Kitchen,SKU-HMK-107,Silicone Baking Mat Set,4.0
2026-06-03,Sports & Outdoors,SKU-SPO-401,Insulated Hydro Water Bottle 32oz,2.0
2026-06-03,Sports & Outdoors,SKU-SPO-402,Non-Slip High Density Yoga Mat,7.0
2026-06-03,Sports & Outdoors,SKU-SPO-403,Heavy-Duty Resistance Bands Set,2.0
2026-06-03,Sports & Outdoors,SKU-SPO-404,Ultralight Backpacking Tent 2-Person,0.0
2026-06-03,Sports & Outdoors,SKU-SPO-405,Compact Camping Hammock Portable,5.0
2026-06-04,Apparel,SKU-APP-201,Thermal Fleece Running Hoodie,7.0
2026-06-04,Apparel,SKU-APP-202,Moisture-Wicking Athletic Tee,2.0
2026-06-04,Apparel,SKU-APP-203,Heavyweight Arctic Winter Parka,0.0
2026-06-04,Apparel,SKU-APP-204,Seamless Workout Compression Leggings,8.0
2026-06-04,Apparel,SKU-APP-205,Formal Wool Blazer Tailored,0.0
2026-06-04,Apparel,SKU-APP-206,Organic Cotton Crewneck Sweatshirt,3.0
2026-06-04,Electronics,SKU-ELC-001,Wireless Noise-Canceling Headphones,8.0
2026-06-04,Electronics,SKU-ELC-002,Smart Fitness Watch V2,4.0
2026-06-04,Electronics,SKU-ELC-003,4K Ultra-HD Action Camera,2.0
2026-06-04,Electronics,SKU-ELC-004,USB-C Fast Charging Cable 2M,8.0
2026-06-04,Electronics,SKU-ELC-005,Vintage Stereo Turntable,0.0
2026-06-04,Electronics,SKU-ELC-006,Bluetooth Conference Speaker,6.0
2026-06-04,Electronics,SKU-ELC-007,Ergonomic Mechanical Keyboard,5.0
2026-06-04,Health & Personal Care,SKU-HPC-301,Sonic Electric Toothbrush Pro,3.0
2026-06-04,Health & Personal Care,SKU-HPC-302,Collagen Peptide Powder 500g,1.0
2026-06-04,Health & Personal Care,SKU-HPC-303,Infrared Shiatsu Neck Massager,0.0
2026-06-04,Health & Personal Care,SKU-HPC-304,Daily Multivitamin Gummies 120ct,13.0
2026-06-04,Health & Personal Care,SKU-HPC-305,Aromatherapy Ultrasonic Diffuser,0.0
2026-06-04,Home & Kitchen,SKU-HMK-101,Digital Air Fryer Oven 6Qt,11.0
2026-06-04,Home & Kitchen,SKU-HMK-102,Stainless Steel French Press,3.0
2026-06-04,Home & Kitchen,SKU-HMK-103,Cold Brew Iced Coffee Pitcher,2.0
2026-06-04,Home & Kitchen,SKU-HMK-104,Electric Precision Milk Frother,11.0
2026-06-04,Home & Kitchen,SKU-HMK-105,Cast Iron Dutch Oven 5.5Qt,0.0
2026-06-04,Home & Kitchen,SKU-HMK-106,Smart WiFi Food Scale,5.0
2026-06-04,Home & Kitchen,SKU-HMK-107,Silicone Baking Mat Set,9.0
2026-06-04,Sports & Outdoors,SKU-SPO-401,Insulated Hydro Water Bottle 32oz,5.0
2026-06-04,Sports & Outdoors,SKU-SPO-402,Non-Slip High Density Yoga Mat,0.0
2026-06-04,Sports & Outdoors,SKU-SPO-403,Heavy-Duty Resistance Bands Set,4.0
2026-06-04,Sports & Outdoors,SKU-SPO-404,Ultralight Backpacking Tent 2-Person,0.0
2026-06-04,Sports & Outdoors,SKU-SPO-405,Compact Camping Hammock Portable,2.0
2026-06-05,Apparel,SKU-APP-201,Thermal Fleece Running Hoodie,8.0
2026-06-05,Apparel,SKU-APP-202,Moisture-Wicking Athletic Tee,3.0
2026-06-05,Apparel,SKU-APP-203,Heavyweight Arctic Winter Parka,1.0
2026-06-05,Apparel,SKU-APP-204,Seamless Workout Compression Leggings,7.0
2026-06-05,Apparel,SKU-APP-205,Formal Wool Blazer Tailored,1.0
2026-06-05,Apparel,SKU-APP-206,Organic Cotton Crewneck Sweatshirt,8.0
2026-06-05,Electronics,SKU-ELC-001,Wireless Noise-Canceling Headphones,11.0
2026-06-05,Electronics,SKU-ELC-002,Smart Fitness Watch V2,4.0
2026-06-05,Electronics,SKU-ELC-003,4K Ultra-HD Action Camera,2.0
2026-06-05,Electronics,SKU-ELC-004,USB-C Fast Charging Cable 2M,9.0
2026-06-05,Electronics,SKU-ELC-005,Vintage Stereo Turntable,0.0
2026-06-05,Electronics,SKU-ELC-006,Bluetooth Conference Speaker,7.0
2026-06-05,Electronics,SKU-ELC-007,Ergonomic Mechanical Keyboard,7.0
2026-06-05,Health & Personal Care,SKU-HPC-301,Sonic Electric Toothbrush Pro,2.0
2026-06-05,Health & Personal Care,SKU-HPC-302,Collagen Peptide Powder 500g,7.0
2026-06-05,Health & Personal Care,SKU-HPC-303,Infrared Shiatsu Neck Massager,2.0
2026-06-05,Health & Personal Care,SKU-HPC-304,Daily Multivitamin Gummies 120ct,9.0
2026-06-05,Health & Personal Care,SKU-HPC-305,Aromatherapy Ultrasonic Diffuser,0.0
2026-06-05,Home & Kitchen,SKU-HMK-101,Digital Air Fryer Oven 6Qt,11.0
2026-06-05,Home & Kitchen,SKU-HMK-102,Stainless Steel French Press,5.0
2026-06-05,Home & Kitchen,SKU-HMK-103,Cold Brew Iced Coffee Pitcher,2.0
2026-06-05,Home & Kitchen,SKU-HMK-104,Electric Precision Milk Frother,10.0
2026-06-05,Home & Kitchen,SKU-HMK-105,Cast Iron Dutch Oven 5.5Qt,0.0
2026-06-05,Home & Kitchen,SKU-HMK-106,Smart WiFi Food Scale,3.0
2026-06-05,Home & Kitchen,SKU-HMK-107,Silicone Baking Mat Set,10.0
2026-06-05,Sports & Outdoors,SKU-SPO-401,Insulated Hydro Water Bottle 32oz,4.0
2026-06-05,Sports & Outdoors,SKU-SPO-402,Non-Slip High Density Yoga Mat,5.0
2026-06-05,Sports & Outdoors,SKU-SPO-403,Heavy-Duty Resistance Bands Set,0.0
2026-06-05,Sports & Outdoors,SKU-SPO-404,Ultralight Backpacking Tent 2-Person,0.0
2026-06-05,Sports & Outdoors,SKU-SPO-405,Compact Camping Hammock Portable,3.0
2026-06-06,Apparel,SKU-APP-201,Thermal Fleece Running Hoodie,20.0
2026-06-06,Apparel,SKU-APP-202,Moisture-Wicking Athletic Tee,8.0
2026-06-06,Apparel,SKU-APP-203,Heavyweight Arctic Winter Parka,2.0
2026-06-06,Apparel,SKU-APP-204,Seamless Workout Compression Leggings,9.0
2026-06-06,Apparel,SKU-APP-205,Formal Wool Blazer Tailored,0.0
2026-06-06,Apparel,SKU-APP-206,Organic Cotton Crewneck Sweatshirt,8.0
2026-06-06,Electronics,SKU-ELC-001,Wireless Noise-Canceling Headphones,11.0
2026-06-06,Electronics,SKU-ELC-002,Smart Fitness Watch V2,6.0
2026-06-06,Electronics,SKU-ELC-003,4K Ultra-HD Action Camera,2.0
2026-06-06,Electronics,SKU-ELC-004,USB-C Fast Charging Cable 2M,9.0
2026-06-06,Electronics,SKU-ELC-005,Vintage Stereo Turntable,0.0
2026-06-06,Electronics,SKU-ELC-006,Bluetooth Conference Speaker,4.0
2026-06-06,Electronics,SKU-ELC-007,Ergonomic Mechanical Keyboard,11.0
2026-06-06,Health & Personal Care,SKU-HPC-301,Sonic Electric Toothbrush Pro,10.0
2026-06-06,Health & Personal Care,SKU-HPC-302,Collagen Peptide Powder 500g,7.0
2026-06-06,Health & Personal Care,SKU-HPC-303,Infrared Shiatsu Neck Massager,1.0
2026-06-06,Health & Personal Care,SKU-HPC-304,Daily Multivitamin Gummies 120ct,7.0
2026-06-06,Health & Personal Care,SKU-HPC-305,Aromatherapy Ultrasonic Diffuser,0.0
2026-06-06,Home & Kitchen,SKU-HMK-101,Digital Air Fryer Oven 6Qt,18.0
2026-06-06,Home & Kitchen,SKU-HMK-102,Stainless Steel French Press,4.0
2026-06-06,Home & Kitchen,SKU-HMK-103,Cold Brew Iced Coffee Pitcher,2.0
2026-06-06,Home & Kitchen,SKU-HMK-104,Electric Precision Milk Frother,12.0
2026-06-06,Home & Kitchen,SKU-HMK-105,Cast Iron Dutch Oven 5.5Qt,0.0
2026-06-06,Home & Kitchen,SKU-HMK-106,Smart WiFi Food Scale,4.0
2026-06-06,Home & Kitchen,SKU-HMK-107,Silicone Baking Mat Set,8.0
2026-06-06,Sports & Outdoors,SKU-SPO-401,Insulated Hydro Water Bottle 32oz,7.0
2026-06-06,Sports & Outdoors,SKU-SPO-402,Non-Slip High Density Yoga Mat,7.0
2026-06-06,Sports & Outdoors,SKU-SPO-403,Heavy-Duty Resistance Bands Set,0.0
2026-06-06,Sports & Outdoors,SKU-SPO-404,Ultralight Backpacking Tent 2-Person,0.0
2026-06-06,Sports & Outdoors,SKU-SPO-405,Compact Camping Hammock Portable,5.0
2026-06-07,Apparel,SKU-APP-201,Thermal Fleece Running Hoodie,17.0
2026-06-07,Apparel,SKU-APP-202,Moisture-Wicking Athletic Tee,5.0
2026-06-07,Apparel,SKU-APP-203,Heavyweight Arctic Winter Parka,3.0
2026-06-07,Apparel,SKU-APP-204,Seamless Workout Compression Leggings,11.0
2026-06-07,Apparel,SKU-APP-205,Formal Wool Blazer Tailored,0.0
2026-06-07,Apparel,SKU-APP-206,Organic Cotton Crewneck Sweatshirt,7.0
2026-06-07,Electronics,SKU-ELC-001,Wireless Noise-Canceling Headphones,10.0
2026-06-07,Electronics,SKU-ELC-002,Smart Fitness Watch V2,3.0
2026-06-07,Electronics,SKU-ELC-003,4K Ultra-HD Action Camera,3.0
2026-06-07,Electronics,SKU-ELC-004,USB-C Fast Charging Cable 2M,25.0
2026-06-07,Electronics,SKU-ELC-005,Vintage Stereo Turntable,1.0
2026-06-07,Electronics,SKU-ELC-006,Bluetooth Conference Speaker,4.0
2026-06-07,Electronics,SKU-ELC-007,Ergonomic Mechanical Keyboard,9.0
2026-06-07,Health & Personal Care,SKU-HPC-301,Sonic Electric Toothbrush Pro,6.0
2026-06-07,Health & Personal Care,SKU-HPC-302,Collagen Peptide Powder 500g,4.0
2026-06-07,Health & Personal Care,SKU-HPC-303,Infrared Shiatsu Neck Massager,2.0
2026-06-07,Health & Personal Care,SKU-HPC-304,Daily Multivitamin Gummies 120ct,15.0
2026-06-07,Health & Personal Care,SKU-HPC-305,Aromatherapy Ultrasonic Diffuser,0.0
2026-06-07,Home & Kitchen,SKU-HMK-101,Digital Air Fryer Oven 6Qt,9.0
2026-06-07,Home & Kitchen,SKU-HMK-102,Stainless Steel French Press,6.0
2026-06-07,Home & Kitchen,SKU-HMK-103,Cold Brew Iced Coffee Pitcher,1.0
2026-06-07,Home & Kitchen,SKU-HMK-104,Electric Precision Milk Frother,12.0
2026-06-07,Home & Kitchen,SKU-HMK-105,Cast Iron Dutch Oven 5.5Qt,0.0
2026-06-07,Home & Kitchen,SKU-HMK-106,Smart WiFi Food Scale,6.0
2026-06-07,Home & Kitchen,SKU-HMK-107,Silicone Baking Mat Set,4.0
2026-06-07,Sports & Outdoors,SKU-SPO-401,Insulated Hydro Water Bottle 32oz,4.0
2026-06-07,Sports & Outdoors,SKU-SPO-402,Non-Slip High Density Yoga Mat,3.0
2026-06-07,Sports & Outdoors,SKU-SPO-403,Heavy-Duty Resistance Bands Set,2.0
2026-06-07,Sports & Outdoors,SKU-SPO-404,Ultralight Backpacking Tent 2-Person,0.0
2026-06-07,Sports & Outdoors,SKU-SPO-405,Compact Camping Hammock Portable,14.0
2026-06-08,Apparel,SKU-APP-201,Thermal Fleece Running Hoodie,11.0
2026-06-08,Apparel,SKU-APP-202,Moisture-Wicking Athletic Tee,5.0
2026-06-08,Apparel,SKU-APP-203,Heavyweight Arctic Winter Parka,1.0
2026-06-08,Apparel,SKU-APP-204,Seamless Workout Compression Leggings,9.0
2026-06-08,Apparel,SKU-APP-205,Formal Wool Blazer Tailored,0.0
2026-06-08,Apparel,SKU-APP-206,Organic Cotton Crewneck Sweatshirt,3.0
2026-06-08,Electronics,SKU-ELC-001,Wireless Noise-Canceling Headphones,10.0
2026-06-08,Electronics,SKU-ELC-002,Smart Fitness Watch V2,5.0
2026-06-08,Electronics,SKU-ELC-003,4K Ultra-HD Action Camera,2.0
2026-06-08,Electronics,SKU-ELC-004,USB-C Fast Charging Cable 2M,9.0
2026-06-08,Electronics,SKU-ELC-005,Vintage Stereo Turntable,0.0
2026-06-08,Electronics,SKU-ELC-006,Bluetooth Conference Speaker,5.0
2026-06-08,Electronics,SKU-ELC-007,Ergonomic Mechanical Keyboard,5.0
2026-06-08,Health & Personal Care,SKU-HPC-301,Sonic Electric Toothbrush Pro,1.0
2026-06-08,Health & Personal Care,SKU-HPC-302,Collagen Peptide Powder 500g,5.0
2026-06-08,Health & Personal Care,SKU-HPC-303,Infrared Shiatsu Neck Massager,0.0
2026-06-08,Health & Personal Care,SKU-HPC-304,Daily Multivitamin Gummies 120ct,13.0
2026-06-08,Health & Personal Care,SKU-HPC-305,Aromatherapy Ultrasonic Diffuser,0.0
2026-06-08,Home & Kitchen,SKU-HMK-101,Digital Air Fryer Oven 6Qt,13.0
2026-06-08,Home & Kitchen,SKU-HMK-102,Stainless Steel French Press,6.0
2026-06-08,Home & Kitchen,SKU-HMK-103,Cold Brew Iced Coffee Pitcher,2.0
2026-06-08,Home & Kitchen,SKU-HMK-104,Electric Precision Milk Frother,5.0
2026-06-08,Home & Kitchen,SKU-HMK-105,Cast Iron Dutch Oven 5.5Qt,0.0
2026-06-08,Home & Kitchen,SKU-HMK-106,Smart WiFi Food Scale,7.0
2026-06-08,Home & Kitchen,SKU-HMK-107,Silicone Baking Mat Set,8.0
2026-06-08,Sports & Outdoors,SKU-SPO-401,Insulated Hydro Water Bottle 32oz,3.0
2026-06-08,Sports & Outdoors,SKU-SPO-402,Non-Slip High Density Yoga Mat,10.0
2026-06-08,Sports & Outdoors,SKU-SPO-403,Heavy-Duty Resistance Bands Set,1.0
2026-06-08,Sports & Outdoors,SKU-SPO-404,Ultralight Backpacking Tent 2-Person,0.0
2026-06-08,Sports & Outdoors,SKU-SPO-405,Compact Camping Hammock Portable,1.0
2026-06-09,Apparel,SKU-APP-201,Thermal Fleece Running Hoodie,7.0
2026-06-09,Apparel,SKU-APP-202,Moisture-Wicking Athletic Tee,2.0
2026-06-09,Apparel,SKU-APP-203,Heavyweight Arctic Winter Parka,2.0
2026-06-09,Apparel,SKU-APP-204,Seamless Workout Compression Leggings,8.0
2026-06-09,Apparel,SKU-APP-205,Formal Wool Blazer Tailored,0.0
2026-06-09,Apparel,SKU-APP-206,Organic Cotton Crewneck Sweatshirt,1.0
2026-06-09,Electronics,SKU-ELC-001,Wireless Noise-Canceling Headphones,8.0
2026-06-09,Electronics,SKU-ELC-002,Smart Fitness Watch V2,1.0
2026-06-09,Electronics,SKU-ELC-003,4K Ultra-HD Action Camera,2.0
2026-06-09,Electronics,SKU-ELC-004,USB-C Fast Charging Cable 2M,8.0
2026-06-09,Electronics,SKU-ELC-005,Vintage Stereo Turntable,0.0
2026-06-09,Electronics,SKU-ELC-006,Bluetooth Conference Speaker,4.0
2026-06-09,Electronics,SKU-ELC-007,Ergonomic Mechanical Keyboard,2.0
2026-06-09,Health & Personal Care,SKU-HPC-301,Sonic Electric Toothbrush Pro,8.0
2026-06-09,Health & Personal Care,SKU-HPC-302,Collagen Peptide Powder 500g,3.0
2026-06-09,Health & Personal Care,SKU-HPC-303,Infrared Shiatsu Neck Massager,2.0
2026-06-09,Health & Personal Care,SKU-HPC-304,Daily Multivitamin Gummies 120ct,10.0
2026-06-09,Health & Personal Care,SKU-HPC-305,Aromatherapy Ultrasonic Diffuser,0.0
2026-06-09,Home & Kitchen,SKU-HMK-101,Digital Air Fryer Oven 6Qt,2.0
2026-06-09,Home & Kitchen,SKU-HMK-102,Stainless Steel French Press,6.0
2026-06-09,Home & Kitchen,SKU-HMK-103,Cold Brew Iced Coffee Pitcher,3.0
2026-06-09,Home & Kitchen,SKU-HMK-104,Electric Precision Milk Frother,10.0
2026-06-09,Home & Kitchen,SKU-HMK-105,Cast Iron Dutch Oven 5.5Qt,0.0
2026-06-09,Home & Kitchen,SKU-HMK-106,Smart WiFi Food Scale,4.0
2026-06-09,Home & Kitchen,SKU-HMK-107,Silicone Baking Mat Set,8.0
2026-06-09,Sports & Outdoors,SKU-SPO-401,Insulated Hydro Water Bottle 32oz,9.0
2026-06-09,Sports & Outdoors,SKU-SPO-402,Non-Slip High Density Yoga Mat,0.0
2026-06-09,Sports & Outdoors,SKU-SPO-403,Heavy-Duty Resistance Bands Set,0.0
2026-06-09,Sports & Outdoors,SKU-SPO-404,Ultralight Backpacking Tent 2-Person,1.0
2026-06-09,Sports & Outdoors,SKU-SPO-405,Compact Camping Hammock Portable,2.0
2026-06-10,Apparel,SKU-APP-201,Thermal Fleece Running Hoodie,14.0
2026-06-10,Apparel,SKU-APP-202,Moisture-Wicking Athletic Tee,4.0
2026-06-10,Apparel,SKU-APP-203,Heavyweight Arctic Winter Parka,4.0
2026-06-10,Apparel,SKU-APP-204,Seamless Workout Compression Leggings,11.0
2026-06-10,Apparel,SKU-APP-205,Formal Wool Blazer Tailored,0.0
2026-06-10,Apparel,SKU-APP-206,Organic Cotton Crewneck Sweatshirt,4.0
2026-06-10,Electronics,SKU-ELC-001,Wireless Noise-Canceling Headphones,11.0
2026-06-10,Electronics,SKU-ELC-002,Smart Fitness Watch V2,8.0
2026-06-10,Electronics,SKU-ELC-003,4K Ultra-HD Action Camera,3.0
2026-06-10,Electronics,SKU-ELC-004,USB-C Fast Charging Cable 2M,7.0
2026-06-10,Electronics,SKU-ELC-005,Vintage Stereo Turntable,0.0
2026-06-10,Electronics,SKU-ELC-006,Bluetooth Conference Speaker,3.0
2026-06-10,Electronics,SKU-ELC-007,Ergonomic Mechanical Keyboard,9.0
2026-06-10,Health & Personal Care,SKU-HPC-301,Sonic Electric Toothbrush Pro,2.0
2026-06-10,Health & Personal Care,SKU-HPC-302,Collagen Peptide Powder 500g,4.0
2026-06-10,Health & Personal Care,SKU-HPC-303,Infrared Shiatsu Neck Massager,3.0
2026-06-10,Health & Personal Care,SKU-HPC-304,Daily Multivitamin Gummies 120ct,10.0
2026-06-10,Health & Personal Care,SKU-HPC-305,Aromatherapy Ultrasonic Diffuser,0.0
2026-06-10,Home & Kitchen,SKU-HMK-101,Digital Air Fryer Oven 6Qt,13.0
2026-06-10,Home & Kitchen,SKU-HMK-102,Stainless Steel French Press,2.0
2026-06-10,Home & Kitchen,SKU-HMK-103,Cold Brew Iced Coffee Pitcher,2.0
2026-06-10,Home & Kitchen,SKU-HMK-104,Electric Precision Milk Frother,10.0
2026-06-10,Home & Kitchen,SKU-HMK-105,Cast Iron Dutch Oven 5.5Qt,0.0
2026-06-10,Home & Kitchen,SKU-HMK-106,Smart WiFi Food Scale,4.0
2026-06-10,Home & Kitchen,SKU-HMK-107,Silicone Baking Mat Set,2.0
2026-06-10,Sports & Outdoors,SKU-SPO-401,Insulated Hydro Water Bottle 32oz,4.0
2026-06-10,Sports & Outdoors,SKU-SPO-402,Non-Slip High Density Yoga Mat,2.0
2026-06-10,Sports & Outdoors,SKU-SPO-403,Heavy-Duty Resistance Bands Set,2.0
2026-06-10,Sports & Outdoors,SKU-SPO-404,Ultralight Backpacking Tent 2-Person,0.0
2026-06-10,Sports & Outdoors,SKU-SPO-405,Compact Camping Hammock Portable,3.0
2026-06-11,Apparel,SKU-APP-201,Thermal Fleece Running Hoodie,13.0
2026-06-11,Apparel,SKU-APP-202,Moisture-Wicking Athletic Tee,3.0
2026-06-11,Apparel,SKU-APP-203,Heavyweight Arctic Winter Parka,3.0
2026-06-11,Apparel,SKU-APP-204,Seamless Workout Compression Leggings,5.0
2026-06-11,Apparel,SKU-APP-205,Formal Wool Blazer Tailored,0.0
2026-06-11,Apparel,SKU-APP-206,Organic Cotton Crewneck Sweatshirt,6.0
2026-06-11,Electronics,SKU-ELC-001,Wireless Noise-Canceling Headphones,11.0
2026-06-11,Electronics,SKU-ELC-002,Smart Fitness Watch V2,2.0
2026-06-11,Electronics,SKU-ELC-003,4K Ultra-HD Action Camera,0.0
2026-06-11,Electronics,SKU-ELC-004,USB-C Fast Charging Cable 2M,7.0
2026-06-11,Electronics,SKU-ELC-005,Vintage Stereo Turntable,0.0
2026-06-11,Electronics,SKU-ELC-006,Bluetooth Conference Speaker,5.0
2026-06-11,Electronics,SKU-ELC-007,Ergonomic Mechanical Keyboard,4.0
2026-06-11,Health & Personal Care,SKU-HPC-301,Sonic Electric Toothbrush Pro,6.0
2026-06-11,Health & Personal Care,SKU-HPC-302,Collagen Peptide Powder 500g,6.0
2026-06-11,Health & Personal Care,SKU-HPC-303,Infrared Shiatsu Neck Massager,1.0
2026-06-11,Health & Personal Care,SKU-HPC-304,Daily Multivitamin Gummies 120ct,7.0
2026-06-11,Health & Personal Care,SKU-HPC-305,Aromatherapy Ultrasonic Diffuser,0.0
2026-06-11,Home & Kitchen,SKU-HMK-101,Digital Air Fryer Oven 6Qt,9.0
2026-06-11,Home & Kitchen,SKU-HMK-102,Stainless Steel French Press,7.0
2026-06-11,Home & Kitchen,SKU-HMK-103,Cold Brew Iced Coffee Pitcher,1.0
2026-06-11,Home & Kitchen,SKU-HMK-104,Electric Precision Milk Frother,10.0
2026-06-11,Home & Kitchen,SKU-HMK-105,Cast Iron Dutch Oven 5.5Qt,0.0
2026-06-11,Home & Kitchen,SKU-HMK-106,Smart WiFi Food Scale,2.0
2026-06-11,Home & Kitchen,SKU-HMK-107,Silicone Baking Mat Set,5.0
2026-06-11,Sports & Outdoors,SKU-SPO-401,Insulated Hydro Water Bottle 32oz,4.0
2026-06-11,Sports & Outdoors,SKU-SPO-402,Non-Slip High Density Yoga Mat,7.0
2026-06-11,Sports & Outdoors,SKU-SPO-403,Heavy-Duty Resistance Bands Set,0.0
2026-06-11,Sports & Outdoors,SKU-SPO-404,Ultralight Backpacking Tent 2-Person,0.0
2026-06-11,Sports & Outdoors,SKU-SPO-405,Compact Camping Hammock Portable,9.0
2026-06-12,Apparel,SKU-APP-201,Thermal Fleece Running Hoodie,12.0
2026-06-12,Apparel,SKU-APP-202,Moisture-Wicking Athletic Tee,5.0
2026-06-12,Apparel,SKU-APP-203,Heavyweight Arctic Winter Parka,1.0
2026-06-12,Apparel,SKU-APP-204,Seamless Workout Compression Leggings,10.0
2026-06-12,Apparel,SKU-APP-205,Formal Wool Blazer Tailored,0.0
2026-06-12,Apparel,SKU-APP-206,Organic Cotton Crewneck Sweatshirt,4.0
2026-06-12,Electronics,SKU-ELC-001,Wireless Noise-Canceling Headphones,10.0
2026-06-12,Electronics,SKU-ELC-002,Smart Fitness Watch V2,2.0
2026-06-12,Electronics,SKU-ELC-003,4K Ultra-HD Action Camera,0.0
2026-06-12,Electronics,SKU-ELC-004,USB-C Fast Charging Cable 2M,12.0
2026-06-12,Electronics,SKU-ELC-005,Vintage Stereo Turntable,0.0
2026-06-12,Electronics,SKU-ELC-006,Bluetooth Conference Speaker,6.0
2026-06-12,Electronics,SKU-ELC-007,Ergonomic Mechanical Keyboard,9.0
2026-06-12,Health & Personal Care,SKU-HPC-301,Sonic Electric Toothbrush Pro,5.0
2026-06-12,Health & Personal Care,SKU-HPC-302,Collagen Peptide Powder 500g,6.0
2026-06-12,Health & Personal Care,SKU-HPC-303,Infrared Shiatsu Neck Massager,1.0
2026-06-12,Health & Personal Care,SKU-HPC-304,Daily Multivitamin Gummies 120ct,12.0
2026-06-12,Health & Personal Care,SKU-HPC-305,Aromatherapy Ultrasonic Diffuser,0.0
2026-06-12,Home & Kitchen,SKU-HMK-101,Digital Air Fryer Oven 6Qt,13.0
2026-06-12,Home & Kitchen,SKU-HMK-102,Stainless Steel French Press,6.0
2026-06-12,Home & Kitchen,SKU-HMK-103,Cold Brew Iced Coffee Pitcher,1.0
2026-06-12,Home & Kitchen,SKU-HMK-104,Electric Precision Milk Frother,6.0
2026-06-12,Home & Kitchen,SKU-HMK-105,Cast Iron Dutch Oven 5.5Qt,0.0
2026-06-12,Home & Kitchen,SKU-HMK-106,Smart WiFi Food Scale,2.0
2026-06-12,Home & Kitchen,SKU-HMK-107,Silicone Baking Mat Set,7.0
2026-06-12,Sports & Outdoors,SKU-SPO-401,Insulated Hydro Water Bottle 32oz,7.0
2026-06-12,Sports & Outdoors,SKU-SPO-402,Non-Slip High Density Yoga Mat,3.0
2026-06-12,Sports & Outdoors,SKU-SPO-403,Heavy-Duty Resistance Bands Set,1.0
2026-06-12,Sports & Outdoors,SKU-SPO-404,Ultralight Backpacking Tent 2-Person,0.0
2026-06-12,Sports & Outdoors,SKU-SPO-405,Compact Camping Hammock Portable,6.0
2026-06-13,Apparel,SKU-APP-201,Thermal Fleece Running Hoodie,13.0
2026-06-13,Apparel,SKU-APP-202,Moisture-Wicking Athletic Tee,3.0
2026-06-13,Apparel,SKU-APP-203,Heavyweight Arctic Winter Parka,1.0
2026-06-13,Apparel,SKU-APP-204,Seamless Workout Compression Leggings,9.0
2026-06-13,Apparel,SKU-APP-205,Formal Wool Blazer Tailored,0.0
2026-06-13,Apparel,SKU-APP-206,Organic Cotton Crewneck Sweatshirt,5.0
2026-06-13,Electronics,SKU-ELC-001,Wireless Noise-Canceling Headphones,6.0
2026-06-13,Electronics,SKU-ELC-002,Smart Fitness Watch V2,5.0
2026-06-13,Electronics,SKU-ELC-003,4K Ultra-HD Action Camera,2.0
2026-06-13,Electronics,SKU-ELC-004,USB-C Fast Charging Cable 2M,9.0
2026-06-13,Electronics,SKU-ELC-005,Vintage Stereo Turntable,0.0
2026-06-13,Electronics,SKU-ELC-006,Bluetooth Conference Speaker,4.0
2026-06-13,Electronics,SKU-ELC-007,Ergonomic Mechanical Keyboard,4.0
2026-06-13,Health & Personal Care,SKU-HPC-301,Sonic Electric Toothbrush Pro,5.0
2026-06-13,Health & Personal Care,SKU-HPC-302,Collagen Peptide Powder 500g,10.0
2026-06-13,Health & Personal Care,SKU-HPC-303,Infrared Shiatsu Neck Massager,3.0
2026-06-13,Health & Personal Care,SKU-HPC-304,Daily Multivitamin Gummies 120ct,12.0
2026-06-13,Health & Personal Care,SKU-HPC-305,Aromatherapy Ultrasonic Diffuser,1.0
2026-06-13,Home & Kitchen,SKU-HMK-101,Digital Air Fryer Oven 6Qt,13.0
2026-06-13,Home & Kitchen,SKU-HMK-102,Stainless Steel French Press,6.0
2026-06-13,Home & Kitchen,SKU-HMK-103,Cold Brew Iced Coffee Pitcher,1.0
2026-06-13,Home & Kitchen,SKU-HMK-104,Electric Precision Milk Frother,9.0
2026-06-13,Home & Kitchen,SKU-HMK-105,Cast Iron Dutch Oven 5.5Qt,0.0
2026-06-13,Home & Kitchen,SKU-HMK-106,Smart WiFi Food Scale,9.0
2026-06-13,Home & Kitchen,SKU-HMK-107,Silicone Baking Mat Set,4.0
2026-06-13,Sports & Outdoors,SKU-SPO-401,Insulated Hydro Water Bottle 32oz,10.0
2026-06-13,Sports & Outdoors,SKU-SPO-402,Non-Slip High Density Yoga Mat,7.0
2026-06-13,Sports & Outdoors,SKU-SPO-403,Heavy-Duty Resistance Bands Set,1.0
2026-06-13,Sports & Outdoors,SKU-SPO-404,Ultralight Backpacking Tent 2-Person,0.0
2026-06-13,Sports & Outdoors,SKU-SPO-405,Compact Camping Hammock Portable,9.0
2026-06-14,Apparel,SKU-APP-201,Thermal Fleece Running Hoodie,10.0
2026-06-14,Apparel,SKU-APP-202,Moisture-Wicking Athletic Tee,7.0
2026-06-14,Apparel,SKU-APP-203,Heavyweight Arctic Winter Parka,2.0
2026-06-14,Apparel,SKU-APP-204,Seamless Workout Compression Leggings,6.0
2026-06-14,Apparel,SKU-APP-205,Formal Wool Blazer Tailored,0.0
2026-06-14,Apparel,SKU-APP-206,Organic Cotton Crewneck Sweatshirt,9.0
2026-06-14,Electronics,SKU-ELC-001,Wireless Noise-Canceling Headphones,9.0
2026-06-14,Electronics,SKU-ELC-002,Smart Fitness Watch V2,5.0
2026-06-14,Electronics,SKU-ELC-003,4K Ultra-HD Action Camera,1.0
2026-06-14,Electronics,SKU-ELC-004,USB-C Fast Charging Cable 2M,20.0
2026-06-14,Electronics,SKU-ELC-005,Vintage Stereo Turntable,0.0
2026-06-14,Electronics,SKU-ELC-006,Bluetooth Conference Speaker,7.0
2026-06-14,Electronics,SKU-ELC-007,Ergonomic Mechanical Keyboard,7.0
2026-06-14,Health & Personal Care,SKU-HPC-301,Sonic Electric Toothbrush Pro,6.0
2026-06-14,Health & Personal Care,SKU-HPC-302,Collagen Peptide Powder 500g,5.0
2026-06-14,Health & Personal Care,SKU-HPC-303,Infrared Shiatsu Neck Massager,3.0
2026-06-14,Health & Personal Care,SKU-HPC-304,Daily Multivitamin Gummies 120ct,6.0
2026-06-14,Health & Personal Care,SKU-HPC-305,Aromatherapy Ultrasonic Diffuser,0.0
2026-06-14,Home & Kitchen,SKU-HMK-101,Digital Air Fryer Oven 6Qt,15.0
2026-06-14,Home & Kitchen,SKU-HMK-102,Stainless Steel French Press,5.0
2026-06-14,Home & Kitchen,SKU-HMK-103,Cold Brew Iced Coffee Pitcher,4.0
2026-06-14,Home & Kitchen,SKU-HMK-104,Electric Precision Milk Frother,11.0
2026-06-14,Home & Kitchen,SKU-HMK-105,Cast Iron Dutch Oven 5.5Qt,1.0
2026-06-14,Home & Kitchen,SKU-HMK-106,Smart WiFi Food Scale,7.0
2026-06-14,Home & Kitchen,SKU-HMK-107,Silicone Baking Mat Set,13.0
2026-06-14,Sports & Outdoors,SKU-SPO-401,Insulated Hydro Water Bottle 32oz,11.0
2026-06-14,Sports & Outdoors,SKU-SPO-402,Non-Slip High Density Yoga Mat,10.0
2026-06-14,Sports & Outdoors,SKU-SPO-403,Heavy-Duty Resistance Bands Set,5.0
2026-06-14,Sports & Outdoors,SKU-SPO-404,Ultralight Backpacking Tent 2-Person,0.0
2026-06-14,Sports & Outdoors,SKU-SPO-405,Compact Camping Hammock Portable,5.0
2026-06-15,Apparel,SKU-APP-201,Thermal Fleece Running Hoodie,16.0
2026-06-15,Apparel,SKU-APP-202,Moisture-Wicking Athletic Tee,5.0
2026-06-15,Apparel,SKU-APP-203,Heavyweight Arctic Winter Parka,2.0
2026-06-15,Apparel,SKU-APP-204,Seamless Workout Compression Leggings,4.0
2026-06-15,Apparel,SKU-APP-205,Formal Wool Blazer Tailored,0.0
2026-06-15,Apparel,SKU-APP-206,Organic Cotton Crewneck Sweatshirt,3.0
2026-06-15,Electronics,SKU-ELC-001,Wireless Noise-Canceling Headphones,14.0
2026-06-15,Electronics,SKU-ELC-002,Smart Fitness Watch V2,4.0
2026-06-15,Electronics,SKU-ELC-003,4K Ultra-HD Action Camera,1.0
2026-06-15,Electronics,SKU-ELC-004,USB-C Fast Charging Cable 2M,5.0
2026-06-15,Electronics,SKU-ELC-005,Vintage Stereo Turntable,0.0
2026-06-15,Electronics,SKU-ELC-006,Bluetooth Conference Speaker,4.0
2026-06-15,Electronics,SKU-ELC-007,Ergonomic Mechanical Keyboard,7.0
2026-06-15,Health & Personal Care,SKU-HPC-301,Sonic Electric Toothbrush Pro,2.0
2026-06-15,Health & Personal Care,SKU-HPC-302,Collagen Peptide Powder 500g,5.0
2026-06-15,Health & Personal Care,SKU-HPC-303,Infrared Shiatsu Neck Massager,4.0
2026-06-15,Health & Personal Care,SKU-HPC-304,Daily Multivitamin Gummies 120ct,7.0
2026-06-15,Health & Personal Care,SKU-HPC-305,Aromatherapy Ultrasonic Diffuser,1.0
2026-06-15,Home & Kitchen,SKU-HMK-101,Digital Air Fryer Oven 6Qt,7.0
2026-06-15,Home & Kitchen,SKU-HMK-102,Stainless Steel French Press,4.0
2026-06-15,Home & Kitchen,SKU-HMK-103,Cold Brew Iced Coffee Pitcher,1.0
2026-06-15,Home & Kitchen,SKU-HMK-104,Electric Precision Milk Frother,11.0
2026-06-15,Home & Kitchen,SKU-HMK-105,Cast Iron Dutch Oven 5.5Qt,0.0
2026-06-15,Home & Kitchen,SKU-HMK-106,Smart WiFi Food Scale,7.0
2026-06-15,Home & Kitchen,SKU-HMK-107,Silicone Baking Mat Set,4.0
2026-06-15,Sports & Outdoors,SKU-SPO-401,Insulated Hydro Water Bottle 32oz,6.0
2026-06-15,Sports & Outdoors,SKU-SPO-402,Non-Slip High Density Yoga Mat,4.0
2026-06-15,Sports & Outdoors,SKU-SPO-403,Heavy-Duty Resistance Bands Set,4.0
2026-06-15,Sports & Outdoors,SKU-SPO-404,Ultralight Backpacking Tent 2-Person,0.0
2026-06-15,Sports & Outdoors,SKU-SPO-405,Compact Camping Hammock Portable,3.0
2026-06-16,Apparel,SKU-APP-201,Thermal Fleece Running Hoodie,7.0
2026-06-16,Apparel,SKU-APP-202,Moisture-Wicking Athletic Tee,2.0
2026-06-16,Apparel,SKU-APP-203,Heavyweight Arctic Winter Parka,1.0
2026-06-16,Apparel,SKU-APP-204,Seamless Workout Compression Leggings,7.0
2026-06-16,Apparel,SKU-APP-205,Formal Wool Blazer Tailored,1.0
2026-06-16,Apparel,SKU-APP-206,Organic Cotton Crewneck Sweatshirt,9.0
2026-06-16,Electronics,SKU-ELC-001,Wireless Noise-Canceling Headphones,12.0
2026-06-16,Electronics,SKU-ELC-002,Smart Fitness Watch V2,1.0
2026-06-16,Electronics,SKU-ELC-003,4K Ultra-HD Action Camera,4.0
2026-06-16,Electronics,SKU-ELC-004,USB-C Fast Charging Cable 2M,8.0
2026-06-16,Electronics,SKU-ELC-005,Vintage Stereo Turntable,0.0
2026-06-16,Electronics,SKU-ELC-006,Bluetooth Conference Speaker,3.0
2026-06-16,Electronics,SKU-ELC-007,Ergonomic Mechanical Keyboard,6.0
2026-06-16,Health & Personal Care,SKU-HPC-301,Sonic Electric Toothbrush Pro,7.0
2026-06-16,Health & Personal Care,SKU-HPC-302,Collagen Peptide Powder 500g,5.0
2026-06-16,Health & Personal Care,SKU-HPC-303,Infrared Shiatsu Neck Massager,7.0
2026-06-16,Health & Personal Care,SKU-HPC-304,Daily Multivitamin Gummies 120ct,6.0
2026-06-16,Health & Personal Care,SKU-HPC-305,Aromatherapy Ultrasonic Diffuser,0.0
2026-06-16,Home & Kitchen,SKU-HMK-101,Digital Air Fryer Oven 6Qt,12.0
2026-06-16,Home & Kitchen,SKU-HMK-102,Stainless Steel French Press,4.0
2026-06-16,Home & Kitchen,SKU-HMK-103,Cold Brew Iced Coffee Pitcher,2.0
2026-06-16,Home & Kitchen,SKU-HMK-104,Electric Precision Milk Frother,7.0
2026-06-16,Home & Kitchen,SKU-HMK-105,Cast Iron Dutch Oven 5.5Qt,0.0
2026-06-16,Home & Kitchen,SKU-HMK-106,Smart WiFi Food Scale,3.0
2026-06-16,Home & Kitchen,SKU-HMK-107,Silicone Baking Mat Set,4.0
2026-06-16,Sports & Outdoors,SKU-SPO-401,Insulated Hydro Water Bottle 32oz,6.0
2026-06-16,Sports & Outdoors,SKU-SPO-402,Non-Slip High Density Yoga Mat,4.0
2026-06-16,Sports & Outdoors,SKU-SPO-403,Heavy-Duty Resistance Bands Set,2.0
2026-06-16,Sports & Outdoors,SKU-SPO-404,Ultralight Backpacking Tent 2-Person,0.0
2026-06-16,Sports & Outdoors,SKU-SPO-405,Compact Camping Hammock Portable,1.0
2026-06-17,Apparel,SKU-APP-201,Thermal Fleece Running Hoodie,10.0
2026-06-17,Apparel,SKU-APP-202,Moisture-Wicking Athletic Tee,3.0
2026-06-17,Apparel,SKU-APP-203,Heavyweight Arctic Winter Parka,0.0
2026-06-17,Apparel,SKU-APP-204,Seamless Workout Compression Leggings,6.0
2026-06-17,Apparel,SKU-APP-205,Formal Wool Blazer Tailored,0.0
2026-06-17,Apparel,SKU-APP-206,Organic Cotton Crewneck Sweatshirt,2.0
2026-06-17,Electronics,SKU-ELC-001,Wireless Noise-Canceling Headphones,11.0
2026-06-17,Electronics,SKU-ELC-002,Smart Fitness Watch V2,4.0
2026-06-17,Electronics,SKU-ELC-003,4K Ultra-HD Action Camera,3.0
2026-06-17,Electronics,SKU-ELC-004,USB-C Fast Charging Cable 2M,9.0
2026-06-17,Electronics,SKU-ELC-005,Vintage Stereo Turntable,0.0
2026-06-17,Electronics,SKU-ELC-006,Bluetooth Conference Speaker,5.0
2026-06-17,Electronics,SKU-ELC-007,Ergonomic Mechanical Keyboard,5.0
2026-06-17,Health & Personal Care,SKU-HPC-301,Sonic Electric Toothbrush Pro,7.0
2026-06-17,Health & Personal Care,SKU-HPC-302,Collagen Peptide Powder 500g,3.0
2026-06-17,Health & Personal Care,SKU-HPC-303,Infrared Shiatsu Neck Massager,2.0
2026-06-17,Health & Personal Care,SKU-HPC-304,Daily Multivitamin Gummies 120ct,10.0
2026-06-17,Health & Personal Care,SKU-HPC-305,Aromatherapy Ultrasonic Diffuser,0.0
2026-06-17,Home & Kitchen,SKU-HMK-101,Digital Air Fryer Oven 6Qt,13.0
2026-06-17,Home & Kitchen,SKU-HMK-102,Stainless Steel French Press,3.0
2026-06-17,Home & Kitchen,SKU-HMK-103,Cold Brew Iced Coffee Pitcher,1.0
2026-06-17,Home & Kitchen,SKU-HMK-104,Electric Precision Milk Frother,8.0
2026-06-17,Home & Kitchen,SKU-HMK-105,Cast Iron Dutch Oven 5.5Qt,0.0
2026-06-17,Home & Kitchen,SKU-HMK-106,Smart WiFi Food Scale,3.0
2026-06-17,Home & Kitchen,SKU-HMK-107,Silicone Baking Mat Set,5.0
2026-06-17,Sports & Outdoors,SKU-SPO-401,Insulated Hydro Water Bottle 32oz,9.0
2026-06-17,Sports & Outdoors,SKU-SPO-402,Non-Slip High Density Yoga Mat,6.0
2026-06-17,Sports & Outdoors,SKU-SPO-403,Heavy-Duty Resistance Bands Set,0.0
2026-06-17,Sports & Outdoors,SKU-SPO-404,Ultralight Backpacking Tent 2-Person,0.0
2026-06-17,Sports & Outdoors,SKU-SPO-405,Compact Camping Hammock Portable,2.0
2026-06-18,Apparel,SKU-APP-201,Thermal Fleece Running Hoodie,8.0
2026-06-18,Apparel,SKU-APP-202,Moisture-Wicking Athletic Tee,3.0
2026-06-18,Apparel,SKU-APP-203,Heavyweight Arctic Winter Parka,2.0
2026-06-18,Apparel,SKU-APP-204,Seamless Workout Compression Leggings,6.0
2026-06-18,Apparel,SKU-APP-205,Formal Wool Blazer Tailored,0.0
2026-06-18,Apparel,SKU-APP-206,Organic Cotton Crewneck Sweatshirt,6.0
2026-06-18,Electronics,SKU-ELC-001,Wireless Noise-Canceling Headphones,10.0
2026-06-18,Electronics,SKU-ELC-002,Smart Fitness Watch V2,8.0
2026-06-18,Electronics,SKU-ELC-003,4K Ultra-HD Action Camera,2.0
2026-06-18,Electronics,SKU-ELC-004,USB-C Fast Charging Cable 2M,5.0
2026-06-18,Electronics,SKU-ELC-005,Vintage Stereo Turntable,0.0
2026-06-18,Electronics,SKU-ELC-006,Bluetooth Conference Speaker,10.0
2026-06-18,Electronics,SKU-ELC-007,Ergonomic Mechanical Keyboard,5.0
2026-06-18,Health & Personal Care,SKU-HPC-301,Sonic Electric Toothbrush Pro,5.0
2026-06-18,Health & Personal Care,SKU-HPC-302,Collagen Peptide Powder 500g,6.0
2026-06-18,Health & Personal Care,SKU-HPC-303,Infrared Shiatsu Neck Massager,4.0
2026-06-18,Health & Personal Care,SKU-HPC-304,Daily Multivitamin Gummies 120ct,10.0
2026-06-18,Health & Personal Care,SKU-HPC-305,Aromatherapy Ultrasonic Diffuser,0.0
2026-06-18,Home & Kitchen,SKU-HMK-101,Digital Air Fryer Oven 6Qt,6.0
2026-06-18,Home & Kitchen,SKU-HMK-102,Stainless Steel French Press,4.0
2026-06-18,Home & Kitchen,SKU-HMK-103,Cold Brew Iced Coffee Pitcher,1.0
2026-06-18,Home & Kitchen,SKU-HMK-104,Electric Precision Milk Frother,12.0
2026-06-18,Home & Kitchen,SKU-HMK-105,Cast Iron Dutch Oven 5.5Qt,0.0
2026-06-18,Home & Kitchen,SKU-HMK-106,Smart WiFi Food Scale,1.0
2026-06-18,Home & Kitchen,SKU-HMK-107,Silicone Baking Mat Set,4.0
2026-06-18,Sports & Outdoors,SKU-SPO-401,Insulated Hydro Water Bottle 32oz,3.0
2026-06-18,Sports & Outdoors,SKU-SPO-402,Non-Slip High Density Yoga Mat,3.0
2026-06-18,Sports & Outdoors,SKU-SPO-403,Heavy-Duty Resistance Bands Set,0.0
2026-06-18,Sports & Outdoors,SKU-SPO-404,Ultralight Backpacking Tent 2-Person,0.0
2026-06-18,Sports & Outdoors,SKU-SPO-405,Compact Camping Hammock Portable,3.0
2026-06-19,Apparel,SKU-APP-201,Thermal Fleece Running Hoodie,14.0
2026-06-19,Apparel,SKU-APP-202,Moisture-Wicking Athletic Tee,0.0
2026-06-19,Apparel,SKU-APP-203,Heavyweight Arctic Winter Parka,0.0
2026-06-19,Apparel,SKU-APP-204,Seamless Workout Compression Leggings,8.0
2026-06-19,Apparel,SKU-APP-205,Formal Wool Blazer Tailored,0.0
2026-06-19,Apparel,SKU-APP-206,Organic Cotton Crewneck Sweatshirt,2.0
2026-06-19,Electronics,SKU-ELC-001,Wireless Noise-Canceling Headphones,16.0
2026-06-19,Electronics,SKU-ELC-002,Smart Fitness Watch V2,3.0
2026-06-19,Electronics,SKU-ELC-003,4K Ultra-HD Action Camera,0.0
2026-06-19,Electronics,SKU-ELC-004,USB-C Fast Charging Cable 2M,15.0
2026-06-19,Electronics,SKU-ELC-005,Vintage Stereo Turntable,1.0
2026-06-19,Electronics,SKU-ELC-006,Bluetooth Conference Speaker,6.0
2026-06-19,Electronics,SKU-ELC-007,Ergonomic Mechanical Keyboard,5.0
2026-06-19,Health & Personal Care,SKU-HPC-301,Sonic Electric Toothbrush Pro,5.0
2026-06-19,Health & Personal Care,SKU-HPC-302,Collagen Peptide Powder 500g,3.0
2026-06-19,Health & Personal Care,SKU-HPC-303,Infrared Shiatsu Neck Massager,2.0
2026-06-19,Health & Personal Care,SKU-HPC-304,Daily Multivitamin Gummies 120ct,9.0
2026-06-19,Health & Personal Care,SKU-HPC-305,Aromatherapy Ultrasonic Diffuser,0.0
2026-06-19,Home & Kitchen,SKU-HMK-101,Digital Air Fryer Oven 6Qt,11.0
2026-06-19,Home & Kitchen,SKU-HMK-102,Stainless Steel French Press,5.0
2026-06-19,Home & Kitchen,SKU-HMK-103,Cold Brew Iced Coffee Pitcher,1.0
2026-06-19,Home & Kitchen,SKU-HMK-104,Electric Precision Milk Frother,6.0
2026-06-19,Home & Kitchen,SKU-HMK-105,Cast Iron Dutch Oven 5.5Qt,0.0
2026-06-19,Home & Kitchen,SKU-HMK-106,Smart WiFi Food Scale,6.0
2026-06-19,Home & Kitchen,SKU-HMK-107,Silicone Baking Mat Set,4.0
2026-06-19,Sports & Outdoors,SKU-SPO-401,Insulated Hydro Water Bottle 32oz,5.0
2026-06-19,Sports & Outdoors,SKU-SPO-402,Non-Slip High Density Yoga Mat,5.0
2026-06-19,Sports & Outdoors,SKU-SPO-403,Heavy-Duty Resistance Bands Set,2.0
2026-06-19,Sports & Outdoors,SKU-SPO-404,Ultralight Backpacking Tent 2-Person,0.0
2026-06-19,Sports & Outdoors,SKU-SPO-405,Compact Camping Hammock Portable,4.0
2026-06-20,Apparel,SKU-APP-201,Thermal Fleece Running Hoodie,15.0
2026-06-20,Apparel,SKU-APP-202,Moisture-Wicking Athletic Tee,8.0
2026-06-20,Apparel,SKU-APP-203,Heavyweight Arctic Winter Parka,2.0
2026-06-20,Apparel,SKU-APP-204,Seamless Workout Compression Leggings,11.0
2026-06-20,Apparel,SKU-APP-205,Formal Wool Blazer Tailored,0.0
2026-06-20,Apparel,SKU-APP-206,Organic Cotton Crewneck Sweatshirt,5.0
2026-06-20,Electronics,SKU-ELC-001,Wireless Noise-Canceling Headphones,24.0
2026-06-20,Electronics,SKU-ELC-002,Smart Fitness Watch V2,7.0
2026-06-20,Electronics,SKU-ELC-003,4K Ultra-HD Action Camera,4.0
2026-06-20,Electronics,SKU-ELC-004,USB-C Fast Charging Cable 2M,13.0
2026-06-20,Electronics,SKU-ELC-005,Vintage Stereo Turntable,0.0
2026-06-20,Electronics,SKU-ELC-006,Bluetooth Conference Speaker,5.0
2026-06-20,Electronics,SKU-ELC-007,Ergonomic Mechanical Keyboard,8.0
2026-06-20,Health & Personal Care,SKU-HPC-301,Sonic Electric Toothbrush Pro,8.0
2026-06-20,Health & Personal Care,SKU-HPC-302,Collagen Peptide Powder 500g,3.0
2026-06-20,Health & Personal Care,SKU-HPC-303,Infrared Shiatsu Neck Massager,2.0
2026-06-20,Health & Personal Care,SKU-HPC-304,Daily Multivitamin Gummies 120ct,19.0
2026-06-20,Health & Personal Care,SKU-HPC-305,Aromatherapy Ultrasonic Diffuser,0.0
2026-06-20,Home & Kitchen,SKU-HMK-101,Digital Air Fryer Oven 6Qt,15.0
2026-06-20,Home & Kitchen,SKU-HMK-102,Stainless Steel French Press,7.0
2026-06-20,Home & Kitchen,SKU-HMK-103,Cold Brew Iced Coffee Pitcher,2.0
2026-06-20,Home & Kitchen,SKU-HMK-104,Electric Precision Milk Frother,12.0
2026-06-20,Home & Kitchen,SKU-HMK-105,Cast Iron Dutch Oven 5.5Qt,0.0
2026-06-20,Home & Kitchen,SKU-HMK-106,Smart WiFi Food Scale,10.0
2026-06-20,Home & Kitchen,SKU-HMK-107,Silicone Baking Mat Set,12.0
2026-06-20,Sports & Outdoors,SKU-SPO-401,Insulated Hydro Water Bottle 32oz,5.0
2026-06-20,Sports & Outdoors,SKU-SPO-402,Non-Slip High Density Yoga Mat,5.0
2026-06-20,Sports & Outdoors,SKU-SPO-403,Heavy-Duty Resistance Bands Set,3.0
2026-06-20,Sports & Outdoors,SKU-SPO-404,Ultralight Backpacking Tent 2-Person,0.0
2026-06-20,Sports & Outdoors,SKU-SPO-405,Compact Camping Hammock Portable,4.0
2026-06-21,Apparel,SKU-APP-201,Thermal Fleece Running Hoodie,16.0
2026-06-21,Apparel,SKU-APP-202,Moisture-Wicking Athletic Tee,3.0
2026-06-21,Apparel,SKU-APP-203,Heavyweight Arctic Winter Parka,0.0
2026-06-21,Apparel,SKU-APP-204,Seamless Workout Compression Leggings,8.0
2026-06-21,Apparel,SKU-APP-205,Formal Wool Blazer Tailored,0.0
2026-06-21,Apparel,SKU-APP-206,Organic Cotton Crewneck Sweatshirt,7.0
2026-06-21,Electronics,SKU-ELC-001,Wireless Noise-Canceling Headphones,10.0
2026-06-21,Electronics,SKU-ELC-002,Smart Fitness Watch V2,10.0
2026-06-21,Electronics,SKU-ELC-003,4K Ultra-HD Action Camera,2.0
2026-06-21,Electronics,SKU-ELC-004,USB-C Fast Charging Cable 2M,9.0
2026-06-21,Electronics,SKU-ELC-005,Vintage Stereo Turntable,0.0
2026-06-21,Electronics,SKU-ELC-006,Bluetooth Conference Speaker,3.0
2026-06-21,Electronics,SKU-ELC-007,Ergonomic Mechanical Keyboard,8.0
2026-06-21,Health & Personal Care,SKU-HPC-301,Sonic Electric Toothbrush Pro,16.0
2026-06-21,Health & Personal Care,SKU-HPC-302,Collagen Peptide Powder 500g,6.0
2026-06-21,Health & Personal Care,SKU-HPC-303,Infrared Shiatsu Neck Massager,2.0
2026-06-21,Health & Personal Care,SKU-HPC-304,Daily Multivitamin Gummies 120ct,9.0
2026-06-21,Health & Personal Care,SKU-HPC-305,Aromatherapy Ultrasonic Diffuser,0.0
2026-06-21,Home & Kitchen,SKU-HMK-101,Digital Air Fryer Oven 6Qt,14.0
2026-06-21,Home & Kitchen,SKU-HMK-102,Stainless Steel French Press,4.0
2026-06-21,Home & Kitchen,SKU-HMK-103,Cold Brew Iced Coffee Pitcher,4.0
2026-06-21,Home & Kitchen,SKU-HMK-104,Electric Precision Milk Frother,14.0
2026-06-21,Home & Kitchen,SKU-HMK-105,Cast Iron Dutch Oven 5.5Qt,0.0
2026-06-21,Home & Kitchen,SKU-HMK-106,Smart WiFi Food Scale,7.0
2026-06-21,Home & Kitchen,SKU-HMK-107,Silicone Baking Mat Set,11.0
2026-06-21,Sports & Outdoors,SKU-SPO-401,Insulated Hydro Water Bottle 32oz,12.0
2026-06-21,Sports & Outdoors,SKU-SPO-402,Non-Slip High Density Yoga Mat,10.0
2026-06-21,Sports & Outdoors,SKU-SPO-403,Heavy-Duty Resistance Bands Set,2.0
2026-06-21,Sports & Outdoors,SKU-SPO-404,Ultralight Backpacking Tent 2-Person,0.0
2026-06-21,Sports & Outdoors,SKU-SPO-405,Compact Camping Hammock Portable,8.0
2026-06-22,Apparel,SKU-APP-201,Thermal Fleece Running Hoodie,9.0
2026-06-22,Apparel,SKU-APP-202,Moisture-Wicking Athletic Tee,3.0
2026-06-22,Apparel,SKU-APP-203,Heavyweight Arctic Winter Parka,2.0
2026-06-22,Apparel,SKU-APP-204,Seamless Workout Compression Leggings,9.0
2026-06-22,Apparel,SKU-APP-205,Formal Wool Blazer Tailored,0.0
2026-06-22,Apparel,SKU-APP-206,Organic Cotton Crewneck Sweatshirt,4.0
2026-06-22,Electronics,SKU-ELC-001,Wireless Noise-Canceling Headphones,13.0
2026-06-22,Electronics,SKU-ELC-002,Smart Fitness Watch V2,7.0
2026-06-22,Electronics,SKU-ELC-003,4K Ultra-HD Action Camera,3.0
2026-06-22,Electronics,SKU-ELC-004,USB-C Fast Charging Cable 2M,12.0
2026-06-22,Electronics,SKU-ELC-005,Vintage Stereo Turntable,0.0
2026-06-22,Electronics,SKU-ELC-006,Bluetooth Conference Speaker,2.0
2026-06-22,Electronics,SKU-ELC-007,Ergonomic Mechanical Keyboard,7.0
2026-06-22,Health & Personal Care,SKU-HPC-301,Sonic Electric Toothbrush Pro,10.0
2026-06-22,Health & Personal Care,SKU-HPC-302,Collagen Peptide Powder 500g,6.0
2026-06-22,Health & Personal Care,SKU-HPC-303,Infrared Shiatsu Neck Massager,1.0
2026-06-22,Health & Personal Care,SKU-HPC-304,Daily Multivitamin Gummies 120ct,12.0
2026-06-22,Health & Personal Care,SKU-HPC-305,Aromatherapy Ultrasonic Diffuser,0.0
2026-06-22,Home & Kitchen,SKU-HMK-101,Digital Air Fryer Oven 6Qt,14.0
2026-06-22,Home & Kitchen,SKU-HMK-102,Stainless Steel French Press,4.0
2026-06-22,Home & Kitchen,SKU-HMK-103,Cold Brew Iced Coffee Pitcher,2.0
2026-06-22,Home & Kitchen,SKU-HMK-104,Electric Precision Milk Frother,9.0
2026-06-22,Home & Kitchen,SKU-HMK-105,Cast Iron Dutch Oven 5.5Qt,0.0
2026-06-22,Home & Kitchen,SKU-HMK-106,Smart WiFi Food Scale,5.0
2026-06-22,Home & Kitchen,SKU-HMK-107,Silicone Baking Mat Set,10.0
2026-06-22,Sports & Outdoors,SKU-SPO-401,Insulated Hydro Water Bottle 32oz,5.0
2026-06-22,Sports & Outdoors,SKU-SPO-402,Non-Slip High Density Yoga Mat,7.0
2026-06-22,Sports & Outdoors,SKU-SPO-403,Heavy-Duty Resistance Bands Set,3.0
2026-06-22,Sports & Outdoors,SKU-SPO-404,Ultralight Backpacking Tent 2-Person,0.0
2026-06-22,Sports & Outdoors,SKU-SPO-405,Compact Camping Hammock Portable,7.0
2026-06-23,Apparel,SKU-APP-201,Thermal Fleece Running Hoodie,13.0
2026-06-23,Apparel,SKU-APP-202,Moisture-Wicking Athletic Tee,11.0
2026-06-23,Apparel,SKU-APP-203,Heavyweight Arctic Winter Parka,3.0
2026-06-23,Apparel,SKU-APP-204,Seamless Workout Compression Leggings,7.0
2026-06-23,Apparel,SKU-APP-205,Formal Wool Blazer Tailored,0.0
2026-06-23,Apparel,SKU-APP-206,Organic Cotton Crewneck Sweatshirt,4.0
2026-06-23,Electronics,SKU-ELC-001,Wireless Noise-Canceling Headphones,14.0
2026-06-23,Electronics,SKU-ELC-002,Smart Fitness Watch V2,1.0
2026-06-23,Electronics,SKU-ELC-003,4K Ultra-HD Action Camera,2.0
2026-06-23,Electronics,SKU-ELC-004,USB-C Fast Charging Cable 2M,5.0
2026-06-23,Electronics,SKU-ELC-005,Vintage Stereo Turntable,0.0
2026-06-23,Electronics,SKU-ELC-006,Bluetooth Conference Speaker,5.0
2026-06-23,Electronics,SKU-ELC-007,Ergonomic Mechanical Keyboard,10.0
2026-06-23,Health & Personal Care,SKU-HPC-301,Sonic Electric Toothbrush Pro,10.0
2026-06-23,Health & Personal Care,SKU-HPC-302,Collagen Peptide Powder 500g,7.0
2026-06-23,Health & Personal Care,SKU-HPC-303,Infrared Shiatsu Neck Massager,1.0
2026-06-23,Health & Personal Care,SKU-HPC-304,Daily Multivitamin Gummies 120ct,5.0
2026-06-23,Health & Personal Care,SKU-HPC-305,Aromatherapy Ultrasonic Diffuser,0.0
2026-06-23,Home & Kitchen,SKU-HMK-101,Digital Air Fryer Oven 6Qt,15.0
2026-06-23,Home & Kitchen,SKU-HMK-102,Stainless Steel French Press,3.0
2026-06-23,Home & Kitchen,SKU-HMK-103,Cold Brew Iced Coffee Pitcher,1.0
2026-06-23,Home & Kitchen,SKU-HMK-104,Electric Precision Milk Frother,10.0
2026-06-23,Home & Kitchen,SKU-HMK-105,Cast Iron Dutch Oven 5.5Qt,0.0
2026-06-23,Home & Kitchen,SKU-HMK-106,Smart WiFi Food Scale,3.0
2026-06-23,Home & Kitchen,SKU-HMK-107,Silicone Baking Mat Set,4.0
2026-06-23,Sports & Outdoors,SKU-SPO-401,Insulated Hydro Water Bottle 32oz,4.0
2026-06-23,Sports & Outdoors,SKU-SPO-402,Non-Slip High Density Yoga Mat,7.0
2026-06-23,Sports & Outdoors,SKU-SPO-403,Heavy-Duty Resistance Bands Set,1.0
2026-06-23,Sports & Outdoors,SKU-SPO-404,Ultralight Backpacking Tent 2-Person,0.0
2026-06-23,Sports & Outdoors,SKU-SPO-405,Compact Camping Hammock Portable,6.0
2026-06-24,Apparel,SKU-APP-201,Thermal Fleece Running Hoodie,6.0
2026-06-24,Apparel,SKU-APP-202,Moisture-Wicking Athletic Tee,3.0
2026-06-24,Apparel,SKU-APP-203,Heavyweight Arctic Winter Parka,5.0
2026-06-24,Apparel,SKU-APP-204,Seamless Workout Compression Leggings,11.0
2026-06-24,Apparel,SKU-APP-205,Formal Wool Blazer Tailored,1.0
2026-06-24,Apparel,SKU-APP-206,Organic Cotton Crewneck Sweatshirt,3.0
2026-06-24,Electronics,SKU-ELC-001,Wireless Noise-Canceling Headphones,14.0
2026-06-24,Electronics,SKU-ELC-002,Smart Fitness Watch V2,5.0
2026-06-24,Electronics,SKU-ELC-003,4K Ultra-HD Action Camera,1.0
2026-06-24,Electronics,SKU-ELC-004,USB-C Fast Charging Cable 2M,8.0
2026-06-24,Electronics,SKU-ELC-005,Vintage Stereo Turntable,0.0
2026-06-24,Electronics,SKU-ELC-006,Bluetooth Conference Speaker,2.0
2026-06-24,Electronics,SKU-ELC-007,Ergonomic Mechanical Keyboard,7.0
2026-06-24,Health & Personal Care,SKU-HPC-301,Sonic Electric Toothbrush Pro,6.0
2026-06-24,Health & Personal Care,SKU-HPC-302,Collagen Peptide Powder 500g,6.0
2026-06-24,Health & Personal Care,SKU-HPC-303,Infrared Shiatsu Neck Massager,5.0
2026-06-24,Health & Personal Care,SKU-HPC-304,Daily Multivitamin Gummies 120ct,12.0
2026-06-24,Health & Personal Care,SKU-HPC-305,Aromatherapy Ultrasonic Diffuser,0.0
2026-06-24,Home & Kitchen,SKU-HMK-101,Digital Air Fryer Oven 6Qt,10.0
2026-06-24,Home & Kitchen,SKU-HMK-102,Stainless Steel French Press,4.0
2026-06-24,Home & Kitchen,SKU-HMK-103,Cold Brew Iced Coffee Pitcher,0.0
2026-06-24,Home & Kitchen,SKU-HMK-104,Electric Precision Milk Frother,10.0
2026-06-24,Home & Kitchen,SKU-HMK-105,Cast Iron Dutch Oven 5.5Qt,0.0
2026-06-24,Home & Kitchen,SKU-HMK-106,Smart WiFi Food Scale,6.0
2026-06-24,Home & Kitchen,SKU-HMK-107,Silicone Baking Mat Set,8.0
2026-06-24,Sports & Outdoors,SKU-SPO-401,Insulated Hydro Water Bottle 32oz,11.0
2026-06-24,Sports & Outdoors,SKU-SPO-402,Non-Slip High Density Yoga Mat,5.0
2026-06-24,Sports & Outdoors,SKU-SPO-403,Heavy-Duty Resistance Bands Set,4.0
2026-06-24,Sports & Outdoors,SKU-SPO-404,Ultralight Backpacking Tent 2-Person,0.0
2026-06-24,Sports & Outdoors,SKU-SPO-405,Compact Camping Hammock Portable,7.0
2026-06-25,Apparel,SKU-APP-201,Thermal Fleece Running Hoodie,4.0
2026-06-25,Apparel,SKU-APP-202,Moisture-Wicking Athletic Tee,7.0
2026-06-25,Apparel,SKU-APP-203,Heavyweight Arctic Winter Parka,1.0
2026-06-25,Apparel,SKU-APP-204,Seamless Workout Compression Leggings,5.0
2026-06-25,Apparel,SKU-APP-205,Formal Wool Blazer Tailored,0.0
2026-06-25,Apparel,SKU-APP-206,Organic Cotton Crewneck Sweatshirt,5.0
2026-06-25,Electronics,SKU-ELC-001,Wireless Noise-Canceling Headphones,7.0
2026-06-25,Electronics,SKU-ELC-002,Smart Fitness Watch V2,3.0
2026-06-25,Electronics,SKU-ELC-003,4K Ultra-HD Action Camera,2.0
2026-06-25,Electronics,SKU-ELC-004,USB-C Fast Charging Cable 2M,7.0
2026-06-25,Electronics,SKU-ELC-005,Vintage Stereo Turntable,0.0
2026-06-25,Electronics,SKU-ELC-006,Bluetooth Conference Speaker,5.0
2026-06-25,Electronics,SKU-ELC-007,Ergonomic Mechanical Keyboard,5.0
2026-06-25,Health & Personal Care,SKU-HPC-301,Sonic Electric Toothbrush Pro,13.0
2026-06-25,Health & Personal Care,SKU-HPC-302,Collagen Peptide Powder 500g,7.0
2026-06-25,Health & Personal Care,SKU-HPC-303,Infrared Shiatsu Neck Massager,0.0
2026-06-25,Health & Personal Care,SKU-HPC-304,Daily Multivitamin Gummies 120ct,7.0
2026-06-25,Health & Personal Care,SKU-HPC-305,Aromatherapy Ultrasonic Diffuser,0.0
2026-06-25,Home & Kitchen,SKU-HMK-101,Digital Air Fryer Oven 6Qt,15.0
2026-06-25,Home & Kitchen,SKU-HMK-102,Stainless Steel French Press,2.0
2026-06-25,Home & Kitchen,SKU-HMK-103,Cold Brew Iced Coffee Pitcher,0.0
2026-06-25,Home & Kitchen,SKU-HMK-104,Electric Precision Milk Frother,19.0
2026-06-25,Home & Kitchen,SKU-HMK-105,Cast Iron Dutch Oven 5.5Qt,0.0
2026-06-25,Home & Kitchen,SKU-HMK-106,Smart WiFi Food Scale,5.0
2026-06-25,Home & Kitchen,SKU-HMK-107,Silicone Baking Mat Set,4.0
2026-06-25,Sports & Outdoors,SKU-SPO-401,Insulated Hydro Water Bottle 32oz,6.0
2026-06-25,Sports & Outdoors,SKU-SPO-402,Non-Slip High Density Yoga Mat,0.0
2026-06-25,Sports & Outdoors,SKU-SPO-403,Heavy-Duty Resistance Bands Set,1.0
2026-06-25,Sports & Outdoors,SKU-SPO-404,Ultralight Backpacking Tent 2-Person,1.0
2026-06-25,Sports & Outdoors,SKU-SPO-405,Compact Camping Hammock Portable,0.0
2026-06-26,Apparel,SKU-APP-201,Thermal Fleece Running Hoodie,13.0
2026-06-26,Apparel,SKU-APP-202,Moisture-Wicking Athletic Tee,8.0
2026-06-26,Apparel,SKU-APP-203,Heavyweight Arctic Winter Parka,2.0
2026-06-26,Apparel,SKU-APP-204,Seamless Workout Compression Leggings,16.0
2026-06-26,Apparel,SKU-APP-205,Formal Wool Blazer Tailored,0.0
2026-06-26,Apparel,SKU-APP-206,Organic Cotton Crewneck Sweatshirt,1.0
2026-06-26,Electronics,SKU-ELC-001,Wireless Noise-Canceling Headphones,14.0
2026-06-26,Electronics,SKU-ELC-002,Smart Fitness Watch V2,7.0
2026-06-26,Electronics,SKU-ELC-003,4K Ultra-HD Action Camera,2.0
2026-06-26,Electronics,SKU-ELC-004,USB-C Fast Charging Cable 2M,12.0
2026-06-26,Electronics,SKU-ELC-005,Vintage Stereo Turntable,0.0
2026-06-26,Electronics,SKU-ELC-006,Bluetooth Conference Speaker,1.0
2026-06-26,Electronics,SKU-ELC-007,Ergonomic Mechanical Keyboard,6.0
2026-06-26,Health & Personal Care,SKU-HPC-301,Sonic Electric Toothbrush Pro,3.0
2026-06-26,Health & Personal Care,SKU-HPC-302,Collagen Peptide Powder 500g,10.0
2026-06-26,Health & Personal Care,SKU-HPC-303,Infrared Shiatsu Neck Massager,1.0
2026-06-26,Health & Personal Care,SKU-HPC-304,Daily Multivitamin Gummies 120ct,7.0
2026-06-26,Health & Personal Care,SKU-HPC-305,Aromatherapy Ultrasonic Diffuser,0.0
2026-06-26,Home & Kitchen,SKU-HMK-101,Digital Air Fryer Oven 6Qt,15.0
2026-06-26,Home & Kitchen,SKU-HMK-102,Stainless Steel French Press,2.0
2026-06-26,Home & Kitchen,SKU-HMK-103,Cold Brew Iced Coffee Pitcher,0.0
2026-06-26,Home & Kitchen,SKU-HMK-104,Electric Precision Milk Frother,12.0
2026-06-26,Home & Kitchen,SKU-HMK-105,Cast Iron Dutch Oven 5.5Qt,0.0
2026-06-26,Home & Kitchen,SKU-HMK-106,Smart WiFi Food Scale,7.0
2026-06-26,Home & Kitchen,SKU-HMK-107,Silicone Baking Mat Set,7.0
2026-06-26,Sports & Outdoors,SKU-SPO-401,Insulated Hydro Water Bottle 32oz,6.0
2026-06-26,Sports & Outdoors,SKU-SPO-402,Non-Slip High Density Yoga Mat,5.0
2026-06-26,Sports & Outdoors,SKU-SPO-403,Heavy-Duty Resistance Bands Set,2.0
2026-06-26,Sports & Outdoors,SKU-SPO-404,Ultralight Backpacking Tent 2-Person,0.0
2026-06-26,Sports & Outdoors,SKU-SPO-405,Compact Camping Hammock Portable,1.0
2026-06-27,Apparel,SKU-APP-201,Thermal Fleece Running Hoodie,11.0
2026-06-27,Apparel,SKU-APP-202,Moisture-Wicking Athletic Tee,6.0
2026-06-27,Apparel,SKU-APP-203,Heavyweight Arctic Winter Parka,2.0
2026-06-27,Apparel,SKU-APP-204,Seamless Workout Compression Leggings,13.0
2026-06-27,Apparel,SKU-APP-205,Formal Wool Blazer Tailored,1.0
2026-06-27,Apparel,SKU-APP-206,Organic Cotton Crewneck Sweatshirt,3.0
2026-06-27,Electronics,SKU-ELC-001,Wireless Noise-Canceling Headphones,15.0
2026-06-27,Electronics,SKU-ELC-002,Smart Fitness Watch V2,3.0
2026-06-27,Electronics,SKU-ELC-003,4K Ultra-HD Action Camera,1.0
2026-06-27,Electronics,SKU-ELC-004,USB-C Fast Charging Cable 2M,17.0
2026-06-27,Electronics,SKU-ELC-005,Vintage Stereo Turntable,0.0
2026-06-27,Electronics,SKU-ELC-006,Bluetooth Conference Speaker,6.0
2026-06-27,Electronics,SKU-ELC-007,Ergonomic Mechanical Keyboard,10.0
2026-06-27,Health & Personal Care,SKU-HPC-301,Sonic Electric Toothbrush Pro,5.0
2026-06-27,Health & Personal Care,SKU-HPC-302,Collagen Peptide Powder 500g,5.0
2026-06-27,Health & Personal Care,SKU-HPC-303,Infrared Shiatsu Neck Massager,0.0
2026-06-27,Health & Personal Care,SKU-HPC-304,Daily Multivitamin Gummies 120ct,14.0
2026-06-27,Health & Personal Care,SKU-HPC-305,Aromatherapy Ultrasonic Diffuser,0.0
2026-06-27,Home & Kitchen,SKU-HMK-101,Digital Air Fryer Oven 6Qt,10.0
2026-06-27,Home & Kitchen,SKU-HMK-102,Stainless Steel French Press,4.0
2026-06-27,Home & Kitchen,SKU-HMK-103,Cold Brew Iced Coffee Pitcher,4.0
2026-06-27,Home & Kitchen,SKU-HMK-104,Electric Precision Milk Frother,21.0
2026-06-27,Home & Kitchen,SKU-HMK-105,Cast Iron Dutch Oven 5.5Qt,0.0
2026-06-27,Home & Kitchen,SKU-HMK-106,Smart WiFi Food Scale,6.0
2026-06-27,Home & Kitchen,SKU-HMK-107,Silicone Baking Mat Set,14.0
2026-06-27,Sports & Outdoors,SKU-SPO-401,Insulated Hydro Water Bottle 32oz,2.0
2026-06-27,Sports & Outdoors,SKU-SPO-402,Non-Slip High Density Yoga Mat,7.0
2026-06-27,Sports & Outdoors,SKU-SPO-403,Heavy-Duty Resistance Bands Set,4.0
2026-06-27,Sports & Outdoors,SKU-SPO-404,Ultralight Backpacking Tent 2-Person,0.0
2026-06-27,Sports & Outdoors,SKU-SPO-405,Compact Camping Hammock Portable,8.0
2026-06-28,Apparel,SKU-APP-201,Thermal Fleece Running Hoodie,17.0
2026-06-28,Apparel,SKU-APP-202,Moisture-Wicking Athletic Tee,5.0
2026-06-28,Apparel,SKU-APP-203,Heavyweight Arctic Winter Parka,2.0
2026-06-28,Apparel,SKU-APP-204,Seamless Workout Compression Leggings,10.0
2026-06-28,Apparel,SKU-APP-205,Formal Wool Blazer Tailored,1.0
2026-06-28,Apparel,SKU-APP-206,Organic Cotton Crewneck Sweatshirt,7.0
2026-06-28,Electronics,SKU-ELC-001,Wireless Noise-Canceling Headphones,20.0
2026-06-28,Electronics,SKU-ELC-002,Smart Fitness Watch V2,7.0
2026-06-28,Electronics,SKU-ELC-003,4K Ultra-HD Action Camera,2.0
2026-06-28,Electronics,SKU-ELC-004,USB-C Fast Charging Cable 2M,11.0
2026-06-28,Electronics,SKU-ELC-005,Vintage Stereo Turntable,0.0
2026-06-28,Electronics,SKU-ELC-006,Bluetooth Conference Speaker,2.0
2026-06-28,Electronics,SKU-ELC-007,Ergonomic Mechanical Keyboard,7.0
2026-06-28,Health & Personal Care,SKU-HPC-301,Sonic Electric Toothbrush Pro,9.0
2026-06-28,Health & Personal Care,SKU-HPC-302,Collagen Peptide Powder 500g,12.0
2026-06-28,Health & Personal Care,SKU-HPC-303,Infrared Shiatsu Neck Massager,1.0
2026-06-28,Health & Personal Care,SKU-HPC-304,Daily Multivitamin Gummies 120ct,19.0
2026-06-28,Health & Personal Care,SKU-HPC-305,Aromatherapy Ultrasonic Diffuser,0.0
2026-06-28,Home & Kitchen,SKU-HMK-101,Digital Air Fryer Oven 6Qt,13.0
2026-06-28,Home & Kitchen,SKU-HMK-102,Stainless Steel French Press,6.0
2026-06-28,Home & Kitchen,SKU-HMK-103,Cold Brew Iced Coffee Pitcher,5.0
2026-06-28,Home & Kitchen,SKU-HMK-104,Electric Precision Milk Frother,14.0
2026-06-28,Home & Kitchen,SKU-HMK-105,Cast Iron Dutch Oven 5.5Qt,0.0
2026-06-28,Home & Kitchen,SKU-HMK-106,Smart WiFi Food Scale,8.0
2026-06-28,Home & Kitchen,SKU-HMK-107,Silicone Baking Mat Set,11.0
2026-06-28,Sports & Outdoors,SKU-SPO-401,Insulated Hydro Water Bottle 32oz,3.0
2026-06-28,Sports & Outdoors,SKU-SPO-402,Non-Slip High Density Yoga Mat,10.0
2026-06-28,Sports & Outdoors,SKU-SPO-403,Heavy-Duty Resistance Bands Set,4.0
2026-06-28,Sports & Outdoors,SKU-SPO-404,Ultralight Backpacking Tent 2-Person,1.0
2026-06-28,Sports & Outdoors,SKU-SPO-405,Compact Camping Hammock Portable,7.0
2026-06-29,Apparel,SKU-APP-201,Thermal Fleece Running Hoodie,8.0
2026-06-29,Apparel,SKU-APP-202,Moisture-Wicking Athletic Tee,7.0
2026-06-29,Apparel,SKU-APP-203,Heavyweight Arctic Winter Parka,1.0
2026-06-29,Apparel,SKU-APP-204,Seamless Workout Compression Leggings,6.0
2026-06-29,Apparel,SKU-APP-205,Formal Wool Blazer Tailored,0.0
2026-06-29,Apparel,SKU-APP-206,Organic Cotton Crewneck Sweatshirt,8.0
2026-06-29,Electronics,SKU-ELC-001,Wireless Noise-Canceling Headphones,14.0
2026-06-29,Electronics,SKU-ELC-002,Smart Fitness Watch V2,1.0
2026-06-29,Electronics,SKU-ELC-003,4K Ultra-HD Action Camera,2.0
2026-06-29,Electronics,SKU-ELC-004,USB-C Fast Charging Cable 2M,12.0
2026-06-29,Electronics,SKU-ELC-005,Vintage Stereo Turntable,0.0
2026-06-29,Electronics,SKU-ELC-006,Bluetooth Conference Speaker,3.0
2026-06-29,Electronics,SKU-ELC-007,Ergonomic Mechanical Keyboard,2.0
2026-06-29,Health & Personal Care,SKU-HPC-301,Sonic Electric Toothbrush Pro,4.0
2026-06-29,Health & Personal Care,SKU-HPC-302,Collagen Peptide Powder 500g,9.0
2026-06-29,Health & Personal Care,SKU-HPC-303,Infrared Shiatsu Neck Massager,1.0
2026-06-29,Health & Personal Care,SKU-HPC-304,Daily Multivitamin Gummies 120ct,13.0
2026-06-29,Health & Personal Care,SKU-HPC-305,Aromatherapy Ultrasonic Diffuser,0.0
2026-06-29,Home & Kitchen,SKU-HMK-101,Digital Air Fryer Oven 6Qt,9.0
2026-06-29,Home & Kitchen,SKU-HMK-102,Stainless Steel French Press,6.0
2026-06-29,Home & Kitchen,SKU-HMK-103,Cold Brew Iced Coffee Pitcher,1.0
2026-06-29,Home & Kitchen,SKU-HMK-104,Electric Precision Milk Frother,8.0
2026-06-29,Home & Kitchen,SKU-HMK-105,Cast Iron Dutch Oven 5.5Qt,0.0
2026-06-29,Home & Kitchen,SKU-HMK-106,Smart WiFi Food Scale,7.0
2026-06-29,Home & Kitchen,SKU-HMK-107,Silicone Baking Mat Set,4.0
2026-06-29,Sports & Outdoors,SKU-SPO-401,Insulated Hydro Water Bottle 32oz,3.0
2026-06-29,Sports & Outdoors,SKU-SPO-402,Non-Slip High Density Yoga Mat,4.0
2026-06-29,Sports & Outdoors,SKU-SPO-403,Heavy-Duty Resistance Bands Set,2.0
2026-06-29,Sports & Outdoors,SKU-SPO-404,Ultralight Backpacking Tent 2-Person,0.0
2026-06-29,Sports & Outdoors,SKU-SPO-405,Compact Camping Hammock Portable,4.0
2026-06-30,Apparel,SKU-APP-201,Thermal Fleece Running Hoodie,16.0
2026-06-30,Apparel,SKU-APP-202,Moisture-Wicking Athletic Tee,4.0
2026-06-30,Apparel,SKU-APP-203,Heavyweight Arctic Winter Parka,1.0
2026-06-30,Apparel,SKU-APP-204,Seamless Workout Compression Leggings,9.0
2026-06-30,Apparel,SKU-APP-205,Formal Wool Blazer Tailored,0.0
2026-06-30,Apparel,SKU-APP-206,Organic Cotton Crewneck Sweatshirt,9.0
2026-06-30,Electronics,SKU-ELC-001,Wireless Noise-Canceling Headphones,9.0
2026-06-30,Electronics,SKU-ELC-002,Smart Fitness Watch V2,4.0
2026-06-30,Electronics,SKU-ELC-003,4K Ultra-HD Action Camera,4.0
2026-06-30,Electronics,SKU-ELC-004,USB-C Fast Charging Cable 2M,3.0
2026-06-30,Electronics,SKU-ELC-005,Vintage Stereo Turntable,0.0
2026-06-30,Electronics,SKU-ELC-006,Bluetooth Conference Speaker,6.0
2026-06-30,Electronics,SKU-ELC-007,Ergonomic Mechanical Keyboard,8.0
2026-06-30,Health & Personal Care,SKU-HPC-301,Sonic Electric Toothbrush Pro,6.0
2026-06-30,Health & Personal Care,SKU-HPC-302,Collagen Peptide Powder 500g,8.0
2026-06-30,Health & Personal Care,SKU-HPC-303,Infrared Shiatsu Neck Massager,5.0
2026-06-30,Health & Personal Care,SKU-HPC-304,Daily Multivitamin Gummies 120ct,10.0
2026-06-30,Health & Personal Care,SKU-HPC-305,Aromatherapy Ultrasonic Diffuser,0.0
2026-06-30,Home & Kitchen,SKU-HMK-101,Digital Air Fryer Oven 6Qt,9.0
2026-06-30,Home & Kitchen,SKU-HMK-102,Stainless Steel French Press,5.0
2026-06-30,Home & Kitchen,SKU-HMK-103,Cold Brew Iced Coffee Pitcher,0.0
2026-06-30,Home & Kitchen,SKU-HMK-104,Electric Precision Milk Frother,13.0
2026-06-30,Home & Kitchen,SKU-HMK-105,Cast Iron Dutch Oven 5.5Qt,0.0
2026-06-30,Home & Kitchen,SKU-HMK-106,Smart WiFi Food Scale,8.0
2026-06-30,Home & Kitchen,SKU-HMK-107,Silicone Baking Mat Set,5.0
2026-06-30,Sports & Outdoors,SKU-SPO-401,Insulated Hydro Water Bottle 32oz,3.0
2026-06-30,Sports & Outdoors,SKU-SPO-402,Non-Slip High Density Yoga Mat,6.0
2026-06-30,Sports & Outdoors,SKU-SPO-403,Heavy-Duty Resistance Bands Set,2.0
2026-06-30,Sports & Outdoors,SKU-SPO-404,Ultralight Backpacking Tent 2-Person,0.0
2026-06-30,Sports & Outdoors,SKU-SPO-405,Compact Camping Hammock Portable,11.0
2026-07-01,Apparel,SKU-APP-201,Thermal Fleece Running Hoodie,7.0
2026-07-01,Apparel,SKU-APP-202,Moisture-Wicking Athletic Tee,5.0
2026-07-01,Apparel,SKU-APP-203,Heavyweight Arctic Winter Parka,0.0
2026-07-01,Apparel,SKU-APP-204,Seamless Workout Compression Leggings,6.0
2026-07-01,Apparel,SKU-APP-205,Formal Wool Blazer Tailored,0.0
2026-07-01,Apparel,SKU-APP-206,Organic Cotton Crewneck Sweatshirt,5.0
2026-07-01,Electronics,SKU-ELC-001,Wireless Noise-Canceling Headphones,9.0
2026-07-01,Electronics,SKU-ELC-002,Smart Fitness Watch V2,4.0
2026-07-01,Electronics,SKU-ELC-003,4K Ultra-HD Action Camera,1.0
2026-07-01,Electronics,SKU-ELC-004,USB-C Fast Charging Cable 2M,5.0
2026-07-01,Electronics,SKU-ELC-005,Vintage Stereo Turntable,0.0
2026-07-01,Electronics,SKU-ELC-006,Bluetooth Conference Speaker,0.0
2026-07-01,Electronics,SKU-ELC-007,Ergonomic Mechanical Keyboard,2.0
2026-07-01,Health & Personal Care,SKU-HPC-301,Sonic Electric Toothbrush Pro,5.0
2026-07-01,Health & Personal Care,SKU-HPC-302,Collagen Peptide Powder 500g,2.0
2026-07-01,Health & Personal Care,SKU-HPC-303,Infrared Shiatsu Neck Massager,2.0
2026-07-01,Health & Personal Care,SKU-HPC-304,Daily Multivitamin Gummies 120ct,7.0
2026-07-01,Health & Personal Care,SKU-HPC-305,Aromatherapy Ultrasonic Diffuser,1.0
2026-07-01,Home & Kitchen,SKU-HMK-101,Digital Air Fryer Oven 6Qt,10.0
2026-07-01,Home & Kitchen,SKU-HMK-102,Stainless Steel French Press,6.0
2026-07-01,Home & Kitchen,SKU-HMK-103,Cold Brew Iced Coffee Pitcher,2.0
2026-07-01,Home & Kitchen,SKU-HMK-104,Electric Precision Milk Frother,5.0
2026-07-01,Home & Kitchen,SKU-HMK-105,Cast Iron Dutch Oven 5.5Qt,1.0
2026-07-01,Home & Kitchen,SKU-HMK-106,Smart WiFi Food Scale,4.0
2026-07-01,Home & Kitchen,SKU-HMK-107,Silicone Baking Mat Set,7.0
2026-07-01,Sports & Outdoors,SKU-SPO-401,Insulated Hydro Water Bottle 32oz,4.0
2026-07-01,Sports & Outdoors,SKU-SPO-402,Non-Slip High Density Yoga Mat,3.0
2026-07-01,Sports & Outdoors,SKU-SPO-403,Heavy-Duty Resistance Bands Set,0.0
2026-07-01,Sports & Outdoors,SKU-SPO-404,Ultralight Backpacking Tent 2-Person,0.0
2026-07-01,Sports & Outdoors,SKU-SPO-405,Compact Camping Hammock Portable,6.0
2026-07-02,Apparel,SKU-APP-201,Thermal Fleece Running Hoodie,10.0
2026-07-02,Apparel,SKU-APP-202,Moisture-Wicking Athletic Tee,6.0
2026-07-02,Apparel,SKU-APP-203,Heavyweight Arctic Winter Parka,1.0
2026-07-02,Apparel,SKU-APP-204,Seamless Workout Compression Leggings,8.0
2026-07-02,Apparel,SKU-APP-205,Formal Wool Blazer Tailored,0.0
2026-07-02,Apparel,SKU-APP-206,Organic Cotton Crewneck Sweatshirt,6.0
2026-07-02,Electronics,SKU-ELC-001,Wireless Noise-Canceling Headphones,11.0
2026-07-02,Electronics,SKU-ELC-002,Smart Fitness Watch V2,5.0
2026-07-02,Electronics,SKU-ELC-003,4K Ultra-HD Action Camera,1.0
2026-07-02,Electronics,SKU-ELC-004,USB-C Fast Charging Cable 2M,7.0
2026-07-02,Electronics,SKU-ELC-005,Vintage Stereo Turntable,0.0
2026-07-02,Electronics,SKU-ELC-006,Bluetooth Conference Speaker,5.0
2026-07-02,Electronics,SKU-ELC-007,Ergonomic Mechanical Keyboard,7.0
2026-07-02,Health & Personal Care,SKU-HPC-301,Sonic Electric Toothbrush Pro,8.0
2026-07-02,Health & Personal Care,SKU-HPC-302,Collagen Peptide Powder 500g,4.0
2026-07-02,Health & Personal Care,SKU-HPC-303,Infrared Shiatsu Neck Massager,4.0
2026-07-02,Health & Personal Care,SKU-HPC-304,Daily Multivitamin Gummies 120ct,5.0
2026-07-02,Health & Personal Care,SKU-HPC-305,Aromatherapy Ultrasonic Diffuser,0.0
2026-07-02,Home & Kitchen,SKU-HMK-101,Digital Air Fryer Oven 6Qt,13.0
2026-07-02,Home & Kitchen,SKU-HMK-102,Stainless Steel French Press,5.0
2026-07-02,Home & Kitchen,SKU-HMK-103,Cold Brew Iced Coffee Pitcher,2.0
2026-07-02,Home & Kitchen,SKU-HMK-104,Electric Precision Milk Frother,4.0
2026-07-02,Home & Kitchen,SKU-HMK-105,Cast Iron Dutch Oven 5.5Qt,0.0
2026-07-02,Home & Kitchen,SKU-HMK-106,Smart WiFi Food Scale,7.0
2026-07-02,Home & Kitchen,SKU-HMK-107,Silicone Baking Mat Set,6.0
2026-07-02,Sports & Outdoors,SKU-SPO-401,Insulated Hydro Water Bottle 32oz,6.0
2026-07-02,Sports & Outdoors,SKU-SPO-402,Non-Slip High Density Yoga Mat,6.0
2026-07-02,Sports & Outdoors,SKU-SPO-403,Heavy-Duty Resistance Bands Set,0.0
2026-07-02,Sports & Outdoors,SKU-SPO-404,Ultralight Backpacking Tent 2-Person,0.0
2026-07-02,Sports & Outdoors,SKU-SPO-405,Compact Camping Hammock Portable,4.0
2026-07-03,Apparel,SKU-APP-201,Thermal Fleece Running Hoodie,13.0
2026-07-03,Apparel,SKU-APP-202,Moisture-Wicking Athletic Tee,4.0
2026-07-03,Apparel,SKU-APP-203,Heavyweight Arctic Winter Parka,2.0
2026-07-03,Apparel,SKU-APP-204,Seamless Workout Compression Leggings,10.0
2026-07-03,Apparel,SKU-APP-205,Formal Wool Blazer Tailored,0.0
2026-07-03,Apparel,SKU-APP-206,Organic Cotton Crewneck Sweatshirt,7.0
2026-07-03,Electronics,SKU-ELC-001,Wireless Noise-Canceling Headphones,16.0
2026-07-03,Electronics,SKU-ELC-002,Smart Fitness Watch V2,3.0
2026-07-03,Electronics,SKU-ELC-003,4K Ultra-HD Action Camera,0.0
2026-07-03,Electronics,SKU-ELC-004,USB-C Fast Charging Cable 2M,7.0
2026-07-03,Electronics,SKU-ELC-005,Vintage Stereo Turntable,0.0
2026-07-03,Electronics,SKU-ELC-006,Bluetooth Conference Speaker,2.0
2026-07-03,Electronics,SKU-ELC-007,Ergonomic Mechanical Keyboard,8.0
2026-07-03,Health & Personal Care,SKU-HPC-301,Sonic Electric Toothbrush Pro,7.0
2026-07-03,Health & Personal Care,SKU-HPC-302,Collagen Peptide Powder 500g,6.0
2026-07-03,Health & Personal Care,SKU-HPC-303,Infrared Shiatsu Neck Massager,1.0
2026-07-03,Health & Personal Care,SKU-HPC-304,Daily Multivitamin Gummies 120ct,12.0
2026-07-03,Health & Personal Care,SKU-HPC-305,Aromatherapy Ultrasonic Diffuser,0.0
2026-07-03,Home & Kitchen,SKU-HMK-101,Digital Air Fryer Oven 6Qt,13.0
2026-07-03,Home & Kitchen,SKU-HMK-102,Stainless Steel French Press,4.0
2026-07-03,Home & Kitchen,SKU-HMK-103,Cold Brew Iced Coffee Pitcher,2.0
2026-07-03,Home & Kitchen,SKU-HMK-104,Electric Precision Milk Frother,7.0
2026-07-03,Home & Kitchen,SKU-HMK-105,Cast Iron Dutch Oven 5.5Qt,0.0
2026-07-03,Home & Kitchen,SKU-HMK-106,Smart WiFi Food Scale,5.0
2026-07-03,Home & Kitchen,SKU-HMK-107,Silicone Baking Mat Set,9.0
2026-07-03,Sports & Outdoors,SKU-SPO-401,Insulated Hydro Water Bottle 32oz,10.0
2026-07-03,Sports & Outdoors,SKU-SPO-402,Non-Slip High Density Yoga Mat,5.0
2026-07-03,Sports & Outdoors,SKU-SPO-403,Heavy-Duty Resistance Bands Set,1.0
2026-07-03,Sports & Outdoors,SKU-SPO-404,Ultralight Backpacking Tent 2-Person,1.0
2026-07-03,Sports & Outdoors,SKU-SPO-405,Compact Camping Hammock Portable,4.0
2026-07-04,Apparel,SKU-APP-201,Thermal Fleece Running Hoodie,16.0
2026-07-04,Apparel,SKU-APP-202,Moisture-Wicking Athletic Tee,6.0
2026-07-04,Apparel,SKU-APP-203,Heavyweight Arctic Winter Parka,3.0
2026-07-04,Apparel,SKU-APP-204,Seamless Workout Compression Leggings,11.0
2026-07-04,Apparel,SKU-APP-205,Formal Wool Blazer Tailored,0.0
2026-07-04,Apparel,SKU-APP-206,Organic Cotton Crewneck Sweatshirt,5.0
2026-07-04,Electronics,SKU-ELC-001,Wireless Noise-Canceling Headphones,15.0
2026-07-04,Electronics,SKU-ELC-002,Smart Fitness Watch V2,5.0
2026-07-04,Electronics,SKU-ELC-003,4K Ultra-HD Action Camera,3.0
2026-07-04,Electronics,SKU-ELC-004,USB-C Fast Charging Cable 2M,11.0
2026-07-04,Electronics,SKU-ELC-005,Vintage Stereo Turntable,0.0
2026-07-04,Electronics,SKU-ELC-006,Bluetooth Conference Speaker,6.0
2026-07-04,Electronics,SKU-ELC-007,Ergonomic Mechanical Keyboard,13.0
2026-07-04,Health & Personal Care,SKU-HPC-301,Sonic Electric Toothbrush Pro,8.0
2026-07-04,Health & Personal Care,SKU-HPC-302,Collagen Peptide Powder 500g,6.0
2026-07-04,Health & Personal Care,SKU-HPC-303,Infrared Shiatsu Neck Massager,3.0
2026-07-04,Health & Personal Care,SKU-HPC-304,Daily Multivitamin Gummies 120ct,8.0
2026-07-04,Health & Personal Care,SKU-HPC-305,Aromatherapy Ultrasonic Diffuser,0.0
2026-07-04,Home & Kitchen,SKU-HMK-101,Digital Air Fryer Oven 6Qt,10.0
2026-07-04,Home & Kitchen,SKU-HMK-102,Stainless Steel French Press,8.0
2026-07-04,Home & Kitchen,SKU-HMK-103,Cold Brew Iced Coffee Pitcher,4.0
2026-07-04,Home & Kitchen,SKU-HMK-104,Electric Precision Milk Frother,17.0
2026-07-04,Home & Kitchen,SKU-HMK-105,Cast Iron Dutch Oven 5.5Qt,0.0
2026-07-04,Home & Kitchen,SKU-HMK-106,Smart WiFi Food Scale,4.0
2026-07-04,Home & Kitchen,SKU-HMK-107,Silicone Baking Mat Set,10.0
2026-07-04,Sports & Outdoors,SKU-SPO-401,Insulated Hydro Water Bottle 32oz,6.0
2026-07-04,Sports & Outdoors,SKU-SPO-402,Non-Slip High Density Yoga Mat,5.0
2026-07-04,Sports & Outdoors,SKU-SPO-403,Heavy-Duty Resistance Bands Set,1.0
2026-07-04,Sports & Outdoors,SKU-SPO-404,Ultralight Backpacking Tent 2-Person,2.0
2026-07-04,Sports & Outdoors,SKU-SPO-405,Compact Camping Hammock Portable,5.0
2026-07-05,Apparel,SKU-APP-201,Thermal Fleece Running Hoodie,10.0
2026-07-05,Apparel,SKU-APP-202,Moisture-Wicking Athletic Tee,3.0
2026-07-05,Apparel,SKU-APP-203,Heavyweight Arctic Winter Parka,0.0
2026-07-05,Apparel,SKU-APP-204,Seamless Workout Compression Leggings,15.0
2026-07-05,Apparel,SKU-APP-205,Formal Wool Blazer Tailored,0.0
2026-07-05,Apparel,SKU-APP-206,Organic Cotton Crewneck Sweatshirt,7.0
2026-07-05,Electronics,SKU-ELC-001,Wireless Noise-Canceling Headphones,16.0
2026-07-05,Electronics,SKU-ELC-002,Smart Fitness Watch V2,6.0
2026-07-05,Electronics,SKU-ELC-003,4K Ultra-HD Action Camera,3.0
2026-07-05,Electronics,SKU-ELC-004,USB-C Fast Charging Cable 2M,12.0
2026-07-05,Electronics,SKU-ELC-005,Vintage Stereo Turntable,0.0
2026-07-05,Electronics,SKU-ELC-006,Bluetooth Conference Speaker,6.0
2026-07-05,Electronics,SKU-ELC-007,Ergonomic Mechanical Keyboard,5.0
2026-07-05,Health & Personal Care,SKU-HPC-301,Sonic Electric Toothbrush Pro,7.0
2026-07-05,Health & Personal Care,SKU-HPC-302,Collagen Peptide Powder 500g,10.0
2026-07-05,Health & Personal Care,SKU-HPC-303,Infrared Shiatsu Neck Massager,0.0
2026-07-05,Health & Personal Care,SKU-HPC-304,Daily Multivitamin Gummies 120ct,11.0
2026-07-05,Health & Personal Care,SKU-HPC-305,Aromatherapy Ultrasonic Diffuser,0.0
2026-07-05,Home & Kitchen,SKU-HMK-101,Digital Air Fryer Oven 6Qt,19.0
2026-07-05,Home & Kitchen,SKU-HMK-102,Stainless Steel French Press,4.0
2026-07-05,Home & Kitchen,SKU-HMK-103,Cold Brew Iced Coffee Pitcher,3.0
2026-07-05,Home & Kitchen,SKU-HMK-104,Electric Precision Milk Frother,16.0
2026-07-05,Home & Kitchen,SKU-HMK-105,Cast Iron Dutch Oven 5.5Qt,0.0
2026-07-05,Home & Kitchen,SKU-HMK-106,Smart WiFi Food Scale,6.0
2026-07-05,Home & Kitchen,SKU-HMK-107,Silicone Baking Mat Set,6.0
2026-07-05,Sports & Outdoors,SKU-SPO-401,Insulated Hydro Water Bottle 32oz,7.0
2026-07-05,Sports & Outdoors,SKU-SPO-402,Non-Slip High Density Yoga Mat,5.0
2026-07-05,Sports & Outdoors,SKU-SPO-403,Heavy-Duty Resistance Bands Set,1.0
2026-07-05,Sports & Outdoors,SKU-SPO-404,Ultralight Backpacking Tent 2-Person,0.0
2026-07-05,Sports & Outdoors,SKU-SPO-405,Compact Camping Hammock Portable,5.0
2026-07-06,Apparel,SKU-APP-201,Thermal Fleece Running Hoodie,8.0
2026-07-06,Apparel,SKU-APP-202,Moisture-Wicking Athletic Tee,9.0
2026-07-06,Apparel,SKU-APP-203,Heavyweight Arctic Winter Parka,1.0
2026-07-06,Apparel,SKU-APP-204,Seamless Workout Compression Leggings,8.0
2026-07-06,Apparel,SKU-APP-205,Formal Wool Blazer Tailored,1.0
2026-07-06,Apparel,SKU-APP-206,Organic Cotton Crewneck Sweatshirt,5.0
2026-07-06,Electronics,SKU-ELC-001,Wireless Noise-Canceling Headphones,17.0
2026-07-06,Electronics,SKU-ELC-002,Smart Fitness Watch V2,7.0
2026-07-06,Electronics,SKU-ELC-003,4K Ultra-HD Action Camera,0.0
2026-07-06,Electronics,SKU-ELC-004,USB-C Fast Charging Cable 2M,9.0
2026-07-06,Electronics,SKU-ELC-005,Vintage Stereo Turntable,1.0
2026-07-06,Electronics,SKU-ELC-006,Bluetooth Conference Speaker,7.0
2026-07-06,Electronics,SKU-ELC-007,Ergonomic Mechanical Keyboard,6.0
2026-07-06,Health & Personal Care,SKU-HPC-301,Sonic Electric Toothbrush Pro,6.0
2026-07-06,Health & Personal Care,SKU-HPC-302,Collagen Peptide Powder 500g,1.0
2026-07-06,Health & Personal Care,SKU-HPC-303,Infrared Shiatsu Neck Massager,0.0
2026-07-06,Health & Personal Care,SKU-HPC-304,Daily Multivitamin Gummies 120ct,6.0
2026-07-06,Health & Personal Care,SKU-HPC-305,Aromatherapy Ultrasonic Diffuser,0.0
2026-07-06,Home & Kitchen,SKU-HMK-101,Digital Air Fryer Oven 6Qt,4.0
2026-07-06,Home & Kitchen,SKU-HMK-102,Stainless Steel French Press,5.0
2026-07-06,Home & Kitchen,SKU-HMK-103,Cold Brew Iced Coffee Pitcher,1.0
2026-07-06,Home & Kitchen,SKU-HMK-104,Electric Precision Milk Frother,16.0
2026-07-06,Home & Kitchen,SKU-HMK-105,Cast Iron Dutch Oven 5.5Qt,0.0
2026-07-06,Home & Kitchen,SKU-HMK-106,Smart WiFi Food Scale,5.0
2026-07-06,Home & Kitchen,SKU-HMK-107,Silicone Baking Mat Set,3.0
2026-07-06,Sports & Outdoors,SKU-SPO-401,Insulated Hydro Water Bottle 32oz,8.0
2026-07-06,Sports & Outdoors,SKU-SPO-402,Non-Slip High Density Yoga Mat,3.0
2026-07-06,Sports & Outdoors,SKU-SPO-403,Heavy-Duty Resistance Bands Set,3.0
2026-07-06,Sports & Outdoors,SKU-SPO-404,Ultralight Backpacking Tent 2-Person,0.0
2026-07-06,Sports & Outdoors,SKU-SPO-405,Compact Camping Hammock Portable,8.0
2026-07-07,Apparel,SKU-APP-201,Thermal Fleece Running Hoodie,13.0
2026-07-07,Apparel,SKU-APP-202,Moisture-Wicking Athletic Tee,5.0
2026-07-07,Apparel,SKU-APP-203,Heavyweight Arctic Winter Parka,0.0
2026-07-07,Apparel,SKU-APP-204,Seamless Workout Compression Leggings,7.0
2026-07-07,Apparel,SKU-APP-205,Formal Wool Blazer Tailored,0.0
2026-07-07,Apparel,SKU-APP-206,Organic Cotton Crewneck Sweatshirt,3.0
2026-07-07,Electronics,SKU-ELC-001,Wireless Noise-Canceling Headphones,9.0
2026-07-07,Electronics,SKU-ELC-002,Smart Fitness Watch V2,6.0
2026-07-07,Electronics,SKU-ELC-003,4K Ultra-HD Action Camera,0.0
2026-07-07,Electronics,SKU-ELC-004,USB-C Fast Charging Cable 2M,8.0
2026-07-07,Electronics,SKU-ELC-005,Vintage Stereo Turntable,0.0
2026-07-07,Electronics,SKU-ELC-006,Bluetooth Conference Speaker,5.0
2026-07-07,Electronics,SKU-ELC-007,Ergonomic Mechanical Keyboard,8.0
2026-07-07,Health & Personal Care,SKU-HPC-301,Sonic Electric Toothbrush Pro,6.0
2026-07-07,Health & Personal Care,SKU-HPC-302,Collagen Peptide Powder 500g,5.0
2026-07-07,Health & Personal Care,SKU-HPC-303,Infrared Shiatsu Neck Massager,3.0
2026-07-07,Health & Personal Care,SKU-HPC-304,Daily Multivitamin Gummies 120ct,6.0
2026-07-07,Health & Personal Care,SKU-HPC-305,Aromatherapy Ultrasonic Diffuser,0.0
2026-07-07,Home & Kitchen,SKU-HMK-101,Digital Air Fryer Oven 6Qt,15.0
2026-07-07,Home & Kitchen,SKU-HMK-102,Stainless Steel French Press,4.0
2026-07-07,Home & Kitchen,SKU-HMK-103,Cold Brew Iced Coffee Pitcher,0.0
2026-07-07,Home & Kitchen,SKU-HMK-104,Electric Precision Milk Frother,7.0
2026-07-07,Home & Kitchen,SKU-HMK-105,Cast Iron Dutch Oven 5.5Qt,0.0
2026-07-07,Home & Kitchen,SKU-HMK-106,Smart WiFi Food Scale,4.0
2026-07-07,Home & Kitchen,SKU-HMK-107,Silicone Baking Mat Set,3.0
2026-07-07,Sports & Outdoors,SKU-SPO-401,Insulated Hydro Water Bottle 32oz,5.0
2026-07-07,Sports & Outdoors,SKU-SPO-402,Non-Slip High Density Yoga Mat,3.0
2026-07-07,Sports & Outdoors,SKU-SPO-403,Heavy-Duty Resistance Bands Set,1.0
2026-07-07,Sports & Outdoors,SKU-SPO-404,Ultralight Backpacking Tent 2-Person,0.0
2026-07-07,Sports & Outdoors,SKU-SPO-405,Compact Camping Hammock Portable,4.0
2026-07-08,Apparel,SKU-APP-201,Thermal Fleece Running Hoodie,15.0
2026-07-08,Apparel,SKU-APP-202,Moisture-Wicking Athletic Tee,5.0
2026-07-08,Apparel,SKU-APP-203,Heavyweight Arctic Winter Parka,1.0
2026-07-08,Apparel,SKU-APP-204,Seamless Workout Compression Leggings,9.0
2026-07-08,Apparel,SKU-APP-205,Formal Wool Blazer Tailored,0.0
2026-07-08,Apparel,SKU-APP-206,Organic Cotton Crewneck Sweatshirt,2.0
2026-07-08,Electronics,SKU-ELC-001,Wireless Noise-Canceling Headphones,14.0
2026-07-08,Electronics,SKU-ELC-002,Smart Fitness Watch V2,5.0
2026-07-08,Electronics,SKU-ELC-003,4K Ultra-HD Action Camera,1.0
2026-07-08,Electronics,SKU-ELC-004,USB-C Fast Charging Cable 2M,6.0
2026-07-08,Electronics,SKU-ELC-005,Vintage Stereo Turntable,2.0
2026-07-08,Electronics,SKU-ELC-006,Bluetooth Conference Speaker,6.0
2026-07-08,Electronics,SKU-ELC-007,Ergonomic Mechanical Keyboard,3.0
2026-07-08,Health & Personal Care,SKU-HPC-301,Sonic Electric Toothbrush Pro,9.0
2026-07-08,Health & Personal Care,SKU-HPC-302,Collagen Peptide Powder 500g,1.0
2026-07-08,Health & Personal Care,SKU-HPC-303,Infrared Shiatsu Neck Massager,2.0
2026-07-08,Health & Personal Care,SKU-HPC-304,Daily Multivitamin Gummies 120ct,11.0
2026-07-08,Health & Personal Care,SKU-HPC-305,Aromatherapy Ultrasonic Diffuser,0.0
2026-07-08,Home & Kitchen,SKU-HMK-101,Digital Air Fryer Oven 6Qt,8.0
2026-07-08,Home & Kitchen,SKU-HMK-102,Stainless Steel French Press,4.0
2026-07-08,Home & Kitchen,SKU-HMK-103,Cold Brew Iced Coffee Pitcher,1.0
2026-07-08,Home & Kitchen,SKU-HMK-104,Electric Precision Milk Frother,14.0
2026-07-08,Home & Kitchen,SKU-HMK-105,Cast Iron Dutch Oven 5.5Qt,0.0
2026-07-08,Home & Kitchen,SKU-HMK-106,Smart WiFi Food Scale,6.0
2026-07-08,Home & Kitchen,SKU-HMK-107,Silicone Baking Mat Set,3.0
2026-07-08,Sports & Outdoors,SKU-SPO-401,Insulated Hydro Water Bottle 32oz,5.0
2026-07-08,Sports & Outdoors,SKU-SPO-402,Non-Slip High Density Yoga Mat,10.0
2026-07-08,Sports & Outdoors,SKU-SPO-403,Heavy-Duty Resistance Bands Set,2.0
2026-07-08,Sports & Outdoors,SKU-SPO-404,Ultralight Backpacking Tent 2-Person,1.0
2026-07-08,Sports & Outdoors,SKU-SPO-405,Compact Camping Hammock Portable,5.0
2026-07-09,Apparel,SKU-APP-201,Thermal Fleece Running Hoodie,14.0
2026-07-09,Apparel,SKU-APP-202,Moisture-Wicking Athletic Tee,3.0
2026-07-09,Apparel,SKU-APP-203,Heavyweight Arctic Winter Parka,2.0
2026-07-09,Apparel,SKU-APP-204,Seamless Workout Compression Leggings,8.0
2026-07-09,Apparel,SKU-APP-205,Formal Wool Blazer Tailored,0.0
2026-07-09,Apparel,SKU-APP-206,Organic Cotton Crewneck Sweatshirt,4.0
2026-07-09,Electronics,SKU-ELC-001,Wireless Noise-Canceling Headphones,11.0
2026-07-09,Electronics,SKU-ELC-002,Smart Fitness Watch V2,5.0
2026-07-09,Electronics,SKU-ELC-003,4K Ultra-HD Action Camera,5.0
2026-07-09,Electronics,SKU-ELC-004,USB-C Fast Charging Cable 2M,8.0
2026-07-09,Electronics,SKU-ELC-005,Vintage Stereo Turntable,0.0
2026-07-09,Electronics,SKU-ELC-006,Bluetooth Conference Speaker,4.0
2026-07-09,Electronics,SKU-ELC-007,Ergonomic Mechanical Keyboard,7.0
2026-07-09,Health & Personal Care,SKU-HPC-301,Sonic Electric Toothbrush Pro,4.0
2026-07-09,Health & Personal Care,SKU-HPC-302,Collagen Peptide Powder 500g,2.0
2026-07-09,Health & Personal Care,SKU-HPC-303,Infrared Shiatsu Neck Massager,0.0
2026-07-09,Health & Personal Care,SKU-HPC-304,Daily Multivitamin Gummies 120ct,8.0
2026-07-09,Health & Personal Care,SKU-HPC-305,Aromatherapy Ultrasonic Diffuser,0.0
2026-07-09,Home & Kitchen,SKU-HMK-101,Digital Air Fryer Oven 6Qt,11.0
2026-07-09,Home & Kitchen,SKU-HMK-102,Stainless Steel French Press,4.0
2026-07-09,Home & Kitchen,SKU-HMK-103,Cold Brew Iced Coffee Pitcher,1.0
2026-07-09,Home & Kitchen,SKU-HMK-104,Electric Precision Milk Frother,6.0
2026-07-09,Home & Kitchen,SKU-HMK-105,Cast Iron Dutch Oven 5.5Qt,0.0
2026-07-09,Home & Kitchen,SKU-HMK-106,Smart WiFi Food Scale,4.0
2026-07-09,Home & Kitchen,SKU-HMK-107,Silicone Baking Mat Set,10.0
2026-07-09,Sports & Outdoors,SKU-SPO-401,Insulated Hydro Water Bottle 32oz,9.0
2026-07-09,Sports & Outdoors,SKU-SPO-402,Non-Slip High Density Yoga Mat,3.0
2026-07-09,Sports & Outdoors,SKU-SPO-403,Heavy-Duty Resistance Bands Set,2.0
2026-07-09,Sports & Outdoors,SKU-SPO-404,Ultralight Backpacking Tent 2-Person,0.0
2026-07-09,Sports & Outdoors,SKU-SPO-405,Compact Camping Hammock Portable,2.0
2026-07-10,Apparel,SKU-APP-201,Thermal Fleece Running Hoodie,9.0
2026-07-10,Apparel,SKU-APP-202,Moisture-Wicking Athletic Tee,4.0
2026-07-10,Apparel,SKU-APP-203,Heavyweight Arctic Winter Parka,1.0
2026-07-10,Apparel,SKU-APP-204,Seamless Workout Compression Leggings,7.0
2026-07-10,Apparel,SKU-APP-205,Formal Wool Blazer Tailored,0.0
2026-07-10,Apparel,SKU-APP-206,Organic Cotton Crewneck Sweatshirt,4.0
2026-07-10,Electronics,SKU-ELC-001,Wireless Noise-Canceling Headphones,14.0
2026-07-10,Electronics,SKU-ELC-002,Smart Fitness Watch V2,2.0
2026-07-10,Electronics,SKU-ELC-003,4K Ultra-HD Action Camera,3.0
2026-07-10,Electronics,SKU-ELC-004,USB-C Fast Charging Cable 2M,10.0
2026-07-10,Electronics,SKU-ELC-005,Vintage Stereo Turntable,0.0
2026-07-10,Electronics,SKU-ELC-006,Bluetooth Conference Speaker,5.0
2026-07-10,Electronics,SKU-ELC-007,Ergonomic Mechanical Keyboard,6.0
2026-07-10,Health & Personal Care,SKU-HPC-301,Sonic Electric Toothbrush Pro,5.0
2026-07-10,Health & Personal Care,SKU-HPC-302,Collagen Peptide Powder 500g,9.0
2026-07-10,Health & Personal Care,SKU-HPC-303,Infrared Shiatsu Neck Massager,3.0
2026-07-10,Health & Personal Care,SKU-HPC-304,Daily Multivitamin Gummies 120ct,7.0
2026-07-10,Health & Personal Care,SKU-HPC-305,Aromatherapy Ultrasonic Diffuser,1.0
2026-07-10,Home & Kitchen,SKU-HMK-101,Digital Air Fryer Oven 6Qt,9.0
2026-07-10,Home & Kitchen,SKU-HMK-102,Stainless Steel French Press,3.0
2026-07-10,Home & Kitchen,SKU-HMK-103,Cold Brew Iced Coffee Pitcher,1.0
2026-07-10,Home & Kitchen,SKU-HMK-104,Electric Precision Milk Frother,8.0
2026-07-10,Home & Kitchen,SKU-HMK-105,Cast Iron Dutch Oven 5.5Qt,0.0
2026-07-10,Home & Kitchen,SKU-HMK-106,Smart WiFi Food Scale,5.0
2026-07-10,Home & Kitchen,SKU-HMK-107,Silicone Baking Mat Set,6.0
2026-07-10,Sports & Outdoors,SKU-SPO-401,Insulated Hydro Water Bottle 32oz,6.0
2026-07-10,Sports & Outdoors,SKU-SPO-402,Non-Slip High Density Yoga Mat,4.0
2026-07-10,Sports & Outdoors,SKU-SPO-403,Heavy-Duty Resistance Bands Set,1.0
2026-07-10,Sports & Outdoors,SKU-SPO-404,Ultralight Backpacking Tent 2-Person,0.0
2026-07-10,Sports & Outdoors,SKU-SPO-405,Compact Camping Hammock Portable,2.0
2026-07-11,Apparel,SKU-APP-201,Thermal Fleece Running Hoodie,10.0
2026-07-11,Apparel,SKU-APP-202,Moisture-Wicking Athletic Tee,6.0
2026-07-11,Apparel,SKU-APP-203,Heavyweight Arctic Winter Parka,2.0
2026-07-11,Apparel,SKU-APP-204,Seamless Workout Compression Leggings,15.0
2026-07-11,Apparel,SKU-APP-205,Formal Wool Blazer Tailored,0.0
2026-07-11,Apparel,SKU-APP-206,Organic Cotton Crewneck Sweatshirt,4.0
2026-07-11,Electronics,SKU-ELC-001,Wireless Noise-Canceling Headphones,13.0
2026-07-11,Electronics,SKU-ELC-002,Smart Fitness Watch V2,6.0
2026-07-11,Electronics,SKU-ELC-003,4K Ultra-HD Action Camera,3.0
2026-07-11,Electronics,SKU-ELC-004,USB-C Fast Charging Cable 2M,6.0
2026-07-11,Electronics,SKU-ELC-005,Vintage Stereo Turntable,0.0
2026-07-11,Electronics,SKU-ELC-006,Bluetooth Conference Speaker,9.0
2026-07-11,Electronics,SKU-ELC-007,Ergonomic Mechanical Keyboard,8.0
2026-07-11,Health & Personal Care,SKU-HPC-301,Sonic Electric Toothbrush Pro,10.0
2026-07-11,Health & Personal Care,SKU-HPC-302,Collagen Peptide Powder 500g,4.0
2026-07-11,Health & Personal Care,SKU-HPC-303,Infrared Shiatsu Neck Massager,2.0
2026-07-11,Health & Personal Care,SKU-HPC-304,Daily Multivitamin Gummies 120ct,12.0
2026-07-11,Health & Personal Care,SKU-HPC-305,Aromatherapy Ultrasonic Diffuser,1.0
2026-07-11,Home & Kitchen,SKU-HMK-101,Digital Air Fryer Oven 6Qt,13.0
2026-07-11,Home & Kitchen,SKU-HMK-102,Stainless Steel French Press,8.0
2026-07-11,Home & Kitchen,SKU-HMK-103,Cold Brew Iced Coffee Pitcher,0.0
2026-07-11,Home & Kitchen,SKU-HMK-104,Electric Precision Milk Frother,9.0
2026-07-11,Home & Kitchen,SKU-HMK-105,Cast Iron Dutch Oven 5.5Qt,0.0
2026-07-11,Home & Kitchen,SKU-HMK-106,Smart WiFi Food Scale,14.0
2026-07-11,Home & Kitchen,SKU-HMK-107,Silicone Baking Mat Set,5.0
2026-07-11,Sports & Outdoors,SKU-SPO-401,Insulated Hydro Water Bottle 32oz,2.0
2026-07-11,Sports & Outdoors,SKU-SPO-402,Non-Slip High Density Yoga Mat,3.0
2026-07-11,Sports & Outdoors,SKU-SPO-403,Heavy-Duty Resistance Bands Set,4.0
2026-07-11,Sports & Outdoors,SKU-SPO-404,Ultralight Backpacking Tent 2-Person,0.0
2026-07-11,Sports & Outdoors,SKU-SPO-405,Compact Camping Hammock Portable,4.0
2026-07-12,Apparel,SKU-APP-201,Thermal Fleece Running Hoodie,15.0
2026-07-12,Apparel,SKU-APP-202,Moisture-Wicking Athletic Tee,7.0
2026-07-12,Apparel,SKU-APP-203,Heavyweight Arctic Winter Parka,3.0
2026-07-12,Apparel,SKU-APP-204,Seamless Workout Compression Leggings,18.0
2026-07-12,Apparel,SKU-APP-205,Formal Wool Blazer Tailored,0.0
2026-07-12,Apparel,SKU-APP-206,Organic Cotton Crewneck Sweatshirt,6.0
2026-07-12,Electronics,SKU-ELC-001,Wireless Noise-Canceling Headphones,18.0
2026-07-12,Electronics,SKU-ELC-002,Smart Fitness Watch V2,7.0
2026-07-12,Electronics,SKU-ELC-003,4K Ultra-HD Action Camera,2.0
2026-07-12,Electronics,SKU-ELC-004,USB-C Fast Charging Cable 2M,11.0
2026-07-12,Electronics,SKU-ELC-005,Vintage Stereo Turntable,0.0
2026-07-12,Electronics,SKU-ELC-006,Bluetooth Conference Speaker,6.0
2026-07-12,Electronics,SKU-ELC-007,Ergonomic Mechanical Keyboard,5.0
2026-07-12,Health & Personal Care,SKU-HPC-301,Sonic Electric Toothbrush Pro,5.0
2026-07-12,Health & Personal Care,SKU-HPC-302,Collagen Peptide Powder 500g,2.0
2026-07-12,Health & Personal Care,SKU-HPC-303,Infrared Shiatsu Neck Massager,2.0
2026-07-12,Health & Personal Care,SKU-HPC-304,Daily Multivitamin Gummies 120ct,15.0
2026-07-12,Health & Personal Care,SKU-HPC-305,Aromatherapy Ultrasonic Diffuser,0.0
2026-07-12,Home & Kitchen,SKU-HMK-101,Digital Air Fryer Oven 6Qt,8.0
2026-07-12,Home & Kitchen,SKU-HMK-102,Stainless Steel French Press,6.0
2026-07-12,Home & Kitchen,SKU-HMK-103,Cold Brew Iced Coffee Pitcher,0.0
2026-07-12,Home & Kitchen,SKU-HMK-104,Electric Precision Milk Frother,15.0
2026-07-12,Home & Kitchen,SKU-HMK-105,Cast Iron Dutch Oven 5.5Qt,0.0
2026-07-12,Home & Kitchen,SKU-HMK-106,Smart WiFi Food Scale,3.0
2026-07-12,Home & Kitchen,SKU-HMK-107,Silicone Baking Mat Set,10.0
2026-07-12,Sports & Outdoors,SKU-SPO-401,Insulated Hydro Water Bottle 32oz,9.0
2026-07-12,Sports & Outdoors,SKU-SPO-402,Non-Slip High Density Yoga Mat,6.0
2026-07-12,Sports & Outdoors,SKU-SPO-403,Heavy-Duty Resistance Bands Set,4.0
2026-07-12,Sports & Outdoors,SKU-SPO-404,Ultralight Backpacking Tent 2-Person,0.0
2026-07-12,Sports & Outdoors,SKU-SPO-405,Compact Camping Hammock Portable,10.0
2026-07-13,Apparel,SKU-APP-201,Thermal Fleece Running Hoodie,6.0
2026-07-13,Apparel,SKU-APP-202,Moisture-Wicking Athletic Tee,5.0
2026-07-13,Apparel,SKU-APP-203,Heavyweight Arctic Winter Parka,2.0
2026-07-13,Apparel,SKU-APP-204,Seamless Workout Compression Leggings,11.0
2026-07-13,Apparel,SKU-APP-205,Formal Wool Blazer Tailored,0.0
2026-07-13,Apparel,SKU-APP-206,Organic Cotton Crewneck Sweatshirt,2.0
2026-07-13,Electronics,SKU-ELC-001,Wireless Noise-Canceling Headphones,12.0
2026-07-13,Electronics,SKU-ELC-002,Smart Fitness Watch V2,3.0
2026-07-13,Electronics,SKU-ELC-003,4K Ultra-HD Action Camera,1.0
2026-07-13,Electronics,SKU-ELC-004,USB-C Fast Charging Cable 2M,9.0
2026-07-13,Electronics,SKU-ELC-005,Vintage Stereo Turntable,0.0
2026-07-13,Electronics,SKU-ELC-006,Bluetooth Conference Speaker,2.0
2026-07-13,Electronics,SKU-ELC-007,Ergonomic Mechanical Keyboard,3.0
2026-07-13,Health & Personal Care,SKU-HPC-301,Sonic Electric Toothbrush Pro,9.0
2026-07-13,Health & Personal Care,SKU-HPC-302,Collagen Peptide Powder 500g,2.0
2026-07-13,Health & Personal Care,SKU-HPC-303,Infrared Shiatsu Neck Massager,2.0
2026-07-13,Health & Personal Care,SKU-HPC-304,Daily Multivitamin Gummies 120ct,9.0
2026-07-13,Health & Personal Care,SKU-HPC-305,Aromatherapy Ultrasonic Diffuser,0.0
2026-07-13,Home & Kitchen,SKU-HMK-101,Digital Air Fryer Oven 6Qt,8.0
2026-07-13,Home & Kitchen,SKU-HMK-102,Stainless Steel French Press,3.0
2026-07-13,Home & Kitchen,SKU-HMK-103,Cold Brew Iced Coffee Pitcher,2.0
2026-07-13,Home & Kitchen,SKU-HMK-104,Electric Precision Milk Frother,9.0
2026-07-13,Home & Kitchen,SKU-HMK-105,Cast Iron Dutch Oven 5.5Qt,2.0
2026-07-13,Home & Kitchen,SKU-HMK-106,Smart WiFi Food Scale,5.0
2026-07-13,Home & Kitchen,SKU-HMK-107,Silicone Baking Mat Set,6.0
2026-07-13,Sports & Outdoors,SKU-SPO-401,Insulated Hydro Water Bottle 32oz,5.0
2026-07-13,Sports & Outdoors,SKU-SPO-402,Non-Slip High Density Yoga Mat,4.0
2026-07-13,Sports & Outdoors,SKU-SPO-403,Heavy-Duty Resistance Bands Set,2.0
2026-07-13,Sports & Outdoors,SKU-SPO-404,Ultralight Backpacking Tent 2-Person,2.0
2026-07-13,Sports & Outdoors,SKU-SPO-405,Compact Camping Hammock Portable,6.0
2026-07-14,Apparel,SKU-APP-201,Thermal Fleece Running Hoodie,16.0
2026-07-14,Apparel,SKU-APP-202,Moisture-Wicking Athletic Tee,3.0
2026-07-14,Apparel,SKU-APP-203,Heavyweight Arctic Winter Parka,0.0
2026-07-14,Apparel,SKU-APP-204,Seamless Workout Compression Leggings,1.0
2026-07-14,Apparel,SKU-APP-205,Formal Wool Blazer Tailored,0.0
2026-07-14,Apparel,SKU-APP-206,Organic Cotton Crewneck Sweatshirt,3.0
2026-07-14,Electronics,SKU-ELC-001,Wireless Noise-Canceling Headphones,16.0
2026-07-14,Electronics,SKU-ELC-002,Smart Fitness Watch V2,3.0
2026-07-14,Electronics,SKU-ELC-003,4K Ultra-HD Action Camera,2.0
2026-07-14,Electronics,SKU-ELC-004,USB-C Fast Charging Cable 2M,9.0
2026-07-14,Electronics,SKU-ELC-005,Vintage Stereo Turntable,0.0
2026-07-14,Electronics,SKU-ELC-006,Bluetooth Conference Speaker,6.0
2026-07-14,Electronics,SKU-ELC-007,Ergonomic Mechanical Keyboard,6.0
2026-07-14,Health & Personal Care,SKU-HPC-301,Sonic Electric Toothbrush Pro,2.0
2026-07-14,Health & Personal Care,SKU-HPC-302,Collagen Peptide Powder 500g,4.0
2026-07-14,Health & Personal Care,SKU-HPC-303,Infrared Shiatsu Neck Massager,3.0
2026-07-14,Health & Personal Care,SKU-HPC-304,Daily Multivitamin Gummies 120ct,14.0
2026-07-14,Health & Personal Care,SKU-HPC-305,Aromatherapy Ultrasonic Diffuser,0.0
2026-07-14,Home & Kitchen,SKU-HMK-101,Digital Air Fryer Oven 6Qt,14.0
2026-07-14,Home & Kitchen,SKU-HMK-102,Stainless Steel French Press,3.0
2026-07-14,Home & Kitchen,SKU-HMK-103,Cold Brew Iced Coffee Pitcher,3.0
2026-07-14,Home & Kitchen,SKU-HMK-104,Electric Precision Milk Frother,8.0
2026-07-14,Home & Kitchen,SKU-HMK-105,Cast Iron Dutch Oven 5.5Qt,0.0
2026-07-14,Home & Kitchen,SKU-HMK-106,Smart WiFi Food Scale,6.0
2026-07-14,Home & Kitchen,SKU-HMK-107,Silicone Baking Mat Set,4.0
2026-07-14,Sports & Outdoors,SKU-SPO-401,Insulated Hydro Water Bottle 32oz,7.0
2026-07-14,Sports & Outdoors,SKU-SPO-402,Non-Slip High Density Yoga Mat,6.0
2026-07-14,Sports & Outdoors,SKU-SPO-403,Heavy-Duty Resistance Bands Set,3.0
2026-07-14,Sports & Outdoors,SKU-SPO-404,Ultralight Backpacking Tent 2-Person,0.0
2026-07-14,Sports & Outdoors,SKU-SPO-405,Compact Camping Hammock Portable,6.0
2026-07-15,Apparel,SKU-APP-201,Thermal Fleece Running Hoodie,15.0
2026-07-15,Apparel,SKU-APP-202,Moisture-Wicking Athletic Tee,5.0
2026-07-15,Apparel,SKU-APP-203,Heavyweight Arctic Winter Parka,0.0
2026-07-15,Apparel,SKU-APP-204,Seamless Workout Compression Leggings,19.0
2026-07-15,Apparel,SKU-APP-205,Formal Wool Blazer Tailored,0.0
2026-07-15,Apparel,SKU-APP-206,Organic Cotton Crewneck Sweatshirt,3.0
2026-07-15,Electronics,SKU-ELC-001,Wireless Noise-Canceling Headphones,15.0
2026-07-15,Electronics,SKU-ELC-002,Smart Fitness Watch V2,2.0
2026-07-15,Electronics,SKU-ELC-003,4K Ultra-HD Action Camera,2.0
2026-07-15,Electronics,SKU-ELC-004,USB-C Fast Charging Cable 2M,7.0
2026-07-15,Electronics,SKU-ELC-005,Vintage Stereo Turntable,0.0
2026-07-15,Electronics,SKU-ELC-006,Bluetooth Conference Speaker,4.0
2026-07-15,Electronics,SKU-ELC-007,Ergonomic Mechanical Keyboard,7.0
2026-07-15,Health & Personal Care,SKU-HPC-301,Sonic Electric Toothbrush Pro,6.0
2026-07-15,Health & Personal Care,SKU-HPC-302,Collagen Peptide Powder 500g,4.0
2026-07-15,Health & Personal Care,SKU-HPC-303,Infrared Shiatsu Neck Massager,1.0
2026-07-15,Health & Personal Care,SKU-HPC-304,Daily Multivitamin Gummies 120ct,6.0
2026-07-15,Health & Personal Care,SKU-HPC-305,Aromatherapy Ultrasonic Diffuser,0.0
2026-07-15,Home & Kitchen,SKU-HMK-101,Digital Air Fryer Oven 6Qt,14.0
2026-07-15,Home & Kitchen,SKU-HMK-102,Stainless Steel French Press,7.0
2026-07-15,Home & Kitchen,SKU-HMK-103,Cold Brew Iced Coffee Pitcher,1.0
2026-07-15,Home & Kitchen,SKU-HMK-104,Electric Precision Milk Frother,4.0
2026-07-15,Home & Kitchen,SKU-HMK-105,Cast Iron Dutch Oven 5.5Qt,0.0
2026-07-15,Home & Kitchen,SKU-HMK-106,Smart WiFi Food Scale,3.0
2026-07-15,Home & Kitchen,SKU-HMK-107,Silicone Baking Mat Set,5.0
2026-07-15,Sports & Outdoors,SKU-SPO-401,Insulated Hydro Water Bottle 32oz,5.0
2026-07-15,Sports & Outdoors,SKU-SPO-402,Non-Slip High Density Yoga Mat,5.0
2026-07-15,Sports & Outdoors,SKU-SPO-403,Heavy-Duty Resistance Bands Set,2.0
2026-07-15,Sports & Outdoors,SKU-SPO-404,Ultralight Backpacking Tent 2-Person,0.0
2026-07-15,Sports & Outdoors,SKU-SPO-405,Compact Camping Hammock Portable,4.0
2026-07-16,Apparel,SKU-APP-201,Thermal Fleece Running Hoodie,9.0
2026-07-16,Apparel,SKU-APP-202,Moisture-Wicking Athletic Tee,0.0
2026-07-16,Apparel,SKU-APP-203,Heavyweight Arctic Winter Parka,2.0
2026-07-16,Apparel,SKU-APP-204,Seamless Workout Compression Leggings,14.0
2026-07-16,Apparel,SKU-APP-205,Formal Wool Blazer Tailored,0.0
2026-07-16,Apparel,SKU-APP-206,Organic Cotton Crewneck Sweatshirt,5.0
2026-07-16,Electronics,SKU-ELC-001,Wireless Noise-Canceling Headphones,15.0
2026-07-16,Electronics,SKU-ELC-002,Smart Fitness Watch V2,3.0
2026-07-16,Electronics,SKU-ELC-003,4K Ultra-HD Action Camera,2.0
2026-07-16,Electronics,SKU-ELC-004,USB-C Fast Charging Cable 2M,13.0
2026-07-16,Electronics,SKU-ELC-005,Vintage Stereo Turntable,0.0
2026-07-16,Electronics,SKU-ELC-006,Bluetooth Conference Speaker,4.0
2026-07-16,Electronics,SKU-ELC-007,Ergonomic Mechanical Keyboard,6.0
2026-07-16,Health & Personal Care,SKU-HPC-301,Sonic Electric Toothbrush Pro,5.0
2026-07-16,Health & Personal Care,SKU-HPC-302,Collagen Peptide Powder 500g,5.0
2026-07-16,Health & Personal Care,SKU-HPC-303,Infrared Shiatsu Neck Massager,1.0
2026-07-16,Health & Personal Care,SKU-HPC-304,Daily Multivitamin Gummies 120ct,8.0
2026-07-16,Health & Personal Care,SKU-HPC-305,Aromatherapy Ultrasonic Diffuser,0.0
2026-07-16,Home & Kitchen,SKU-HMK-101,Digital Air Fryer Oven 6Qt,10.0
2026-07-16,Home & Kitchen,SKU-HMK-102,Stainless Steel French Press,4.0
2026-07-16,Home & Kitchen,SKU-HMK-103,Cold Brew Iced Coffee Pitcher,2.0
2026-07-16,Home & Kitchen,SKU-HMK-104,Electric Precision Milk Frother,12.0
2026-07-16,Home & Kitchen,SKU-HMK-105,Cast Iron Dutch Oven 5.5Qt,0.0
2026-07-16,Home & Kitchen,SKU-HMK-106,Smart WiFi Food Scale,5.0
2026-07-16,Home & Kitchen,SKU-HMK-107,Silicone Baking Mat Set,5.0
2026-07-16,Sports & Outdoors,SKU-SPO-401,Insulated Hydro Water Bottle 32oz,2.0
2026-07-16,Sports & Outdoors,SKU-SPO-402,Non-Slip High Density Yoga Mat,4.0
2026-07-16,Sports & Outdoors,SKU-SPO-403,Heavy-Duty Resistance Bands Set,0.0
2026-07-16,Sports & Outdoors,SKU-SPO-404,Ultralight Backpacking Tent 2-Person,0.0
2026-07-16,Sports & Outdoors,SKU-SPO-405,Compact Camping Hammock Portable,2.0
2026-07-17,Apparel,SKU-APP-201,Thermal Fleece Running Hoodie,9.0
2026-07-17,Apparel,SKU-APP-202,Moisture-Wicking Athletic Tee,8.0
2026-07-17,Apparel,SKU-APP-203,Heavyweight Arctic Winter Parka,0.0
2026-07-17,Apparel,SKU-APP-204,Seamless Workout Compression Leggings,7.0
2026-07-17,Apparel,SKU-APP-205,Formal Wool Blazer Tailored,0.0
2026-07-17,Apparel,SKU-APP-206,Organic Cotton Crewneck Sweatshirt,4.0
2026-07-17,Electronics,SKU-ELC-001,Wireless Noise-Canceling Headphones,10.0
2026-07-17,Electronics,SKU-ELC-002,Smart Fitness Watch V2,6.0
2026-07-17,Electronics,SKU-ELC-003,4K Ultra-HD Action Camera,2.0
2026-07-17,Electronics,SKU-ELC-004,USB-C Fast Charging Cable 2M,12.0
2026-07-17,Electronics,SKU-ELC-005,Vintage Stereo Turntable,0.0
2026-07-17,Electronics,SKU-ELC-006,Bluetooth Conference Speaker,3.0
2026-07-17,Electronics,SKU-ELC-007,Ergonomic Mechanical Keyboard,9.0
2026-07-17,Health & Personal Care,SKU-HPC-301,Sonic Electric Toothbrush Pro,6.0
2026-07-17,Health & Personal Care,SKU-HPC-302,Collagen Peptide Powder 500g,7.0
2026-07-17,Health & Personal Care,SKU-HPC-303,Infrared Shiatsu Neck Massager,4.0
2026-07-17,Health & Personal Care,SKU-HPC-304,Daily Multivitamin Gummies 120ct,10.0
2026-07-17,Health & Personal Care,SKU-HPC-305,Aromatherapy Ultrasonic Diffuser,0.0
2026-07-17,Home & Kitchen,SKU-HMK-101,Digital Air Fryer Oven 6Qt,9.0
2026-07-17,Home & Kitchen,SKU-HMK-102,Stainless Steel French Press,6.0
2026-07-17,Home & Kitchen,SKU-HMK-103,Cold Brew Iced Coffee Pitcher,1.0
2026-07-17,Home & Kitchen,SKU-HMK-104,Electric Precision Milk Frother,13.0
2026-07-17,Home & Kitchen,SKU-HMK-105,Cast Iron Dutch Oven 5.5Qt,0.0
2026-07-17,Home & Kitchen,SKU-HMK-106,Smart WiFi Food Scale,2.0
2026-07-17,Home & Kitchen,SKU-HMK-107,Silicone Baking Mat Set,8.0
2026-07-17,Sports & Outdoors,SKU-SPO-401,Insulated Hydro Water Bottle 32oz,5.0
2026-07-17,Sports & Outdoors,SKU-SPO-402,Non-Slip High Density Yoga Mat,1.0
2026-07-17,Sports & Outdoors,SKU-SPO-403,Heavy-Duty Resistance Bands Set,0.0
2026-07-17,Sports & Outdoors,SKU-SPO-404,Ultralight Backpacking Tent 2-Person,0.0
2026-07-17,Sports & Outdoors,SKU-SPO-405,Compact Camping Hammock Portable,4.0
2026-07-18,Apparel,SKU-APP-201,Thermal Fleece Running Hoodie,11.0
2026-07-18,Apparel,SKU-APP-202,Moisture-Wicking Athletic Tee,4.0
2026-07-18,Apparel,SKU-APP-203,Heavyweight Arctic Winter Parka,5.0
2026-07-18,Apparel,SKU-APP-204,Seamless Workout Compression Leggings,15.0
2026-07-18,Apparel,SKU-APP-205,Formal Wool Blazer Tailored,0.0
2026-07-18,Apparel,SKU-APP-206,Organic Cotton Crewneck Sweatshirt,9.0
2026-07-18,Electronics,SKU-ELC-001,Wireless Noise-Canceling Headphones,10.0
2026-07-18,Electronics,SKU-ELC-002,Smart Fitness Watch V2,8.0
2026-07-18,Electronics,SKU-ELC-003,4K Ultra-HD Action Camera,3.0
2026-07-18,Electronics,SKU-ELC-004,USB-C Fast Charging Cable 2M,9.0
2026-07-18,Electronics,SKU-ELC-005,Vintage Stereo Turntable,0.0
2026-07-18,Electronics,SKU-ELC-006,Bluetooth Conference Speaker,5.0
2026-07-18,Electronics,SKU-ELC-007,Ergonomic Mechanical Keyboard,5.0
2026-07-18,Health & Personal Care,SKU-HPC-301,Sonic Electric Toothbrush Pro,8.0
2026-07-18,Health & Personal Care,SKU-HPC-302,Collagen Peptide Powder 500g,7.0
2026-07-18,Health & Personal Care,SKU-HPC-303,Infrared Shiatsu Neck Massager,2.0
2026-07-18,Health & Personal Care,SKU-HPC-304,Daily Multivitamin Gummies 120ct,8.0
2026-07-18,Health & Personal Care,SKU-HPC-305,Aromatherapy Ultrasonic Diffuser,0.0
2026-07-18,Home & Kitchen,SKU-HMK-101,Digital Air Fryer Oven 6Qt,18.0
2026-07-18,Home & Kitchen,SKU-HMK-102,Stainless Steel French Press,3.0
2026-07-18,Home & Kitchen,SKU-HMK-103,Cold Brew Iced Coffee Pitcher,4.0
2026-07-18,Home & Kitchen,SKU-HMK-104,Electric Precision Milk Frother,15.0
2026-07-18,Home & Kitchen,SKU-HMK-105,Cast Iron Dutch Oven 5.5Qt,1.0
2026-07-18,Home & Kitchen,SKU-HMK-106,Smart WiFi Food Scale,4.0
2026-07-18,Home & Kitchen,SKU-HMK-107,Silicone Baking Mat Set,6.0
2026-07-18,Sports & Outdoors,SKU-SPO-401,Insulated Hydro Water Bottle 32oz,6.0
2026-07-18,Sports & Outdoors,SKU-SPO-402,Non-Slip High Density Yoga Mat,3.0
2026-07-18,Sports & Outdoors,SKU-SPO-403,Heavy-Duty Resistance Bands Set,1.0
2026-07-18,Sports & Outdoors,SKU-SPO-404,Ultralight Backpacking Tent 2-Person,0.0
2026-07-18,Sports & Outdoors,SKU-SPO-405,Compact Camping Hammock Portable,3.0
2026-07-19,Apparel,SKU-APP-201,Thermal Fleece Running Hoodie,15.0
2026-07-19,Apparel,SKU-APP-202,Moisture-Wicking Athletic Tee,2.0
2026-07-19,Apparel,SKU-APP-203,Heavyweight Arctic Winter Parka,0.0
2026-07-19,Apparel,SKU-APP-204,Seamless Workout Compression Leggings,9.0
2026-07-19,Apparel,SKU-APP-205,Formal Wool Blazer Tailored,0.0
2026-07-19,Apparel,SKU-APP-206,Organic Cotton Crewneck Sweatshirt,8.0
2026-07-19,Electronics,SKU-ELC-001,Wireless Noise-Canceling Headphones,18.0
2026-07-19,Electronics,SKU-ELC-002,Smart Fitness Watch V2,4.0
2026-07-19,Electronics,SKU-ELC-003,4K Ultra-HD Action Camera,2.0
2026-07-19,Electronics,SKU-ELC-004,USB-C Fast Charging Cable 2M,12.0
2026-07-19,Electronics,SKU-ELC-005,Vintage Stereo Turntable,0.0
2026-07-19,Electronics,SKU-ELC-006,Bluetooth Conference Speaker,5.0
2026-07-19,Electronics,SKU-ELC-007,Ergonomic Mechanical Keyboard,6.0
2026-07-19,Health & Personal Care,SKU-HPC-301,Sonic Electric Toothbrush Pro,5.0
2026-07-19,Health & Personal Care,SKU-HPC-302,Collagen Peptide Powder 500g,11.0
2026-07-19,Health & Personal Care,SKU-HPC-303,Infrared Shiatsu Neck Massager,2.0
2026-07-19,Health & Personal Care,SKU-HPC-304,Daily Multivitamin Gummies 120ct,16.0
2026-07-19,Health & Personal Care,SKU-HPC-305,Aromatherapy Ultrasonic Diffuser,1.0
2026-07-19,Home & Kitchen,SKU-HMK-101,Digital Air Fryer Oven 6Qt,13.0
2026-07-19,Home & Kitchen,SKU-HMK-102,Stainless Steel French Press,4.0
2026-07-19,Home & Kitchen,SKU-HMK-103,Cold Brew Iced Coffee Pitcher,2.0
2026-07-19,Home & Kitchen,SKU-HMK-104,Electric Precision Milk Frother,11.0
2026-07-19,Home & Kitchen,SKU-HMK-105,Cast Iron Dutch Oven 5.5Qt,0.0
2026-07-19,Home & Kitchen,SKU-HMK-106,Smart WiFi Food Scale,3.0
2026-07-19,Home & Kitchen,SKU-HMK-107,Silicone Baking Mat Set,8.0
2026-07-19,Sports & Outdoors,SKU-SPO-401,Insulated Hydro Water Bottle 32oz,14.0
2026-07-19,Sports & Outdoors,SKU-SPO-402,Non-Slip High Density Yoga Mat,5.0
2026-07-19,Sports & Outdoors,SKU-SPO-403,Heavy-Duty Resistance Bands Set,4.0
2026-07-19,Sports & Outdoors,SKU-SPO-404,Ultralight Backpacking Tent 2-Person,0.0
2026-07-19,Sports & Outdoors,SKU-SPO-405,Compact Camping Hammock Portable,4.0
2026-07-20,Apparel,SKU-APP-201,Thermal Fleece Running Hoodie,14.0
2026-07-20,Apparel,SKU-APP-202,Moisture-Wicking Athletic Tee,5.0
2026-07-20,Apparel,SKU-APP-203,Heavyweight Arctic Winter Parka,0.0
2026-07-20,Apparel,SKU-APP-204,Seamless Workout Compression Leggings,10.0
2026-07-20,Apparel,SKU-APP-205,Formal Wool Blazer Tailored,0.0
2026-07-20,Apparel,SKU-APP-206,Organic Cotton Crewneck Sweatshirt,5.0
2026-07-20,Electronics,SKU-ELC-001,Wireless Noise-Canceling Headphones,13.0
2026-07-20,Electronics,SKU-ELC-002,Smart Fitness Watch V2,6.0
2026-07-20,Electronics,SKU-ELC-003,4K Ultra-HD Action Camera,1.0
2026-07-20,Electronics,SKU-ELC-004,USB-C Fast Charging Cable 2M,10.0
2026-07-20,Electronics,SKU-ELC-005,Vintage Stereo Turntable,0.0
2026-07-20,Electronics,SKU-ELC-006,Bluetooth Conference Speaker,9.0
2026-07-20,Electronics,SKU-ELC-007,Ergonomic Mechanical Keyboard,6.0
2026-07-20,Health & Personal Care,SKU-HPC-301,Sonic Electric Toothbrush Pro,3.0
2026-07-20,Health & Personal Care,SKU-HPC-302,Collagen Peptide Powder 500g,9.0
2026-07-20,Health & Personal Care,SKU-HPC-303,Infrared Shiatsu Neck Massager,4.0
2026-07-20,Health & Personal Care,SKU-HPC-304,Daily Multivitamin Gummies 120ct,7.0
2026-07-20,Health & Personal Care,SKU-HPC-305,Aromatherapy Ultrasonic Diffuser,0.0
2026-07-20,Home & Kitchen,SKU-HMK-101,Digital Air Fryer Oven 6Qt,12.0
2026-07-20,Home & Kitchen,SKU-HMK-102,Stainless Steel French Press,6.0
2026-07-20,Home & Kitchen,SKU-HMK-103,Cold Brew Iced Coffee Pitcher,1.0
2026-07-20,Home & Kitchen,SKU-HMK-104,Electric Precision Milk Frother,11.0
2026-07-20,Home & Kitchen,SKU-HMK-105,Cast Iron Dutch Oven 5.5Qt,0.0
2026-07-20,Home & Kitchen,SKU-HMK-106,Smart WiFi Food Scale,3.0
2026-07-20,Home & Kitchen,SKU-HMK-107,Silicone Baking Mat Set,4.0
2026-07-20,Sports & Outdoors,SKU-SPO-401,Insulated Hydro Water Bottle 32oz,9.0
2026-07-20,Sports & Outdoors,SKU-SPO-402,Non-Slip High Density Yoga Mat,6.0
2026-07-20,Sports & Outdoors,SKU-SPO-403,Heavy-Duty Resistance Bands Set,1.0
2026-07-20,Sports & Outdoors,SKU-SPO-404,Ultralight Backpacking Tent 2-Person,0.0
2026-07-20,Sports & Outdoors,SKU-SPO-405,Compact Camping Hammock Portable,5.0
2026-07-21,Apparel,SKU-APP-201,Thermal Fleece Running Hoodie,12.0
2026-07-21,Apparel,SKU-APP-202,Moisture-Wicking Athletic Tee,3.0
2026-07-21,Apparel,SKU-APP-203,Heavyweight Arctic Winter Parka,1.0
2026-07-21,Apparel,SKU-APP-204,Seamless Workout Compression Leggings,6.0
2026-07-21,Apparel,SKU-APP-205,Formal Wool Blazer Tailored,0.0
2026-07-21,Apparel,SKU-APP-206,Organic Cotton Crewneck Sweatshirt,5.0
2026-07-21,Electronics,SKU-ELC-001,Wireless Noise-Canceling Headphones,12.0
2026-07-21,Electronics,SKU-ELC-002,Smart Fitness Watch V2,7.0
2026-07-21,Electronics,SKU-ELC-003,4K Ultra-HD Action Camera,1.0
2026-07-21,Electronics,SKU-ELC-004,USB-C Fast Charging Cable 2M,12.0
2026-07-21,Electronics,SKU-ELC-005,Vintage Stereo Turntable,0.0
2026-07-21,Electronics,SKU-ELC-006,Bluetooth Conference Speaker,2.0
2026-07-21,Electronics,SKU-ELC-007,Ergonomic Mechanical Keyboard,7.0
2026-07-21,Health & Personal Care,SKU-HPC-301,Sonic Electric Toothbrush Pro,5.0
2026-07-21,Health & Personal Care,SKU-HPC-302,Collagen Peptide Powder 500g,3.0
2026-07-21,Health & Personal Care,SKU-HPC-303,Infrared Shiatsu Neck Massager,1.0
2026-07-21,Health & Personal Care,SKU-HPC-304,Daily Multivitamin Gummies 120ct,14.0
2026-07-21,Health & Personal Care,SKU-HPC-305,Aromatherapy Ultrasonic Diffuser,0.0
2026-07-21,Home & Kitchen,SKU-HMK-101,Digital Air Fryer Oven 6Qt,16.0
2026-07-21,Home & Kitchen,SKU-HMK-102,Stainless Steel French Press,0.0
2026-07-21,Home & Kitchen,SKU-HMK-103,Cold Brew Iced Coffee Pitcher,1.0
2026-07-21,Home & Kitchen,SKU-HMK-104,Electric Precision Milk Frother,12.0
2026-07-21,Home & Kitchen,SKU-HMK-105,Cast Iron Dutch Oven 5.5Qt,1.0
2026-07-21,Home & Kitchen,SKU-HMK-106,Smart WiFi Food Scale,1.0
2026-07-21,Home & Kitchen,SKU-HMK-107,Silicone Baking Mat Set,5.0
2026-07-21,Sports & Outdoors,SKU-SPO-401,Insulated Hydro Water Bottle 32oz,8.0
2026-07-21,Sports & Outdoors,SKU-SPO-402,Non-Slip High Density Yoga Mat,5.0
2026-07-21,Sports & Outdoors,SKU-SPO-403,Heavy-Duty Resistance Bands Set,1.0
2026-07-21,Sports & Outdoors,SKU-SPO-404,Ultralight Backpacking Tent 2-Person,0.0
2026-07-21,Sports & Outdoors,SKU-SPO-405,Compact Camping Hammock Portable,3.0
2026-07-22,Apparel,SKU-APP-201,Thermal Fleece Running Hoodie,8.0
2026-07-22,Apparel,SKU-APP-202,Moisture-Wicking Athletic Tee,3.0
2026-07-22,Apparel,SKU-APP-203,Heavyweight Arctic Winter Parka,1.0
2026-07-22,Apparel,SKU-APP-204,Seamless Workout Compression Leggings,8.0
2026-07-22,Apparel,SKU-APP-205,Formal Wool Blazer Tailored,0.0
2026-07-22,Apparel,SKU-APP-206,Organic Cotton Crewneck Sweatshirt,6.0
2026-07-22,Electronics,SKU-ELC-001,Wireless Noise-Canceling Headphones,10.0
2026-07-22,Electronics,SKU-ELC-002,Smart Fitness Watch V2,5.0
2026-07-22,Electronics,SKU-ELC-003,4K Ultra-HD Action Camera,1.0
2026-07-22,Electronics,SKU-ELC-004,USB-C Fast Charging Cable 2M,5.0
2026-07-22,Electronics,SKU-ELC-005,Vintage Stereo Turntable,0.0
2026-07-22,Electronics,SKU-ELC-006,Bluetooth Conference Speaker,5.0
2026-07-22,Electronics,SKU-ELC-007,Ergonomic Mechanical Keyboard,5.0
2026-07-22,Health & Personal Care,SKU-HPC-301,Sonic Electric Toothbrush Pro,4.0
2026-07-22,Health & Personal Care,SKU-HPC-302,Collagen Peptide Powder 500g,4.0
2026-07-22,Health & Personal Care,SKU-HPC-303,Infrared Shiatsu Neck Massager,2.0
2026-07-22,Health & Personal Care,SKU-HPC-304,Daily Multivitamin Gummies 120ct,13.0
2026-07-22,Health & Personal Care,SKU-HPC-305,Aromatherapy Ultrasonic Diffuser,0.0
2026-07-22,Home & Kitchen,SKU-HMK-101,Digital Air Fryer Oven 6Qt,8.0
2026-07-22,Home & Kitchen,SKU-HMK-102,Stainless Steel French Press,3.0
2026-07-22,Home & Kitchen,SKU-HMK-103,Cold Brew Iced Coffee Pitcher,2.0
2026-07-22,Home & Kitchen,SKU-HMK-104,Electric Precision Milk Frother,14.0
2026-07-22,Home & Kitchen,SKU-HMK-105,Cast Iron Dutch Oven 5.5Qt,1.0
2026-07-22,Home & Kitchen,SKU-HMK-106,Smart WiFi Food Scale,5.0
2026-07-22,Home & Kitchen,SKU-HMK-107,Silicone Baking Mat Set,5.0
2026-07-22,Sports & Outdoors,SKU-SPO-401,Insulated Hydro Water Bottle 32oz,7.0
2026-07-22,Sports & Outdoors,SKU-SPO-402,Non-Slip High Density Yoga Mat,4.0
2026-07-22,Sports & Outdoors,SKU-SPO-403,Heavy-Duty Resistance Bands Set,2.0
2026-07-22,Sports & Outdoors,SKU-SPO-404,Ultralight Backpacking Tent 2-Person,0.0
2026-07-22,Sports & Outdoors,SKU-SPO-405,Compact Camping Hammock Portable,4.0
2026-07-23,Apparel,SKU-APP-201,Thermal Fleece Running Hoodie,8.0
2026-07-23,Apparel,SKU-APP-202,Moisture-Wicking Athletic Tee,1.0
2026-07-23,Apparel,SKU-APP-203,Heavyweight Arctic Winter Parka,2.0
2026-07-23,Apparel,SKU-APP-204,Seamless Workout Compression Leggings,10.0
2026-07-23,Apparel,SKU-APP-205,Formal Wool Blazer Tailored,0.0
2026-07-23,Apparel,SKU-APP-206,Organic Cotton Crewneck Sweatshirt,2.0
2026-07-23,Electronics,SKU-ELC-001,Wireless Noise-Canceling Headphones,17.0
2026-07-23,Electronics,SKU-ELC-002,Smart Fitness Watch V2,3.0
2026-07-23,Electronics,SKU-ELC-003,4K Ultra-HD Action Camera,1.0
2026-07-23,Electronics,SKU-ELC-004,USB-C Fast Charging Cable 2M,5.0
2026-07-23,Electronics,SKU-ELC-005,Vintage Stereo Turntable,0.0
2026-07-23,Electronics,SKU-ELC-006,Bluetooth Conference Speaker,1.0
2026-07-23,Electronics,SKU-ELC-007,Ergonomic Mechanical Keyboard,6.0
2026-07-23,Health & Personal Care,SKU-HPC-301,Sonic Electric Toothbrush Pro,5.0
2026-07-23,Health & Personal Care,SKU-HPC-302,Collagen Peptide Powder 500g,2.0
2026-07-23,Health & Personal Care,SKU-HPC-303,Infrared Shiatsu Neck Massager,2.0
2026-07-23,Health & Personal Care,SKU-HPC-304,Daily Multivitamin Gummies 120ct,8.0
2026-07-23,Health & Personal Care,SKU-HPC-305,Aromatherapy Ultrasonic Diffuser,0.0
2026-07-23,Home & Kitchen,SKU-HMK-101,Digital Air Fryer Oven 6Qt,10.0
2026-07-23,Home & Kitchen,SKU-HMK-102,Stainless Steel French Press,3.0
2026-07-23,Home & Kitchen,SKU-HMK-103,Cold Brew Iced Coffee Pitcher,2.0
2026-07-23,Home & Kitchen,SKU-HMK-104,Electric Precision Milk Frother,11.0
2026-07-23,Home & Kitchen,SKU-HMK-105,Cast Iron Dutch Oven 5.5Qt,0.0
2026-07-23,Home & Kitchen,SKU-HMK-106,Smart WiFi Food Scale,3.0
2026-07-23,Home & Kitchen,SKU-HMK-107,Silicone Baking Mat Set,3.0
2026-07-23,Sports & Outdoors,SKU-SPO-401,Insulated Hydro Water Bottle 32oz,6.0
2026-07-23,Sports & Outdoors,SKU-SPO-402,Non-Slip High Density Yoga Mat,2.0
2026-07-23,Sports & Outdoors,SKU-SPO-403,Heavy-Duty Resistance Bands Set,1.0
2026-07-23,Sports & Outdoors,SKU-SPO-404,Ultralight Backpacking Tent 2-Person,0.0
2026-07-23,Sports & Outdoors,SKU-SPO-405,Compact Camping Hammock Portable,2.0
2026-07-24,Apparel,SKU-APP-201,Thermal Fleece Running Hoodie,14.0
2026-07-24,Apparel,SKU-APP-202,Moisture-Wicking Athletic Tee,3.0
2026-07-24,Apparel,SKU-APP-203,Heavyweight Arctic Winter Parka,2.0
2026-07-24,Apparel,SKU-APP-204,Seamless Workout Compression Leggings,4.0
2026-07-24,Apparel,SKU-APP-205,Formal Wool Blazer Tailored,0.0
2026-07-24,Apparel,SKU-APP-206,Organic Cotton Crewneck Sweatshirt,4.0
2026-07-24,Electronics,SKU-ELC-001,Wireless Noise-Canceling Headphones,10.0
2026-07-24,Electronics,SKU-ELC-002,Smart Fitness Watch V2,5.0
2026-07-24,Electronics,SKU-ELC-003,4K Ultra-HD Action Camera,0.0
2026-07-24,Electronics,SKU-ELC-004,USB-C Fast Charging Cable 2M,12.0
2026-07-24,Electronics,SKU-ELC-005,Vintage Stereo Turntable,0.0
2026-07-24,Electronics,SKU-ELC-006,Bluetooth Conference Speaker,3.0
2026-07-24,Electronics,SKU-ELC-007,Ergonomic Mechanical Keyboard,5.0
2026-07-24,Health & Personal Care,SKU-HPC-301,Sonic Electric Toothbrush Pro,2.0
2026-07-24,Health & Personal Care,SKU-HPC-302,Collagen Peptide Powder 500g,2.0
2026-07-24,Health & Personal Care,SKU-HPC-303,Infrared Shiatsu Neck Massager,0.0
2026-07-24,Health & Personal Care,SKU-HPC-304,Daily Multivitamin Gummies 120ct,13.0
2026-07-24,Health & Personal Care,SKU-HPC-305,Aromatherapy Ultrasonic Diffuser,0.0
2026-07-24,Home & Kitchen,SKU-HMK-101,Digital Air Fryer Oven 6Qt,11.0
2026-07-24,Home & Kitchen,SKU-HMK-102,Stainless Steel French Press,5.0
2026-07-24,Home & Kitchen,SKU-HMK-103,Cold Brew Iced Coffee Pitcher,2.0
2026-07-24,Home & Kitchen,SKU-HMK-104,Electric Precision Milk Frother,9.0
2026-07-24,Home & Kitchen,SKU-HMK-105,Cast Iron Dutch Oven 5.5Qt,0.0
2026-07-24,Home & Kitchen,SKU-HMK-106,Smart WiFi Food Scale,5.0
2026-07-24,Home & Kitchen,SKU-HMK-107,Silicone Baking Mat Set,7.0
2026-07-24,Sports & Outdoors,SKU-SPO-401,Insulated Hydro Water Bottle 32oz,6.0
2026-07-24,Sports & Outdoors,SKU-SPO-402,Non-Slip High Density Yoga Mat,4.0
2026-07-24,Sports & Outdoors,SKU-SPO-403,Heavy-Duty Resistance Bands Set,2.0
2026-07-24,Sports & Outdoors,SKU-SPO-404,Ultralight Backpacking Tent 2-Person,0.0
2026-07-24,Sports & Outdoors,SKU-SPO-405,Compact Camping Hammock Portable,5.0
2026-07-25,Apparel,SKU-APP-201,Thermal Fleece Running Hoodie,14.0
2026-07-25,Apparel,SKU-APP-202,Moisture-Wicking Athletic Tee,5.0
2026-07-25,Apparel,SKU-APP-203,Heavyweight Arctic Winter Parka,4.0
2026-07-25,Apparel,SKU-APP-204,Seamless Workout Compression Leggings,11.0
2026-07-25,Apparel,SKU-APP-205,Formal Wool Blazer Tailored,0.0
2026-07-25,Apparel,SKU-APP-206,Organic Cotton Crewneck Sweatshirt,4.0
2026-07-25,Electronics,SKU-ELC-001,Wireless Noise-Canceling Headphones,24.0
2026-07-25,Electronics,SKU-ELC-002,Smart Fitness Watch V2,7.0
2026-07-25,Electronics,SKU-ELC-003,4K Ultra-HD Action Camera,5.0
2026-07-25,Electronics,SKU-ELC-004,USB-C Fast Charging Cable 2M,9.0
2026-07-25,Electronics,SKU-ELC-005,Vintage Stereo Turntable,0.0
2026-07-25,Electronics,SKU-ELC-006,Bluetooth Conference Speaker,3.0
2026-07-25,Electronics,SKU-ELC-007,Ergonomic Mechanical Keyboard,4.0
2026-07-25,Health & Personal Care,SKU-HPC-301,Sonic Electric Toothbrush Pro,8.0
2026-07-25,Health & Personal Care,SKU-HPC-302,Collagen Peptide Powder 500g,12.0
2026-07-25,Health & Personal Care,SKU-HPC-303,Infrared Shiatsu Neck Massager,2.0
2026-07-25,Health & Personal Care,SKU-HPC-304,Daily Multivitamin Gummies 120ct,14.0
2026-07-25,Health & Personal Care,SKU-HPC-305,Aromatherapy Ultrasonic Diffuser,0.0
2026-07-25,Home & Kitchen,SKU-HMK-101,Digital Air Fryer Oven 6Qt,13.0
2026-07-25,Home & Kitchen,SKU-HMK-102,Stainless Steel French Press,2.0
2026-07-25,Home & Kitchen,SKU-HMK-103,Cold Brew Iced Coffee Pitcher,2.0
2026-07-25,Home & Kitchen,SKU-HMK-104,Electric Precision Milk Frother,17.0
2026-07-25,Home & Kitchen,SKU-HMK-105,Cast Iron Dutch Oven 5.5Qt,0.0
2026-07-25,Home & Kitchen,SKU-HMK-106,Smart WiFi Food Scale,9.0
2026-07-25,Home & Kitchen,SKU-HMK-107,Silicone Baking Mat Set,5.0
2026-07-25,Sports & Outdoors,SKU-SPO-401,Insulated Hydro Water Bottle 32oz,11.0
2026-07-25,Sports & Outdoors,SKU-SPO-402,Non-Slip High Density Yoga Mat,2.0
2026-07-25,Sports & Outdoors,SKU-SPO-403,Heavy-Duty Resistance Bands Set,1.0
2026-07-25,Sports & Outdoors,SKU-SPO-404,Ultralight Backpacking Tent 2-Person,0.0
2026-07-25,Sports & Outdoors,SKU-SPO-405,Compact Camping Hammock Portable,7.0
2026-07-26,Apparel,SKU-APP-201,Thermal Fleece Running Hoodie,10.0
2026-07-26,Apparel,SKU-APP-202,Moisture-Wicking Athletic Tee,3.0
2026-07-26,Apparel,SKU-APP-203,Heavyweight Arctic Winter Parka,1.0
2026-07-26,Apparel,SKU-APP-204,Seamless Workout Compression Leggings,14.0
2026-07-26,Apparel,SKU-APP-205,Formal Wool Blazer Tailored,0.0
2026-07-26,Apparel,SKU-APP-206,Organic Cotton Crewneck Sweatshirt,10.0
2026-07-26,Electronics,SKU-ELC-001,Wireless Noise-Canceling Headphones,16.0
2026-07-26,Electronics,SKU-ELC-002,Smart Fitness Watch V2,7.0
2026-07-26,Electronics,SKU-ELC-003,4K Ultra-HD Action Camera,0.0
2026-07-26,Electronics,SKU-ELC-004,USB-C Fast Charging Cable 2M,12.0
2026-07-26,Electronics,SKU-ELC-005,Vintage Stereo Turntable,0.0
2026-07-26,Electronics,SKU-ELC-006,Bluetooth Conference Speaker,3.0
2026-07-26,Electronics,SKU-ELC-007,Ergonomic Mechanical Keyboard,4.0
2026-07-26,Health & Personal Care,SKU-HPC-301,Sonic Electric Toothbrush Pro,5.0
2026-07-26,Health & Personal Care,SKU-HPC-302,Collagen Peptide Powder 500g,6.0
2026-07-26,Health & Personal Care,SKU-HPC-303,Infrared Shiatsu Neck Massager,1.0
2026-07-26,Health & Personal Care,SKU-HPC-304,Daily Multivitamin Gummies 120ct,14.0
2026-07-26,Health & Personal Care,SKU-HPC-305,Aromatherapy Ultrasonic Diffuser,0.0
2026-07-26,Home & Kitchen,SKU-HMK-101,Digital Air Fryer Oven 6Qt,14.0
2026-07-26,Home & Kitchen,SKU-HMK-102,Stainless Steel French Press,6.0
2026-07-26,Home & Kitchen,SKU-HMK-103,Cold Brew Iced Coffee Pitcher,1.0
2026-07-26,Home & Kitchen,SKU-HMK-104,Electric Precision Milk Frother,10.0
2026-07-26,Home & Kitchen,SKU-HMK-105,Cast Iron Dutch Oven 5.5Qt,1.0
2026-07-26,Home & Kitchen,SKU-HMK-106,Smart WiFi Food Scale,5.0
2026-07-26,Home & Kitchen,SKU-HMK-107,Silicone Baking Mat Set,2.0
2026-07-26,Sports & Outdoors,SKU-SPO-401,Insulated Hydro Water Bottle 32oz,10.0
2026-07-26,Sports & Outdoors,SKU-SPO-402,Non-Slip High Density Yoga Mat,6.0
2026-07-26,Sports & Outdoors,SKU-SPO-403,Heavy-Duty Resistance Bands Set,5.0
2026-07-26,Sports & Outdoors,SKU-SPO-404,Ultralight Backpacking Tent 2-Person,0.0
2026-07-26,Sports & Outdoors,SKU-SPO-405,Compact Camping Hammock Portable,4.0
2026-07-27,Apparel,SKU-APP-201,Thermal Fleece Running Hoodie,15.0
2026-07-27,Apparel,SKU-APP-202,Moisture-Wicking Athletic Tee,1.0
2026-07-27,Apparel,SKU-APP-203,Heavyweight Arctic Winter Parka,1.0
2026-07-27,Apparel,SKU-APP-204,Seamless Workout Compression Leggings,9.0
2026-07-27,Apparel,SKU-APP-205,Formal Wool Blazer Tailored,0.0
2026-07-27,Apparel,SKU-APP-206,Organic Cotton Crewneck Sweatshirt,6.0
2026-07-27,Electronics,SKU-ELC-001,Wireless Noise-Canceling Headphones,12.0
2026-07-27,Electronics,SKU-ELC-002,Smart Fitness Watch V2,3.0
2026-07-27,Electronics,SKU-ELC-003,4K Ultra-HD Action Camera,1.0
2026-07-27,Electronics,SKU-ELC-004,USB-C Fast Charging Cable 2M,7.0
2026-07-27,Electronics,SKU-ELC-005,Vintage Stereo Turntable,0.0
2026-07-27,Electronics,SKU-ELC-006,Bluetooth Conference Speaker,8.0
2026-07-27,Electronics,SKU-ELC-007,Ergonomic Mechanical Keyboard,8.0
2026-07-27,Health & Personal Care,SKU-HPC-301,Sonic Electric Toothbrush Pro,2.0
2026-07-27,Health & Personal Care,SKU-HPC-302,Collagen Peptide Powder 500g,11.0
2026-07-27,Health & Personal Care,SKU-HPC-303,Infrared Shiatsu Neck Massager,1.0
2026-07-27,Health & Personal Care,SKU-HPC-304,Daily Multivitamin Gummies 120ct,7.0
2026-07-27,Health & Personal Care,SKU-HPC-305,Aromatherapy Ultrasonic Diffuser,0.0
2026-07-27,Home & Kitchen,SKU-HMK-101,Digital Air Fryer Oven 6Qt,6.0
2026-07-27,Home & Kitchen,SKU-HMK-102,Stainless Steel French Press,3.0
2026-07-27,Home & Kitchen,SKU-HMK-103,Cold Brew Iced Coffee Pitcher,2.0
2026-07-27,Home & Kitchen,SKU-HMK-104,Electric Precision Milk Frother,6.0
2026-07-27,Home & Kitchen,SKU-HMK-105,Cast Iron Dutch Oven 5.5Qt,0.0
2026-07-27,Home & Kitchen,SKU-HMK-106,Smart WiFi Food Scale,3.0
2026-07-27,Home & Kitchen,SKU-HMK-107,Silicone Baking Mat Set,9.0
2026-07-27,Sports & Outdoors,SKU-SPO-401,Insulated Hydro Water Bottle 32oz,5.0
2026-07-27,Sports & Outdoors,SKU-SPO-402,Non-Slip High Density Yoga Mat,8.0
2026-07-27,Sports & Outdoors,SKU-SPO-403,Heavy-Duty Resistance Bands Set,0.0
2026-07-27,Sports & Outdoors,SKU-SPO-404,Ultralight Backpacking Tent 2-Person,0.0
2026-07-27,Sports & Outdoors,SKU-SPO-405,Compact Camping Hammock Portable,4.0
2026-07-28,Apparel,SKU-APP-201,Thermal Fleece Running Hoodie,16.0
2026-07-28,Apparel,SKU-APP-202,Moisture-Wicking Athletic Tee,5.0
2026-07-28,Apparel,SKU-APP-203,Heavyweight Arctic Winter Parka,2.0
2026-07-28,Apparel,SKU-APP-204,Seamless Workout Compression Leggings,13.0
2026-07-28,Apparel,SKU-APP-205,Formal Wool Blazer Tailored,0.0
2026-07-28,Apparel,SKU-APP-206,Organic Cotton Crewneck Sweatshirt,7.0
2026-07-28,Electronics,SKU-ELC-001,Wireless Noise-Canceling Headphones,12.0
2026-07-28,Electronics,SKU-ELC-002,Smart Fitness Watch V2,7.0
2026-07-28,Electronics,SKU-ELC-003,4K Ultra-HD Action Camera,0.0
2026-07-28,Electronics,SKU-ELC-004,USB-C Fast Charging Cable 2M,15.0
2026-07-28,Electronics,SKU-ELC-005,Vintage Stereo Turntable,0.0
2026-07-28,Electronics,SKU-ELC-006,Bluetooth Conference Speaker,2.0
2026-07-28,Electronics,SKU-ELC-007,Ergonomic Mechanical Keyboard,4.0
2026-07-28,Health & Personal Care,SKU-HPC-301,Sonic Electric Toothbrush Pro,5.0
2026-07-28,Health & Personal Care,SKU-HPC-302,Collagen Peptide Powder 500g,2.0
2026-07-28,Health & Personal Care,SKU-HPC-303,Infrared Shiatsu Neck Massager,1.0
2026-07-28,Health & Personal Care,SKU-HPC-304,Daily Multivitamin Gummies 120ct,5.0
2026-07-28,Health & Personal Care,SKU-HPC-305,Aromatherapy Ultrasonic Diffuser,0.0
2026-07-28,Home & Kitchen,SKU-HMK-101,Digital Air Fryer Oven 6Qt,15.0
2026-07-28,Home & Kitchen,SKU-HMK-102,Stainless Steel French Press,3.0
2026-07-28,Home & Kitchen,SKU-HMK-103,Cold Brew Iced Coffee Pitcher,3.0
2026-07-28,Home & Kitchen,SKU-HMK-104,Electric Precision Milk Frother,11.0
2026-07-28,Home & Kitchen,SKU-HMK-105,Cast Iron Dutch Oven 5.5Qt,0.0
2026-07-28,Home & Kitchen,SKU-HMK-106,Smart WiFi Food Scale,3.0
2026-07-28,Home & Kitchen,SKU-HMK-107,Silicone Baking Mat Set,4.0
2026-07-28,Sports & Outdoors,SKU-SPO-401,Insulated Hydro Water Bottle 32oz,8.0
2026-07-28,Sports & Outdoors,SKU-SPO-402,Non-Slip High Density Yoga Mat,2.0
2026-07-28,Sports & Outdoors,SKU-SPO-403,Heavy-Duty Resistance Bands Set,3.0
2026-07-28,Sports & Outdoors,SKU-SPO-404,Ultralight Backpacking Tent 2-Person,0.0
2026-07-28,Sports & Outdoors,SKU-SPO-405,Compact Camping Hammock Portable,7.0
2026-07-29,Apparel,SKU-APP-201,Thermal Fleece Running Hoodie,9.0
2026-07-29,Apparel,SKU-APP-202,Moisture-Wicking Athletic Tee,3.0
2026-07-29,Apparel,SKU-APP-203,Heavyweight Arctic Winter Parka,2.0
2026-07-29,Apparel,SKU-APP-204,Seamless Workout Compression Leggings,11.0
2026-07-29,Apparel,SKU-APP-205,Formal Wool Blazer Tailored,0.0
2026-07-29,Apparel,SKU-APP-206,Organic Cotton Crewneck Sweatshirt,1.0
2026-07-29,Electronics,SKU-ELC-001,Wireless Noise-Canceling Headphones,17.0
2026-07-29,Electronics,SKU-ELC-002,Smart Fitness Watch V2,4.0
2026-07-29,Electronics,SKU-ELC-003,4K Ultra-HD Action Camera,4.0
2026-07-29,Electronics,SKU-ELC-004,USB-C Fast Charging Cable 2M,13.0
2026-07-29,Electronics,SKU-ELC-005,Vintage Stereo Turntable,2.0
2026-07-29,Electronics,SKU-ELC-006,Bluetooth Conference Speaker,3.0
2026-07-29,Electronics,SKU-ELC-007,Ergonomic Mechanical Keyboard,9.0
2026-07-29,Health & Personal Care,SKU-HPC-301,Sonic Electric Toothbrush Pro,3.0
2026-07-29,Health & Personal Care,SKU-HPC-302,Collagen Peptide Powder 500g,4.0
2026-07-29,Health & Personal Care,SKU-HPC-303,Infrared Shiatsu Neck Massager,2.0
2026-07-29,Health & Personal Care,SKU-HPC-304,Daily Multivitamin Gummies 120ct,10.0
2026-07-29,Health & Personal Care,SKU-HPC-305,Aromatherapy Ultrasonic Diffuser,0.0
2026-07-29,Home & Kitchen,SKU-HMK-101,Digital Air Fryer Oven 6Qt,10.0
2026-07-29,Home & Kitchen,SKU-HMK-102,Stainless Steel French Press,6.0
2026-07-29,Home & Kitchen,SKU-HMK-103,Cold Brew Iced Coffee Pitcher,1.0
2026-07-29,Home & Kitchen,SKU-HMK-104,Electric Precision Milk Frother,3.0
2026-07-29,Home & Kitchen,SKU-HMK-105,Cast Iron Dutch Oven 5.5Qt,0.0
2026-07-29,Home & Kitchen,SKU-HMK-106,Smart WiFi Food Scale,7.0
2026-07-29,Home & Kitchen,SKU-HMK-107,Silicone Baking Mat Set,3.0
2026-07-29,Sports & Outdoors,SKU-SPO-401,Insulated Hydro Water Bottle 32oz,6.0
2026-07-29,Sports & Outdoors,SKU-SPO-402,Non-Slip High Density Yoga Mat,4.0
2026-07-29,Sports & Outdoors,SKU-SPO-403,Heavy-Duty Resistance Bands Set,2.0
2026-07-29,Sports & Outdoors,SKU-SPO-404,Ultralight Backpacking Tent 2-Person,0.0
2026-07-29,Sports & Outdoors,SKU-SPO-405,Compact Camping Hammock Portable,5.0
2026-07-30,Apparel,SKU-APP-201,Thermal Fleece Running Hoodie,13.0
2026-07-30,Apparel,SKU-APP-202,Moisture-Wicking Athletic Tee,1.0
2026-07-30,Apparel,SKU-APP-203,Heavyweight Arctic Winter Parka,2.0
2026-07-30,Apparel,SKU-APP-204,Seamless Workout Compression Leggings,11.0
2026-07-30,Apparel,SKU-APP-205,Formal Wool Blazer Tailored,0.0
2026-07-30,Apparel,SKU-APP-206,Organic Cotton Crewneck Sweatshirt,5.0
2026-07-30,Electronics,SKU-ELC-001,Wireless Noise-Canceling Headphones,7.0
2026-07-30,Electronics,SKU-ELC-002,Smart Fitness Watch V2,1.0
2026-07-30,Electronics,SKU-ELC-003,4K Ultra-HD Action Camera,2.0
2026-07-30,Electronics,SKU-ELC-004,USB-C Fast Charging Cable 2M,11.0
2026-07-30,Electronics,SKU-ELC-005,Vintage Stereo Turntable,0.0
2026-07-30,Electronics,SKU-ELC-006,Bluetooth Conference Speaker,6.0
2026-07-30,Electronics,SKU-ELC-007,Ergonomic Mechanical Keyboard,7.0
2026-07-30,Health & Personal Care,SKU-HPC-301,Sonic Electric Toothbrush Pro,6.0
2026-07-30,Health & Personal Care,SKU-HPC-302,Collagen Peptide Powder 500g,2.0
2026-07-30,Health & Personal Care,SKU-HPC-303,Infrared Shiatsu Neck Massager,4.0
2026-07-30,Health & Personal Care,SKU-HPC-304,Daily Multivitamin Gummies 120ct,11.0
2026-07-30,Health & Personal Care,SKU-HPC-305,Aromatherapy Ultrasonic Diffuser,0.0
2026-07-30,Home & Kitchen,SKU-HMK-101,Digital Air Fryer Oven 6Qt,18.0
2026-07-30,Home & Kitchen,SKU-HMK-102,Stainless Steel French Press,5.0
2026-07-30,Home & Kitchen,SKU-HMK-103,Cold Brew Iced Coffee Pitcher,0.0
2026-07-30,Home & Kitchen,SKU-HMK-104,Electric Precision Milk Frother,8.0
2026-07-30,Home & Kitchen,SKU-HMK-105,Cast Iron Dutch Oven 5.5Qt,0.0
2026-07-30,Home & Kitchen,SKU-HMK-106,Smart WiFi Food Scale,5.0
2026-07-30,Home & Kitchen,SKU-HMK-107,Silicone Baking Mat Set,1.0
2026-07-30,Sports & Outdoors,SKU-SPO-401,Insulated Hydro Water Bottle 32oz,4.0
2026-07-30,Sports & Outdoors,SKU-SPO-402,Non-Slip High Density Yoga Mat,3.0
2026-07-30,Sports & Outdoors,SKU-SPO-403,Heavy-Duty Resistance Bands Set,1.0
2026-07-30,Sports & Outdoors,SKU-SPO-404,Ultralight Backpacking Tent 2-Person,0.0
2026-07-30,Sports & Outdoors,SKU-SPO-405,Compact Camping Hammock Portable,2.0
2026-07-31,Apparel,SKU-APP-201,Thermal Fleece Running Hoodie,12.0
2026-07-31,Apparel,SKU-APP-202,Moisture-Wicking Athletic Tee,8.0
2026-07-31,Apparel,SKU-APP-203,Heavyweight Arctic Winter Parka,1.0
2026-07-31,Apparel,SKU-APP-204,Seamless Workout Compression Leggings,13.0
2026-07-31,Apparel,SKU-APP-205,Formal Wool Blazer Tailored,0.0
2026-07-31,Apparel,SKU-APP-206,Organic Cotton Crewneck Sweatshirt,1.0
2026-07-31,Electronics,SKU-ELC-001,Wireless Noise-Canceling Headphones,12.0
2026-07-31,Electronics,SKU-ELC-002,Smart Fitness Watch V2,0.0
2026-07-31,Electronics,SKU-ELC-003,4K Ultra-HD Action Camera,0.0
2026-07-31,Electronics,SKU-ELC-004,USB-C Fast Charging Cable 2M,8.0
2026-07-31,Electronics,SKU-ELC-005,Vintage Stereo Turntable,0.0
2026-07-31,Electronics,SKU-ELC-006,Bluetooth Conference Speaker,5.0
2026-07-31,Electronics,SKU-ELC-007,Ergonomic Mechanical Keyboard,6.0
2026-07-31,Health & Personal Care,SKU-HPC-301,Sonic Electric Toothbrush Pro,5.0
2026-07-31,Health & Personal Care,SKU-HPC-302,Collagen Peptide Powder 500g,2.0
2026-07-31,Health & Personal Care,SKU-HPC-303,Infrared Shiatsu Neck Massager,1.0
2026-07-31,Health & Personal Care,SKU-HPC-304,Daily Multivitamin Gummies 120ct,7.0
2026-07-31,Health & Personal Care,SKU-HPC-305,Aromatherapy Ultrasonic Diffuser,0.0
2026-07-31,Home & Kitchen,SKU-HMK-101,Digital Air Fryer Oven 6Qt,6.0
2026-07-31,Home & Kitchen,SKU-HMK-102,Stainless Steel French Press,7.0
2026-07-31,Home & Kitchen,SKU-HMK-103,Cold Brew Iced Coffee Pitcher,1.0
2026-07-31,Home & Kitchen,SKU-HMK-104,Electric Precision Milk Frother,8.0
2026-07-31,Home & Kitchen,SKU-HMK-105,Cast Iron Dutch Oven 5.5Qt,0.0
2026-07-31,Home & Kitchen,SKU-HMK-106,Smart WiFi Food Scale,4.0
2026-07-31,Home & Kitchen,SKU-HMK-107,Silicone Baking Mat Set,2.0
2026-07-31,Sports & Outdoors,SKU-SPO-401,Insulated Hydro Water Bottle 32oz,6.0
2026-07-31,Sports & Outdoors,SKU-SPO-402,Non-Slip High Density Yoga Mat,5.0
2026-07-31,Sports & Outdoors,SKU-SPO-403,Heavy-Duty Resistance Bands Set,1.0
2026-07-31,Sports & Outdoors,SKU-SPO-404,Ultralight Backpacking Tent 2-Person,0.0
2026-07-31,Sports & Outdoors,SKU-SPO-405,Compact Camping Hammock Portable,5.0
2026-08-01,Apparel,SKU-APP-201,Thermal Fleece Running Hoodie,16.0
2026-08-01,Apparel,SKU-APP-202,Moisture-Wicking Athletic Tee,9.0
2026-08-01,Apparel,SKU-APP-203,Heavyweight Arctic Winter Parka,2.0
2026-08-01,Apparel,SKU-APP-204,Seamless Workout Compression Leggings,8.0
2026-08-01,Apparel,SKU-APP-205,Formal Wool Blazer Tailored,0.0
2026-08-01,Apparel,SKU-APP-206,Organic Cotton Crewneck Sweatshirt,8.0
2026-08-01,Electronics,SKU-ELC-001,Wireless Noise-Canceling Headphones,22.0
2026-08-01,Electronics,SKU-ELC-002,Smart Fitness Watch V2,6.0
2026-08-01,Electronics,SKU-ELC-003,4K Ultra-HD Action Camera,5.0
2026-08-01,Electronics,SKU-ELC-004,USB-C Fast Charging Cable 2M,16.0
2026-08-01,Electronics,SKU-ELC-005,Vintage Stereo Turntable,0.0
2026-08-01,Electronics,SKU-ELC-006,Bluetooth Conference Speaker,8.0
2026-08-01,Electronics,SKU-ELC-007,Ergonomic Mechanical Keyboard,6.0
2026-08-01,Health & Personal Care,SKU-HPC-301,Sonic Electric Toothbrush Pro,4.0
2026-08-01,Health & Personal Care,SKU-HPC-302,Collagen Peptide Powder 500g,3.0
2026-08-01,Health & Personal Care,SKU-HPC-303,Infrared Shiatsu Neck Massager,0.0
2026-08-01,Health & Personal Care,SKU-HPC-304,Daily Multivitamin Gummies 120ct,10.0
2026-08-01,Health & Personal Care,SKU-HPC-305,Aromatherapy Ultrasonic Diffuser,0.0
2026-08-01,Home & Kitchen,SKU-HMK-101,Digital Air Fryer Oven 6Qt,20.0
2026-08-01,Home & Kitchen,SKU-HMK-102,Stainless Steel French Press,3.0
2026-08-01,Home & Kitchen,SKU-HMK-103,Cold Brew Iced Coffee Pitcher,0.0
2026-08-01,Home & Kitchen,SKU-HMK-104,Electric Precision Milk Frother,13.0
2026-08-01,Home & Kitchen,SKU-HMK-105,Cast Iron Dutch Oven 5.5Qt,0.0
2026-08-01,Home & Kitchen,SKU-HMK-106,Smart WiFi Food Scale,3.0
2026-08-01,Home & Kitchen,SKU-HMK-107,Silicone Baking Mat Set,8.0
2026-08-01,Sports & Outdoors,SKU-SPO-401,Insulated Hydro Water Bottle 32oz,10.0
2026-08-01,Sports & Outdoors,SKU-SPO-402,Non-Slip High Density Yoga Mat,7.0
2026-08-01,Sports & Outdoors,SKU-SPO-403,Heavy-Duty Resistance Bands Set,4.0
2026-08-01,Sports & Outdoors,SKU-SPO-404,Ultralight Backpacking Tent 2-Person,0.0
2026-08-01,Sports & Outdoors,SKU-SPO-405,Compact Camping Hammock Portable,11.0
2026-08-02,Apparel,SKU-APP-201,Thermal Fleece Running Hoodie,23.0
2026-08-02,Apparel,SKU-APP-202,Moisture-Wicking Athletic Tee,0.0
2026-08-02,Apparel,SKU-APP-203,Heavyweight Arctic Winter Parka,0.0
2026-08-02,Apparel,SKU-APP-204,Seamless Workout Compression Leggings,14.0
2026-08-02,Apparel,SKU-APP-205,Formal Wool Blazer Tailored,1.0
2026-08-02,Apparel,SKU-APP-206,Organic Cotton Crewneck Sweatshirt,6.0
2026-08-02,Electronics,SKU-ELC-001,Wireless Noise-Canceling Headphones,20.0
2026-08-02,Electronics,SKU-ELC-002,Smart Fitness Watch V2,3.0
2026-08-02,Electronics,SKU-ELC-003,4K Ultra-HD Action Camera,1.0
2026-08-02,Electronics,SKU-ELC-004,USB-C Fast Charging Cable 2M,13.0
2026-08-02,Electronics,SKU-ELC-005,Vintage Stereo Turntable,0.0
2026-08-02,Electronics,SKU-ELC-006,Bluetooth Conference Speaker,5.0
2026-08-02,Electronics,SKU-ELC-007,Ergonomic Mechanical Keyboard,6.0
2026-08-02,Health & Personal Care,SKU-HPC-301,Sonic Electric Toothbrush Pro,6.0
2026-08-02,Health & Personal Care,SKU-HPC-302,Collagen Peptide Powder 500g,1.0
2026-08-02,Health & Personal Care,SKU-HPC-303,Infrared Shiatsu Neck Massager,2.0
2026-08-02,Health & Personal Care,SKU-HPC-304,Daily Multivitamin Gummies 120ct,12.0
2026-08-02,Health & Personal Care,SKU-HPC-305,Aromatherapy Ultrasonic Diffuser,1.0
2026-08-02,Home & Kitchen,SKU-HMK-101,Digital Air Fryer Oven 6Qt,14.0
2026-08-02,Home & Kitchen,SKU-HMK-102,Stainless Steel French Press,4.0
2026-08-02,Home & Kitchen,SKU-HMK-103,Cold Brew Iced Coffee Pitcher,0.0
2026-08-02,Home & Kitchen,SKU-HMK-104,Electric Precision Milk Frother,19.0
2026-08-02,Home & Kitchen,SKU-HMK-105,Cast Iron Dutch Oven 5.5Qt,0.0
2026-08-02,Home & Kitchen,SKU-HMK-106,Smart WiFi Food Scale,8.0
2026-08-02,Home & Kitchen,SKU-HMK-107,Silicone Baking Mat Set,8.0
2026-08-02,Sports & Outdoors,SKU-SPO-401,Insulated Hydro Water Bottle 32oz,3.0
2026-08-02,Sports & Outdoors,SKU-SPO-402,Non-Slip High Density Yoga Mat,5.0
2026-08-02,Sports & Outdoors,SKU-SPO-403,Heavy-Duty Resistance Bands Set,1.0
2026-08-02,Sports & Outdoors,SKU-SPO-404,Ultralight Backpacking Tent 2-Person,1.0
2026-08-02,Sports & Outdoors,SKU-SPO-405,Compact Camping Hammock Portable,3.0
2026-08-03,Apparel,SKU-APP-201,Thermal Fleece Running Hoodie,10.0
2026-08-03,Apparel,SKU-APP-202,Moisture-Wicking Athletic Tee,5.0
2026-08-03,Apparel,SKU-APP-203,Heavyweight Arctic Winter Parka,0.0
2026-08-03,Apparel,SKU-APP-204,Seamless Workout Compression Leggings,10.0
2026-08-03,Apparel,SKU-APP-205,Formal Wool Blazer Tailored,0.0
2026-08-03,Apparel,SKU-APP-206,Organic Cotton Crewneck Sweatshirt,1.0
2026-08-03,Electronics,SKU-ELC-001,Wireless Noise-Canceling Headphones,12.0
2026-08-03,Electronics,SKU-ELC-002,Smart Fitness Watch V2,3.0
2026-08-03,Electronics,SKU-ELC-003,4K Ultra-HD Action Camera,2.0
2026-08-03,Electronics,SKU-ELC-004,USB-C Fast Charging Cable 2M,8.0
2026-08-03,Electronics,SKU-ELC-005,Vintage Stereo Turntable,0.0
2026-08-03,Electronics,SKU-ELC-006,Bluetooth Conference Speaker,2.0
2026-08-03,Electronics,SKU-ELC-007,Ergonomic Mechanical Keyboard,2.0
2026-08-03,Health & Personal Care,SKU-HPC-301,Sonic Electric Toothbrush Pro,4.0
2026-08-03,Health & Personal Care,SKU-HPC-302,Collagen Peptide Powder 500g,4.0
2026-08-03,Health & Personal Care,SKU-HPC-303,Infrared Shiatsu Neck Massager,1.0
2026-08-03,Health & Personal Care,SKU-HPC-304,Daily Multivitamin Gummies 120ct,16.0
2026-08-03,Health & Personal Care,SKU-HPC-305,Aromatherapy Ultrasonic Diffuser,0.0
2026-08-03,Home & Kitchen,SKU-HMK-101,Digital Air Fryer Oven 6Qt,12.0
2026-08-03,Home & Kitchen,SKU-HMK-102,Stainless Steel French Press,3.0
2026-08-03,Home & Kitchen,SKU-HMK-103,Cold Brew Iced Coffee Pitcher,0.0
2026-08-03,Home & Kitchen,SKU-HMK-104,Electric Precision Milk Frother,13.0
2026-08-03,Home & Kitchen,SKU-HMK-105,Cast Iron Dutch Oven 5.5Qt,0.0
2026-08-03,Home & Kitchen,SKU-HMK-106,Smart WiFi Food Scale,8.0
2026-08-03,Home & Kitchen,SKU-HMK-107,Silicone Baking Mat Set,5.0
2026-08-03,Sports & Outdoors,SKU-SPO-401,Insulated Hydro Water Bottle 32oz,7.0
2026-08-03,Sports & Outdoors,SKU-SPO-402,Non-Slip High Density Yoga Mat,6.0
2026-08-03,Sports & Outdoors,SKU-SPO-403,Heavy-Duty Resistance Bands Set,1.0
2026-08-03,Sports & Outdoors,SKU-SPO-404,Ultralight Backpacking Tent 2-Person,0.0
2026-08-03,Sports & Outdoors,SKU-SPO-405,Compact Camping Hammock Portable,3.0
2026-08-04,Apparel,SKU-APP-201,Thermal Fleece Running Hoodie,13.0
2026-08-04,Apparel,SKU-APP-202,Moisture-Wicking Athletic Tee,2.0
2026-08-04,Apparel,SKU-APP-203,Heavyweight Arctic Winter Parka,3.0
2026-08-04,Apparel,SKU-APP-204,Seamless Workout Compression Leggings,9.0
2026-08-04,Apparel,SKU-APP-205,Formal Wool Blazer Tailored,0.0
2026-08-04,Apparel,SKU-APP-206,Organic Cotton Crewneck Sweatshirt,2.0
2026-08-04,Electronics,SKU-ELC-001,Wireless Noise-Canceling Headphones,10.0
2026-08-04,Electronics,SKU-ELC-002,Smart Fitness Watch V2,2.0
2026-08-04,Electronics,SKU-ELC-003,4K Ultra-HD Action Camera,2.0
2026-08-04,Electronics,SKU-ELC-004,USB-C Fast Charging Cable 2M,7.0
2026-08-04,Electronics,SKU-ELC-005,Vintage Stereo Turntable,0.0
2026-08-04,Electronics,SKU-ELC-006,Bluetooth Conference Speaker,6.0
2026-08-04,Electronics,SKU-ELC-007,Ergonomic Mechanical Keyboard,6.0
2026-08-04,Health & Personal Care,SKU-HPC-301,Sonic Electric Toothbrush Pro,3.0
2026-08-04,Health & Personal Care,SKU-HPC-302,Collagen Peptide Powder 500g,2.0
2026-08-04,Health & Personal Care,SKU-HPC-303,Infrared Shiatsu Neck Massager,1.0
2026-08-04,Health & Personal Care,SKU-HPC-304,Daily Multivitamin Gummies 120ct,13.0
2026-08-04,Health & Personal Care,SKU-HPC-305,Aromatherapy Ultrasonic Diffuser,0.0
2026-08-04,Home & Kitchen,SKU-HMK-101,Digital Air Fryer Oven 6Qt,6.0
2026-08-04,Home & Kitchen,SKU-HMK-102,Stainless Steel French Press,2.0
2026-08-04,Home & Kitchen,SKU-HMK-103,Cold Brew Iced Coffee Pitcher,0.0
2026-08-04,Home & Kitchen,SKU-HMK-104,Electric Precision Milk Frother,4.0
2026-08-04,Home & Kitchen,SKU-HMK-105,Cast Iron Dutch Oven 5.5Qt,0.0
2026-08-04,Home & Kitchen,SKU-HMK-106,Smart WiFi Food Scale,3.0
2026-08-04,Home & Kitchen,SKU-HMK-107,Silicone Baking Mat Set,2.0
2026-08-04,Sports & Outdoors,SKU-SPO-401,Insulated Hydro Water Bottle 32oz,6.0
2026-08-04,Sports & Outdoors,SKU-SPO-402,Non-Slip High Density Yoga Mat,1.0
2026-08-04,Sports & Outdoors,SKU-SPO-403,Heavy-Duty Resistance Bands Set,2.0
2026-08-04,Sports & Outdoors,SKU-SPO-404,Ultralight Backpacking Tent 2-Person,0.0
2026-08-04,Sports & Outdoors,SKU-SPO-405,Compact Camping Hammock Portable,3.0
2026-08-05,Apparel,SKU-APP-201,Thermal Fleece Running Hoodie,10.0
2026-08-05,Apparel,SKU-APP-202,Moisture-Wicking Athletic Tee,5.0
2026-08-05,Apparel,SKU-APP-203,Heavyweight Arctic Winter Parka,5.0
2026-08-05,Apparel,SKU-APP-204,Seamless Workout Compression Leggings,9.0
2026-08-05,Apparel,SKU-APP-205,Formal Wool Blazer Tailored,0.0
2026-08-05,Apparel,SKU-APP-206,Organic Cotton Crewneck Sweatshirt,2.0
2026-08-05,Electronics,SKU-ELC-001,Wireless Noise-Canceling Headphones,10.0
2026-08-05,Electronics,SKU-ELC-002,Smart Fitness Watch V2,4.0
2026-08-05,Electronics,SKU-ELC-003,4K Ultra-HD Action Camera,3.0
2026-08-05,Electronics,SKU-ELC-004,USB-C Fast Charging Cable 2M,13.0
2026-08-05,Electronics,SKU-ELC-005,Vintage Stereo Turntable,0.0
2026-08-05,Electronics,SKU-ELC-006,Bluetooth Conference Speaker,3.0
2026-08-05,Electronics,SKU-ELC-007,Ergonomic Mechanical Keyboard,7.0
2026-08-05,Health & Personal Care,SKU-HPC-301,Sonic Electric Toothbrush Pro,1.0
2026-08-05,Health & Personal Care,SKU-HPC-302,Collagen Peptide Powder 500g,0.0
2026-08-05,Health & Personal Care,SKU-HPC-303,Infrared Shiatsu Neck Massager,2.0
2026-08-05,Health & Personal Care,SKU-HPC-304,Daily Multivitamin Gummies 120ct,9.0
2026-08-05,Health & Personal Care,SKU-HPC-305,Aromatherapy Ultrasonic Diffuser,0.0
2026-08-05,Home & Kitchen,SKU-HMK-101,Digital Air Fryer Oven 6Qt,11.0
2026-08-05,Home & Kitchen,SKU-HMK-102,Stainless Steel French Press,4.0
2026-08-05,Home & Kitchen,SKU-HMK-103,Cold Brew Iced Coffee Pitcher,2.0
2026-08-05,Home & Kitchen,SKU-HMK-104,Electric Precision Milk Frother,7.0
2026-08-05,Home & Kitchen,SKU-HMK-105,Cast Iron Dutch Oven 5.5Qt,0.0
2026-08-05,Home & Kitchen,SKU-HMK-106,Smart WiFi Food Scale,5.0
2026-08-05,Home & Kitchen,SKU-HMK-107,Silicone Baking Mat Set,6.0
2026-08-05,Sports & Outdoors,SKU-SPO-401,Insulated Hydro Water Bottle 32oz,6.0
2026-08-05,Sports & Outdoors,SKU-SPO-402,Non-Slip High Density Yoga Mat,2.0
2026-08-05,Sports & Outdoors,SKU-SPO-403,Heavy-Duty Resistance Bands Set,3.0
2026-08-05,Sports & Outdoors,SKU-SPO-404,Ultralight Backpacking Tent 2-Person,1.0
2026-08-05,Sports & Outdoors,SKU-SPO-405,Compact Camping Hammock Portable,2.0
2026-08-06,Apparel,SKU-APP-201,Thermal Fleece Running Hoodie,11.0
2026-08-06,Apparel,SKU-APP-202,Moisture-Wicking Athletic Tee,3.0
2026-08-06,Apparel,SKU-APP-203,Heavyweight Arctic Winter Parka,2.0
2026-08-06,Apparel,SKU-APP-204,Seamless Workout Compression Leggings,12.0
2026-08-06,Apparel,SKU-APP-205,Formal Wool Blazer Tailored,0.0
2026-08-06,Apparel,SKU-APP-206,Organic Cotton Crewneck Sweatshirt,6.0
2026-08-06,Electronics,SKU-ELC-001,Wireless Noise-Canceling Headphones,10.0
2026-08-06,Electronics,SKU-ELC-002,Smart Fitness Watch V2,1.0
2026-08-06,Electronics,SKU-ELC-003,4K Ultra-HD Action Camera,1.0
2026-08-06,Electronics,SKU-ELC-004,USB-C Fast Charging Cable 2M,8.0
2026-08-06,Electronics,SKU-ELC-005,Vintage Stereo Turntable,0.0
2026-08-06,Electronics,SKU-ELC-006,Bluetooth Conference Speaker,1.0
2026-08-06,Electronics,SKU-ELC-007,Ergonomic Mechanical Keyboard,2.0
2026-08-06,Health & Personal Care,SKU-HPC-301,Sonic Electric Toothbrush Pro,3.0
2026-08-06,Health & Personal Care,SKU-HPC-302,Collagen Peptide Powder 500g,5.0
2026-08-06,Health & Personal Care,SKU-HPC-303,Infrared Shiatsu Neck Massager,0.0
2026-08-06,Health & Personal Care,SKU-HPC-304,Daily Multivitamin Gummies 120ct,12.0
2026-08-06,Health & Personal Care,SKU-HPC-305,Aromatherapy Ultrasonic Diffuser,0.0
2026-08-06,Home & Kitchen,SKU-HMK-101,Digital Air Fryer Oven 6Qt,9.0
2026-08-06,Home & Kitchen,SKU-HMK-102,Stainless Steel French Press,3.0
2026-08-06,Home & Kitchen,SKU-HMK-103,Cold Brew Iced Coffee Pitcher,0.0
2026-08-06,Home & Kitchen,SKU-HMK-104,Electric Precision Milk Frother,10.0
2026-08-06,Home & Kitchen,SKU-HMK-105,Cast Iron Dutch Oven 5.5Qt,0.0
2026-08-06,Home & Kitchen,SKU-HMK-106,Smart WiFi Food Scale,5.0
2026-08-06,Home & Kitchen,SKU-HMK-107,Silicone Baking Mat Set,1.0
2026-08-06,Sports & Outdoors,SKU-SPO-401,Insulated Hydro Water Bottle 32oz,4.0
2026-08-06,Sports & Outdoors,SKU-SPO-402,Non-Slip High Density Yoga Mat,4.0
2026-08-06,Sports & Outdoors,SKU-SPO-403,Heavy-Duty Resistance Bands Set,3.0
2026-08-06,Sports & Outdoors,SKU-SPO-404,Ultralight Backpacking Tent 2-Person,0.0
2026-08-06,Sports & Outdoors,SKU-SPO-405,Compact Camping Hammock Portable,4.0
2026-08-07,Apparel,SKU-APP-201,Thermal Fleece Running Hoodie,17.0
2026-08-07,Apparel,SKU-APP-202,Moisture-Wicking Athletic Tee,1.0
2026-08-07,Apparel,SKU-APP-203,Heavyweight Arctic Winter Parka,0.0
2026-08-07,Apparel,SKU-APP-204,Seamless Workout Compression Leggings,8.0
2026-08-07,Apparel,SKU-APP-205,Formal Wool Blazer Tailored,0.0
2026-08-07,Apparel,SKU-APP-206,Organic Cotton Crewneck Sweatshirt,2.0
2026-08-07,Electronics,SKU-ELC-001,Wireless Noise-Canceling Headphones,17.0
2026-08-07,Electronics,SKU-ELC-002,Smart Fitness Watch V2,1.0
2026-08-07,Electronics,SKU-ELC-003,4K Ultra-HD Action Camera,1.0
2026-08-07,Electronics,SKU-ELC-004,USB-C Fast Charging Cable 2M,6.0
2026-08-07,Electronics,SKU-ELC-005,Vintage Stereo Turntable,0.0
2026-08-07,Electronics,SKU-ELC-006,Bluetooth Conference Speaker,1.0
2026-08-07,Electronics,SKU-ELC-007,Ergonomic Mechanical Keyboard,3.0
2026-08-07,Health & Personal Care,SKU-HPC-301,Sonic Electric Toothbrush Pro,4.0
2026-08-07,Health & Personal Care,SKU-HPC-302,Collagen Peptide Powder 500g,3.0
2026-08-07,Health & Personal Care,SKU-HPC-303,Infrared Shiatsu Neck Massager,3.0
2026-08-07,Health & Personal Care,SKU-HPC-304,Daily Multivitamin Gummies 120ct,13.0
2026-08-07,Health & Personal Care,SKU-HPC-305,Aromatherapy Ultrasonic Diffuser,0.0
2026-08-07,Home & Kitchen,SKU-HMK-101,Digital Air Fryer Oven 6Qt,7.0
2026-08-07,Home & Kitchen,SKU-HMK-102,Stainless Steel French Press,4.0
2026-08-07,Home & Kitchen,SKU-HMK-103,Cold Brew Iced Coffee Pitcher,2.0
2026-08-07,Home & Kitchen,SKU-HMK-104,Electric Precision Milk Frother,13.0
2026-08-07,Home & Kitchen,SKU-HMK-105,Cast Iron Dutch Oven 5.5Qt,0.0
2026-08-07,Home & Kitchen,SKU-HMK-106,Smart WiFi Food Scale,2.0
2026-08-07,Home & Kitchen,SKU-HMK-107,Silicone Baking Mat Set,4.0
2026-08-07,Sports & Outdoors,SKU-SPO-401,Insulated Hydro Water Bottle 32oz,3.0
2026-08-07,Sports & Outdoors,SKU-SPO-402,Non-Slip High Density Yoga Mat,3.0
2026-08-07,Sports & Outdoors,SKU-SPO-403,Heavy-Duty Resistance Bands Set,2.0
2026-08-07,Sports & Outdoors,SKU-SPO-404,Ultralight Backpacking Tent 2-Person,0.0
2026-08-07,Sports & Outdoors,SKU-SPO-405,Compact Camping Hammock Portable,3.0
2026-08-08,Apparel,SKU-APP-201,Thermal Fleece Running Hoodie,15.0
2026-08-08,Apparel,SKU-APP-202,Moisture-Wicking Athletic Tee,9.0
2026-08-08,Apparel,SKU-APP-203,Heavyweight Arctic Winter Parka,3.0
2026-08-08,Apparel,SKU-APP-204,Seamless Workout Compression Leggings,16.0
2026-08-08,Apparel,SKU-APP-205,Formal Wool Blazer Tailored,0.0
2026-08-08,Apparel,SKU-APP-206,Organic Cotton Crewneck Sweatshirt,4.0
2026-08-08,Electronics,SKU-ELC-001,Wireless Noise-Canceling Headphones,14.0
2026-08-08,Electronics,SKU-ELC-002,Smart Fitness Watch V2,6.0
2026-08-08,Electronics,SKU-ELC-003,4K Ultra-HD Action Camera,4.0
2026-08-08,Electronics,SKU-ELC-004,USB-C Fast Charging Cable 2M,23.0
2026-08-08,Electronics,SKU-ELC-005,Vintage Stereo Turntable,0.0
2026-08-08,Electronics,SKU-ELC-006,Bluetooth Conference Speaker,7.0
2026-08-08,Electronics,SKU-ELC-007,Ergonomic Mechanical Keyboard,7.0
2026-08-08,Health & Personal Care,SKU-HPC-301,Sonic Electric Toothbrush Pro,10.0
2026-08-08,Health & Personal Care,SKU-HPC-302,Collagen Peptide Powder 500g,6.0
2026-08-08,Health & Personal Care,SKU-HPC-303,Infrared Shiatsu Neck Massager,1.0
2026-08-08,Health & Personal Care,SKU-HPC-304,Daily Multivitamin Gummies 120ct,10.0
2026-08-08,Health & Personal Care,SKU-HPC-305,Aromatherapy Ultrasonic Diffuser,0.0
2026-08-08,Home & Kitchen,SKU-HMK-101,Digital Air Fryer Oven 6Qt,13.0
2026-08-08,Home & Kitchen,SKU-HMK-102,Stainless Steel French Press,9.0
2026-08-08,Home & Kitchen,SKU-HMK-103,Cold Brew Iced Coffee Pitcher,2.0
2026-08-08,Home & Kitchen,SKU-HMK-104,Electric Precision Milk Frother,10.0
2026-08-08,Home & Kitchen,SKU-HMK-105,Cast Iron Dutch Oven 5.5Qt,1.0
2026-08-08,Home & Kitchen,SKU-HMK-106,Smart WiFi Food Scale,9.0
2026-08-08,Home & Kitchen,SKU-HMK-107,Silicone Baking Mat Set,10.0
2026-08-08,Sports & Outdoors,SKU-SPO-401,Insulated Hydro Water Bottle 32oz,4.0
2026-08-08,Sports & Outdoors,SKU-SPO-402,Non-Slip High Density Yoga Mat,8.0
2026-08-08,Sports & Outdoors,SKU-SPO-403,Heavy-Duty Resistance Bands Set,3.0
2026-08-08,Sports & Outdoors,SKU-SPO-404,Ultralight Backpacking Tent 2-Person,0.0
2026-08-08,Sports & Outdoors,SKU-SPO-405,Compact Camping Hammock Portable,6.0
2026-08-09,Apparel,SKU-APP-201,Thermal Fleece Running Hoodie,21.0
2026-08-09,Apparel,SKU-APP-202,Moisture-Wicking Athletic Tee,6.0
2026-08-09,Apparel,SKU-APP-203,Heavyweight Arctic Winter Parka,0.0
2026-08-09,Apparel,SKU-APP-204,Seamless Workout Compression Leggings,13.0
2026-08-09,Apparel,SKU-APP-205,Formal Wool Blazer Tailored,0.0
2026-08-09,Apparel,SKU-APP-206,Organic Cotton Crewneck Sweatshirt,5.0
2026-08-09,Electronics,SKU-ELC-001,Wireless Noise-Canceling Headphones,15.0
2026-08-09,Electronics,SKU-ELC-002,Smart Fitness Watch V2,5.0
2026-08-09,Electronics,SKU-ELC-003,4K Ultra-HD Action Camera,1.0
2026-08-09,Electronics,SKU-ELC-004,USB-C Fast Charging Cable 2M,10.0
2026-08-09,Electronics,SKU-ELC-005,Vintage Stereo Turntable,0.0
2026-08-09,Electronics,SKU-ELC-006,Bluetooth Conference Speaker,7.0
2026-08-09,Electronics,SKU-ELC-007,Ergonomic Mechanical Keyboard,4.0
2026-08-09,Health & Personal Care,SKU-HPC-301,Sonic Electric Toothbrush Pro,8.0
2026-08-09,Health & Personal Care,SKU-HPC-302,Collagen Peptide Powder 500g,3.0
2026-08-09,Health & Personal Care,SKU-HPC-303,Infrared Shiatsu Neck Massager,1.0
2026-08-09,Health & Personal Care,SKU-HPC-304,Daily Multivitamin Gummies 120ct,13.0
2026-08-09,Health & Personal Care,SKU-HPC-305,Aromatherapy Ultrasonic Diffuser,0.0
2026-08-09,Home & Kitchen,SKU-HMK-101,Digital Air Fryer Oven 6Qt,13.0
2026-08-09,Home & Kitchen,SKU-HMK-102,Stainless Steel French Press,3.0
2026-08-09,Home & Kitchen,SKU-HMK-103,Cold Brew Iced Coffee Pitcher,1.0
2026-08-09,Home & Kitchen,SKU-HMK-104,Electric Precision Milk Frother,8.0
2026-08-09,Home & Kitchen,SKU-HMK-105,Cast Iron Dutch Oven 5.5Qt,0.0
2026-08-09,Home & Kitchen,SKU-HMK-106,Smart WiFi Food Scale,3.0
2026-08-09,Home & Kitchen,SKU-HMK-107,Silicone Baking Mat Set,3.0
2026-08-09,Sports & Outdoors,SKU-SPO-401,Insulated Hydro Water Bottle 32oz,11.0
2026-08-09,Sports & Outdoors,SKU-SPO-402,Non-Slip High Density Yoga Mat,7.0
2026-08-09,Sports & Outdoors,SKU-SPO-403,Heavy-Duty Resistance Bands Set,1.0
2026-08-09,Sports & Outdoors,SKU-SPO-404,Ultralight Backpacking Tent 2-Person,0.0
2026-08-09,Sports & Outdoors,SKU-SPO-405,Compact Camping Hammock Portable,5.0
2026-08-10,Apparel,SKU-APP-201,Thermal Fleece Running Hoodie,9.0
2026-08-10,Apparel,SKU-APP-202,Moisture-Wicking Athletic Tee,1.0
2026-08-10,Apparel,SKU-APP-203,Heavyweight Arctic Winter Parka,0.0
2026-08-10,Apparel,SKU-APP-204,Seamless Workout Compression Leggings,8.0
2026-08-10,Apparel,SKU-APP-205,Formal Wool Blazer Tailored,1.0
2026-08-10,Apparel,SKU-APP-206,Organic Cotton Crewneck Sweatshirt,6.0
2026-08-10,Electronics,SKU-ELC-001,Wireless Noise-Canceling Headphones,11.0
2026-08-10,Electronics,SKU-ELC-002,Smart Fitness Watch V2,2.0
2026-08-10,Electronics,SKU-ELC-003,4K Ultra-HD Action Camera,1.0
2026-08-10,Electronics,SKU-ELC-004,USB-C Fast Charging Cable 2M,7.0
2026-08-10,Electronics,SKU-ELC-005,Vintage Stereo Turntable,0.0
2026-08-10,Electronics,SKU-ELC-006,Bluetooth Conference Speaker,3.0
2026-08-10,Electronics,SKU-ELC-007,Ergonomic Mechanical Keyboard,6.0
2026-08-10,Health & Personal Care,SKU-HPC-301,Sonic Electric Toothbrush Pro,3.0
2026-08-10,Health & Personal Care,SKU-HPC-302,Collagen Peptide Powder 500g,2.0
2026-08-10,Health & Personal Care,SKU-HPC-303,Infrared Shiatsu Neck Massager,2.0
2026-08-10,Health & Personal Care,SKU-HPC-304,Daily Multivitamin Gummies 120ct,13.0
2026-08-10,Health & Personal Care,SKU-HPC-305,Aromatherapy Ultrasonic Diffuser,0.0
2026-08-10,Home & Kitchen,SKU-HMK-101,Digital Air Fryer Oven 6Qt,16.0
2026-08-10,Home & Kitchen,SKU-HMK-102,Stainless Steel French Press,4.0
2026-08-10,Home & Kitchen,SKU-HMK-103,Cold Brew Iced Coffee Pitcher,1.0
2026-08-10,Home & Kitchen,SKU-HMK-104,Electric Precision Milk Frother,6.0
2026-08-10,Home & Kitchen,SKU-HMK-105,Cast Iron Dutch Oven 5.5Qt,0.0
2026-08-10,Home & Kitchen,SKU-HMK-106,Smart WiFi Food Scale,3.0
2026-08-10,Home & Kitchen,SKU-HMK-107,Silicone Baking Mat Set,6.0
2026-08-10,Sports & Outdoors,SKU-SPO-401,Insulated Hydro Water Bottle 32oz,4.0
2026-08-10,Sports & Outdoors,SKU-SPO-402,Non-Slip High Density Yoga Mat,5.0
2026-08-10,Sports & Outdoors,SKU-SPO-403,Heavy-Duty Resistance Bands Set,0.0
2026-08-10,Sports & Outdoors,SKU-SPO-404,Ultralight Backpacking Tent 2-Person,0.0
2026-08-10,Sports & Outdoors,SKU-SPO-405,Compact Camping Hammock Portable,4.0
2026-08-11,Apparel,SKU-APP-201,Thermal Fleece Running Hoodie,15.0
2026-08-11,Apparel,SKU-APP-202,Moisture-Wicking Athletic Tee,2.0
2026-08-11,Apparel,SKU-APP-203,Heavyweight Arctic Winter Parka,0.0
2026-08-11,Apparel,SKU-APP-204,Seamless Workout Compression Leggings,7.0
2026-08-11,Apparel,SKU-APP-205,Formal Wool Blazer Tailored,0.0
2026-08-11,Apparel,SKU-APP-206,Organic Cotton Crewneck Sweatshirt,1.0
2026-08-11,Electronics,SKU-ELC-001,Wireless Noise-Canceling Headphones,8.0
2026-08-11,Electronics,SKU-ELC-002,Smart Fitness Watch V2,3.0
2026-08-11,Electronics,SKU-ELC-003,4K Ultra-HD Action Camera,1.0
2026-08-11,Electronics,SKU-ELC-004,USB-C Fast Charging Cable 2M,7.0
2026-08-11,Electronics,SKU-ELC-005,Vintage Stereo Turntable,0.0
2026-08-11,Electronics,SKU-ELC-006,Bluetooth Conference Speaker,7.0
2026-08-11,Electronics,SKU-ELC-007,Ergonomic Mechanical Keyboard,4.0
2026-08-11,Health & Personal Care,SKU-HPC-301,Sonic Electric Toothbrush Pro,3.0
2026-08-11,Health & Personal Care,SKU-HPC-302,Collagen Peptide Powder 500g,5.0
2026-08-11,Health & Personal Care,SKU-HPC-303,Infrared Shiatsu Neck Massager,1.0
2026-08-11,Health & Personal Care,SKU-HPC-304,Daily Multivitamin Gummies 120ct,11.0
2026-08-11,Health & Personal Care,SKU-HPC-305,Aromatherapy Ultrasonic Diffuser,0.0
2026-08-11,Home & Kitchen,SKU-HMK-101,Digital Air Fryer Oven 6Qt,8.0
2026-08-11,Home & Kitchen,SKU-HMK-102,Stainless Steel French Press,5.0
2026-08-11,Home & Kitchen,SKU-HMK-103,Cold Brew Iced Coffee Pitcher,1.0
2026-08-11,Home & Kitchen,SKU-HMK-104,Electric Precision Milk Frother,8.0
2026-08-11,Home & Kitchen,SKU-HMK-105,Cast Iron Dutch Oven 5.5Qt,0.0
2026-08-11,Home & Kitchen,SKU-HMK-106,Smart WiFi Food Scale,6.0
2026-08-11,Home & Kitchen,SKU-HMK-107,Silicone Baking Mat Set,3.0
2026-08-11,Sports & Outdoors,SKU-SPO-401,Insulated Hydro Water Bottle 32oz,5.0
2026-08-11,Sports & Outdoors,SKU-SPO-402,Non-Slip High Density Yoga Mat,8.0
2026-08-11,Sports & Outdoors,SKU-SPO-403,Heavy-Duty Resistance Bands Set,2.0
2026-08-11,Sports & Outdoors,SKU-SPO-404,Ultralight Backpacking Tent 2-Person,1.0
2026-08-11,Sports & Outdoors,SKU-SPO-405,Compact Camping Hammock Portable,3.0
2026-08-12,Apparel,SKU-APP-201,Thermal Fleece Running Hoodie,10.0
2026-08-12,Apparel,SKU-APP-202,Moisture-Wicking Athletic Tee,3.0
2026-08-12,Apparel,SKU-APP-203,Heavyweight Arctic Winter Parka,1.0
2026-08-12,Apparel,SKU-APP-204,Seamless Workout Compression Leggings,9.0
2026-08-12,Apparel,SKU-APP-205,Formal Wool Blazer Tailored,0.0
2026-08-12,Apparel,SKU-APP-206,Organic Cotton Crewneck Sweatshirt,0.0
2026-08-12,Electronics,SKU-ELC-001,Wireless Noise-Canceling Headphones,11.0
2026-08-12,Electronics,SKU-ELC-002,Smart Fitness Watch V2,2.0
2026-08-12,Electronics,SKU-ELC-003,4K Ultra-HD Action Camera,0.0
2026-08-12,Electronics,SKU-ELC-004,USB-C Fast Charging Cable 2M,9.0
2026-08-12,Electronics,SKU-ELC-005,Vintage Stereo Turntable,0.0
2026-08-12,Electronics,SKU-ELC-006,Bluetooth Conference Speaker,4.0
2026-08-12,Electronics,SKU-ELC-007,Ergonomic Mechanical Keyboard,8.0
2026-08-12,Health & Personal Care,SKU-HPC-301,Sonic Electric Toothbrush Pro,3.0
2026-08-12,Health & Personal Care,SKU-HPC-302,Collagen Peptide Powder 500g,7.0
2026-08-12,Health & Personal Care,SKU-HPC-303,Infrared Shiatsu Neck Massager,2.0
2026-08-12,Health & Personal Care,SKU-HPC-304,Daily Multivitamin Gummies 120ct,8.0
2026-08-12,Health & Personal Care,SKU-HPC-305,Aromatherapy Ultrasonic Diffuser,0.0
2026-08-12,Home & Kitchen,SKU-HMK-101,Digital Air Fryer Oven 6Qt,9.0
2026-08-12,Home & Kitchen,SKU-HMK-102,Stainless Steel French Press,6.0
2026-08-12,Home & Kitchen,SKU-HMK-103,Cold Brew Iced Coffee Pitcher,0.0
2026-08-12,Home & Kitchen,SKU-HMK-104,Electric Precision Milk Frother,11.0
2026-08-12,Home & Kitchen,SKU-HMK-105,Cast Iron Dutch Oven 5.5Qt,0.0
2026-08-12,Home & Kitchen,SKU-HMK-106,Smart WiFi Food Scale,3.0
2026-08-12,Home & Kitchen,SKU-HMK-107,Silicone Baking Mat Set,7.0
2026-08-12,Sports & Outdoors,SKU-SPO-401,Insulated Hydro Water Bottle 32oz,3.0
2026-08-12,Sports & Outdoors,SKU-SPO-402,Non-Slip High Density Yoga Mat,6.0
2026-08-12,Sports & Outdoors,SKU-SPO-403,Heavy-Duty Resistance Bands Set,4.0
2026-08-12,Sports & Outdoors,SKU-SPO-404,Ultralight Backpacking Tent 2-Person,0.0
2026-08-12,Sports & Outdoors,SKU-SPO-405,Compact Camping Hammock Portable,2.0
2026-08-13,Apparel,SKU-APP-201,Thermal Fleece Running Hoodie,8.0
2026-08-13,Apparel,SKU-APP-202,Moisture-Wicking Athletic Tee,5.0
2026-08-13,Apparel,SKU-APP-203,Heavyweight Arctic Winter Parka,3.0
2026-08-13,Apparel,SKU-APP-204,Seamless Workout Compression Leggings,11.0
2026-08-13,Apparel,SKU-APP-205,Formal Wool Blazer Tailored,0.0
2026-08-13,Apparel,SKU-APP-206,Organic Cotton Crewneck Sweatshirt,5.0
2026-08-13,Electronics,SKU-ELC-001,Wireless Noise-Canceling Headphones,10.0
2026-08-13,Electronics,SKU-ELC-002,Smart Fitness Watch V2,2.0
2026-08-13,Electronics,SKU-ELC-003,4K Ultra-HD Action Camera,2.0
2026-08-13,Electronics,SKU-ELC-004,USB-C Fast Charging Cable 2M,8.0
2026-08-13,Electronics,SKU-ELC-005,Vintage Stereo Turntable,0.0
2026-08-13,Electronics,SKU-ELC-006,Bluetooth Conference Speaker,2.0
2026-08-13,Electronics,SKU-ELC-007,Ergonomic Mechanical Keyboard,2.0
2026-08-13,Health & Personal Care,SKU-HPC-301,Sonic Electric Toothbrush Pro,5.0
2026-08-13,Health & Personal Care,SKU-HPC-302,Collagen Peptide Powder 500g,2.0
2026-08-13,Health & Personal Care,SKU-HPC-303,Infrared Shiatsu Neck Massager,1.0
2026-08-13,Health & Personal Care,SKU-HPC-304,Daily Multivitamin Gummies 120ct,11.0
2026-08-13,Health & Personal Care,SKU-HPC-305,Aromatherapy Ultrasonic Diffuser,0.0
2026-08-13,Home & Kitchen,SKU-HMK-101,Digital Air Fryer Oven 6Qt,4.0
2026-08-13,Home & Kitchen,SKU-HMK-102,Stainless Steel French Press,5.0
2026-08-13,Home & Kitchen,SKU-HMK-103,Cold Brew Iced Coffee Pitcher,0.0
2026-08-13,Home & Kitchen,SKU-HMK-104,Electric Precision Milk Frother,10.0
2026-08-13,Home & Kitchen,SKU-HMK-105,Cast Iron Dutch Oven 5.5Qt,0.0
2026-08-13,Home & Kitchen,SKU-HMK-106,Smart WiFi Food Scale,3.0
2026-08-13,Home & Kitchen,SKU-HMK-107,Silicone Baking Mat Set,6.0
2026-08-13,Sports & Outdoors,SKU-SPO-401,Insulated Hydro Water Bottle 32oz,5.0
2026-08-13,Sports & Outdoors,SKU-SPO-402,Non-Slip High Density Yoga Mat,5.0
2026-08-13,Sports & Outdoors,SKU-SPO-403,Heavy-Duty Resistance Bands Set,1.0
2026-08-13,Sports & Outdoors,SKU-SPO-404,Ultralight Backpacking Tent 2-Person,0.0
2026-08-13,Sports & Outdoors,SKU-SPO-405,Compact Camping Hammock Portable,3.0
2026-08-14,Apparel,SKU-APP-201,Thermal Fleece Running Hoodie,20.0
2026-08-14,Apparel,SKU-APP-202,Moisture-Wicking Athletic Tee,5.0
2026-08-14,Apparel,SKU-APP-203,Heavyweight Arctic Winter Parka,2.0
2026-08-14,Apparel,SKU-APP-204,Seamless Workout Compression Leggings,12.0
2026-08-14,Apparel,SKU-APP-205,Formal Wool Blazer Tailored,0.0
2026-08-14,Apparel,SKU-APP-206,Organic Cotton Crewneck Sweatshirt,1.0
2026-08-14,Electronics,SKU-ELC-001,Wireless Noise-Canceling Headphones,13.0
2026-08-14,Electronics,SKU-ELC-002,Smart Fitness Watch V2,2.0
2026-08-14,Electronics,SKU-ELC-003,4K Ultra-HD Action Camera,1.0
2026-08-14,Electronics,SKU-ELC-004,USB-C Fast Charging Cable 2M,17.0
2026-08-14,Electronics,SKU-ELC-005,Vintage Stereo Turntable,0.0
2026-08-14,Electronics,SKU-ELC-006,Bluetooth Conference Speaker,4.0
2026-08-14,Electronics,SKU-ELC-007,Ergonomic Mechanical Keyboard,4.0
2026-08-14,Health & Personal Care,SKU-HPC-301,Sonic Electric Toothbrush Pro,5.0
2026-08-14,Health & Personal Care,SKU-HPC-302,Collagen Peptide Powder 500g,1.0
2026-08-14,Health & Personal Care,SKU-HPC-303,Infrared Shiatsu Neck Massager,0.0
2026-08-14,Health & Personal Care,SKU-HPC-304,Daily Multivitamin Gummies 120ct,9.0
2026-08-14,Health & Personal Care,SKU-HPC-305,Aromatherapy Ultrasonic Diffuser,0.0
2026-08-14,Home & Kitchen,SKU-HMK-101,Digital Air Fryer Oven 6Qt,11.0
2026-08-14,Home & Kitchen,SKU-HMK-102,Stainless Steel French Press,1.0
2026-08-14,Home & Kitchen,SKU-HMK-103,Cold Brew Iced Coffee Pitcher,2.0
2026-08-14,Home & Kitchen,SKU-HMK-104,Electric Precision Milk Frother,11.0
2026-08-14,Home & Kitchen,SKU-HMK-105,Cast Iron Dutch Oven 5.5Qt,0.0
2026-08-14,Home & Kitchen,SKU-HMK-106,Smart WiFi Food Scale,6.0
2026-08-14,Home & Kitchen,SKU-HMK-107,Silicone Baking Mat Set,5.0
2026-08-14,Sports & Outdoors,SKU-SPO-401,Insulated Hydro Water Bottle 32oz,7.0
2026-08-14,Sports & Outdoors,SKU-SPO-402,Non-Slip High Density Yoga Mat,1.0
2026-08-14,Sports & Outdoors,SKU-SPO-403,Heavy-Duty Resistance Bands Set,1.0
2026-08-14,Sports & Outdoors,SKU-SPO-404,Ultralight Backpacking Tent 2-Person,0.0
2026-08-14,Sports & Outdoors,SKU-SPO-405,Compact Camping Hammock Portable,5.0
2026-08-15,Apparel,SKU-APP-201,Thermal Fleece Running Hoodie,15.0
2026-08-15,Apparel,SKU-APP-202,Moisture-Wicking Athletic Tee,3.0
2026-08-15,Apparel,SKU-APP-203,Heavyweight Arctic Winter Parka,0.0
2026-08-15,Apparel,SKU-APP-204,Seamless Workout Compression Leggings,16.0
2026-08-15,Apparel,SKU-APP-205,Formal Wool Blazer Tailored,0.0
2026-08-15,Apparel,SKU-APP-206,Organic Cotton Crewneck Sweatshirt,5.0
2026-08-15,Electronics,SKU-ELC-001,Wireless Noise-Canceling Headphones,18.0
2026-08-15,Electronics,SKU-ELC-002,Smart Fitness Watch V2,5.0
2026-08-15,Electronics,SKU-ELC-003,4K Ultra-HD Action Camera,2.0
2026-08-15,Electronics,SKU-ELC-004,USB-C Fast Charging Cable 2M,11.0
2026-08-15,Electronics,SKU-ELC-005,Vintage Stereo Turntable,0.0
2026-08-15,Electronics,SKU-ELC-006,Bluetooth Conference Speaker,6.0
2026-08-15,Electronics,SKU-ELC-007,Ergonomic Mechanical Keyboard,8.0
2026-08-15,Health & Personal Care,SKU-HPC-301,Sonic Electric Toothbrush Pro,8.0
2026-08-15,Health & Personal Care,SKU-HPC-302,Collagen Peptide Powder 500g,4.0
2026-08-15,Health & Personal Care,SKU-HPC-303,Infrared Shiatsu Neck Massager,0.0
2026-08-15,Health & Personal Care,SKU-HPC-304,Daily Multivitamin Gummies 120ct,11.0
2026-08-15,Health & Personal Care,SKU-HPC-305,Aromatherapy Ultrasonic Diffuser,0.0
2026-08-15,Home & Kitchen,SKU-HMK-101,Digital Air Fryer Oven 6Qt,13.0
2026-08-15,Home & Kitchen,SKU-HMK-102,Stainless Steel French Press,4.0
2026-08-15,Home & Kitchen,SKU-HMK-103,Cold Brew Iced Coffee Pitcher,2.0
2026-08-15,Home & Kitchen,SKU-HMK-104,Electric Precision Milk Frother,17.0
2026-08-15,Home & Kitchen,SKU-HMK-105,Cast Iron Dutch Oven 5.5Qt,0.0
2026-08-15,Home & Kitchen,SKU-HMK-106,Smart WiFi Food Scale,3.0
2026-08-15,Home & Kitchen,SKU-HMK-107,Silicone Baking Mat Set,5.0
2026-08-15,Sports & Outdoors,SKU-SPO-401,Insulated Hydro Water Bottle 32oz,9.0
2026-08-15,Sports & Outdoors,SKU-SPO-402,Non-Slip High Density Yoga Mat,3.0
2026-08-15,Sports & Outdoors,SKU-SPO-403,Heavy-Duty Resistance Bands Set,2.0
2026-08-15,Sports & Outdoors,SKU-SPO-404,Ultralight Backpacking Tent 2-Person,0.0
2026-08-15,Sports & Outdoors,SKU-SPO-405,Compact Camping Hammock Portable,0.0
2026-08-16,Apparel,SKU-APP-201,Thermal Fleece Running Hoodie,15.0
2026-08-16,Apparel,SKU-APP-202,Moisture-Wicking Athletic Tee,4.0
2026-08-16,Apparel,SKU-APP-203,Heavyweight Arctic Winter Parka,0.0
2026-08-16,Apparel,SKU-APP-204,Seamless Workout Compression Leggings,10.0
2026-08-16,Apparel,SKU-APP-205,Formal Wool Blazer Tailored,0.0
2026-08-16,Apparel,SKU-APP-206,Organic Cotton Crewneck Sweatshirt,9.0
2026-08-16,Electronics,SKU-ELC-001,Wireless Noise-Canceling Headphones,26.0
2026-08-16,Electronics,SKU-ELC-002,Smart Fitness Watch V2,5.0
2026-08-16,Electronics,SKU-ELC-003,4K Ultra-HD Action Camera,1.0
2026-08-16,Electronics,SKU-ELC-004,USB-C Fast Charging Cable 2M,16.0
2026-08-16,Electronics,SKU-ELC-005,Vintage Stereo Turntable,0.0
2026-08-16,Electronics,SKU-ELC-006,Bluetooth Conference Speaker,7.0
2026-08-16,Electronics,SKU-ELC-007,Ergonomic Mechanical Keyboard,4.0
2026-08-16,Health & Personal Care,SKU-HPC-301,Sonic Electric Toothbrush Pro,5.0
2026-08-16,Health & Personal Care,SKU-HPC-302,Collagen Peptide Powder 500g,7.0
2026-08-16,Health & Personal Care,SKU-HPC-303,Infrared Shiatsu Neck Massager,1.0
2026-08-16,Health & Personal Care,SKU-HPC-304,Daily Multivitamin Gummies 120ct,15.0
2026-08-16,Health & Personal Care,SKU-HPC-305,Aromatherapy Ultrasonic Diffuser,0.0
2026-08-16,Home & Kitchen,SKU-HMK-101,Digital Air Fryer Oven 6Qt,16.0
2026-08-16,Home & Kitchen,SKU-HMK-102,Stainless Steel French Press,3.0
2026-08-16,Home & Kitchen,SKU-HMK-103,Cold Brew Iced Coffee Pitcher,0.0
2026-08-16,Home & Kitchen,SKU-HMK-104,Electric Precision Milk Frother,12.0
2026-08-16,Home & Kitchen,SKU-HMK-105,Cast Iron Dutch Oven 5.5Qt,0.0
2026-08-16,Home & Kitchen,SKU-HMK-106,Smart WiFi Food Scale,12.0
2026-08-16,Home & Kitchen,SKU-HMK-107,Silicone Baking Mat Set,12.0
2026-08-16,Sports & Outdoors,SKU-SPO-401,Insulated Hydro Water Bottle 32oz,5.0
2026-08-16,Sports & Outdoors,SKU-SPO-402,Non-Slip High Density Yoga Mat,3.0
2026-08-16,Sports & Outdoors,SKU-SPO-403,Heavy-Duty Resistance Bands Set,2.0
2026-08-16,Sports & Outdoors,SKU-SPO-404,Ultralight Backpacking Tent 2-Person,0.0
2026-08-16,Sports & Outdoors,SKU-SPO-405,Compact Camping Hammock Portable,2.0
2026-08-17,Apparel,SKU-APP-201,Thermal Fleece Running Hoodie,5.0
2026-08-17,Apparel,SKU-APP-202,Moisture-Wicking Athletic Tee,5.0
2026-08-17,Apparel,SKU-APP-203,Heavyweight Arctic Winter Parka,0.0
2026-08-17,Apparel,SKU-APP-204,Seamless Workout Compression Leggings,10.0
2026-08-17,Apparel,SKU-APP-205,Formal Wool Blazer Tailored,0.0
2026-08-17,Apparel,SKU-APP-206,Organic Cotton Crewneck Sweatshirt,2.0
2026-08-17,Electronics,SKU-ELC-001,Wireless Noise-Canceling Headphones,11.0
2026-08-17,Electronics,SKU-ELC-002,Smart Fitness Watch V2,4.0
2026-08-17,Electronics,SKU-ELC-003,4K Ultra-HD Action Camera,0.0
2026-08-17,Electronics,SKU-ELC-004,USB-C Fast Charging Cable 2M,11.0
2026-08-17,Electronics,SKU-ELC-005,Vintage Stereo Turntable,0.0
2026-08-17,Electronics,SKU-ELC-006,Bluetooth Conference Speaker,3.0
2026-08-17,Electronics,SKU-ELC-007,Ergonomic Mechanical Keyboard,6.0
2026-08-17,Health & Personal Care,SKU-HPC-301,Sonic Electric Toothbrush Pro,2.0
2026-08-17,Health & Personal Care,SKU-HPC-302,Collagen Peptide Powder 500g,1.0
2026-08-17,Health & Personal Care,SKU-HPC-303,Infrared Shiatsu Neck Massager,2.0
2026-08-17,Health & Personal Care,SKU-HPC-304,Daily Multivitamin Gummies 120ct,10.0
2026-08-17,Health & Personal Care,SKU-HPC-305,Aromatherapy Ultrasonic Diffuser,0.0
2026-08-17,Home & Kitchen,SKU-HMK-101,Digital Air Fryer Oven 6Qt,10.0
2026-08-17,Home & Kitchen,SKU-HMK-102,Stainless Steel French Press,7.0
2026-08-17,Home & Kitchen,SKU-HMK-103,Cold Brew Iced Coffee Pitcher,1.0
2026-08-17,Home & Kitchen,SKU-HMK-104,Electric Precision Milk Frother,7.0
2026-08-17,Home & Kitchen,SKU-HMK-105,Cast Iron Dutch Oven 5.5Qt,0.0
2026-08-17,Home & Kitchen,SKU-HMK-106,Smart WiFi Food Scale,2.0
2026-08-17,Home & Kitchen,SKU-HMK-107,Silicone Baking Mat Set,2.0
2026-08-17,Sports & Outdoors,SKU-SPO-401,Insulated Hydro Water Bottle 32oz,3.0
2026-08-17,Sports & Outdoors,SKU-SPO-402,Non-Slip High Density Yoga Mat,2.0
2026-08-17,Sports & Outdoors,SKU-SPO-403,Heavy-Duty Resistance Bands Set,1.0
2026-08-17,Sports & Outdoors,SKU-SPO-404,Ultralight Backpacking Tent 2-Person,0.0
2026-08-17,Sports & Outdoors,SKU-SPO-405,Compact Camping Hammock Portable,6.0
2026-08-18,Apparel,SKU-APP-201,Thermal Fleece Running Hoodie,15.0
2026-08-18,Apparel,SKU-APP-202,Moisture-Wicking Athletic Tee,2.0
2026-08-18,Apparel,SKU-APP-203,Heavyweight Arctic Winter Parka,0.0
2026-08-18,Apparel,SKU-APP-204,Seamless Workout Compression Leggings,10.0
2026-08-18,Apparel,SKU-APP-205,Formal Wool Blazer Tailored,0.0
2026-08-18,Apparel,SKU-APP-206,Organic Cotton Crewneck Sweatshirt,3.0
2026-08-18,Electronics,SKU-ELC-001,Wireless Noise-Canceling Headphones,13.0
2026-08-18,Electronics,SKU-ELC-002,Smart Fitness Watch V2,7.0
2026-08-18,Electronics,SKU-ELC-003,4K Ultra-HD Action Camera,0.0
2026-08-18,Electronics,SKU-ELC-004,USB-C Fast Charging Cable 2M,10.0
2026-08-18,Electronics,SKU-ELC-005,Vintage Stereo Turntable,0.0
2026-08-18,Electronics,SKU-ELC-006,Bluetooth Conference Speaker,3.0
2026-08-18,Electronics,SKU-ELC-007,Ergonomic Mechanical Keyboard,4.0
2026-08-18,Health & Personal Care,SKU-HPC-301,Sonic Electric Toothbrush Pro,6.0
2026-08-18,Health & Personal Care,SKU-HPC-302,Collagen Peptide Powder 500g,2.0
2026-08-18,Health & Personal Care,SKU-HPC-303,Infrared Shiatsu Neck Massager,2.0
2026-08-18,Health & Personal Care,SKU-HPC-304,Daily Multivitamin Gummies 120ct,12.0
2026-08-18,Health & Personal Care,SKU-HPC-305,Aromatherapy Ultrasonic Diffuser,1.0
2026-08-18,Home & Kitchen,SKU-HMK-101,Digital Air Fryer Oven 6Qt,10.0
2026-08-18,Home & Kitchen,SKU-HMK-102,Stainless Steel French Press,3.0
2026-08-18,Home & Kitchen,SKU-HMK-103,Cold Brew Iced Coffee Pitcher,0.0
2026-08-18,Home & Kitchen,SKU-HMK-104,Electric Precision Milk Frother,5.0
2026-08-18,Home & Kitchen,SKU-HMK-105,Cast Iron Dutch Oven 5.5Qt,0.0
2026-08-18,Home & Kitchen,SKU-HMK-106,Smart WiFi Food Scale,3.0
2026-08-18,Home & Kitchen,SKU-HMK-107,Silicone Baking Mat Set,3.0
2026-08-18,Sports & Outdoors,SKU-SPO-401,Insulated Hydro Water Bottle 32oz,2.0
2026-08-18,Sports & Outdoors,SKU-SPO-402,Non-Slip High Density Yoga Mat,4.0
2026-08-18,Sports & Outdoors,SKU-SPO-403,Heavy-Duty Resistance Bands Set,2.0
2026-08-18,Sports & Outdoors,SKU-SPO-404,Ultralight Backpacking Tent 2-Person,0.0
2026-08-18,Sports & Outdoors,SKU-SPO-405,Compact Camping Hammock Portable,3.0
2026-08-19,Apparel,SKU-APP-201,Thermal Fleece Running Hoodie,10.0
2026-08-19,Apparel,SKU-APP-202,Moisture-Wicking Athletic Tee,5.0
2026-08-19,Apparel,SKU-APP-203,Heavyweight Arctic Winter Parka,1.0
2026-08-19,Apparel,SKU-APP-204,Seamless Workout Compression Leggings,7.0
2026-08-19,Apparel,SKU-APP-205,Formal Wool Blazer Tailored,1.0
2026-08-19,Apparel,SKU-APP-206,Organic Cotton Crewneck Sweatshirt,3.0
2026-08-19,Electronics,SKU-ELC-001,Wireless Noise-Canceling Headphones,14.0
2026-08-19,Electronics,SKU-ELC-002,Smart Fitness Watch V2,2.0
2026-08-19,Electronics,SKU-ELC-003,4K Ultra-HD Action Camera,0.0
2026-08-19,Electronics,SKU-ELC-004,USB-C Fast Charging Cable 2M,10.0
2026-08-19,Electronics,SKU-ELC-005,Vintage Stereo Turntable,0.0
2026-08-19,Electronics,SKU-ELC-006,Bluetooth Conference Speaker,4.0
2026-08-19,Electronics,SKU-ELC-007,Ergonomic Mechanical Keyboard,5.0
2026-08-19,Health & Personal Care,SKU-HPC-301,Sonic Electric Toothbrush Pro,2.0
2026-08-19,Health & Personal Care,SKU-HPC-302,Collagen Peptide Powder 500g,4.0
2026-08-19,Health & Personal Care,SKU-HPC-303,Infrared Shiatsu Neck Massager,2.0
2026-08-19,Health & Personal Care,SKU-HPC-304,Daily Multivitamin Gummies 120ct,11.0
2026-08-19,Health & Personal Care,SKU-HPC-305,Aromatherapy Ultrasonic Diffuser,0.0
2026-08-19,Home & Kitchen,SKU-HMK-101,Digital Air Fryer Oven 6Qt,10.0
2026-08-19,Home & Kitchen,SKU-HMK-102,Stainless Steel French Press,4.0
2026-08-19,Home & Kitchen,SKU-HMK-103,Cold Brew Iced Coffee Pitcher,1.0
2026-08-19,Home & Kitchen,SKU-HMK-104,Electric Precision Milk Frother,13.0
2026-08-19,Home & Kitchen,SKU-HMK-105,Cast Iron Dutch Oven 5.5Qt,0.0
2026-08-19,Home & Kitchen,SKU-HMK-106,Smart WiFi Food Scale,0.0
2026-08-19,Home & Kitchen,SKU-HMK-107,Silicone Baking Mat Set,3.0
2026-08-19,Sports & Outdoors,SKU-SPO-401,Insulated Hydro Water Bottle 32oz,3.0
2026-08-19,Sports & Outdoors,SKU-SPO-402,Non-Slip High Density Yoga Mat,6.0
2026-08-19,Sports & Outdoors,SKU-SPO-403,Heavy-Duty Resistance Bands Set,5.0
2026-08-19,Sports & Outdoors,SKU-SPO-404,Ultralight Backpacking Tent 2-Person,0.0
2026-08-19,Sports & Outdoors,SKU-SPO-405,Compact Camping Hammock Portable,3.0
2026-08-20,Apparel,SKU-APP-201,Thermal Fleece Running Hoodie,13.0
2026-08-20,Apparel,SKU-APP-202,Moisture-Wicking Athletic Tee,4.0
2026-08-20,Apparel,SKU-APP-203,Heavyweight Arctic Winter Parka,4.0
2026-08-20,Apparel,SKU-APP-204,Seamless Workout Compression Leggings,12.0
2026-08-20,Apparel,SKU-APP-205,Formal Wool Blazer Tailored,0.0
2026-08-20,Apparel,SKU-APP-206,Organic Cotton Crewneck Sweatshirt,5.0
2026-08-20,Electronics,SKU-ELC-001,Wireless Noise-Canceling Headphones,17.0
2026-08-20,Electronics,SKU-ELC-002,Smart Fitness Watch V2,7.0
2026-08-20,Electronics,SKU-ELC-003,4K Ultra-HD Action Camera,0.0
2026-08-20,Electronics,SKU-ELC-004,USB-C Fast Charging Cable 2M,3.0
2026-08-20,Electronics,SKU-ELC-005,Vintage Stereo Turntable,0.0
2026-08-20,Electronics,SKU-ELC-006,Bluetooth Conference Speaker,3.0
2026-08-20,Electronics,SKU-ELC-007,Ergonomic Mechanical Keyboard,8.0
2026-08-20,Health & Personal Care,SKU-HPC-301,Sonic Electric Toothbrush Pro,2.0
2026-08-20,Health & Personal Care,SKU-HPC-302,Collagen Peptide Powder 500g,4.0
2026-08-20,Health & Personal Care,SKU-HPC-303,Infrared Shiatsu Neck Massager,1.0
2026-08-20,Health & Personal Care,SKU-HPC-304,Daily Multivitamin Gummies 120ct,12.0
2026-08-20,Health & Personal Care,SKU-HPC-305,Aromatherapy Ultrasonic Diffuser,0.0
2026-08-20,Home & Kitchen,SKU-HMK-101,Digital Air Fryer Oven 6Qt,12.0
2026-08-20,Home & Kitchen,SKU-HMK-102,Stainless Steel French Press,0.0
2026-08-20,Home & Kitchen,SKU-HMK-103,Cold Brew Iced Coffee Pitcher,1.0
2026-08-20,Home & Kitchen,SKU-HMK-104,Electric Precision Milk Frother,8.0
2026-08-20,Home & Kitchen,SKU-HMK-105,Cast Iron Dutch Oven 5.5Qt,0.0
2026-08-20,Home & Kitchen,SKU-HMK-106,Smart WiFi Food Scale,2.0
2026-08-20,Home & Kitchen,SKU-HMK-107,Silicone Baking Mat Set,3.0
2026-08-20,Sports & Outdoors,SKU-SPO-401,Insulated Hydro Water Bottle 32oz,7.0
2026-08-20,Sports & Outdoors,SKU-SPO-402,Non-Slip High Density Yoga Mat,4.0
2026-08-20,Sports & Outdoors,SKU-SPO-403,Heavy-Duty Resistance Bands Set,2.0
2026-08-20,Sports & Outdoors,SKU-SPO-404,Ultralight Backpacking Tent 2-Person,0.0
2026-08-20,Sports & Outdoors,SKU-SPO-405,Compact Camping Hammock Portable,3.0
2026-08-21,Apparel,SKU-APP-201,Thermal Fleece Running Hoodie,13.0
2026-08-21,Apparel,SKU-APP-202,Moisture-Wicking Athletic Tee,3.0
2026-08-21,Apparel,SKU-APP-203,Heavyweight Arctic Winter Parka,1.0
2026-08-21,Apparel,SKU-APP-204,Seamless Workout Compression Leggings,16.0
2026-08-21,Apparel,SKU-APP-205,Formal Wool Blazer Tailored,0.0
2026-08-21,Apparel,SKU-APP-206,Organic Cotton Crewneck Sweatshirt,4.0
2026-08-21,Electronics,SKU-ELC-001,Wireless Noise-Canceling Headphones,8.0
2026-08-21,Electronics,SKU-ELC-002,Smart Fitness Watch V2,3.0
2026-08-21,Electronics,SKU-ELC-003,4K Ultra-HD Action Camera,2.0
2026-08-21,Electronics,SKU-ELC-004,USB-C Fast Charging Cable 2M,10.0
2026-08-21,Electronics,SKU-ELC-005,Vintage Stereo Turntable,0.0
2026-08-21,Electronics,SKU-ELC-006,Bluetooth Conference Speaker,4.0
2026-08-21,Electronics,SKU-ELC-007,Ergonomic Mechanical Keyboard,5.0
2026-08-21,Health & Personal Care,SKU-HPC-301,Sonic Electric Toothbrush Pro,3.0
2026-08-21,Health & Personal Care,SKU-HPC-302,Collagen Peptide Powder 500g,6.0
2026-08-21,Health & Personal Care,SKU-HPC-303,Infrared Shiatsu Neck Massager,1.0
2026-08-21,Health & Personal Care,SKU-HPC-304,Daily Multivitamin Gummies 120ct,9.0
2026-08-21,Health & Personal Care,SKU-HPC-305,Aromatherapy Ultrasonic Diffuser,0.0
2026-08-21,Home & Kitchen,SKU-HMK-101,Digital Air Fryer Oven 6Qt,7.0
2026-08-21,Home & Kitchen,SKU-HMK-102,Stainless Steel French Press,4.0
2026-08-21,Home & Kitchen,SKU-HMK-103,Cold Brew Iced Coffee Pitcher,2.0
2026-08-21,Home & Kitchen,SKU-HMK-104,Electric Precision Milk Frother,8.0
2026-08-21,Home & Kitchen,SKU-HMK-105,Cast Iron Dutch Oven 5.5Qt,0.0
2026-08-21,Home & Kitchen,SKU-HMK-106,Smart WiFi Food Scale,3.0
2026-08-21,Home & Kitchen,SKU-HMK-107,Silicone Baking Mat Set,3.0
2026-08-21,Sports & Outdoors,SKU-SPO-401,Insulated Hydro Water Bottle 32oz,5.0
2026-08-21,Sports & Outdoors,SKU-SPO-402,Non-Slip High Density Yoga Mat,4.0
2026-08-21,Sports & Outdoors,SKU-SPO-403,Heavy-Duty Resistance Bands Set,1.0
2026-08-21,Sports & Outdoors,SKU-SPO-404,Ultralight Backpacking Tent 2-Person,0.0
2026-08-21,Sports & Outdoors,SKU-SPO-405,Compact Camping Hammock Portable,11.0
2026-08-22,Apparel,SKU-APP-201,Thermal Fleece Running Hoodie,8.0
2026-08-22,Apparel,SKU-APP-202,Moisture-Wicking Athletic Tee,5.0
2026-08-22,Apparel,SKU-APP-203,Heavyweight Arctic Winter Parka,5.0
2026-08-22,Apparel,SKU-APP-204,Seamless Workout Compression Leggings,14.0
2026-08-22,Apparel,SKU-APP-205,Formal Wool Blazer Tailored,0.0
2026-08-22,Apparel,SKU-APP-206,Organic Cotton Crewneck Sweatshirt,3.0
2026-08-22,Electronics,SKU-ELC-001,Wireless Noise-Canceling Headphones,16.0
2026-08-22,Electronics,SKU-ELC-002,Smart Fitness Watch V2,2.0
2026-08-22,Electronics,SKU-ELC-003,4K Ultra-HD Action Camera,1.0
2026-08-22,Electronics,SKU-ELC-004,USB-C Fast Charging Cable 2M,11.0
2026-08-22,Electronics,SKU-ELC-005,Vintage Stereo Turntable,0.0
2026-08-22,Electronics,SKU-ELC-006,Bluetooth Conference Speaker,5.0
2026-08-22,Electronics,SKU-ELC-007,Ergonomic Mechanical Keyboard,8.0
2026-08-22,Health & Personal Care,SKU-HPC-301,Sonic Electric Toothbrush Pro,6.0
2026-08-22,Health & Personal Care,SKU-HPC-302,Collagen Peptide Powder 500g,5.0
2026-08-22,Health & Personal Care,SKU-HPC-303,Infrared Shiatsu Neck Massager,1.0
2026-08-22,Health & Personal Care,SKU-HPC-304,Daily Multivitamin Gummies 120ct,20.0
2026-08-22,Health & Personal Care,SKU-HPC-305,Aromatherapy Ultrasonic Diffuser,0.0
2026-08-22,Home & Kitchen,SKU-HMK-101,Digital Air Fryer Oven 6Qt,15.0
2026-08-22,Home & Kitchen,SKU-HMK-102,Stainless Steel French Press,3.0
2026-08-22,Home & Kitchen,SKU-HMK-103,Cold Brew Iced Coffee Pitcher,3.0
2026-08-22,Home & Kitchen,SKU-HMK-104,Electric Precision Milk Frother,17.0
2026-08-22,Home & Kitchen,SKU-HMK-105,Cast Iron Dutch Oven 5.5Qt,0.0
2026-08-22,Home & Kitchen,SKU-HMK-106,Smart WiFi Food Scale,3.0
2026-08-22,Home & Kitchen,SKU-HMK-107,Silicone Baking Mat Set,8.0
2026-08-22,Sports & Outdoors,SKU-SPO-401,Insulated Hydro Water Bottle 32oz,4.0
2026-08-22,Sports & Outdoors,SKU-SPO-402,Non-Slip High Density Yoga Mat,1.0
2026-08-22,Sports & Outdoors,SKU-SPO-403,Heavy-Duty Resistance Bands Set,0.0
2026-08-22,Sports & Outdoors,SKU-SPO-404,Ultralight Backpacking Tent 2-Person,0.0
2026-08-22,Sports & Outdoors,SKU-SPO-405,Compact Camping Hammock Portable,4.0
2026-08-23,Apparel,SKU-APP-201,Thermal Fleece Running Hoodie,10.0
2026-08-23,Apparel,SKU-APP-202,Moisture-Wicking Athletic Tee,3.0
2026-08-23,Apparel,SKU-APP-203,Heavyweight Arctic Winter Parka,0.0
2026-08-23,Apparel,SKU-APP-204,Seamless Workout Compression Leggings,18.0
2026-08-23,Apparel,SKU-APP-205,Formal Wool Blazer Tailored,2.0
2026-08-23,Apparel,SKU-APP-206,Organic Cotton Crewneck Sweatshirt,3.0
2026-08-23,Electronics,SKU-ELC-001,Wireless Noise-Canceling Headphones,15.0
2026-08-23,Electronics,SKU-ELC-002,Smart Fitness Watch V2,2.0
2026-08-23,Electronics,SKU-ELC-003,4K Ultra-HD Action Camera,2.0
2026-08-23,Electronics,SKU-ELC-004,USB-C Fast Charging Cable 2M,13.0
2026-08-23,Electronics,SKU-ELC-005,Vintage Stereo Turntable,0.0
2026-08-23,Electronics,SKU-ELC-006,Bluetooth Conference Speaker,4.0
2026-08-23,Electronics,SKU-ELC-007,Ergonomic Mechanical Keyboard,8.0
2026-08-23,Health & Personal Care,SKU-HPC-301,Sonic Electric Toothbrush Pro,9.0
2026-08-23,Health & Personal Care,SKU-HPC-302,Collagen Peptide Powder 500g,1.0
2026-08-23,Health & Personal Care,SKU-HPC-303,Infrared Shiatsu Neck Massager,0.0
2026-08-23,Health & Personal Care,SKU-HPC-304,Daily Multivitamin Gummies 120ct,20.0
2026-08-23,Health & Personal Care,SKU-HPC-305,Aromatherapy Ultrasonic Diffuser,0.0
2026-08-23,Home & Kitchen,SKU-HMK-101,Digital Air Fryer Oven 6Qt,15.0
2026-08-23,Home & Kitchen,SKU-HMK-102,Stainless Steel French Press,5.0
2026-08-23,Home & Kitchen,SKU-HMK-103,Cold Brew Iced Coffee Pitcher,0.0
2026-08-23,Home & Kitchen,SKU-HMK-104,Electric Precision Milk Frother,12.0
2026-08-23,Home & Kitchen,SKU-HMK-105,Cast Iron Dutch Oven 5.5Qt,0.0
2026-08-23,Home & Kitchen,SKU-HMK-106,Smart WiFi Food Scale,4.0
2026-08-23,Home & Kitchen,SKU-HMK-107,Silicone Baking Mat Set,3.0
2026-08-23,Sports & Outdoors,SKU-SPO-401,Insulated Hydro Water Bottle 32oz,4.0
2026-08-23,Sports & Outdoors,SKU-SPO-402,Non-Slip High Density Yoga Mat,4.0
2026-08-23,Sports & Outdoors,SKU-SPO-403,Heavy-Duty Resistance Bands Set,1.0
2026-08-23,Sports & Outdoors,SKU-SPO-404,Ultralight Backpacking Tent 2-Person,0.0
2026-08-23,Sports & Outdoors,SKU-SPO-405,Compact Camping Hammock Portable,7.0
2026-08-24,Apparel,SKU-APP-201,Thermal Fleece Running Hoodie,21.0
2026-08-24,Apparel,SKU-APP-202,Moisture-Wicking Athletic Tee,3.0
2026-08-24,Apparel,SKU-APP-203,Heavyweight Arctic Winter Parka,3.0
2026-08-24,Apparel,SKU-APP-204,Seamless Workout Compression Leggings,9.0
2026-08-24,Apparel,SKU-APP-205,Formal Wool Blazer Tailored,0.0
2026-08-24,Apparel,SKU-APP-206,Organic Cotton Crewneck Sweatshirt,8.0
2026-08-24,Electronics,SKU-ELC-001,Wireless Noise-Canceling Headphones,11.0
2026-08-24,Electronics,SKU-ELC-002,Smart Fitness Watch V2,0.0
2026-08-24,Electronics,SKU-ELC-003,4K Ultra-HD Action Camera,1.0
2026-08-24,Electronics,SKU-ELC-004,USB-C Fast Charging Cable 2M,10.0
2026-08-24,Electronics,SKU-ELC-005,Vintage Stereo Turntable,0.0
2026-08-24,Electronics,SKU-ELC-006,Bluetooth Conference Speaker,3.0
2026-08-24,Electronics,SKU-ELC-007,Ergonomic Mechanical Keyboard,4.0
2026-08-24,Health & Personal Care,SKU-HPC-301,Sonic Electric Toothbrush Pro,7.0
2026-08-24,Health & Personal Care,SKU-HPC-302,Collagen Peptide Powder 500g,3.0
2026-08-24,Health & Personal Care,SKU-HPC-303,Infrared Shiatsu Neck Massager,0.0
2026-08-24,Health & Personal Care,SKU-HPC-304,Daily Multivitamin Gummies 120ct,12.0
2026-08-24,Health & Personal Care,SKU-HPC-305,Aromatherapy Ultrasonic Diffuser,0.0
2026-08-24,Home & Kitchen,SKU-HMK-101,Digital Air Fryer Oven 6Qt,10.0
2026-08-24,Home & Kitchen,SKU-HMK-102,Stainless Steel French Press,3.0
2026-08-24,Home & Kitchen,SKU-HMK-103,Cold Brew Iced Coffee Pitcher,2.0
2026-08-24,Home & Kitchen,SKU-HMK-104,Electric Precision Milk Frother,10.0
2026-08-24,Home & Kitchen,SKU-HMK-105,Cast Iron Dutch Oven 5.5Qt,0.0
2026-08-24,Home & Kitchen,SKU-HMK-106,Smart WiFi Food Scale,4.0
2026-08-24,Home & Kitchen,SKU-HMK-107,Silicone Baking Mat Set,9.0
2026-08-24,Sports & Outdoors,SKU-SPO-401,Insulated Hydro Water Bottle 32oz,3.0
2026-08-24,Sports & Outdoors,SKU-SPO-402,Non-Slip High Density Yoga Mat,3.0
2026-08-24,Sports & Outdoors,SKU-SPO-403,Heavy-Duty Resistance Bands Set,4.0
2026-08-24,Sports & Outdoors,SKU-SPO-404,Ultralight Backpacking Tent 2-Person,0.0
2026-08-24,Sports & Outdoors,SKU-SPO-405,Compact Camping Hammock Portable,2.0
2026-08-25,Apparel,SKU-APP-201,Thermal Fleece Running Hoodie,12.0
2026-08-25,Apparel,SKU-APP-202,Moisture-Wicking Athletic Tee,1.0
2026-08-25,Apparel,SKU-APP-203,Heavyweight Arctic Winter Parka,4.0
2026-08-25,Apparel,SKU-APP-204,Seamless Workout Compression Leggings,10.0
2026-08-25,Apparel,SKU-APP-205,Formal Wool Blazer Tailored,0.0
2026-08-25,Apparel,SKU-APP-206,Organic Cotton Crewneck Sweatshirt,3.0
2026-08-25,Electronics,SKU-ELC-001,Wireless Noise-Canceling Headphones,12.0
2026-08-25,Electronics,SKU-ELC-002,Smart Fitness Watch V2,4.0
2026-08-25,Electronics,SKU-ELC-003,4K Ultra-HD Action Camera,1.0
2026-08-25,Electronics,SKU-ELC-004,USB-C Fast Charging Cable 2M,8.0
2026-08-25,Electronics,SKU-ELC-005,Vintage Stereo Turntable,0.0
2026-08-25,Electronics,SKU-ELC-006,Bluetooth Conference Speaker,4.0
2026-08-25,Electronics,SKU-ELC-007,Ergonomic Mechanical Keyboard,4.0
2026-08-25,Health & Personal Care,SKU-HPC-301,Sonic Electric Toothbrush Pro,6.0
2026-08-25,Health & Personal Care,SKU-HPC-302,Collagen Peptide Powder 500g,5.0
2026-08-25,Health & Personal Care,SKU-HPC-303,Infrared Shiatsu Neck Massager,0.0
2026-08-25,Health & Personal Care,SKU-HPC-304,Daily Multivitamin Gummies 120ct,9.0
2026-08-25,Health & Personal Care,SKU-HPC-305,Aromatherapy Ultrasonic Diffuser,0.0
2026-08-25,Home & Kitchen,SKU-HMK-101,Digital Air Fryer Oven 6Qt,4.0
2026-08-25,Home & Kitchen,SKU-HMK-102,Stainless Steel French Press,2.0
2026-08-25,Home & Kitchen,SKU-HMK-103,Cold Brew Iced Coffee Pitcher,1.0
2026-08-25,Home & Kitchen,SKU-HMK-104,Electric Precision Milk Frother,5.0
2026-08-25,Home & Kitchen,SKU-HMK-105,Cast Iron Dutch Oven 5.5Qt,0.0
2026-08-25,Home & Kitchen,SKU-HMK-106,Smart WiFi Food Scale,3.0
2026-08-25,Home & Kitchen,SKU-HMK-107,Silicone Baking Mat Set,3.0
2026-08-25,Sports & Outdoors,SKU-SPO-401,Insulated Hydro Water Bottle 32oz,5.0
2026-08-25,Sports & Outdoors,SKU-SPO-402,Non-Slip High Density Yoga Mat,1.0
2026-08-25,Sports & Outdoors,SKU-SPO-403,Heavy-Duty Resistance Bands Set,2.0
2026-08-25,Sports & Outdoors,SKU-SPO-404,Ultralight Backpacking Tent 2-Person,0.0
2026-08-25,Sports & Outdoors,SKU-SPO-405,Compact Camping Hammock Portable,4.0
2026-08-26,Apparel,SKU-APP-201,Thermal Fleece Running Hoodie,12.0
2026-08-26,Apparel,SKU-APP-202,Moisture-Wicking Athletic Tee,1.0
2026-08-26,Apparel,SKU-APP-203,Heavyweight Arctic Winter Parka,2.0
2026-08-26,Apparel,SKU-APP-204,Seamless Workout Compression Leggings,10.0
2026-08-26,Apparel,SKU-APP-205,Formal Wool Blazer Tailored,0.0
2026-08-26,Apparel,SKU-APP-206,Organic Cotton Crewneck Sweatshirt,4.0
2026-08-26,Electronics,SKU-ELC-001,Wireless Noise-Canceling Headphones,19.0
2026-08-26,Electronics,SKU-ELC-002,Smart Fitness Watch V2,3.0
2026-08-26,Electronics,SKU-ELC-003,4K Ultra-HD Action Camera,4.0
2026-08-26,Electronics,SKU-ELC-004,USB-C Fast Charging Cable 2M,7.0
2026-08-26,Electronics,SKU-ELC-005,Vintage Stereo Turntable,0.0
2026-08-26,Electronics,SKU-ELC-006,Bluetooth Conference Speaker,7.0
2026-08-26,Electronics,SKU-ELC-007,Ergonomic Mechanical Keyboard,6.0
2026-08-26,Health & Personal Care,SKU-HPC-301,Sonic Electric Toothbrush Pro,5.0
2026-08-26,Health & Personal Care,SKU-HPC-302,Collagen Peptide Powder 500g,2.0
2026-08-26,Health & Personal Care,SKU-HPC-303,Infrared Shiatsu Neck Massager,1.0
2026-08-26,Health & Personal Care,SKU-HPC-304,Daily Multivitamin Gummies 120ct,12.0
2026-08-26,Health & Personal Care,SKU-HPC-305,Aromatherapy Ultrasonic Diffuser,0.0
2026-08-26,Home & Kitchen,SKU-HMK-101,Digital Air Fryer Oven 6Qt,15.0
2026-08-26,Home & Kitchen,SKU-HMK-102,Stainless Steel French Press,5.0
2026-08-26,Home & Kitchen,SKU-HMK-103,Cold Brew Iced Coffee Pitcher,2.0
2026-08-26,Home & Kitchen,SKU-HMK-104,Electric Precision Milk Frother,14.0
2026-08-26,Home & Kitchen,SKU-HMK-105,Cast Iron Dutch Oven 5.5Qt,0.0
2026-08-26,Home & Kitchen,SKU-HMK-106,Smart WiFi Food Scale,7.0
2026-08-26,Home & Kitchen,SKU-HMK-107,Silicone Baking Mat Set,2.0
2026-08-26,Sports & Outdoors,SKU-SPO-401,Insulated Hydro Water Bottle 32oz,4.0
2026-08-26,Sports & Outdoors,SKU-SPO-402,Non-Slip High Density Yoga Mat,3.0
2026-08-26,Sports & Outdoors,SKU-SPO-403,Heavy-Duty Resistance Bands Set,0.0
2026-08-26,Sports & Outdoors,SKU-SPO-404,Ultralight Backpacking Tent 2-Person,0.0
2026-08-26,Sports & Outdoors,SKU-SPO-405,Compact Camping Hammock Portable,2.0
2026-08-27,Apparel,SKU-APP-201,Thermal Fleece Running Hoodie,7.0
2026-08-27,Apparel,SKU-APP-202,Moisture-Wicking Athletic Tee,4.0
2026-08-27,Apparel,SKU-APP-203,Heavyweight Arctic Winter Parka,0.0
2026-08-27,Apparel,SKU-APP-204,Seamless Workout Compression Leggings,8.0
2026-08-27,Apparel,SKU-APP-205,Formal Wool Blazer Tailored,0.0
2026-08-27,Apparel,SKU-APP-206,Organic Cotton Crewneck Sweatshirt,2.0
2026-08-27,Electronics,SKU-ELC-001,Wireless Noise-Canceling Headphones,9.0
2026-08-27,Electronics,SKU-ELC-002,Smart Fitness Watch V2,3.0
2026-08-27,Electronics,SKU-ELC-003,4K Ultra-HD Action Camera,1.0
2026-08-27,Electronics,SKU-ELC-004,USB-C Fast Charging Cable 2M,9.0
2026-08-27,Electronics,SKU-ELC-005,Vintage Stereo Turntable,0.0
2026-08-27,Electronics,SKU-ELC-006,Bluetooth Conference Speaker,1.0
2026-08-27,Electronics,SKU-ELC-007,Ergonomic Mechanical Keyboard,6.0
2026-08-27,Health & Personal Care,SKU-HPC-301,Sonic Electric Toothbrush Pro,2.0
2026-08-27,Health & Personal Care,SKU-HPC-302,Collagen Peptide Powder 500g,4.0
2026-08-27,Health & Personal Care,SKU-HPC-303,Infrared Shiatsu Neck Massager,1.0
2026-08-27,Health & Personal Care,SKU-HPC-304,Daily Multivitamin Gummies 120ct,11.0
2026-08-27,Health & Personal Care,SKU-HPC-305,Aromatherapy Ultrasonic Diffuser,0.0
2026-08-27,Home & Kitchen,SKU-HMK-101,Digital Air Fryer Oven 6Qt,7.0
2026-08-27,Home & Kitchen,SKU-HMK-102,Stainless Steel French Press,2.0
2026-08-27,Home & Kitchen,SKU-HMK-103,Cold Brew Iced Coffee Pitcher,2.0
2026-08-27,Home & Kitchen,SKU-HMK-104,Electric Precision Milk Frother,8.0
2026-08-27,Home & Kitchen,SKU-HMK-105,Cast Iron Dutch Oven 5.5Qt,0.0
2026-08-27,Home & Kitchen,SKU-HMK-106,Smart WiFi Food Scale,2.0
2026-08-27,Home & Kitchen,SKU-HMK-107,Silicone Baking Mat Set,3.0
2026-08-27,Sports & Outdoors,SKU-SPO-401,Insulated Hydro Water Bottle 32oz,5.0
2026-08-27,Sports & Outdoors,SKU-SPO-402,Non-Slip High Density Yoga Mat,6.0
2026-08-27,Sports & Outdoors,SKU-SPO-403,Heavy-Duty Resistance Bands Set,1.0
2026-08-27,Sports & Outdoors,SKU-SPO-404,Ultralight Backpacking Tent 2-Person,0.0
2026-08-27,Sports & Outdoors,SKU-SPO-405,Compact Camping Hammock Portable,0.0
